time,enrolled,available,waitlisted,total
2023-05-25T01:14:07,0,9999,0,9999
2023-05-25T01:25:43,0,9999,0,9999
2023-05-25T01:37:19,0,9999,0,9999
2023-05-25T01:49:03,0,9999,0,9999
2023-05-25T02:00:39,0,9999,0,9999
2023-05-25T02:12:14,0,9999,0,9999
2023-05-25T02:23:51,0,9999,0,9999
2023-05-25T02:35:25,0,9999,0,9999
2023-05-25T02:46:58,0,9999,0,9999
2023-05-25T02:58:31,0,9999,0,9999
2023-05-25T03:10:07,0,9999,0,9999
2023-05-25T03:21:46,0,9999,0,9999
2023-05-25T03:33:43,0,9999,0,9999
2023-05-25T03:45:20,0,9999,0,9999
2023-05-25T03:56:55,0,9999,0,9999
2023-05-25T04:16:17,0,9999,0,9999
2023-05-25T04:28:19,0,9999,0,9999
2023-05-25T04:39:55,0,9999,0,9999
2023-05-25T04:51:31,0,9999,0,9999
2023-05-25T05:03:07,0,9999,0,9999
2023-05-25T05:14:44,0,9999,0,9999
2023-05-25T05:26:20,0,9999,0,9999
2023-05-25T05:37:57,0,9999,0,9999
2023-05-25T05:49:33,0,9999,0,9999
2023-05-25T06:01:10,0,9999,0,9999
2023-05-25T06:12:45,0,9999,0,9999
2023-05-25T06:24:20,0,9999,0,9999
2023-05-25T06:35:55,0,9999,0,9999
2023-05-25T06:47:30,0,9999,0,9999
2023-05-25T06:59:05,0,9999,0,9999
2023-05-25T07:10:41,0,9999,0,9999
2023-05-25T07:22:16,0,9999,0,9999
2023-05-25T07:33:49,0,9999,0,9999
2023-05-25T07:45:26,0,9999,0,9999
2023-05-25T07:57:02,0,9999,0,9999
2023-05-25T08:08:36,0,9999,0,9999
2023-05-25T08:20:11,0,9999,0,9999
2023-05-25T08:31:55,0,9999,0,9999
2023-05-25T08:43:28,0,9999,0,9999
2023-05-25T08:55:00,0,9999,0,9999
2023-05-25T09:06:34,0,9999,0,9999
2023-05-25T09:18:06,0,9999,0,9999
2023-05-25T09:29:39,0,9999,0,9999
2023-05-25T09:41:12,0,9999,0,9999
2023-05-25T09:52:44,0,9999,0,9999
2023-05-25T10:04:18,0,9999,0,9999
2023-05-25T10:16:02,0,9999,0,9999
2023-05-25T10:27:35,0,9999,0,9999
2023-05-25T10:39:08,0,9999,0,9999
2023-05-25T10:50:40,0,9999,0,9999
2023-05-25T11:02:23,0,9999,0,9999
2023-05-25T11:13:56,0,9999,0,9999
2023-05-25T11:25:29,0,9999,0,9999
2023-05-25T11:37:01,0,9999,0,9999
2023-05-25T11:48:34,0,9999,0,9999
2023-05-25T12:00:18,0,9999,0,9999
2023-05-25T12:11:51,0,9999,0,9999
2023-05-25T12:23:24,0,9999,0,9999
2023-05-25T12:34:57,0,9999,0,9999
2023-05-25T12:46:30,0,9999,0,9999
2023-05-25T12:58:03,0,9999,0,9999
2023-05-25T13:09:46,0,9999,0,9999
2023-05-25T13:21:18,0,9999,0,9999
2023-05-25T13:32:52,0,9999,0,9999
2023-05-25T13:44:25,0,9999,0,9999
2023-05-25T13:55:58,0,9999,0,9999
2023-05-25T14:07:43,0,9999,0,9999
2023-05-25T14:19:16,0,9999,0,9999
2023-05-25T14:30:49,0,9999,0,9999
2023-05-25T14:42:22,0,9999,0,9999
2023-05-25T14:53:56,0,9999,0,9999
2023-05-25T15:05:40,0,9999,0,9999
2023-05-25T15:17:14,0,9999,0,9999
2023-05-25T15:28:48,0,9999,0,9999
2023-05-25T15:40:23,0,9999,0,9999
2023-05-25T15:51:57,0,9999,0,9999
2023-05-25T16:03:32,0,9999,0,9999
2023-05-25T16:15:18,0,9999,0,9999
2023-05-25T16:26:53,0,9999,0,9999
2023-05-25T16:38:27,0,9999,0,9999
2023-05-25T16:50:03,0,9999,0,9999
2023-05-25T17:01:39,0,9999,0,9999
2023-05-25T17:13:16,0,9999,0,9999
2023-05-25T17:25:02,0,9999,0,9999
2023-05-25T17:36:38,0,9999,0,9999
2023-05-25T17:48:14,0,9999,0,9999
2023-05-25T17:59:49,0,9999,0,9999
2023-05-25T18:11:26,0,9999,0,9999
2023-05-25T18:23:02,0,9999,0,9999
2023-05-25T18:34:37,0,9999,0,9999
2023-05-25T18:46:22,0,9999,0,9999
2023-05-25T18:57:58,0,9999,0,9999
2023-05-25T19:09:35,0,9999,0,9999
2023-05-25T19:21:11,0,9999,0,9999
2023-05-25T19:32:46,0,9999,0,9999
2023-05-25T19:44:23,0,9999,0,9999
2023-05-25T19:56:08,0,9999,0,9999
2023-05-25T20:07:43,0,9999,0,9999
2023-05-25T20:19:19,0,9999,0,9999
2023-05-25T20:30:56,0,9999,0,9999
2023-05-25T20:42:31,0,9999,0,9999
2023-05-25T20:54:07,0,9999,0,9999
2023-05-25T21:05:42,0,9999,0,9999
2023-05-25T21:17:19,0,9999,0,9999
2023-05-25T21:29:05,0,9999,0,9999
2023-05-25T21:40:41,0,9999,0,9999
2023-05-25T21:52:17,0,9999,0,9999
2023-05-25T22:03:52,0,9999,0,9999
2023-05-25T22:15:27,0,9999,0,9999
2023-05-25T22:27:03,0,9999,0,9999
2023-05-25T22:38:38,0,9999,0,9999
2023-05-25T22:50:25,0,9999,0,9999
2023-05-25T23:02:01,0,9999,0,9999
2023-05-25T23:13:38,0,9999,0,9999
2023-05-25T23:25:14,0,9999,0,9999
2023-05-25T23:36:50,0,9999,0,9999
2023-05-25T23:48:26,0,9999,0,9999
2023-05-26T00:00:03,0,9999,0,9999
2023-05-26T00:12:00,0,9999,0,9999
2023-05-26T00:23:40,0,9999,0,9999
2023-05-26T00:35:19,0,9999,0,9999
2023-05-26T00:46:57,0,9999,0,9999
2023-05-26T00:58:36,0,9999,0,9999
2023-05-26T01:10:16,0,9999,0,9999
2023-05-26T01:21:54,0,9999,0,9999
2023-05-26T01:33:32,0,9999,0,9999
2023-05-26T01:45:20,0,9999,0,9999
2023-05-26T01:56:59,0,9999,0,9999
2023-05-26T02:08:40,0,9999,0,9999
2023-05-26T02:20:18,0,9999,0,9999
2023-05-26T02:31:55,0,9999,0,9999
2023-05-26T02:43:43,0,9999,0,9999
2023-05-26T02:55:24,0,9999,0,9999
2023-05-26T03:07:04,0,9999,0,9999
2023-05-26T03:18:46,0,9999,0,9999
2023-05-26T03:30:24,0,9999,0,9999
2023-05-26T03:42:02,0,9999,0,9999
2023-05-26T03:53:41,0,9999,0,9999
2023-05-26T04:05:19,0,9999,0,9999
2023-05-26T04:27:28,0,9999,0,9999
2023-05-26T04:39:32,0,9999,0,9999
2023-05-26T04:51:13,0,9999,0,9999
2023-05-26T05:02:53,0,9999,0,9999
2023-05-26T05:14:35,0,9999,0,9999
2023-05-26T05:26:13,0,9999,0,9999
2023-05-26T05:37:52,0,9999,0,9999
2023-05-26T05:49:31,0,9999,0,9999
2023-05-26T06:01:10,0,9999,0,9999
2023-05-26T06:12:49,0,9999,0,9999
2023-05-26T06:24:28,0,9999,0,9999
2023-05-26T06:36:07,0,9999,0,9999
2023-05-26T06:47:45,0,9999,0,9999
2023-05-26T06:59:23,0,9999,0,9999
2023-05-26T07:11:02,0,9999,0,9999
2023-05-26T07:22:41,0,9999,0,9999
2023-05-26T07:34:26,0,9999,0,9999
2023-05-26T07:46:03,0,9999,0,9999
2023-05-26T07:57:41,0,9999,0,9999
2023-05-26T08:09:16,0,9999,0,9999
2023-05-26T08:20:53,0,9999,0,9999
2023-05-26T08:32:29,0,9999,0,9999
2023-05-26T08:44:05,0,9999,0,9999
2023-05-26T08:55:41,0,9999,0,9999
2023-05-26T09:07:17,0,9999,0,9999
2023-05-26T09:18:54,0,9999,0,9999
2023-05-26T09:30:41,0,9999,0,9999
2023-05-26T09:42:17,0,9999,0,9999
2023-05-26T09:53:53,0,9999,0,9999
2023-05-26T10:05:29,0,9999,0,9999
2023-05-26T10:17:06,0,9999,0,9999
2023-05-26T10:28:42,0,9999,0,9999
2023-05-26T10:40:30,0,9999,0,9999
2023-05-26T10:52:07,0,9999,0,9999
2023-05-26T11:03:43,0,9999,0,9999
2023-05-26T11:15:20,0,9999,0,9999
2023-05-26T11:26:56,0,9999,0,9999
2023-05-26T11:38:42,0,9999,0,9999
2023-05-26T11:50:18,0,9999,0,9999
2023-05-26T12:01:54,0,9999,0,9999
2023-05-26T12:13:31,0,9999,0,9999
2023-05-26T12:25:06,0,9999,0,9999
2023-05-26T12:36:43,0,9999,0,9999
2023-05-26T12:48:30,0,9999,0,9999
2023-05-26T13:00:06,0,9999,0,9999
2023-05-26T13:11:42,0,9999,0,9999
2023-05-26T13:23:17,0,9999,0,9999
2023-05-26T13:35:04,0,9999,0,9999
2023-05-26T13:46:40,0,9999,0,9999
2023-05-26T13:58:15,0,9999,0,9999
2023-05-26T14:09:51,0,9999,0,9999
2023-05-26T14:21:38,0,9999,0,9999
2023-05-26T14:33:15,0,9999,0,9999
2023-05-26T14:44:51,0,9999,0,9999
2023-05-26T14:56:27,0,9999,0,9999
2023-05-26T15:08:05,0,9999,0,9999
2023-05-26T15:19:41,0,9999,0,9999
2023-05-26T15:31:27,0,9999,0,9999
2023-05-26T15:43:03,0,9999,0,9999
2023-05-26T15:54:39,0,9999,0,9999
2023-05-26T16:06:15,0,9999,0,9999
2023-05-26T16:17:51,0,9999,0,9999
2023-05-26T16:29:26,0,9999,0,9999
2023-05-26T16:41:12,0,9999,0,9999
2023-05-26T16:52:47,0,9999,0,9999
2023-05-26T17:04:23,0,9999,0,9999
2023-05-26T17:16:00,0,9999,0,9999
2023-05-26T17:27:36,0,9999,0,9999
2023-05-26T17:39:12,0,9999,0,9999
2023-05-26T17:50:58,0,9999,0,9999
2023-05-26T18:02:33,0,9999,0,9999
2023-05-26T18:14:09,0,9999,0,9999
2023-05-26T18:25:45,0,9999,0,9999
2023-05-26T18:37:20,0,9999,0,9999
2023-05-26T18:49:06,0,9999,0,9999
2023-05-26T19:00:42,0,9999,0,9999
2023-05-26T19:12:19,0,9999,0,9999
2023-05-26T19:23:54,0,9999,0,9999
2023-05-26T19:35:30,0,9999,0,9999
2023-05-26T19:47:06,0,9999,0,9999
2023-05-26T19:58:41,0,9999,0,9999
2023-05-26T20:10:17,0,9999,0,9999
2023-05-26T20:22:03,0,9999,0,9999
2023-05-26T20:33:39,0,9999,0,9999
2023-05-26T20:45:14,0,9999,0,9999
2023-05-26T20:56:49,0,9999,0,9999
2023-05-26T21:08:25,0,9999,0,9999
2023-05-26T21:20:02,0,9999,0,9999
2023-05-26T21:31:38,0,9999,0,9999
2023-05-26T21:43:24,0,9999,0,9999
2023-05-26T21:55:01,0,9999,0,9999
2023-05-26T22:06:36,0,9999,0,9999
2023-05-26T22:18:12,0,9999,0,9999
2023-05-26T22:29:48,0,9999,0,9999
2023-05-26T22:41:24,0,9999,0,9999
2023-05-26T22:53:00,0,9999,0,9999
2023-05-26T23:04:39,0,9999,0,9999
2023-05-26T23:16:25,0,9999,0,9999
2023-05-26T23:28:01,0,9999,0,9999
2023-05-26T23:39:38,0,9999,0,9999
2023-05-26T23:51:14,0,9999,0,9999
2023-05-27T00:02:51,0,9999,0,9999
2023-05-27T00:14:30,0,9999,0,9999
2023-05-27T00:26:10,0,9999,0,9999
2023-05-27T00:37:48,0,9999,0,9999
2023-05-27T00:49:27,0,9999,0,9999
2023-05-27T01:01:07,0,9999,0,9999
2023-05-27T01:12:45,0,9999,0,9999
2023-05-27T01:24:34,0,9999,0,9999
2023-05-27T01:36:13,0,9999,0,9999
2023-05-27T01:47:52,0,9999,0,9999
2023-05-27T01:59:31,0,9999,0,9999
2023-05-27T02:11:09,0,9999,0,9999
2023-05-27T02:22:47,0,9999,0,9999
2023-05-27T02:34:23,0,9999,0,9999
2023-05-27T02:46:00,0,9999,0,9999
2023-05-27T02:57:36,0,9999,0,9999
2023-05-27T03:09:13,0,9999,0,9999
2023-05-27T03:20:52,0,9999,0,9999
2023-05-27T03:32:29,0,9999,0,9999
2023-05-27T03:44:06,0,9999,0,9999
2023-05-27T03:55:44,0,9999,0,9999
2023-05-27T04:07:23,0,9999,0,9999
2023-05-27T04:19:27,0,9999,0,9999
2023-05-27T04:28:56,0,9999,0,9999
2023-05-27T04:41:52,0,9999,0,9999
2023-05-27T04:53:49,0,9999,0,9999
2023-05-27T05:05:28,0,9999,0,9999
2023-05-27T05:17:07,0,9999,0,9999
2023-05-27T05:28:46,0,9999,0,9999
2023-05-27T05:40:26,0,9999,0,9999
2023-05-27T05:52:05,0,9999,0,9999
2023-05-27T06:03:43,0,9999,0,9999
2023-05-27T06:15:21,0,9999,0,9999
2023-05-27T06:27:02,0,9999,0,9999
2023-05-27T06:38:41,0,9999,0,9999
2023-05-27T06:50:19,0,9999,0,9999
2023-05-27T07:01:58,0,9999,0,9999
2023-05-27T07:13:36,0,9999,0,9999
2023-05-27T07:25:14,0,9999,0,9999
2023-05-27T07:36:51,0,9999,0,9999
2023-05-27T07:48:29,0,9999,0,9999
2023-05-27T08:00:19,0,9999,0,9999
2023-05-27T08:11:57,0,9999,0,9999
2023-05-27T08:23:34,0,9999,0,9999
2023-05-27T08:35:13,0,9999,0,9999
2023-05-27T08:46:52,0,9999,0,9999
2023-05-27T08:58:29,0,9999,0,9999
2023-05-27T09:10:07,0,9999,0,9999
2023-05-27T09:21:44,0,9999,0,9999
2023-05-27T09:33:24,0,9999,0,9999
2023-05-27T09:45:02,0,9999,0,9999
2023-05-27T09:56:39,0,9999,0,9999
2023-05-27T10:08:34,0,9999,0,9999
2023-05-27T10:20:10,0,9999,0,9999
2023-05-27T10:31:49,0,9999,0,9999
2023-05-27T10:43:25,0,9999,0,9999
2023-05-27T10:55:02,0,9999,0,9999
2023-05-27T11:06:38,0,9999,0,9999
2023-05-27T11:18:13,0,9999,0,9999
2023-05-27T11:29:49,0,9999,0,9999
2023-05-27T11:41:23,0,9999,0,9999
2023-05-27T11:52:58,0,9999,0,9999
2023-05-27T12:04:42,0,9999,0,9999
2023-05-27T12:16:18,0,9999,0,9999
2023-05-27T12:27:53,0,9999,0,9999
2023-05-27T12:39:29,0,9999,0,9999
2023-05-27T12:51:04,0,9999,0,9999
2023-05-27T13:02:40,0,9999,0,9999
2023-05-27T13:14:15,0,9999,0,9999
2023-05-27T13:25:50,0,9999,0,9999
2023-05-27T13:37:45,0,9999,0,9999
2023-05-27T13:49:20,0,9999,0,9999
2023-05-27T14:00:55,0,9999,0,9999
2023-05-27T14:12:31,0,9999,0,9999
2023-05-27T14:24:07,0,9999,0,9999
2023-05-27T14:35:42,0,9999,0,9999
2023-05-27T14:47:17,0,9999,0,9999
2023-05-27T14:59:03,0,9999,0,9999
2023-05-27T15:10:38,0,9999,0,9999
2023-05-27T15:22:13,0,9999,0,9999
2023-05-27T15:33:48,0,9999,0,9999
2023-05-27T15:45:23,0,9999,0,9999
2023-05-27T15:56:58,0,9999,0,9999
2023-05-27T16:08:33,0,9999,0,9999
2023-05-27T16:20:08,0,9999,0,9999
2023-05-27T16:31:53,0,9999,0,9999
2023-05-27T16:43:29,0,9999,0,9999
2023-05-27T16:55:03,0,9999,0,9999
2023-05-27T17:06:40,0,9999,0,9999
2023-05-27T17:18:18,0,9999,0,9999
2023-05-27T17:29:53,0,9999,0,9999
2023-05-27T17:41:38,0,9999,0,9999
2023-05-27T17:53:14,0,9999,0,9999
2023-05-27T18:04:49,0,9999,0,9999
2023-05-27T18:16:25,0,9999,0,9999
2023-05-27T18:28:00,0,9999,0,9999
2023-05-27T18:39:35,0,9999,0,9999
2023-05-27T18:51:10,0,9999,0,9999
2023-05-27T19:02:46,0,9999,0,9999
2023-05-27T19:14:42,0,9999,0,9999
2023-05-27T19:26:17,0,9999,0,9999
2023-05-27T19:37:53,0,9999,0,9999
2023-05-27T19:49:29,0,9999,0,9999
2023-05-27T20:01:04,0,9999,0,9999
2023-05-27T20:12:39,0,9999,0,9999
2023-05-27T20:24:15,0,9999,0,9999
2023-05-27T20:35:50,0,9999,0,9999
2023-05-27T20:47:34,0,9999,0,9999
2023-05-27T20:59:09,0,9999,0,9999
2023-05-27T21:10:44,0,9999,0,9999
2023-05-27T21:22:20,0,9999,0,9999
2023-05-27T21:33:55,0,9999,0,9999
2023-05-27T21:45:31,0,9999,0,9999
2023-05-27T21:57:06,0,9999,0,9999
2023-05-27T22:08:42,0,9999,0,9999
2023-05-27T22:20:26,0,9999,0,9999
2023-05-27T22:32:02,0,9999,0,9999
2023-05-27T22:43:37,0,9999,0,9999
2023-05-27T22:55:12,0,9999,0,9999
2023-05-27T23:06:52,0,9999,0,9999
2023-05-27T23:18:28,0,9999,0,9999
2023-05-27T23:30:04,0,9999,0,9999
2023-05-27T23:41:56,0,9999,0,9999
2023-05-27T23:53:31,0,9999,0,9999
2023-05-28T00:05:09,0,9999,0,9999
2023-05-28T00:16:48,0,9999,0,9999
2023-05-28T00:28:25,0,9999,0,9999
2023-05-28T00:40:04,0,9999,0,9999
2023-05-28T00:51:41,0,9999,0,9999
2023-05-28T01:03:17,0,9999,0,9999
2023-05-28T01:14:54,0,9999,0,9999
2023-05-28T01:26:30,0,9999,0,9999
2023-05-28T01:38:15,0,9999,0,9999
2023-05-28T01:49:50,0,9999,0,9999
2023-05-28T02:01:26,0,9999,0,9999
2023-05-28T02:13:02,0,9999,0,9999
2023-05-28T02:24:38,0,9999,0,9999
2023-05-28T02:36:16,0,9999,0,9999
2023-05-28T02:47:57,0,9999,0,9999
2023-05-28T02:59:37,0,9999,0,9999
2023-05-28T03:11:18,0,9999,0,9999
2023-05-28T03:22:58,0,9999,0,9999
2023-05-28T03:34:37,0,9999,0,9999
2023-05-28T03:47:15,0,9999,0,9999
2023-05-28T03:59:24,0,9999,0,9999
2023-05-28T04:11:02,0,9999,0,9999
2023-05-28T04:25:01,0,9999,0,9999
2023-05-28T04:37:47,0,9999,0,9999
2023-05-28T04:49:56,0,9999,0,9999
2023-05-28T05:01:37,0,9999,0,9999
2023-05-28T05:13:14,0,9999,0,9999
2023-05-28T05:24:53,0,9999,0,9999
2023-05-28T05:36:34,0,9999,0,9999
2023-05-28T05:48:15,0,9999,0,9999
2023-05-28T05:59:55,0,9999,0,9999
2023-05-28T06:11:34,0,9999,0,9999
2023-05-28T06:23:12,0,9999,0,9999
2023-05-28T06:34:50,0,9999,0,9999
2023-05-28T06:46:28,0,9999,0,9999
2023-05-28T06:58:07,0,9999,0,9999
2023-05-28T07:09:44,0,9999,0,9999
2023-05-28T07:21:22,0,9999,0,9999
2023-05-28T07:33:02,0,9999,0,9999
2023-05-28T07:44:39,0,9999,0,9999
2023-05-28T07:56:20,0,9999,0,9999
2023-05-28T08:08:01,0,9999,0,9999
2023-05-28T08:19:39,0,9999,0,9999
2023-05-28T08:31:17,0,9999,0,9999
2023-05-28T08:42:55,0,9999,0,9999
2023-05-28T08:54:34,0,9999,0,9999
2023-05-28T09:06:12,0,9999,0,9999
2023-05-28T09:17:56,0,9999,0,9999
2023-05-28T09:29:32,0,9999,0,9999
2023-05-28T09:41:08,0,9999,0,9999
2023-05-28T09:52:44,0,9999,0,9999
2023-05-28T10:04:21,0,9999,0,9999
2023-05-28T10:15:57,0,9999,0,9999
2023-05-28T10:27:32,0,9999,0,9999
2023-05-28T10:39:08,0,9999,0,9999
2023-05-28T10:50:43,0,9999,0,9999
2023-05-28T11:02:19,0,9999,0,9999
2023-05-28T11:13:56,0,9999,0,9999
2023-05-28T11:25:31,0,9999,0,9999
2023-05-28T11:37:07,0,9999,0,9999
2023-05-28T11:48:43,0,9999,0,9999
2023-05-28T12:00:28,0,9999,0,9999
2023-05-28T12:12:03,0,9999,0,9999
2023-05-28T12:23:39,0,9999,0,9999
2023-05-28T12:35:15,0,9999,0,9999
2023-05-28T12:46:51,0,9999,0,9999
2023-05-28T12:58:27,0,9999,0,9999
2023-05-28T13:10:02,0,9999,0,9999
2023-05-28T13:21:38,0,9999,0,9999
2023-05-28T13:33:14,0,9999,0,9999
2023-05-28T13:44:50,0,9999,0,9999
2023-05-28T13:56:25,0,9999,0,9999
2023-05-28T14:08:09,0,9999,0,9999
2023-05-28T14:19:44,0,9999,0,9999
2023-05-28T14:31:20,0,9999,0,9999
2023-05-28T14:42:55,0,9999,0,9999
2023-05-28T14:54:31,0,9999,0,9999
2023-05-28T15:06:06,0,9999,0,9999
2023-05-28T15:17:43,0,9999,0,9999
2023-05-28T15:29:18,0,9999,0,9999
2023-05-28T15:40:53,0,9999,0,9999
2023-05-28T15:52:29,0,9999,0,9999
2023-05-28T16:04:05,0,9999,0,9999
2023-05-28T16:15:51,0,9999,0,9999
2023-05-28T16:27:27,0,9999,0,9999
2023-05-28T16:39:02,0,9999,0,9999
2023-05-28T16:50:37,0,9999,0,9999
2023-05-28T17:02:12,0,9999,0,9999
2023-05-28T17:13:48,0,9999,0,9999
2023-05-28T17:25:24,0,9999,0,9999
2023-05-28T17:36:59,0,9999,0,9999
2023-05-28T17:48:34,0,9999,0,9999
2023-05-28T18:00:20,0,9999,0,9999
2023-05-28T18:11:55,0,9999,0,9999
2023-05-28T18:23:31,0,9999,0,9999
2023-05-28T18:35:07,0,9999,0,9999
2023-05-28T18:46:42,0,9999,0,9999
2023-05-28T18:58:17,0,9999,0,9999
2023-05-28T19:09:55,0,9999,0,9999
2023-05-28T19:21:30,0,9999,0,9999
2023-05-28T19:33:05,0,9999,0,9999
2023-05-28T19:44:50,0,9999,0,9999
2023-05-28T19:56:26,0,9999,0,9999
2023-05-28T20:08:01,0,9999,0,9999
2023-05-28T20:19:37,0,9999,0,9999
2023-05-28T20:31:12,0,9999,0,9999
2023-05-28T20:42:47,0,9999,0,9999
2023-05-28T20:54:22,0,9999,0,9999
2023-05-28T21:05:57,0,9999,0,9999
2023-05-28T21:17:33,0,9999,0,9999
2023-05-28T21:29:18,0,9999,0,9999
2023-05-28T21:40:54,0,9999,0,9999
2023-05-28T21:52:29,0,9999,0,9999
2023-05-28T22:04:04,0,9999,0,9999
2023-05-28T22:15:40,0,9999,0,9999
2023-05-28T22:27:15,0,9999,0,9999
2023-05-28T22:38:51,0,9999,0,9999
2023-05-28T22:50:27,0,9999,0,9999
2023-05-28T23:02:15,0,9999,0,9999
2023-05-28T23:13:52,0,9999,0,9999
2023-05-28T23:25:28,0,9999,0,9999
2023-05-28T23:37:05,0,9999,0,9999
2023-05-28T23:48:41,0,9999,0,9999
2023-05-29T00:00:17,0,9999,0,9999
2023-05-29T00:12:03,0,9999,0,9999
2023-05-29T00:23:47,0,9999,0,9999
2023-05-29T00:35:29,0,9999,0,9999
2023-05-29T00:47:06,0,9999,0,9999
2023-05-29T00:58:56,0,9999,0,9999
2023-05-29T01:10:36,0,9999,0,9999
2023-05-29T01:22:15,0,9999,0,9999
2023-05-29T01:33:53,0,9999,0,9999
2023-05-29T01:45:32,0,9999,0,9999
2023-05-29T01:57:09,0,9999,0,9999
2023-05-29T02:08:55,0,9999,0,9999
2023-05-29T02:20:33,0,9999,0,9999
2023-05-29T02:32:10,0,9999,0,9999
2023-05-29T02:43:47,0,9999,0,9999
2023-05-29T02:55:23,0,9999,0,9999
2023-05-29T03:06:59,0,9999,0,9999
2023-05-29T03:18:37,0,9999,0,9999
2023-05-29T03:30:15,0,9999,0,9999
2023-05-29T03:42:01,0,9999,0,9999
2023-05-29T03:53:40,0,9999,0,9999
2023-05-29T04:05:18,0,9999,0,9999
2023-05-29T04:17:00,0,9999,0,9999
2023-05-29T04:28:02,0,9999,0,9999
2023-05-29T04:39:42,0,9999,0,9999
2023-05-29T04:52:50,0,9999,0,9999
2023-05-29T05:04:31,0,9999,0,9999
2023-05-29T05:16:10,0,9999,0,9999
2023-05-29T05:27:48,0,9999,0,9999
2023-05-29T05:39:27,0,9999,0,9999
2023-05-29T05:51:06,0,9999,0,9999
2023-05-29T06:02:45,0,9999,0,9999
2023-05-29T06:14:23,0,9999,0,9999
2023-05-29T06:26:02,0,9999,0,9999
2023-05-29T06:37:39,0,9999,0,9999
2023-05-29T06:49:17,0,9999,0,9999
2023-05-29T07:00:56,0,9999,0,9999
2023-05-29T07:12:33,0,9999,0,9999
2023-05-29T07:24:16,0,9999,0,9999
2023-05-29T07:35:51,0,9999,0,9999
2023-05-29T07:47:26,0,9999,0,9999
2023-05-29T07:59:02,0,9999,0,9999
2023-05-29T08:10:37,0,9999,0,9999
2023-05-29T08:22:12,0,9999,0,9999
2023-05-29T08:33:47,0,9999,0,9999
2023-05-29T08:45:23,0,9999,0,9999
2023-05-29T08:56:58,0,9999,0,9999
2023-05-29T09:08:33,0,9999,0,9999
2023-05-29T09:20:08,0,9999,0,9999
2023-05-29T09:31:43,0,9999,0,9999
2023-05-29T09:43:18,0,9999,0,9999
2023-05-29T09:55:05,0,9999,0,9999
2023-05-29T10:06:40,0,9999,0,9999
2023-05-29T10:18:15,0,9999,0,9999
2023-05-29T10:29:50,0,9999,0,9999
2023-05-29T10:41:26,0,9999,0,9999
2023-05-29T10:53:01,0,9999,0,9999
2023-05-29T11:04:36,0,9999,0,9999
2023-05-29T11:16:21,0,9999,0,9999
2023-05-29T11:27:56,0,9999,0,9999
2023-05-29T11:39:31,0,9999,0,9999
2023-05-29T11:51:06,0,9999,0,9999
2023-05-29T12:02:41,0,9999,0,9999
2023-05-29T12:14:16,0,9999,0,9999
2023-05-29T12:26:01,0,9999,0,9999
2023-05-29T12:37:37,0,9999,0,9999
2023-05-29T12:49:13,0,9999,0,9999
2023-05-29T13:00:49,0,9999,0,9999
2023-05-29T13:12:25,0,9999,0,9999
2023-05-29T13:24:10,0,9999,0,9999
2023-05-29T13:35:46,0,9999,0,9999
2023-05-29T13:47:22,0,9999,0,9999
2023-05-29T13:58:58,0,9999,0,9999
2023-05-29T14:10:44,0,9999,0,9999
2023-05-29T14:22:21,0,9999,0,9999
2023-05-29T14:33:57,0,9999,0,9999
2023-05-29T14:45:34,0,9999,0,9999
2023-05-29T14:57:22,0,9999,0,9999
2023-05-29T15:08:58,0,9999,0,9999
2023-05-29T15:20:34,0,9999,0,9999
2023-05-29T15:32:10,0,9999,0,9999
2023-05-29T15:43:46,0,9999,0,9999
2023-05-29T15:55:33,0,9999,0,9999
2023-05-29T16:07:09,0,9999,0,9999
2023-05-29T16:18:47,0,9999,0,9999
2023-05-29T16:30:24,0,9999,0,9999
2023-05-29T16:42:00,0,9999,0,9999
2023-05-29T16:53:47,0,9999,0,9999
2023-05-29T17:05:24,0,9999,0,9999
2023-05-29T17:17:03,0,9999,0,9999
2023-05-29T17:28:39,0,9999,0,9999
2023-05-29T17:40:24,0,9999,0,9999
2023-05-29T17:52:02,0,9999,0,9999
2023-05-29T18:03:40,0,9999,0,9999
2023-05-29T18:15:17,0,9999,0,9999
2023-05-29T18:26:53,0,9999,0,9999
2023-05-29T18:38:43,0,9999,0,9999
2023-05-29T18:50:20,0,9999,0,9999
2023-05-29T19:01:56,0,9999,0,9999
2023-05-29T19:13:33,0,9999,0,9999
2023-05-29T19:25:10,0,9999,0,9999
2023-05-29T19:36:55,0,9999,0,9999
2023-05-29T19:48:31,0,9999,0,9999
2023-05-29T20:00:09,0,9999,0,9999
2023-05-29T20:11:47,0,9999,0,9999
2023-05-29T20:23:23,0,9999,0,9999
2023-05-29T20:35:10,0,9999,0,9999
2023-05-29T20:46:46,0,9999,0,9999
2023-05-29T20:58:22,0,9999,0,9999
2023-05-29T21:09:59,0,9999,0,9999
2023-05-29T21:21:36,0,9999,0,9999
2023-05-29T21:33:26,0,9999,0,9999
2023-05-29T21:45:02,0,9999,0,9999
2023-05-29T21:56:40,0,9999,0,9999
2023-05-29T22:08:16,0,9999,0,9999
2023-05-29T22:19:52,0,9999,0,9999
2023-05-29T22:31:36,0,9999,0,9999
2023-05-29T22:43:12,0,9999,0,9999
2023-05-29T22:54:49,0,9999,0,9999
2023-05-29T23:06:26,0,9999,0,9999
2023-05-29T23:18:02,0,9999,0,9999
2023-05-29T23:29:38,0,9999,0,9999
2023-05-29T23:41:24,0,9999,0,9999
2023-05-29T23:53:01,0,9999,0,9999
2023-05-30T00:04:37,0,9999,0,9999
2023-05-30T00:16:15,0,9999,0,9999
2023-05-30T00:27:52,0,9999,0,9999
2023-05-30T00:39:30,0,9999,0,9999
2023-05-30T00:51:17,0,9999,0,9999
2023-05-30T01:02:54,0,9999,0,9999
2023-05-30T01:14:33,0,9999,0,9999
2023-05-30T01:26:10,0,9999,0,9999
2023-05-30T01:37:47,0,9999,0,9999
2023-05-30T01:49:22,0,9999,0,9999
2023-05-30T02:00:59,0,9999,0,9999
2023-05-30T02:12:36,0,9999,0,9999
2023-05-30T02:24:22,0,9999,0,9999
2023-05-30T02:35:59,0,9999,0,9999
2023-05-30T02:47:35,0,9999,0,9999
2023-05-30T02:59:22,0,9999,0,9999
2023-05-30T03:11:01,0,9999,0,9999
2023-05-30T03:22:39,0,9999,0,9999
2023-05-30T03:34:17,0,9999,0,9999
2023-05-30T03:45:55,0,9999,0,9999
2023-05-30T03:57:33,0,9999,0,9999
2023-05-30T04:09:10,0,9999,0,9999
2023-05-30T04:20:49,0,9999,0,9999
2023-05-30T04:31:18,0,9999,0,9999
2023-05-30T04:42:59,0,9999,0,9999
2023-05-30T04:54:39,0,9999,0,9999
2023-05-30T05:06:19,0,9999,0,9999
2023-05-30T05:17:58,0,9999,0,9999
2023-05-30T05:29:36,0,9999,0,9999
2023-05-30T05:41:15,0,9999,0,9999
2023-05-30T05:52:54,0,9999,0,9999
2023-05-30T06:04:33,0,9999,0,9999
2023-05-30T06:16:11,0,9999,0,9999
2023-05-30T06:27:50,0,9999,0,9999
2023-05-30T06:39:28,0,9999,0,9999
2023-05-30T06:51:07,0,9999,0,9999
2023-05-30T07:02:44,0,9999,0,9999
2023-05-30T07:14:22,0,9999,0,9999
2023-05-30T07:25:58,0,9999,0,9999
2023-05-30T07:37:34,0,9999,0,9999
2023-05-30T07:49:13,0,9999,0,9999
2023-05-30T08:00:48,0,9999,0,9999
2023-05-30T08:12:24,0,9999,0,9999
2023-05-30T08:24:11,0,9999,0,9999
2023-05-30T08:35:48,0,9999,0,9999
2023-05-30T08:47:24,0,9999,0,9999
2023-05-30T08:59:00,0,9999,0,9999
2023-05-30T09:10:37,0,9999,0,9999
2023-05-30T09:22:15,0,9999,0,9999
2023-05-30T09:34:04,0,9999,0,9999
2023-05-30T09:45:41,0,9999,0,9999
2023-05-30T09:57:18,0,9999,0,9999
2023-05-30T10:08:58,0,9999,0,9999
2023-05-30T10:20:37,0,9999,0,9999
2023-05-30T10:32:27,0,9999,0,9999
2023-05-30T10:44:10,0,9999,0,9999
2023-05-30T10:55:49,0,9999,0,9999
2023-05-30T11:07:44,0,9999,0,9999
2023-05-30T11:19:25,0,9999,0,9999
2023-05-30T11:31:17,0,9999,0,9999
2023-05-30T11:42:57,0,9999,0,9999
2023-05-30T11:54:36,0,9999,0,9999
2023-05-30T12:06:17,0,9999,0,9999
2023-05-30T12:18:05,0,9999,0,9999
2023-05-30T12:29:43,0,9999,0,9999
2023-05-30T12:41:26,0,9999,0,9999
2023-05-30T12:53:21,0,9999,0,9999
2023-05-30T13:05:03,0,9999,0,9999
2023-05-30T13:16:44,0,9999,0,9999
2023-05-30T13:28:36,0,9999,0,9999
2023-05-30T13:40:17,0,9999,0,9999
2023-05-30T13:51:59,0,9999,0,9999
2023-05-30T14:03:48,0,9999,0,9999
2023-05-30T14:15:31,0,9999,0,9999
2023-05-30T14:27:12,0,9999,0,9999
2023-05-30T14:39:05,0,9999,0,9999
2023-05-30T14:50:44,0,9999,0,9999
2023-05-30T15:02:25,0,9999,0,9999
2023-05-30T15:14:17,0,9999,0,9999
2023-05-30T15:25:56,0,9999,0,9999
2023-05-30T15:37:37,0,9999,0,9999
2023-05-30T15:49:29,0,9999,0,9999
2023-05-30T16:01:13,0,9999,0,9999
2023-05-30T16:12:56,0,9999,0,9999
2023-05-30T16:24:46,0,9999,0,9999
2023-05-30T16:36:28,0,9999,0,9999
2023-05-30T16:48:05,0,9999,0,9999
2023-05-30T16:59:55,0,9999,0,9999
2023-05-30T17:11:38,0,9999,0,9999
2023-05-30T17:23:16,0,9999,0,9999
2023-05-30T17:34:54,0,9999,0,9999
2023-05-30T17:46:44,0,9999,0,9999
2023-05-30T17:58:21,0,9999,0,9999
2023-05-30T18:10:10,0,9999,0,9999
2023-05-30T18:22:01,0,9999,0,9999
2023-05-30T18:33:41,0,9999,0,9999
2023-05-30T18:45:18,0,9999,0,9999
2023-05-30T18:56:56,0,9999,0,9999
2023-05-30T19:08:47,0,9999,0,9999
2023-05-30T19:20:28,0,9999,0,9999
2023-05-30T19:32:08,0,9999,0,9999
2023-05-30T19:43:47,0,9999,0,9999
2023-05-30T19:55:35,0,9999,0,9999
2023-05-30T20:07:13,0,9999,0,9999
2023-05-30T20:18:52,0,9999,0,9999
2023-05-30T20:30:31,0,9999,0,9999
2023-05-30T20:42:10,0,9999,0,9999
2023-05-30T20:54:00,0,9999,0,9999
2023-05-30T21:05:40,0,9999,0,9999
2023-05-30T21:17:17,0,9999,0,9999
2023-05-30T21:28:56,0,9999,0,9999
2023-05-30T21:40:47,0,9999,0,9999
2023-05-30T21:52:25,0,9999,0,9999
2023-05-30T22:04:01,0,9999,0,9999
2023-05-30T22:15:41,0,9999,0,9999
2023-05-30T22:27:17,0,9999,0,9999
2023-05-30T22:39:05,0,9999,0,9999
2023-05-30T22:50:40,0,9999,0,9999
2023-05-30T23:02:16,0,9999,0,9999
2023-05-30T23:13:55,0,9999,0,9999
2023-05-30T23:25:32,0,9999,0,9999
2023-05-30T23:37:20,0,9999,0,9999
2023-05-30T23:48:56,0,9999,0,9999
2023-05-31T00:00:33,0,9999,0,9999
2023-05-31T00:12:12,0,9999,0,9999
2023-05-31T00:23:53,0,9999,0,9999
2023-05-31T00:35:32,0,9999,0,9999
2023-05-31T00:47:10,0,9999,0,9999
2023-05-31T00:58:48,0,9999,0,9999
2023-05-31T01:10:37,0,9999,0,9999
2023-05-31T01:22:18,0,9999,0,9999
2023-05-31T01:33:58,0,9999,0,9999
2023-05-31T01:45:36,0,9999,0,9999
2023-05-31T01:57:15,0,9999,0,9999
2023-05-31T02:08:54,0,9999,0,9999
2023-05-31T02:20:32,0,9999,0,9999
2023-05-31T02:32:10,0,9999,0,9999
2023-05-31T02:43:48,0,9999,0,9999
2023-05-31T02:55:26,0,9999,0,9999
2023-05-31T03:07:05,0,9999,0,9999
2023-05-31T03:18:55,0,9999,0,9999
2023-05-31T03:30:34,0,9999,0,9999
2023-05-31T03:42:14,0,9999,0,9999
2023-05-31T03:53:55,0,9999,0,9999
2023-05-31T04:05:48,0,9999,0,9999
2023-05-31T04:17:29,0,9999,0,9999
2023-05-31T04:27:53,0,9999,0,9999
2023-05-31T04:41:03,0,9999,0,9999
2023-05-31T04:52:44,0,9999,0,9999
2023-05-31T05:04:26,0,9999,0,9999
2023-05-31T05:16:06,0,9999,0,9999
2023-05-31T05:27:46,0,9999,0,9999
2023-05-31T05:39:27,0,9999,0,9999
2023-05-31T05:51:07,0,9999,0,9999
2023-05-31T06:02:46,0,9999,0,9999
2023-05-31T06:14:25,0,9999,0,9999
2023-05-31T06:26:03,0,9999,0,9999
2023-05-31T06:37:43,0,9999,0,9999
2023-05-31T06:49:22,0,9999,0,9999
2023-05-31T07:01:01,0,9999,0,9999
2023-05-31T07:12:39,0,9999,0,9999
2023-05-31T07:24:16,0,9999,0,9999
2023-05-31T07:35:58,0,9999,0,9999
2023-05-31T07:47:35,0,9999,0,9999
2023-05-31T07:59:13,0,9999,0,9999
2023-05-31T08:11:01,0,9999,0,9999
2023-05-31T08:22:39,0,9999,0,9999
2023-05-31T08:34:18,0,9999,0,9999
2023-05-31T08:45:57,0,9999,0,9999
2023-05-31T08:57:36,0,9999,0,9999
2023-05-31T09:09:17,0,9999,0,9999
2023-05-31T09:20:58,0,9999,0,9999
2023-05-31T09:32:37,0,9999,0,9999
2023-05-31T09:44:27,0,9999,0,9999
2023-05-31T09:56:06,0,9999,0,9999
2023-05-31T10:07:45,0,9999,0,9999
2023-05-31T10:19:24,0,9999,0,9999
2023-05-31T10:31:05,0,9999,0,9999
2023-05-31T10:42:57,0,9999,0,9999
2023-05-31T10:54:38,0,9999,0,9999
2023-05-31T11:06:17,0,9999,0,9999
2023-05-31T11:17:57,0,9999,0,9999
2023-05-31T11:29:48,0,9999,0,9999
2023-05-31T11:41:28,0,9999,0,9999
2023-05-31T11:53:07,0,9999,0,9999
2023-05-31T12:04:46,0,9999,0,9999
2023-05-31T12:16:36,0,9999,0,9999
2023-05-31T12:28:15,0,9999,0,9999
2023-05-31T12:39:54,0,9999,0,9999
2023-05-31T12:51:32,0,9999,0,9999
2023-05-31T13:03:20,0,9999,0,9999
2023-05-31T13:14:58,0,9999,0,9999
2023-05-31T13:26:36,0,9999,0,9999
2023-05-31T13:38:15,0,9999,0,9999
2023-05-31T13:50:03,0,9999,0,9999
2023-05-31T14:01:41,0,9999,0,9999
2023-05-31T14:13:19,0,9999,0,9999
2023-05-31T14:24:57,0,9999,0,9999
2023-05-31T14:36:35,0,9999,0,9999
2023-05-31T14:48:24,0,9999,0,9999
2023-05-31T15:00:04,0,9999,0,9999
2023-05-31T15:11:44,0,9999,0,9999
2023-05-31T15:23:23,0,9999,0,9999
2023-05-31T15:35:01,0,9999,0,9999
2023-05-31T15:46:49,0,9999,0,9999
2023-05-31T15:58:27,0,9999,0,9999
2023-05-31T16:10:05,0,9999,0,9999
2023-05-31T16:21:43,0,9999,0,9999
2023-05-31T16:33:21,0,9999,0,9999
2023-05-31T16:45:10,0,9999,0,9999
2023-05-31T16:56:48,0,9999,0,9999
2023-05-31T17:08:27,0,9999,0,9999
2023-05-31T17:20:06,0,9999,0,9999
2023-05-31T17:31:44,0,9999,0,9999
2023-05-31T17:43:24,0,9999,0,9999
2023-05-31T17:55:12,0,9999,0,9999
2023-05-31T18:06:50,0,9999,0,9999
2023-05-31T18:18:28,0,9999,0,9999
2023-05-31T18:30:07,0,9999,0,9999
2023-05-31T18:41:45,0,9999,0,9999
2023-05-31T18:53:22,0,9999,0,9999
2023-05-31T19:05:02,0,9999,0,9999
2023-05-31T19:16:40,0,9999,0,9999
2023-05-31T19:28:29,0,9999,0,9999
2023-05-31T19:40:07,0,9999,0,9999
2023-05-31T19:51:45,0,9999,0,9999
2023-05-31T20:03:22,0,9999,0,9999
2023-05-31T20:15:01,0,9999,0,9999
2023-05-31T20:26:38,0,9999,0,9999
2023-05-31T20:38:16,0,9999,0,9999
2023-05-31T20:50:04,0,9999,0,9999
2023-05-31T21:01:42,0,9999,0,9999
2023-05-31T21:13:21,0,9999,0,9999
2023-05-31T21:24:59,0,9999,0,9999
2023-05-31T21:36:36,0,9999,0,9999
2023-05-31T21:48:14,0,9999,0,9999
2023-05-31T21:59:52,0,9999,0,9999
2023-05-31T22:11:30,0,9999,0,9999
2023-05-31T22:23:18,0,9999,0,9999
2023-05-31T22:34:57,0,9999,0,9999
2023-05-31T22:46:35,0,9999,0,9999
2023-05-31T22:58:13,0,9999,0,9999
2023-05-31T23:09:51,0,9999,0,9999
2023-05-31T23:21:30,0,9999,0,9999
2023-05-31T23:33:20,0,9999,0,9999
2023-05-31T23:44:58,0,9999,0,9999
2023-05-31T23:56:37,0,9999,0,9999
2023-06-01T00:08:18,0,9999,0,9999
2023-06-01T00:20:04,0,9999,0,9999
2023-06-01T00:31:44,0,9999,0,9999
2023-06-01T00:43:25,0,9999,0,9999
2023-06-01T00:55:07,0,9999,0,9999
2023-06-01T01:06:49,0,9999,0,9999
2023-06-01T01:18:30,0,9999,0,9999
2023-06-01T01:30:21,0,9999,0,9999
2023-06-01T01:42:01,0,9999,0,9999
2023-06-01T01:53:40,0,9999,0,9999
2023-06-01T02:05:19,0,9999,0,9999
2023-06-01T02:16:58,0,9999,0,9999
2023-06-01T02:28:36,0,9999,0,9999
2023-06-01T02:40:16,0,9999,0,9999
2023-06-01T02:51:56,0,9999,0,9999
2023-06-01T03:03:36,0,9999,0,9999
2023-06-01T03:15:18,0,9999,0,9999
2023-06-01T03:26:59,0,9999,0,9999
2023-06-01T03:38:40,0,9999,0,9999
2023-06-01T03:50:22,0,9999,0,9999
2023-06-01T04:02:03,0,9999,0,9999
2023-06-01T04:13:44,0,9999,0,9999
2023-06-01T04:27:38,0,9999,0,9999
2023-06-01T04:39:23,0,9999,0,9999
2023-06-01T04:52:25,0,9999,0,9999
2023-06-01T05:04:25,0,9999,0,9999
2023-06-01T05:16:07,0,9999,0,9999
2023-06-01T05:27:49,0,9999,0,9999
2023-06-01T05:39:30,0,9999,0,9999
2023-06-01T05:51:11,0,9999,0,9999
2023-06-01T06:02:53,0,9999,0,9999
2023-06-01T06:14:34,0,9999,0,9999
2023-06-01T06:26:15,0,9999,0,9999
2023-06-01T06:37:56,0,9999,0,9999
2023-06-01T06:49:37,0,9999,0,9999
2023-06-01T07:01:18,0,9999,0,9999
2023-06-01T07:12:59,0,9999,0,9999
2023-06-01T07:24:39,0,9999,0,9999
2023-06-01T07:36:19,0,9999,0,9999
2023-06-01T07:47:58,0,9999,0,9999
2023-06-01T07:59:39,0,9999,0,9999
2023-06-01T08:11:23,0,9999,0,9999
2023-06-01T08:23:03,0,9999,0,9999
2023-06-01T08:34:44,0,9999,0,9999
2023-06-01T08:46:34,0,9999,0,9999
2023-06-01T08:58:14,0,9999,0,9999
2023-06-01T09:09:54,0,9999,0,9999
2023-06-01T09:21:33,0,9999,0,9999
2023-06-01T09:33:12,0,9999,0,9999
2023-06-01T09:44:51,0,9999,0,9999
2023-06-01T09:56:31,0,9999,0,9999
2023-06-01T10:08:11,0,9999,0,9999
2023-06-01T10:19:49,0,9999,0,9999
2023-06-01T10:31:28,0,9999,0,9999
2023-06-01T10:43:17,0,9999,0,9999
2023-06-01T10:54:55,0,9999,0,9999
2023-06-01T11:06:33,0,9999,0,9999
2023-06-01T11:18:11,0,9999,0,9999
2023-06-01T11:29:49,0,9999,0,9999
2023-06-01T11:41:27,0,9999,0,9999
2023-06-01T11:53:16,0,9999,0,9999
2023-06-01T12:04:54,0,9999,0,9999
2023-06-01T12:16:32,0,9999,0,9999
2023-06-01T12:28:10,0,9999,0,9999
2023-06-01T12:39:48,0,9999,0,9999
2023-06-01T12:51:26,0,9999,0,9999
2023-06-01T13:03:06,0,9999,0,9999
2023-06-01T13:14:54,0,9999,0,9999
2023-06-01T13:26:33,0,9999,0,9999
2023-06-01T13:38:11,0,9999,0,9999
2023-06-01T13:49:50,0,9999,0,9999
2023-06-01T14:01:29,0,9999,0,9999
2023-06-01T14:13:19,0,9999,0,9999
2023-06-01T14:24:57,0,9999,0,9999
2023-06-01T14:36:36,0,9999,0,9999
2023-06-01T14:48:14,0,9999,0,9999
2023-06-01T14:59:53,0,9999,0,9999
2023-06-01T15:11:34,0,9999,0,9999
2023-06-01T15:23:24,0,9999,0,9999
2023-06-01T15:35:03,0,9999,0,9999
2023-06-01T15:46:42,0,9999,0,9999
2023-06-01T15:58:21,0,9999,0,9999
2023-06-01T16:10:00,0,9999,0,9999
2023-06-01T16:21:38,0,9999,0,9999
2023-06-01T16:33:17,0,9999,0,9999
2023-06-01T16:45:07,0,9999,0,9999
2023-06-01T16:56:46,0,9999,0,9999
2023-06-01T17:08:25,0,9999,0,9999
2023-06-01T17:20:06,0,9999,0,9999
2023-06-01T17:31:44,0,9999,0,9999
2023-06-01T17:43:23,0,9999,0,9999
2023-06-01T17:55:02,0,9999,0,9999
2023-06-01T18:06:51,0,9999,0,9999
2023-06-01T18:18:30,0,9999,0,9999
2023-06-01T18:30:11,0,9999,0,9999
2023-06-01T18:41:51,0,9999,0,9999
2023-06-01T18:53:32,0,9999,0,9999
2023-06-01T19:05:12,0,9999,0,9999
2023-06-01T19:16:53,0,9999,0,9999
2023-06-01T19:28:33,0,9999,0,9999
2023-06-01T19:40:14,0,9999,0,9999
2023-06-01T19:52:06,0,9999,0,9999
2023-06-01T20:03:47,0,9999,0,9999
2023-06-01T20:15:28,0,9999,0,9999
2023-06-01T20:27:08,0,9999,0,9999
2023-06-01T20:38:48,0,9999,0,9999
2023-06-01T20:50:29,0,9999,0,9999
2023-06-01T21:02:09,0,9999,0,9999
2023-06-01T21:13:50,0,9999,0,9999
2023-06-01T21:25:31,0,9999,0,9999
2023-06-01T21:37:22,0,9999,0,9999
2023-06-01T21:49:02,0,9999,0,9999
2023-06-01T22:00:43,0,9999,0,9999
2023-06-01T22:12:23,0,9999,0,9999
2023-06-01T22:24:04,0,9999,0,9999
2023-06-01T22:35:55,0,9999,0,9999
2023-06-01T22:47:35,0,9999,0,9999
2023-06-01T22:59:15,0,9999,0,9999
2023-06-01T23:10:56,0,9999,0,9999
2023-06-01T23:22:37,0,9999,0,9999
2023-06-01T23:34:18,0,9999,0,9999
2023-06-01T23:45:59,0,9999,0,9999
2023-06-01T23:57:40,0,9999,0,9999
2023-06-02T00:09:32,0,9999,0,9999
2023-06-02T00:21:18,0,9999,0,9999
2023-06-02T00:33:02,0,9999,0,9999
2023-06-02T00:44:47,0,9999,0,9999
2023-06-02T00:56:32,0,9999,0,9999
2023-06-02T01:08:17,0,9999,0,9999
2023-06-02T01:20:03,0,9999,0,9999
2023-06-02T01:31:47,0,9999,0,9999
2023-06-02T01:43:31,0,9999,0,9999
2023-06-02T01:55:16,0,9999,0,9999
2023-06-02T02:07:00,0,9999,0,9999
2023-06-02T02:18:43,0,9999,0,9999
2023-06-02T02:30:25,0,9999,0,9999
2023-06-02T02:42:08,0,9999,0,9999
2023-06-02T02:54:02,0,9999,0,9999
2023-06-02T03:05:45,0,9999,0,9999
2023-06-02T03:17:28,0,9999,0,9999
2023-06-02T03:29:12,0,9999,0,9999
2023-06-02T03:40:56,0,9999,0,9999
2023-06-02T03:52:39,0,9999,0,9999
2023-06-02T04:04:22,0,9999,0,9999
2023-06-02T04:24:56,0,9999,0,9999
2023-06-02T04:37:54,0,9999,0,9999
2023-06-02T04:49:55,0,9999,0,9999
2023-06-02T05:01:39,0,9999,0,9999
2023-06-02T05:13:23,0,9999,0,9999
2023-06-02T05:25:07,0,9999,0,9999
2023-06-02T05:37:08,0,9999,0,9999
2023-06-02T05:48:53,0,9999,0,9999
2023-06-02T06:00:38,0,9999,0,9999
2023-06-02T06:12:21,0,9999,0,9999
2023-06-02T06:24:04,0,9999,0,9999
2023-06-02T06:35:47,0,9999,0,9999
2023-06-02T06:47:30,0,9999,0,9999
2023-06-02T06:59:11,0,9999,0,9999
2023-06-02T07:10:54,0,9999,0,9999
2023-06-02T07:22:36,0,9999,0,9999
2023-06-02T07:34:18,0,9999,0,9999
2023-06-02T07:46:00,0,9999,0,9999
2023-06-02T07:57:43,0,9999,0,9999
2023-06-02T08:09:36,0,9999,0,9999
2023-06-02T08:21:18,0,9999,0,9999
2023-06-02T08:33:00,0,9999,0,9999
2023-06-02T08:44:42,0,9999,0,9999
2023-06-02T08:56:25,0,9999,0,9999
2023-06-02T09:08:08,0,9999,0,9999
2023-06-02T09:19:51,0,9999,0,9999
2023-06-02T09:31:33,0,9999,0,9999
2023-06-02T09:43:16,0,9999,0,9999
2023-06-02T09:54:58,0,9999,0,9999
2023-06-02T10:06:40,0,9999,0,9999
2023-06-02T10:18:32,0,9999,0,9999
2023-06-02T10:30:14,0,9999,0,9999
2023-06-02T10:41:54,0,9999,0,9999
2023-06-02T10:53:35,0,9999,0,9999
2023-06-02T11:05:16,0,9999,0,9999
2023-06-02T11:16:56,0,9999,0,9999
2023-06-02T11:28:37,0,9999,0,9999
2023-06-02T11:40:28,0,9999,0,9999
2023-06-02T11:52:09,0,9999,0,9999
2023-06-02T12:03:49,0,9999,0,9999
2023-06-02T12:15:29,0,9999,0,9999
2023-06-02T12:27:10,0,9999,0,9999
2023-06-02T12:38:50,0,9999,0,9999
2023-06-02T12:50:31,0,9999,0,9999
2023-06-02T13:02:23,0,9999,0,9999
2023-06-02T13:14:04,0,9999,0,9999
2023-06-02T13:25:44,0,9999,0,9999
2023-06-02T13:37:25,0,9999,0,9999
2023-06-02T13:49:05,0,9999,0,9999
2023-06-02T14:00:46,0,9999,0,9999
2023-06-02T14:12:26,0,9999,0,9999
2023-06-02T14:24:18,0,9999,0,9999
2023-06-02T14:35:59,0,9999,0,9999
2023-06-02T14:47:40,0,9999,0,9999
2023-06-02T14:59:21,0,9999,0,9999
2023-06-02T15:11:02,0,9999,0,9999
2023-06-02T15:22:43,0,9999,0,9999
2023-06-02T15:34:26,0,9999,0,9999
2023-06-02T15:46:17,0,9999,0,9999
2023-06-02T15:57:59,0,9999,0,9999
2023-06-02T16:09:41,0,9999,0,9999
2023-06-02T16:21:23,0,9999,0,9999
2023-06-02T16:33:04,0,9999,0,9999
2023-06-02T16:44:46,0,9999,0,9999
2023-06-02T16:56:28,0,9999,0,9999
2023-06-02T17:08:10,0,9999,0,9999
2023-06-02T17:20:03,1,9998,0,9999
2023-06-02T17:31:44,1,9998,0,9999
2023-06-02T17:43:25,1,9998,0,9999
2023-06-02T17:55:06,1,9998,0,9999
2023-06-02T18:06:47,1,9998,0,9999
2023-06-02T18:18:27,1,9998,0,9999
2023-06-02T18:30:08,1,9998,0,9999
2023-06-02T18:41:49,1,9998,0,9999
2023-06-02T18:53:30,1,9998,0,9999
2023-06-02T19:05:12,1,9998,0,9999
2023-06-02T19:16:53,1,9998,0,9999
2023-06-02T19:28:45,1,9998,0,9999
2023-06-02T19:40:27,1,9998,0,9999
2023-06-02T19:52:08,1,9998,0,9999
2023-06-02T20:03:50,1,9998,0,9999
2023-06-02T20:15:31,1,9998,0,9999
2023-06-02T20:27:12,1,9998,0,9999
2023-06-02T20:38:53,1,9998,0,9999
2023-06-02T20:50:34,1,9998,0,9999
2023-06-02T21:02:16,1,9998,0,9999
2023-06-02T21:13:57,1,9998,0,9999
2023-06-02T21:25:49,1,9998,0,9999
2023-06-02T21:37:30,1,9998,0,9999
2023-06-02T21:49:11,1,9998,0,9999
2023-06-02T22:00:52,1,9998,0,9999
2023-06-02T22:12:33,1,9998,0,9999
2023-06-02T22:24:14,1,9998,0,9999
2023-06-02T22:35:55,1,9998,0,9999
2023-06-02T22:47:36,1,9998,0,9999
2023-06-02T22:59:16,1,9998,0,9999
2023-06-02T23:10:59,1,9998,0,9999
2023-06-02T23:22:40,1,9998,0,9999
2023-06-02T23:34:33,1,9998,0,9999
2023-06-02T23:46:15,1,9998,0,9999
2023-06-02T23:57:56,1,9998,0,9999
2023-06-03T00:10:15,1,9998,0,9999
2023-06-03T00:22:05,1,9998,0,9999
2023-06-03T00:33:49,1,9998,0,9999
2023-06-03T00:45:33,1,9998,0,9999
2023-06-03T00:57:18,1,9998,0,9999
2023-06-03T01:09:02,1,9998,0,9999
2023-06-03T01:20:48,1,9998,0,9999
2023-06-03T01:32:32,1,9998,0,9999
2023-06-03T01:44:26,1,9998,0,9999
2023-06-03T01:56:10,1,9998,0,9999
2023-06-03T02:07:53,1,9998,0,9999
2023-06-03T02:19:36,1,9998,0,9999
2023-06-03T02:31:20,1,9998,0,9999
2023-06-03T02:43:02,1,9998,0,9999
2023-06-03T02:54:44,1,9998,0,9999
2023-06-03T03:06:27,1,9998,0,9999
2023-06-03T03:18:10,1,9998,0,9999
2023-06-03T03:29:52,1,9998,0,9999
2023-06-03T03:41:35,1,9998,0,9999
2023-06-03T03:53:18,1,9998,0,9999
2023-06-03T04:05:14,1,9998,0,9999
2023-06-03T04:20:11,1,9998,0,9999
2023-06-03T04:32:24,1,9998,0,9999
2023-06-03T04:44:09,1,9998,0,9999
2023-06-03T04:55:54,1,9998,0,9999
2023-06-03T05:07:39,1,9998,0,9999
2023-06-03T05:19:23,1,9998,0,9999
2023-06-03T05:31:09,1,9998,0,9999
2023-06-03T05:42:54,1,9998,0,9999
2023-06-03T05:54:38,1,9998,0,9999
2023-06-03T06:06:23,1,9998,0,9999
2023-06-03T06:18:07,1,9998,0,9999
2023-06-03T06:29:52,1,9998,0,9999
2023-06-03T06:41:41,1,9998,0,9999
2023-06-03T06:53:25,1,9998,0,9999
2023-06-03T07:05:09,1,9998,0,9999
2023-06-03T07:16:53,1,9998,0,9999
2023-06-03T07:28:45,1,9998,0,9999
2023-06-03T07:40:28,1,9998,0,9999
2023-06-03T07:52:12,1,9998,0,9999
2023-06-03T08:03:55,1,9998,0,9999
2023-06-03T08:15:39,1,9998,0,9999
2023-06-03T08:27:23,1,9998,0,9999
2023-06-03T08:39:08,1,9998,0,9999
2023-06-03T08:50:52,1,9998,0,9999
2023-06-03T09:02:36,1,9998,0,9999
2023-06-03T09:14:19,1,9998,0,9999
2023-06-03T09:26:02,1,9998,0,9999
2023-06-03T09:37:56,1,9998,0,9999
2023-06-03T09:49:38,1,9998,0,9999
2023-06-03T10:01:20,1,9998,0,9999
2023-06-03T10:13:02,1,9998,0,9999
2023-06-03T10:24:44,1,9998,0,9999
2023-06-03T10:36:26,1,9998,0,9999
2023-06-03T10:48:08,1,9998,0,9999
2023-06-03T10:59:49,1,9998,0,9999
2023-06-03T11:11:29,1,9998,0,9999
2023-06-03T11:23:10,1,9998,0,9999
2023-06-03T11:35:01,1,9998,0,9999
2023-06-03T11:46:42,1,9998,0,9999
2023-06-03T11:58:22,1,9998,0,9999
2023-06-03T12:10:03,1,9998,0,9999
2023-06-03T12:21:44,1,9998,0,9999
2023-06-03T12:33:24,1,9998,0,9999
2023-06-03T12:45:05,1,9998,0,9999
2023-06-03T12:56:45,1,9998,0,9999
2023-06-03T13:08:26,1,9998,0,9999
2023-06-03T13:20:06,1,9998,0,9999
2023-06-03T13:31:57,1,9998,0,9999
2023-06-03T13:43:37,1,9998,0,9999
2023-06-03T13:55:19,1,9998,0,9999
2023-06-03T14:07:00,1,9998,0,9999
2023-06-03T14:18:41,1,9998,0,9999
2023-06-03T14:30:21,1,9998,0,9999
2023-06-03T14:42:12,1,9998,0,9999
2023-06-03T14:53:52,1,9998,0,9999
2023-06-03T15:05:33,1,9998,0,9999
2023-06-03T15:17:13,1,9998,0,9999
2023-06-03T15:28:54,1,9998,0,9999
2023-06-03T15:40:35,1,9998,0,9999
2023-06-03T15:52:16,1,9998,0,9999
2023-06-03T16:03:56,1,9998,0,9999
2023-06-03T16:15:37,1,9998,0,9999
2023-06-03T16:27:18,1,9998,0,9999
2023-06-03T16:39:08,1,9998,0,9999
2023-06-03T16:50:48,1,9998,0,9999
2023-06-03T17:02:29,1,9998,0,9999
2023-06-03T17:14:12,1,9998,0,9999
2023-06-03T17:25:53,1,9998,0,9999
2023-06-03T17:37:34,1,9998,0,9999
2023-06-03T17:49:15,1,9998,0,9999
2023-06-03T18:00:55,1,9998,0,9999
2023-06-03T18:12:36,1,9998,0,9999
2023-06-03T18:24:16,1,9998,0,9999
2023-06-03T18:36:06,1,9998,0,9999
2023-06-03T18:47:47,1,9998,0,9999
2023-06-03T18:59:27,1,9998,0,9999
2023-06-03T19:11:09,1,9998,0,9999
2023-06-03T19:22:50,1,9998,0,9999
2023-06-03T19:34:30,1,9998,0,9999
2023-06-03T19:46:11,1,9998,0,9999
2023-06-03T19:57:52,1,9998,0,9999
2023-06-03T20:09:33,1,9998,0,9999
2023-06-03T20:21:14,1,9998,0,9999
2023-06-03T20:32:54,1,9998,0,9999
2023-06-03T20:44:45,1,9998,0,9999
2023-06-03T20:56:26,1,9998,0,9999
2023-06-03T21:08:07,1,9998,0,9999
2023-06-03T21:19:48,1,9998,0,9999
2023-06-03T21:31:29,1,9998,0,9999
2023-06-03T21:43:10,1,9998,0,9999
2023-06-03T21:54:52,1,9998,0,9999
2023-06-03T22:06:33,1,9998,0,9999
2023-06-03T22:18:14,1,9998,0,9999
2023-06-03T22:29:54,1,9998,0,9999
2023-06-03T22:41:35,1,9998,0,9999
2023-06-03T22:53:26,1,9998,0,9999
2023-06-03T23:05:07,1,9998,0,9999
2023-06-03T23:16:49,1,9998,0,9999
2023-06-03T23:28:30,1,9998,0,9999
2023-06-03T23:40:11,1,9998,0,9999
2023-06-03T23:51:53,1,9998,0,9999
2023-06-04T00:03:35,1,9998,0,9999
2023-06-04T00:15:23,1,9998,0,9999
2023-06-04T00:27:08,1,9998,0,9999
2023-06-04T00:38:52,1,9998,0,9999
2023-06-04T00:50:36,1,9998,0,9999
2023-06-04T01:02:20,1,9998,0,9999
2023-06-04T01:14:02,1,9998,0,9999
2023-06-04T01:25:56,1,9998,0,9999
2023-06-04T01:37:41,1,9998,0,9999
2023-06-04T01:49:25,1,9998,0,9999
2023-06-04T02:01:09,1,9998,0,9999
2023-06-04T02:13:09,1,9998,0,9999
2023-06-04T02:24:53,1,9998,0,9999
2023-06-04T02:36:38,1,9998,0,9999
2023-06-04T02:48:21,1,9998,0,9999
2023-06-04T03:00:04,1,9998,0,9999
2023-06-04T03:11:48,1,9998,0,9999
2023-06-04T03:23:32,1,9998,0,9999
2023-06-04T03:35:16,1,9998,0,9999
2023-06-04T03:47:00,1,9998,0,9999
2023-06-04T03:58:44,1,9998,0,9999
2023-06-04T04:10:28,1,9998,0,9999
2023-06-04T04:25:09,1,9998,0,9999
2023-06-04T04:38:33,1,9998,0,9999
2023-06-04T04:50:19,1,9998,0,9999
2023-06-04T05:02:05,1,9998,0,9999
2023-06-04T05:13:50,1,9998,0,9999
2023-06-04T05:25:34,1,9998,0,9999
2023-06-04T05:37:18,1,9998,0,9999
2023-06-04T05:49:02,1,9998,0,9999
2023-06-04T06:00:46,1,9998,0,9999
2023-06-04T06:12:29,1,9998,0,9999
2023-06-04T06:24:13,1,9998,0,9999
2023-06-04T06:35:57,1,9998,0,9999
2023-06-04T06:47:41,1,9998,0,9999
2023-06-04T06:59:24,1,9998,0,9999
2023-06-04T07:11:07,1,9998,0,9999
2023-06-04T07:22:49,1,9998,0,9999
2023-06-04T07:34:30,1,9998,0,9999
2023-06-04T07:46:11,1,9998,0,9999
2023-06-04T07:57:52,1,9998,0,9999
2023-06-04T08:09:45,1,9998,0,9999
2023-06-04T08:21:27,1,9998,0,9999
2023-06-04T08:33:10,1,9998,0,9999
2023-06-04T08:44:51,1,9998,0,9999
2023-06-04T08:56:33,1,9998,0,9999
2023-06-04T09:08:14,1,9998,0,9999
2023-06-04T09:19:56,1,9998,0,9999
2023-06-04T09:31:38,1,9998,0,9999
2023-06-04T09:43:19,1,9998,0,9999
2023-06-04T09:55:00,1,9998,0,9999
2023-06-04T10:06:41,1,9998,0,9999
2023-06-04T10:18:23,1,9998,0,9999
2023-06-04T10:30:04,1,9998,0,9999
2023-06-04T10:41:45,1,9998,0,9999
2023-06-04T10:53:26,1,9998,0,9999
2023-06-04T11:05:07,1,9998,0,9999
2023-06-04T11:16:50,1,9998,0,9999
2023-06-04T11:28:42,1,9998,0,9999
2023-06-04T11:40:24,1,9998,0,9999
2023-06-04T11:52:05,1,9998,0,9999
2023-06-04T12:03:45,1,9998,0,9999
2023-06-04T12:15:26,1,9998,0,9999
2023-06-04T12:27:07,1,9998,0,9999
2023-06-04T12:38:48,1,9998,0,9999
2023-06-04T12:50:28,1,9998,0,9999
2023-06-04T13:02:09,1,9998,0,9999
2023-06-04T13:13:49,1,9998,0,9999
2023-06-04T13:25:30,1,9998,0,9999
2023-06-04T13:37:11,1,9998,0,9999
2023-06-04T13:49:01,1,9998,0,9999
2023-06-04T14:00:42,1,9998,0,9999
2023-06-04T14:12:23,1,9998,0,9999
2023-06-04T14:24:03,1,9998,0,9999
2023-06-04T14:35:43,1,9998,0,9999
2023-06-04T14:47:24,1,9998,0,9999
2023-06-04T14:59:04,1,9998,0,9999
2023-06-04T15:10:45,1,9998,0,9999
2023-06-04T15:22:26,1,9998,0,9999
2023-06-04T15:34:17,1,9998,0,9999
2023-06-04T15:45:58,1,9998,0,9999
2023-06-04T15:57:39,1,9998,0,9999
2023-06-04T16:09:20,1,9998,0,9999
2023-06-04T16:21:01,1,9998,0,9999
2023-06-04T16:32:42,1,9998,0,9999
2023-06-04T16:44:24,1,9998,0,9999
2023-06-04T16:56:05,1,9998,0,9999
2023-06-04T17:07:46,1,9998,0,9999
2023-06-04T17:19:28,1,9998,0,9999
2023-06-04T17:31:20,1,9998,0,9999
2023-06-04T17:43:00,1,9998,0,9999
2023-06-04T17:54:41,1,9998,0,9999
2023-06-04T18:06:22,1,9998,0,9999
2023-06-04T18:18:03,1,9998,0,9999
2023-06-04T18:29:44,1,9998,0,9999
2023-06-04T18:41:25,1,9998,0,9999
2023-06-04T18:53:06,1,9998,0,9999
2023-06-04T19:04:49,1,9998,0,9999
2023-06-04T19:16:31,1,9998,0,9999
2023-06-04T19:28:22,1,9998,0,9999
2023-06-04T19:40:03,1,9998,0,9999
2023-06-04T19:51:44,1,9998,0,9999
2023-06-04T20:03:25,1,9998,0,9999
2023-06-04T20:15:06,1,9998,0,9999
2023-06-04T20:26:47,1,9998,0,9999
2023-06-04T20:38:28,1,9998,0,9999
2023-06-04T20:50:09,1,9998,0,9999
2023-06-04T21:01:50,1,9998,0,9999
2023-06-04T21:13:31,1,9998,0,9999
2023-06-04T21:25:23,1,9998,0,9999
2023-06-04T21:37:04,1,9998,0,9999
2023-06-04T21:48:46,1,9998,0,9999
2023-06-04T22:00:27,1,9998,0,9999
2023-06-04T22:12:08,1,9998,0,9999
2023-06-04T22:23:49,1,9998,0,9999
2023-06-04T22:35:31,1,9998,0,9999
2023-06-04T22:47:12,1,9998,0,9999
2023-06-04T22:58:52,1,9998,0,9999
2023-06-04T23:10:43,1,9998,0,9999
2023-06-04T23:22:25,1,9998,0,9999
2023-06-04T23:34:07,1,9998,0,9999
2023-06-04T23:45:49,1,9998,0,9999
2023-06-04T23:57:30,1,9998,0,9999
2023-06-05T00:09:13,1,9998,0,9999
2023-06-05T00:21:02,1,9998,0,9999
2023-06-05T00:33:00,1,9998,0,9999
2023-06-05T00:44:43,1,9998,0,9999
2023-06-05T00:56:27,1,9998,0,9999
2023-06-05T01:08:18,1,9998,0,9999
2023-06-05T01:20:08,1,9998,0,9999
2023-06-05T01:31:53,1,9998,0,9999
2023-06-05T01:43:37,1,9998,0,9999
2023-06-05T01:55:20,1,9998,0,9999
2023-06-05T02:07:10,1,9998,0,9999
2023-06-05T02:18:54,1,9998,0,9999
2023-06-05T02:30:36,1,9998,0,9999
2023-06-05T02:42:19,1,9998,0,9999
2023-06-05T02:54:02,1,9998,0,9999
2023-06-05T03:05:44,1,9998,0,9999
2023-06-05T03:17:29,1,9998,0,9999
2023-06-05T03:29:13,1,9998,0,9999
2023-06-05T03:40:56,1,9998,0,9999
2023-06-05T03:52:41,1,9998,0,9999
2023-06-05T04:04:26,1,9998,0,9999
2023-06-05T04:16:11,1,9998,0,9999
2023-06-05T04:28:54,1,9998,0,9999
2023-06-05T04:42:26,1,9998,0,9999
2023-06-05T04:54:13,1,9998,0,9999
2023-06-05T05:05:59,1,9998,0,9999
2023-06-05T05:17:43,1,9998,0,9999
2023-06-05T05:29:28,1,9998,0,9999
2023-06-05T05:41:13,1,9998,0,9999
2023-06-05T05:52:57,1,9998,0,9999
2023-06-05T06:04:42,1,9998,0,9999
2023-06-05T06:16:29,1,9998,0,9999
2023-06-05T06:28:14,1,9998,0,9999
2023-06-05T06:39:58,1,9998,0,9999
2023-06-05T06:51:42,1,9998,0,9999
2023-06-05T07:03:26,1,9998,0,9999
2023-06-05T07:15:11,1,9998,0,9999
2023-06-05T07:26:52,1,9998,0,9999
2023-06-05T07:38:33,1,9998,0,9999
2023-06-05T07:50:14,1,9998,0,9999
2023-06-05T08:01:55,1,9998,0,9999
2023-06-05T08:13:37,1,9998,0,9999
2023-06-05T08:25:19,1,9998,0,9999
2023-06-05T08:37:10,1,9998,0,9999
2023-06-05T08:48:52,1,9998,0,9999
2023-06-05T09:00:33,1,9998,0,9999
2023-06-05T09:12:14,1,9998,0,9999
2023-06-05T09:23:55,1,9998,0,9999
2023-06-05T09:35:36,1,9998,0,9999
2023-06-05T09:47:18,1,9998,0,9999
2023-06-05T09:58:59,1,9998,0,9999
2023-06-05T10:10:40,1,9998,0,9999
2023-06-05T10:22:32,1,9998,0,9999
2023-06-05T10:34:14,1,9998,0,9999
2023-06-05T10:45:55,1,9998,0,9999
2023-06-05T10:57:37,1,9998,0,9999
2023-06-05T11:09:18,1,9998,0,9999
2023-06-05T11:21:10,1,9998,0,9999
2023-06-05T11:32:51,1,9998,0,9999
2023-06-05T11:44:33,1,9998,0,9999
2023-06-05T11:56:14,1,9998,0,9999
2023-06-05T12:07:56,1,9998,0,9999
2023-06-05T12:19:38,1,9998,0,9999
2023-06-05T12:31:31,1,9998,0,9999
2023-06-05T12:43:13,1,9998,0,9999
2023-06-05T12:54:55,1,9998,0,9999
2023-06-05T13:06:37,1,9998,0,9999
2023-06-05T13:18:31,1,9998,0,9999
2023-06-05T13:30:12,1,9998,0,9999
2023-06-05T13:41:53,1,9998,0,9999
2023-06-05T13:53:34,1,9998,0,9999
2023-06-05T14:05:15,1,9998,0,9999
2023-06-05T14:17:07,1,9998,0,9999
2023-06-05T14:28:49,1,9998,0,9999
2023-06-05T14:40:33,1,9998,0,9999
2023-06-05T14:52:15,1,9998,0,9999
2023-06-05T15:04:08,1,9998,0,9999
2023-06-05T15:15:50,1,9998,0,9999
2023-06-05T15:27:32,1,9998,0,9999
2023-06-05T15:39:13,1,9998,0,9999
2023-06-05T15:51:06,1,9998,0,9999
2023-06-05T16:02:47,1,9998,0,9999
2023-06-05T16:14:28,1,9998,0,9999
2023-06-05T16:26:10,1,9998,0,9999
2023-06-05T16:37:53,1,9998,0,9999
2023-06-05T16:49:34,1,9998,0,9999
2023-06-05T17:01:26,1,9998,0,9999
2023-06-05T17:13:08,1,9998,0,9999
2023-06-05T17:24:50,1,9998,0,9999
2023-06-05T17:36:33,1,9998,0,9999
2023-06-05T17:48:14,1,9998,0,9999
2023-06-05T18:00:06,1,9998,0,9999
2023-06-05T18:11:47,1,9998,0,9999
2023-06-05T18:23:28,1,9998,0,9999
2023-06-05T18:35:09,1,9998,0,9999
2023-06-05T18:46:50,1,9998,0,9999
2023-06-05T18:58:31,1,9998,0,9999
2023-06-05T19:10:13,1,9998,0,9999
2023-06-05T19:22:05,1,9998,0,9999
2023-06-05T19:33:46,1,9998,0,9999
2023-06-05T19:45:27,1,9998,0,9999
2023-06-05T19:57:09,1,9998,0,9999
2023-06-05T20:08:51,1,9998,0,9999
2023-06-05T20:20:32,1,9998,0,9999
2023-06-05T20:32:14,1,9998,0,9999
2023-06-05T20:44:07,1,9998,0,9999
2023-06-05T20:55:49,1,9998,0,9999
2023-06-05T21:07:30,1,9998,0,9999
2023-06-05T21:19:11,1,9998,0,9999
2023-06-05T21:30:53,1,9998,0,9999
2023-06-05T21:42:34,1,9998,0,9999
2023-06-05T21:54:16,1,9998,0,9999
2023-06-05T22:06:09,1,9998,0,9999
2023-06-05T22:17:51,1,9998,0,9999
2023-06-05T22:29:32,1,9998,0,9999
2023-06-05T22:41:13,1,9998,0,9999
2023-06-05T22:52:55,1,9998,0,9999
2023-06-05T23:04:37,1,9998,0,9999
2023-06-05T23:16:30,1,9998,0,9999
2023-06-05T23:28:13,1,9998,0,9999
2023-06-05T23:39:54,1,9998,0,9999
2023-06-05T23:51:36,1,9998,0,9999
2023-06-06T00:03:19,1,9998,0,9999
2023-06-06T00:15:03,1,9998,0,9999
2023-06-06T00:26:46,1,9998,0,9999
2023-06-06T00:38:31,1,9998,0,9999
2023-06-06T00:50:27,1,9998,0,9999
2023-06-06T01:02:12,1,9998,0,9999
2023-06-06T01:13:57,1,9998,0,9999
2023-06-06T01:25:41,1,9998,0,9999
2023-06-06T01:37:25,1,9998,0,9999
2023-06-06T01:49:09,1,9998,0,9999
2023-06-06T02:00:55,1,9998,0,9999
2023-06-06T02:12:38,1,9998,0,9999
2023-06-06T02:24:22,1,9998,0,9999
2023-06-06T02:36:05,1,9998,0,9999
2023-06-06T02:47:48,1,9998,0,9999
2023-06-06T02:59:30,1,9998,0,9999
2023-06-06T03:11:13,1,9998,0,9999
2023-06-06T03:22:56,1,9998,0,9999
2023-06-06T03:34:40,1,9998,0,9999
2023-06-06T03:46:23,1,9998,0,9999
2023-06-06T03:58:08,1,9998,0,9999
2023-06-06T04:09:52,1,9998,0,9999
2023-06-06T04:25:53,1,9998,0,9999
2023-06-06T04:37:40,1,9998,0,9999
2023-06-06T04:51:06,1,9998,0,9999
2023-06-06T05:02:53,1,9998,0,9999
2023-06-06T05:14:38,1,9998,0,9999
2023-06-06T05:26:22,1,9998,0,9999
2023-06-06T05:38:08,1,9998,0,9999
2023-06-06T05:49:52,1,9998,0,9999
2023-06-06T06:01:36,1,9998,0,9999
2023-06-06T06:13:24,1,9998,0,9999
2023-06-06T06:25:09,1,9998,0,9999
2023-06-06T06:36:54,1,9998,0,9999
2023-06-06T06:48:37,1,9998,0,9999
2023-06-06T07:00:21,1,9998,0,9999
2023-06-06T07:12:06,1,9998,0,9999
2023-06-06T07:23:49,1,9998,0,9999
2023-06-06T07:35:33,1,9998,0,9999
2023-06-06T07:47:16,1,9998,0,9999
2023-06-06T07:58:59,1,9998,0,9999
2023-06-06T08:10:43,1,9998,0,9999
2023-06-06T08:22:25,1,9998,0,9999
2023-06-06T08:34:09,1,9998,0,9999
2023-06-06T08:45:52,1,9998,0,9999
2023-06-06T08:57:44,1,9998,0,9999
2023-06-06T09:09:29,1,9998,0,9999
2023-06-06T09:21:11,1,9998,0,9999
2023-06-06T09:32:54,1,9998,0,9999
2023-06-06T09:44:38,1,9998,0,9999
2023-06-06T09:56:19,1,9998,0,9999
2023-06-06T10:08:01,1,9998,0,9999
2023-06-06T10:19:54,1,9998,0,9999
2023-06-06T10:31:36,1,9998,0,9999
2023-06-06T10:43:18,1,9998,0,9999
2023-06-06T10:55:00,1,9998,0,9999
2023-06-06T11:06:43,1,9998,0,9999
2023-06-06T11:18:25,1,9998,0,9999
2023-06-06T11:30:18,1,9998,0,9999
2023-06-06T11:42:01,1,9998,0,9999
2023-06-06T11:53:42,1,9998,0,9999
2023-06-06T12:05:23,1,9998,0,9999
2023-06-06T12:17:17,1,9998,0,9999
2023-06-06T12:28:59,1,9998,0,9999
2023-06-06T12:40:41,1,9998,0,9999
2023-06-06T12:52:23,1,9998,0,9999
2023-06-06T13:04:16,1,9998,0,9999
2023-06-06T13:15:58,1,9998,0,9999
2023-06-06T13:27:40,1,9998,0,9999
2023-06-06T13:39:23,1,9998,0,9999
2023-06-06T13:51:18,1,9998,0,9999
2023-06-06T14:03:02,1,9998,0,9999
2023-06-06T14:14:45,1,9998,0,9999
2023-06-06T14:26:29,1,9998,0,9999
2023-06-06T14:38:22,1,9998,0,9999
2023-06-06T14:50:05,1,9998,0,9999
2023-06-06T15:01:47,1,9998,0,9999
2023-06-06T15:13:29,1,9998,0,9999
2023-06-06T15:25:25,1,9998,0,9999
2023-06-06T15:37:07,1,9998,0,9999
2023-06-06T15:48:50,1,9998,0,9999
2023-06-06T16:00:33,1,9998,0,9999
2023-06-06T16:12:16,1,9998,0,9999
2023-06-06T16:24:10,1,9998,0,9999
2023-06-06T16:35:53,1,9998,0,9999
2023-06-06T16:47:35,1,9998,0,9999
2023-06-06T16:59:18,1,9998,0,9999
2023-06-06T17:11:14,1,9998,0,9999
2023-06-06T17:22:57,1,9998,0,9999
2023-06-06T17:34:39,1,9998,0,9999
2023-06-06T17:46:22,1,9998,0,9999
2023-06-06T17:58:04,1,9998,0,9999
2023-06-06T18:10:01,1,9998,0,9999
2023-06-06T18:21:43,1,9998,0,9999
2023-06-06T18:33:26,1,9998,0,9999
2023-06-06T18:45:08,1,9998,0,9999
2023-06-06T18:57:02,1,9998,0,9999
2023-06-06T19:08:43,1,9998,0,9999
2023-06-06T19:20:23,1,9998,0,9999
2023-06-06T19:32:03,1,9998,0,9999
2023-06-06T19:43:42,1,9998,0,9999
2023-06-06T19:55:33,1,9998,0,9999
2023-06-06T20:07:12,1,9998,0,9999
2023-06-06T20:18:51,1,9998,0,9999
2023-06-06T20:30:31,1,9998,0,9999
2023-06-06T20:42:10,1,9998,0,9999
2023-06-06T20:53:49,1,9998,0,9999
2023-06-06T21:05:39,1,9998,0,9999
2023-06-06T21:17:18,1,9998,0,9999
2023-06-06T21:28:57,1,9998,0,9999
2023-06-06T21:40:36,1,9998,0,9999
2023-06-06T21:52:14,1,9998,0,9999
2023-06-06T22:03:53,1,9998,0,9999
2023-06-06T22:15:42,1,9998,0,9999
2023-06-06T22:27:21,1,9998,0,9999
2023-06-06T22:38:59,1,9998,0,9999
2023-06-06T22:50:37,1,9998,0,9999
2023-06-06T23:02:16,1,9998,0,9999
2023-06-06T23:13:56,1,9998,0,9999
2023-06-06T23:25:35,1,9998,0,9999
2023-06-06T23:37:14,1,9998,0,9999
2023-06-06T23:49:05,1,9998,0,9999
2023-06-07T00:00:44,1,9998,0,9999
2023-06-07T00:12:27,1,9998,0,9999
2023-06-07T00:24:11,1,9998,0,9999
2023-06-07T00:35:51,1,9998,0,9999
2023-06-07T00:47:33,1,9998,0,9999
2023-06-07T00:59:14,1,9998,0,9999
2023-06-07T01:10:57,1,9998,0,9999
2023-06-07T01:22:50,1,9998,0,9999
2023-06-07T01:34:32,1,9998,0,9999
2023-06-07T01:46:14,1,9998,0,9999
2023-06-07T01:57:56,1,9998,0,9999
2023-06-07T02:09:37,1,9998,0,9999
2023-06-07T02:21:17,1,9998,0,9999
2023-06-07T02:32:57,1,9998,0,9999
2023-06-07T02:44:39,1,9998,0,9999
2023-06-07T02:56:21,1,9998,0,9999
2023-06-07T03:08:04,1,9998,0,9999
2023-06-07T03:19:46,1,9998,0,9999
2023-06-07T03:31:28,1,9998,0,9999
2023-06-07T03:43:11,1,9998,0,9999
2023-06-07T03:54:53,1,9998,0,9999
2023-06-07T04:06:34,1,9998,0,9999
2023-06-07T04:17:15,1,9998,0,9999
2023-06-07T04:29:00,1,9998,0,9999
2023-06-07T04:42:13,1,9998,0,9999
2023-06-07T04:54:19,1,9998,0,9999
2023-06-07T05:06:06,1,9998,0,9999
2023-06-07T05:17:52,1,9998,0,9999
2023-06-07T05:29:37,1,9998,0,9999
2023-06-07T05:41:22,1,9998,0,9999
2023-06-07T05:53:07,1,9998,0,9999
2023-06-07T06:04:52,1,9998,0,9999
2023-06-07T06:16:37,1,9998,0,9999
2023-06-07T06:28:22,1,9998,0,9999
2023-06-07T06:40:07,1,9998,0,9999
2023-06-07T06:51:52,1,9998,0,9999
2023-06-07T07:03:36,1,9998,0,9999
2023-06-07T07:15:24,1,9998,0,9999
2023-06-07T07:27:08,1,9998,0,9999
2023-06-07T07:38:51,1,9998,0,9999
2023-06-07T07:50:34,1,9998,0,9999
2023-06-07T08:02:16,1,9998,0,9999
2023-06-07T08:13:59,1,9998,0,9999
2023-06-07T08:25:42,1,9998,0,9999
2023-06-07T08:37:34,1,9998,0,9999
2023-06-07T08:49:17,1,9998,0,9999
2023-06-07T09:01:00,1,9998,0,9999
2023-06-07T09:12:44,1,9998,0,9999
2023-06-07T09:24:26,1,9998,0,9999
2023-06-07T09:36:09,1,9998,0,9999
2023-06-07T09:47:51,1,9998,0,9999
2023-06-07T09:59:34,1,9998,0,9999
2023-06-07T10:11:29,1,9998,0,9999
2023-06-07T10:23:12,1,9998,0,9999
2023-06-07T10:34:55,1,9998,0,9999
2023-06-07T10:46:38,1,9998,0,9999
2023-06-07T10:58:31,1,9998,0,9999
2023-06-07T11:10:16,1,9998,0,9999
2023-06-07T11:22:01,1,9998,0,9999
2023-06-07T11:33:45,1,9998,0,9999
2023-06-07T11:45:50,1,9998,0,9999
2023-06-07T11:57:33,1,9998,0,9999
2023-06-07T12:09:16,1,9998,0,9999
2023-06-07T12:21:00,1,9998,0,9999
2023-06-07T12:32:53,1,9998,0,9999
2023-06-07T12:44:36,1,9998,0,9999
2023-06-07T12:56:18,1,9998,0,9999
2023-06-07T13:08:00,1,9998,0,9999
2023-06-07T13:19:52,1,9998,0,9999
2023-06-07T13:31:35,1,9998,0,9999
2023-06-07T13:43:18,1,9998,0,9999
2023-06-07T13:55:00,1,9998,0,9999
2023-06-07T14:07:00,1,9998,0,9999
2023-06-07T14:18:42,1,9998,0,9999
2023-06-07T14:30:24,1,9998,0,9999
2023-06-07T14:42:06,1,9998,0,9999
2023-06-07T14:53:59,1,9998,0,9999
2023-06-07T15:05:41,1,9998,0,9999
2023-06-07T15:17:25,1,9998,0,9999
2023-06-07T15:29:09,1,9998,0,9999
2023-06-07T15:41:12,1,9998,0,9999
2023-06-07T15:52:56,1,9998,0,9999
2023-06-07T16:04:39,1,9998,0,9999
2023-06-07T16:16:22,1,9998,0,9999
2023-06-07T16:28:06,1,9998,0,9999
2023-06-07T16:40:00,1,9998,0,9999
2023-06-07T16:51:43,1,9998,0,9999
2023-06-07T17:03:27,1,9998,0,9999
2023-06-07T17:15:32,1,9998,0,9999
2023-06-07T17:27:14,1,9998,0,9999
2023-06-07T17:38:56,1,9998,0,9999
2023-06-07T17:50:40,1,9998,0,9999
2023-06-07T18:02:23,1,9998,0,9999
2023-06-07T18:14:21,1,9998,0,9999
2023-06-07T18:26:04,1,9998,0,9999
2023-06-07T18:37:47,1,9998,0,9999
2023-06-07T18:49:30,1,9998,0,9999
2023-06-07T19:01:13,1,9998,0,9999
2023-06-07T19:13:07,1,9998,0,9999
2023-06-07T19:24:50,1,9998,0,9999
2023-06-07T19:36:33,1,9998,0,9999
2023-06-07T19:48:16,1,9998,0,9999
2023-06-07T19:59:58,1,9998,0,9999
2023-06-07T20:11:53,1,9998,0,9999
2023-06-07T20:23:35,1,9998,0,9999
2023-06-07T20:35:17,1,9998,0,9999
2023-06-07T20:46:59,1,9998,0,9999
2023-06-07T20:58:41,1,9998,0,9999
2023-06-07T21:10:24,1,9998,0,9999
2023-06-07T21:22:25,1,9998,0,9999
2023-06-07T21:34:09,1,9998,0,9999
2023-06-07T21:45:51,1,9998,0,9999
2023-06-07T21:57:34,1,9998,0,9999
2023-06-07T22:09:16,1,9998,0,9999
2023-06-07T22:21:09,1,9998,0,9999
2023-06-07T22:32:51,1,9998,0,9999
2023-06-07T22:44:34,1,9998,0,9999
2023-06-07T22:56:15,1,9998,0,9999
2023-06-07T23:07:58,1,9998,0,9999
2023-06-07T23:19:40,1,9998,0,9999
2023-06-07T23:31:34,1,9998,0,9999
2023-06-07T23:43:16,1,9998,0,9999
2023-06-07T23:54:59,1,9998,0,9999
2023-06-08T00:06:42,1,9998,0,9999
2023-06-08T00:18:29,1,9998,0,9999
2023-06-08T00:30:14,1,9998,0,9999
2023-06-08T00:42:01,1,9998,0,9999
2023-06-08T00:54:08,1,9998,0,9999
2023-06-08T01:05:54,1,9998,0,9999
2023-06-08T01:17:39,1,9998,0,9999
2023-06-08T01:29:24,1,9998,0,9999
2023-06-08T01:41:08,1,9998,0,9999
2023-06-08T01:52:54,1,9998,0,9999
2023-06-08T02:04:41,1,9998,0,9999
2023-06-08T02:16:25,1,9998,0,9999
2023-06-08T02:28:09,1,9998,0,9999
2023-06-08T02:39:53,1,9998,0,9999
2023-06-08T02:51:36,1,9998,0,9999
2023-06-08T03:03:19,1,9998,0,9999
2023-06-08T03:15:03,1,9998,0,9999
2023-06-08T03:26:58,1,9998,0,9999
2023-06-08T03:38:43,1,9998,0,9999
2023-06-08T03:50:27,1,9998,0,9999
2023-06-08T04:02:12,1,9998,0,9999
2023-06-08T04:14:00,1,9998,0,9999
2023-06-08T04:30:38,1,9998,0,9999
2023-06-08T04:42:52,1,9998,0,9999
2023-06-08T04:54:41,1,9998,0,9999
2023-06-08T05:06:27,1,9998,0,9999
2023-06-08T05:18:12,1,9998,0,9999
2023-06-08T05:29:57,1,9998,0,9999
2023-06-08T05:41:42,1,9998,0,9999
2023-06-08T05:55:03,1,9998,0,9999
2023-06-08T06:07:11,1,9998,0,9999
2023-06-08T06:18:56,1,9998,0,9999
2023-06-08T06:30:41,1,9998,0,9999
2023-06-08T06:42:26,1,9998,0,9999
2023-06-08T06:54:11,1,9998,0,9999
2023-06-08T07:05:57,1,9998,0,9999
2023-06-08T07:17:41,1,9998,0,9999
2023-06-08T07:29:27,1,9998,0,9999
2023-06-08T07:41:11,1,9998,0,9999
2023-06-08T07:52:55,1,9998,0,9999
2023-06-08T08:04:40,1,9998,0,9999
2023-06-08T08:16:23,1,9998,0,9999
2023-06-08T08:28:09,1,9998,0,9999
2023-06-08T08:40:09,1,9998,0,9999
2023-06-08T08:51:53,1,9998,0,9999
2023-06-08T09:03:37,1,9998,0,9999
2023-06-08T09:15:20,1,9998,0,9999
2023-06-08T09:27:03,1,9998,0,9999
2023-06-08T09:38:46,1,9998,0,9999
2023-06-08T09:50:29,1,9998,0,9999
2023-06-08T10:02:13,1,9998,0,9999
2023-06-08T10:14:08,1,9998,0,9999
2023-06-08T10:25:50,1,9998,0,9999
2023-06-08T10:37:32,1,9998,0,9999
2023-06-08T10:49:15,1,9998,0,9999
2023-06-08T11:00:59,1,9998,0,9999
2023-06-08T11:12:54,1,9998,0,9999
2023-06-08T11:24:37,1,9998,0,9999
2023-06-08T11:36:20,1,9998,0,9999
2023-06-08T11:48:03,1,9998,0,9999
2023-06-08T11:59:47,1,9998,0,9999
2023-06-08T12:11:31,1,9998,0,9999
2023-06-08T12:23:25,1,9998,0,9999
2023-06-08T12:35:08,1,9998,0,9999
2023-06-08T12:46:51,1,9998,0,9999
2023-06-08T12:58:34,1,9998,0,9999
2023-06-08T13:10:17,1,9998,0,9999
2023-06-08T13:22:09,1,9998,0,9999
2023-06-08T13:33:51,1,9998,0,9999
2023-06-08T13:45:34,1,9998,0,9999
2023-06-08T13:57:16,1,9998,0,9999
2023-06-08T14:09:00,1,9998,0,9999
2023-06-08T14:20:43,1,9998,0,9999
2023-06-08T14:32:35,1,9998,0,9999
2023-06-08T14:44:18,1,9998,0,9999
2023-06-08T14:56:00,1,9998,0,9999
2023-06-08T15:07:43,1,9998,0,9999
2023-06-08T15:19:25,1,9998,0,9999
2023-06-08T15:31:26,1,9998,0,9999
2023-06-08T15:43:08,1,9998,0,9999
2023-06-08T15:54:51,1,9998,0,9999
2023-06-08T16:06:33,1,9998,0,9999
2023-06-08T16:18:15,1,9998,0,9999
2023-06-08T16:29:57,1,9998,0,9999
2023-06-08T16:41:39,1,9998,0,9999
2023-06-08T16:53:32,1,9998,0,9999
2023-06-08T17:05:15,1,9998,0,9999
2023-06-08T17:16:59,1,9998,0,9999
2023-06-08T17:28:41,1,9998,0,9999
2023-06-08T17:40:24,1,9998,0,9999
2023-06-08T17:52:06,1,9998,0,9999
2023-06-08T18:03:49,1,9998,0,9999
2023-06-08T18:15:42,1,9998,0,9999
2023-06-08T18:27:24,1,9998,0,9999
2023-06-08T18:39:07,1,9998,0,9999
2023-06-08T18:50:48,1,9998,0,9999
2023-06-08T19:02:31,1,9998,0,9999
2023-06-08T19:14:14,1,9998,0,9999
2023-06-08T19:25:56,1,9998,0,9999
2023-06-08T19:37:39,1,9998,0,9999
2023-06-08T19:57:18,1,9998,0,9999
2023-06-08T20:09:01,1,9998,0,9999
2023-06-08T20:20:43,1,9998,0,9999
2023-06-08T20:32:26,1,9998,0,9999
2023-06-08T20:44:08,1,9998,0,9999
2023-06-08T20:55:50,1,9998,0,9999
2023-06-08T21:07:32,1,9998,0,9999
2023-06-08T21:19:15,1,9998,0,9999
2023-06-08T21:30:57,1,9998,0,9999
2023-06-08T21:42:39,1,9998,0,9999
2023-06-08T21:54:22,1,9998,0,9999
2023-06-08T22:06:15,1,9998,0,9999
2023-06-08T22:17:57,1,9998,0,9999
2023-06-08T22:29:40,1,9998,0,9999
2023-06-08T22:41:21,1,9998,0,9999
2023-06-08T22:53:03,1,9998,0,9999
2023-06-08T23:04:46,1,9998,0,9999
2023-06-08T23:16:29,1,9998,0,9999
2023-06-08T23:28:12,1,9998,0,9999
2023-06-08T23:39:55,1,9998,0,9999
2023-06-08T23:51:38,1,9998,0,9999
2023-06-09T00:03:21,1,9998,0,9999
2023-06-09T00:15:23,1,9998,0,9999
2023-06-09T00:27:10,1,9998,0,9999
2023-06-09T00:38:55,1,9998,0,9999
2023-06-09T00:50:42,1,9998,0,9999
2023-06-09T01:02:28,1,9998,0,9999
2023-06-09T01:14:13,1,9998,0,9999
2023-06-09T01:25:59,1,9998,0,9999
2023-06-09T01:37:46,1,9998,0,9999
2023-06-09T01:49:33,1,9998,0,9999
2023-06-09T02:01:19,1,9998,0,9999
2023-06-09T02:13:04,1,9998,0,9999
2023-06-09T02:24:48,1,9998,0,9999
2023-06-09T02:36:34,1,9998,0,9999
2023-06-09T02:48:50,1,9998,0,9999
2023-06-09T03:00:37,1,9998,0,9999
2023-06-09T03:12:23,1,9998,0,9999
2023-06-09T03:24:10,1,9998,0,9999
2023-06-09T03:35:56,1,9998,0,9999
2023-06-09T03:47:41,1,9998,0,9999
2023-06-09T03:59:26,1,9998,0,9999
2023-06-09T04:13:18,1,9998,0,9999
2023-06-09T04:23:42,1,9998,0,9999
2023-06-09T04:35:54,1,9998,0,9999
2023-06-09T04:47:42,1,9998,0,9999
2023-06-09T04:59:31,1,9998,0,9999
2023-06-09T05:11:20,1,9998,0,9999
2023-06-09T05:23:06,1,9998,0,9999
2023-06-09T05:34:52,1,9998,0,9999
2023-06-09T05:46:38,1,9998,0,9999
2023-06-09T05:58:24,1,9998,0,9999
2023-06-09T06:10:10,1,9998,0,9999
2023-06-09T06:21:56,1,9998,0,9999
2023-06-09T06:33:42,1,9998,0,9999
2023-06-09T06:45:28,1,9998,0,9999
2023-06-09T06:57:13,1,9998,0,9999
2023-06-09T07:08:58,1,9998,0,9999
2023-06-09T07:20:43,1,9998,0,9999
2023-06-09T07:32:31,1,9998,0,9999
2023-06-09T07:44:15,1,9998,0,9999
2023-06-09T07:55:58,1,9998,0,9999
2023-06-09T08:07:43,1,9998,0,9999
2023-06-09T08:19:26,1,9998,0,9999
2023-06-09T08:31:09,1,9998,0,9999
2023-06-09T08:42:52,1,9998,0,9999
2023-06-09T08:54:34,1,9998,0,9999
2023-06-09T09:06:28,1,9998,0,9999
2023-06-09T09:18:10,1,9998,0,9999
2023-06-09T09:29:53,1,9998,0,9999
2023-06-09T09:41:37,1,9998,0,9999
2023-06-09T09:53:22,1,9998,0,9999
2023-06-09T10:05:05,1,9998,0,9999
2023-06-09T10:16:47,1,9998,0,9999
2023-06-09T10:28:30,1,9998,0,9999
2023-06-09T10:40:12,1,9998,0,9999
2023-06-09T10:51:55,1,9998,0,9999
2023-06-09T11:03:38,1,9998,0,9999
2023-06-09T11:15:39,1,9998,0,9999
2023-06-09T11:27:21,1,9998,0,9999
2023-06-09T11:39:04,1,9998,0,9999
2023-06-09T11:50:46,1,9998,0,9999
2023-06-09T12:02:28,1,9998,0,9999
2023-06-09T12:14:11,1,9998,0,9999
2023-06-09T12:25:55,1,9998,0,9999
2023-06-09T12:37:39,1,9998,0,9999
2023-06-09T12:49:34,1,9998,0,9999
2023-06-09T13:01:18,1,9998,0,9999
2023-06-09T13:13:01,1,9998,0,9999
2023-06-09T13:24:45,1,9998,0,9999
2023-06-09T13:36:29,1,9998,0,9999
2023-06-09T13:48:14,1,9998,0,9999
2023-06-09T13:59:58,1,9998,0,9999
2023-06-09T14:11:59,1,9998,0,9999
2023-06-09T14:23:43,1,9998,0,9999
2023-06-09T14:35:27,1,9998,0,9999
2023-06-09T14:47:11,1,9998,0,9999
2023-06-09T14:58:56,1,9998,0,9999
2023-06-09T15:10:40,1,9998,0,9999
2023-06-09T15:22:24,1,9998,0,9999
2023-06-09T15:34:08,1,9998,0,9999
2023-06-09T15:46:03,1,9998,0,9999
2023-06-09T15:57:47,1,9998,0,9999
2023-06-09T16:09:32,1,9998,0,9999
2023-06-09T16:21:17,1,9998,0,9999
2023-06-09T16:33:02,1,9998,0,9999
2023-06-09T16:44:47,1,9998,0,9999
2023-06-09T16:56:32,1,9998,0,9999
2023-06-09T17:08:18,1,9998,0,9999
2023-06-09T17:20:15,1,9998,0,9999
2023-06-09T17:32:00,1,9998,0,9999
2023-06-09T17:43:45,1,9998,0,9999
2023-06-09T17:55:30,1,9998,0,9999
2023-06-09T18:07:15,1,9998,0,9999
2023-06-09T18:19:00,1,9998,0,9999
2023-06-09T18:30:45,1,9998,0,9999
2023-06-09T18:42:30,1,9998,0,9999
2023-06-09T18:54:26,1,9998,0,9999
2023-06-09T19:06:11,1,9998,0,9999
2023-06-09T19:17:57,1,9998,0,9999
2023-06-09T19:29:41,1,9998,0,9999
2023-06-09T19:41:27,1,9998,0,9999
2023-06-09T19:53:12,1,9998,0,9999
2023-06-09T20:04:57,1,9998,0,9999
2023-06-09T20:16:42,1,9998,0,9999
2023-06-09T20:28:28,1,9998,0,9999
2023-06-09T20:40:32,1,9998,0,9999
2023-06-09T20:52:17,1,9998,0,9999
2023-06-09T21:04:02,1,9998,0,9999
2023-06-09T21:15:47,1,9998,0,9999
2023-06-09T21:27:32,1,9998,0,9999
2023-06-09T21:39:17,1,9998,0,9999
2023-06-09T21:51:03,1,9998,0,9999
2023-06-09T22:02:48,1,9998,0,9999
2023-06-09T22:14:34,1,9998,0,9999
2023-06-09T22:26:19,1,9998,0,9999
2023-06-09T22:38:04,1,9998,0,9999
2023-06-09T22:50:00,1,9998,0,9999
2023-06-09T23:01:46,1,9998,0,9999
2023-06-09T23:13:32,1,9998,0,9999
2023-06-09T23:25:17,1,9998,0,9999
2023-06-09T23:37:04,1,9998,0,9999
2023-06-09T23:48:50,1,9998,0,9999
2023-06-10T00:00:36,1,9998,0,9999
2023-06-10T00:12:25,1,9998,0,9999
2023-06-10T00:24:15,1,9998,0,9999
2023-06-10T00:36:03,1,9998,0,9999
2023-06-10T00:47:52,1,9998,0,9999
2023-06-10T01:00:01,1,9998,0,9999
2023-06-10T01:11:50,1,9998,0,9999
2023-06-10T01:23:39,1,9998,0,9999
2023-06-10T01:35:29,1,9998,0,9999
2023-06-10T01:47:19,1,9998,0,9999
2023-06-10T01:59:09,1,9998,0,9999
2023-06-10T02:10:58,1,9998,0,9999
2023-06-10T02:22:45,1,9998,0,9999
2023-06-10T02:34:32,1,9998,0,9999
2023-06-10T02:46:18,1,9998,0,9999
2023-06-10T02:58:03,1,9998,0,9999
2023-06-10T03:09:50,1,9998,0,9999
2023-06-10T03:21:37,1,9998,0,9999
2023-06-10T03:33:24,1,9998,0,9999
2023-06-10T03:45:12,1,9998,0,9999
2023-06-10T03:57:00,1,9998,0,9999
2023-06-10T04:08:49,1,9998,0,9999
2023-06-10T04:27:18,1,9998,0,9999
2023-06-10T04:39:20,1,9998,0,9999
2023-06-10T04:52:34,1,9998,0,9999
2023-06-10T05:04:24,1,9998,0,9999
2023-06-10T05:16:13,1,9998,0,9999
2023-06-10T05:28:01,1,9998,0,9999
2023-06-10T05:39:49,1,9998,0,9999
2023-06-10T05:51:38,1,9998,0,9999
2023-06-10T06:03:27,1,9998,0,9999
2023-06-10T06:15:14,1,9998,0,9999
2023-06-10T06:27:02,1,9998,0,9999
2023-06-10T06:38:50,1,9998,0,9999
2023-06-10T06:50:39,1,9998,0,9999
2023-06-10T07:02:29,1,9998,0,9999
2023-06-10T07:14:17,1,9998,0,9999
2023-06-10T07:26:05,1,9998,0,9999
2023-06-10T07:37:53,1,9998,0,9999
2023-06-10T07:49:43,1,9998,0,9999
2023-06-10T08:01:31,1,9998,0,9999
2023-06-10T08:13:27,1,9998,0,9999
2023-06-10T08:25:15,1,9998,0,9999
2023-06-10T08:37:03,1,9998,0,9999
2023-06-10T08:48:52,1,9998,0,9999
2023-06-10T09:00:40,1,9998,0,9999
2023-06-10T09:12:28,1,9998,0,9999
2023-06-10T09:24:16,1,9998,0,9999
2023-06-10T09:36:03,1,9998,0,9999
2023-06-10T09:47:51,1,9998,0,9999
2023-06-10T09:59:39,1,9998,0,9999
2023-06-10T10:11:25,1,9998,0,9999
2023-06-10T10:23:11,1,9998,0,9999
2023-06-10T10:34:57,1,9998,0,9999
2023-06-10T10:46:44,1,9998,0,9999
2023-06-10T10:58:41,1,9998,0,9999
2023-06-10T11:10:27,1,9998,0,9999
2023-06-10T11:22:12,1,9998,0,9999
2023-06-10T11:33:57,1,9998,0,9999
2023-06-10T11:45:42,1,9998,0,9999
2023-06-10T11:57:26,1,9998,0,9999
2023-06-10T12:09:11,1,9998,0,9999
2023-06-10T12:20:56,1,9998,0,9999
2023-06-10T12:32:41,1,9998,0,9999
2023-06-10T12:44:26,1,9998,0,9999
2023-06-10T12:56:11,1,9998,0,9999
2023-06-10T13:07:56,1,9998,0,9999
2023-06-10T13:19:41,1,9998,0,9999
2023-06-10T13:31:35,1,9998,0,9999
2023-06-10T13:43:20,1,9998,0,9999
2023-06-10T13:55:05,1,9998,0,9999
2023-06-10T14:06:50,1,9998,0,9999
2023-06-10T14:18:35,1,9998,0,9999
2023-06-10T14:30:20,1,9998,0,9999
2023-06-10T14:42:05,1,9998,0,9999
2023-06-10T14:53:50,1,9998,0,9999
2023-06-10T15:05:34,1,9998,0,9999
2023-06-10T15:17:19,1,9998,0,9999
2023-06-10T15:29:04,1,9998,0,9999
2023-06-10T15:40:49,1,9998,0,9999
2023-06-10T15:52:34,1,9998,0,9999
2023-06-10T16:04:29,1,9998,0,9999
2023-06-10T16:16:13,1,9998,0,9999
2023-06-10T16:27:58,1,9998,0,9999
2023-06-10T16:39:42,1,9998,0,9999
2023-06-10T16:51:27,1,9998,0,9999
2023-06-10T17:03:13,1,9998,0,9999
2023-06-10T17:14:59,1,9998,0,9999
2023-06-10T17:26:44,1,9998,0,9999
2023-06-10T17:38:29,1,9998,0,9999
2023-06-10T17:50:14,1,9998,0,9999
2023-06-10T18:02:09,1,9998,0,9999
2023-06-10T18:13:54,1,9998,0,9999
2023-06-10T18:25:39,1,9998,0,9999
2023-06-10T18:37:24,1,9998,0,9999
2023-06-10T18:49:09,1,9998,0,9999
2023-06-10T19:00:54,1,9998,0,9999
2023-06-10T19:12:40,1,9998,0,9999
2023-06-10T19:24:25,1,9998,0,9999
2023-06-10T19:36:10,1,9998,0,9999
2023-06-10T19:47:55,1,9998,0,9999
2023-06-10T19:59:40,1,9998,0,9999
2023-06-10T20:11:25,1,9998,0,9999
2023-06-10T20:23:10,1,9998,0,9999
2023-06-10T20:34:55,1,9998,0,9999
2023-06-10T20:46:50,1,9998,0,9999
2023-06-10T20:58:35,1,9998,0,9999
2023-06-10T21:10:20,1,9998,0,9999
2023-06-10T21:22:05,1,9998,0,9999
2023-06-10T21:33:50,1,9998,0,9999
2023-06-10T21:45:35,1,9998,0,9999
2023-06-10T21:57:20,1,9998,0,9999
2023-06-10T22:09:05,1,9998,0,9999
2023-06-10T22:20:50,1,9998,0,9999
2023-06-10T22:32:35,1,9998,0,9999
2023-06-10T22:44:20,1,9998,0,9999
2023-06-10T22:56:04,1,9998,0,9999
2023-06-10T23:07:50,1,9998,0,9999
2023-06-10T23:19:35,1,9998,0,9999
2023-06-10T23:31:30,1,9998,0,9999
2023-06-10T23:43:15,1,9998,0,9999
2023-06-10T23:55:00,1,9998,0,9999
2023-06-11T00:06:47,1,9998,0,9999
2023-06-11T00:18:44,1,9998,0,9999
2023-06-11T00:30:31,1,9998,0,9999
2023-06-11T00:42:20,1,9998,0,9999
2023-06-11T00:54:09,1,9998,0,9999
2023-06-11T01:05:57,1,9998,0,9999
2023-06-11T01:17:43,1,9998,0,9999
2023-06-11T01:29:31,1,9998,0,9999
2023-06-11T01:41:20,1,9998,0,9999
2023-06-11T01:53:08,1,9998,0,9999
2023-06-11T02:04:56,1,9998,0,9999
2023-06-11T02:16:46,1,9998,0,9999
2023-06-11T02:28:33,1,9998,0,9999
2023-06-11T02:40:22,1,9998,0,9999
2023-06-11T02:52:09,1,9998,0,9999
2023-06-11T03:03:57,1,9998,0,9999
2023-06-11T03:15:45,1,9998,0,9999
2023-06-11T03:27:43,1,9998,0,9999
2023-06-11T03:39:32,1,9998,0,9999
2023-06-11T03:51:19,1,9998,0,9999
2023-06-11T04:03:08,1,9998,0,9999
2023-06-11T04:29:15,1,9998,0,9999
2023-06-11T04:41:05,1,9998,0,9999
2023-06-11T04:54:28,1,9998,0,9999
2023-06-11T05:06:18,1,9998,0,9999
2023-06-11T05:18:07,1,9998,0,9999
2023-06-11T05:29:54,1,9998,0,9999
2023-06-11T05:41:43,1,9998,0,9999
2023-06-11T05:53:31,1,9998,0,9999
2023-06-11T06:05:19,1,9998,0,9999
2023-06-11T06:17:07,1,9998,0,9999
2023-06-11T06:28:56,1,9998,0,9999
2023-06-11T06:40:44,1,9998,0,9999
2023-06-11T06:52:32,1,9998,0,9999
2023-06-11T07:04:19,1,9998,0,9999
2023-06-11T07:16:06,1,9998,0,9999
2023-06-11T07:27:51,1,9998,0,9999
2023-06-11T07:39:36,1,9998,0,9999
2023-06-11T07:51:21,1,9998,0,9999
2023-06-11T08:03:07,1,9998,0,9999
2023-06-11T08:14:53,1,9998,0,9999
2023-06-11T08:26:43,1,9998,0,9999
2023-06-11T08:38:28,1,9998,0,9999
2023-06-11T08:50:13,1,9998,0,9999
2023-06-11T09:01:58,1,9998,0,9999
2023-06-11T09:13:44,1,9998,0,9999
2023-06-11T09:25:29,1,9998,0,9999
2023-06-11T09:37:14,1,9998,0,9999
2023-06-11T09:49:06,1,9998,0,9999
2023-06-11T10:00:52,1,9998,0,9999
2023-06-11T10:12:37,1,9998,0,9999
2023-06-11T10:24:22,1,9998,0,9999
2023-06-11T10:36:07,1,9998,0,9999
2023-06-11T10:47:52,1,9998,0,9999
2023-06-11T10:59:38,1,9998,0,9999
2023-06-11T11:11:24,1,9998,0,9999
2023-06-11T11:23:10,1,9998,0,9999
2023-06-11T11:34:57,1,9998,0,9999
2023-06-11T11:46:43,1,9998,0,9999
2023-06-11T11:58:28,1,9998,0,9999
2023-06-11T12:10:15,1,9998,0,9999
2023-06-11T12:22:01,1,9998,0,9999
2023-06-11T12:33:56,1,9998,0,9999
2023-06-11T12:45:40,1,9998,0,9999
2023-06-11T12:57:26,1,9998,0,9999
2023-06-11T13:09:11,1,9998,0,9999
2023-06-11T13:20:56,1,9998,0,9999
2023-06-11T13:32:40,1,9998,0,9999
2023-06-11T13:44:26,1,9998,0,9999
2023-06-11T13:56:11,1,9998,0,9999
2023-06-11T14:07:56,1,9998,0,9999
2023-06-11T14:19:40,1,9998,0,9999
2023-06-11T14:31:25,1,9998,0,9999
2023-06-11T14:43:21,1,9998,0,9999
2023-06-11T14:55:06,1,9998,0,9999
2023-06-11T15:06:50,1,9998,0,9999
2023-06-11T15:18:35,1,9998,0,9999
2023-06-11T15:30:19,1,9998,0,9999
2023-06-11T15:42:04,1,9998,0,9999
2023-06-11T15:53:49,1,9998,0,9999
2023-06-11T16:05:34,1,9998,0,9999
2023-06-11T16:17:20,1,9998,0,9999
2023-06-11T16:29:06,1,9998,0,9999
2023-06-11T16:41:00,1,9998,0,9999
2023-06-11T16:52:45,1,9998,0,9999
2023-06-11T17:04:30,1,9998,0,9999
2023-06-11T17:16:16,1,9998,0,9999
2023-06-11T17:28:01,1,9998,0,9999
2023-06-11T17:39:46,1,9998,0,9999
2023-06-11T17:51:31,1,9998,0,9999
2023-06-11T18:03:16,1,9998,0,9999
2023-06-11T18:15:00,1,9998,0,9999
2023-06-11T18:26:46,1,9998,0,9999
2023-06-11T18:38:40,1,9998,0,9999
2023-06-11T18:50:25,1,9998,0,9999
2023-06-11T19:02:11,1,9998,0,9999
2023-06-11T19:13:57,1,9998,0,9999
2023-06-11T19:25:42,1,9998,0,9999
2023-06-11T19:37:28,1,9998,0,9999
2023-06-11T19:49:13,1,9998,0,9999
2023-06-11T20:00:57,1,9998,0,9999
2023-06-11T20:12:42,1,9998,0,9999
2023-06-11T20:24:27,1,9998,0,9999
2023-06-11T20:36:12,1,9998,0,9999
2023-06-11T20:48:06,1,9998,0,9999
2023-06-11T20:59:51,1,9998,0,9999
2023-06-11T21:11:37,1,9998,0,9999
2023-06-11T21:23:22,1,9998,0,9999
2023-06-11T21:35:08,1,9998,0,9999
2023-06-11T21:46:54,1,9998,0,9999
2023-06-11T21:58:39,1,9998,0,9999
2023-06-11T22:10:24,1,9998,0,9999
2023-06-11T22:22:09,1,9998,0,9999
2023-06-11T22:33:54,1,9998,0,9999
2023-06-11T22:45:40,1,9998,0,9999
2023-06-11T22:57:36,1,9998,0,9999
2023-06-11T23:09:21,1,9998,0,9999
2023-06-11T23:21:06,1,9998,0,9999
2023-06-11T23:32:52,1,9998,0,9999
2023-06-11T23:44:38,1,9998,0,9999
2023-06-11T23:56:24,1,9998,0,9999
2023-06-12T00:08:11,1,9998,0,9999
2023-06-12T00:20:03,1,9998,0,9999
2023-06-12T00:31:59,1,9998,0,9999
2023-06-12T00:44:00,1,9998,0,9999
2023-06-12T00:55:47,1,9998,0,9999
2023-06-12T01:07:34,1,9998,0,9999
2023-06-12T01:19:23,1,9998,0,9999
2023-06-12T01:31:12,1,9998,0,9999
2023-06-12T01:43:01,1,9998,0,9999
2023-06-12T01:54:49,1,9998,0,9999
2023-06-12T02:06:37,1,9998,0,9999
2023-06-12T02:18:24,1,9998,0,9999
2023-06-12T02:30:11,1,9998,0,9999
2023-06-12T02:41:58,1,9998,0,9999
2023-06-12T02:53:45,1,9998,0,9999
2023-06-12T03:05:31,1,9998,0,9999
2023-06-12T03:17:20,1,9998,0,9999
2023-06-12T03:29:09,1,9998,0,9999
2023-06-12T03:41:00,1,9998,0,9999
2023-06-12T03:52:48,1,9998,0,9999
2023-06-12T04:04:36,1,9998,0,9999
2023-06-12T04:16:25,1,9998,0,9999
2023-06-12T04:25:50,1,9998,0,9999
2023-06-12T04:37:42,1,9998,0,9999
2023-06-12T04:50:50,1,9998,0,9999
2023-06-12T05:03:00,1,9998,0,9999
2023-06-12T05:14:53,1,9998,0,9999
2023-06-12T05:26:38,1,9998,0,9999
2023-06-12T05:38:24,1,9998,0,9999
2023-06-12T05:50:12,1,9998,0,9999
2023-06-12T06:02:02,1,9998,0,9999
2023-06-12T06:13:51,1,9998,0,9999
2023-06-12T06:25:39,1,9998,0,9999
2023-06-12T06:37:28,1,9998,0,9999
2023-06-12T06:49:16,1,9998,0,9999
2023-06-12T07:01:05,1,9998,0,9999
2023-06-12T07:12:56,1,9998,0,9999
2023-06-12T07:24:44,1,9998,0,9999
2023-06-12T07:36:31,1,9998,0,9999
2023-06-12T07:48:18,1,9998,0,9999
2023-06-12T08:00:05,1,9998,0,9999
2023-06-12T08:11:52,1,9998,0,9999
2023-06-12T08:23:39,1,9998,0,9999
2023-06-12T08:35:27,1,9998,0,9999
2023-06-12T08:47:13,1,9998,0,9999
2023-06-12T08:59:07,1,9998,0,9999
2023-06-12T09:10:53,1,9998,0,9999
2023-06-12T09:22:38,1,9998,0,9999
2023-06-12T09:34:23,1,9998,0,9999
2023-06-12T09:46:08,1,9998,0,9999
2023-06-12T09:57:54,1,9998,0,9999
2023-06-12T10:09:39,1,9998,0,9999
2023-06-12T10:21:24,1,9998,0,9999
2023-06-12T10:33:09,1,9998,0,9999
2023-06-12T10:44:55,1,9998,0,9999
2023-06-12T10:56:40,1,9998,0,9999
2023-06-12T11:08:35,1,9998,0,9999
2023-06-12T11:20:21,1,9998,0,9999
2023-06-12T11:32:06,1,9998,0,9999
2023-06-12T11:43:51,1,9998,0,9999
2023-06-12T11:55:37,1,9998,0,9999
2023-06-12T12:07:24,1,9998,0,9999
2023-06-12T12:19:10,1,9998,0,9999
2023-06-12T12:30:55,1,9998,0,9999
2023-06-12T12:42:51,1,9998,0,9999
2023-06-12T12:54:36,1,9998,0,9999
2023-06-12T13:06:22,1,9998,0,9999
2023-06-12T13:18:08,1,9998,0,9999
2023-06-12T13:29:53,1,9998,0,9999
2023-06-12T13:41:39,1,9998,0,9999
2023-06-12T13:53:24,1,9998,0,9999
2023-06-12T14:05:20,1,9998,0,9999
2023-06-12T14:17:05,1,9998,0,9999
2023-06-12T14:28:51,1,9998,0,9999
2023-06-12T14:40:36,1,9998,0,9999
2023-06-12T14:52:21,1,9998,0,9999
2023-06-12T15:04:06,1,9998,0,9999
2023-06-12T15:15:51,1,9998,0,9999
2023-06-12T15:27:37,1,9998,0,9999
2023-06-12T15:39:33,1,9998,0,9999
2023-06-12T15:51:19,1,9998,0,9999
2023-06-12T16:03:04,1,9998,0,9999
2023-06-12T16:14:50,1,9998,0,9999
2023-06-12T16:26:34,1,9998,0,9999
2023-06-12T16:38:19,1,9998,0,9999
2023-06-12T16:50:05,1,9998,0,9999
2023-06-12T17:02:01,1,9998,0,9999
2023-06-12T17:13:48,1,9998,0,9999
2023-06-12T17:25:33,1,9998,0,9999
2023-06-12T17:37:19,1,9998,0,9999
2023-06-12T17:49:05,1,9998,0,9999
2023-06-12T18:00:50,1,9998,0,9999
2023-06-12T18:12:35,1,9998,0,9999
2023-06-12T18:24:30,1,9998,0,9999
2023-06-12T18:36:15,1,9998,0,9999
2023-06-12T18:48:00,1,9998,0,9999
2023-06-12T18:59:45,1,9998,0,9999
2023-06-12T19:11:31,1,9998,0,9999
2023-06-12T19:23:16,1,9998,0,9999
2023-06-12T19:35:01,1,9998,0,9999
2023-06-12T19:46:47,1,9998,0,9999
2023-06-12T19:58:32,1,9998,0,9999
2023-06-12T20:10:28,1,9998,0,9999
2023-06-12T20:22:12,1,9998,0,9999
2023-06-12T20:33:58,1,9998,0,9999
2023-06-12T20:45:42,1,9998,0,9999
2023-06-12T20:57:28,1,9998,0,9999
2023-06-12T21:09:13,1,9998,0,9999
2023-06-12T21:21:08,1,9998,0,9999
2023-06-12T21:32:54,1,9998,0,9999
2023-06-12T21:44:40,1,9998,0,9999
2023-06-12T21:56:25,1,9998,0,9999
2023-06-12T22:08:11,1,9998,0,9999
2023-06-12T22:19:57,1,9998,0,9999
2023-06-12T22:31:43,1,9998,0,9999
2023-06-12T22:43:28,1,9998,0,9999
2023-06-12T22:55:13,1,9998,0,9999
2023-06-12T23:06:59,1,9998,0,9999
2023-06-12T23:18:56,1,9998,0,9999
2023-06-12T23:30:42,1,9998,0,9999
2023-06-12T23:42:28,1,9998,0,9999
2023-06-12T23:54:14,1,9998,0,9999
2023-06-13T00:06:01,1,9998,0,9999
2023-06-13T00:17:51,1,9998,0,9999
2023-06-13T00:29:40,1,9998,0,9999
2023-06-13T00:41:29,1,9998,0,9999
2023-06-13T00:53:17,1,9998,0,9999
2023-06-13T01:05:06,1,9998,0,9999
2023-06-13T01:16:56,1,9998,0,9999
2023-06-13T01:28:45,1,9998,0,9999
2023-06-13T01:40:33,1,9998,0,9999
2023-06-13T01:52:32,1,9998,0,9999
2023-06-13T02:04:19,1,9998,0,9999
2023-06-13T02:16:04,1,9998,0,9999
2023-06-13T02:27:49,1,9998,0,9999
2023-06-13T02:39:35,1,9998,0,9999
2023-06-13T02:51:21,1,9998,0,9999
2023-06-13T03:03:09,1,9998,0,9999
2023-06-13T03:14:58,1,9998,0,9999
2023-06-13T03:26:45,1,9998,0,9999
2023-06-13T03:38:32,1,9998,0,9999
2023-06-13T03:50:20,1,9998,0,9999
2023-06-13T04:02:08,1,9998,0,9999
2023-06-13T04:19:40,1,9998,0,9999
2023-06-13T04:31:30,1,9998,0,9999
2023-06-13T04:44:41,1,9998,0,9999
2023-06-13T04:56:50,1,9998,0,9999
2023-06-13T05:08:38,1,9998,0,9999
2023-06-13T05:20:25,1,9998,0,9999
2023-06-13T05:32:26,1,9998,0,9999
2023-06-13T05:44:16,1,9998,0,9999
2023-06-13T05:56:05,1,9998,0,9999
2023-06-13T06:07:54,1,9998,0,9999
2023-06-13T06:19:42,1,9998,0,9999
2023-06-13T06:31:30,1,9998,0,9999
2023-06-13T06:43:18,1,9998,0,9999
2023-06-13T06:55:07,1,9998,0,9999
2023-06-13T07:06:55,1,9998,0,9999
2023-06-13T07:18:43,1,9998,0,9999
2023-06-13T07:30:30,1,9998,0,9999
2023-06-13T07:42:16,1,9998,0,9999
2023-06-13T07:54:03,1,9998,0,9999
2023-06-13T08:05:51,1,9998,0,9999
2023-06-13T08:17:39,1,9998,0,9999
2023-06-13T08:29:25,1,9998,0,9999
2023-06-13T08:41:21,1,9998,0,9999
2023-06-13T08:53:07,1,9998,0,9999
2023-06-13T09:04:55,1,9998,0,9999
2023-06-13T09:16:43,1,9998,0,9999
2023-06-13T09:28:29,1,9998,0,9999
2023-06-13T09:40:16,1,9998,0,9999
2023-06-13T09:52:04,1,9998,0,9999
2023-06-13T10:03:51,1,9998,0,9999
2023-06-13T10:15:38,1,9998,0,9999
2023-06-13T10:27:40,1,9998,0,9999
2023-06-13T10:39:27,1,9998,0,9999
2023-06-13T10:51:13,1,9998,0,9999
2023-06-13T11:02:59,1,9998,0,9999
2023-06-13T11:14:44,1,9998,0,9999
2023-06-13T11:26:31,1,9998,0,9999
2023-06-13T11:38:16,1,9998,0,9999
2023-06-13T11:50:02,1,9998,0,9999
2023-06-13T12:01:59,1,9998,0,9999
2023-06-13T12:13:46,1,9998,0,9999
2023-06-13T12:25:32,1,9998,0,9999
2023-06-13T12:37:18,1,9998,0,9999
2023-06-13T12:49:04,1,9998,0,9999
2023-06-13T13:00:49,1,9998,0,9999
2023-06-13T13:12:35,1,9998,0,9999
2023-06-13T13:24:20,1,9998,0,9999
2023-06-13T13:36:06,1,9998,0,9999
2023-06-13T13:48:04,1,9998,0,9999
2023-06-13T13:59:51,1,9998,0,9999
2023-06-13T14:11:40,1,9998,0,9999
2023-06-13T14:23:26,1,9998,0,9999
2023-06-13T14:35:14,1,9998,0,9999
2023-06-13T14:47:01,1,9998,0,9999
2023-06-13T14:58:48,1,9998,0,9999
2023-06-13T15:10:36,1,9998,0,9999
2023-06-13T15:22:35,1,9998,0,9999
2023-06-13T15:34:22,1,9998,0,9999
2023-06-13T15:46:10,1,9998,0,9999
2023-06-13T15:57:57,1,9998,0,9999
2023-06-13T16:09:44,1,9998,0,9999
2023-06-13T16:21:31,1,9998,0,9999
2023-06-13T16:33:18,1,9998,0,9999
2023-06-13T16:45:05,1,9998,0,9999
2023-06-13T16:57:03,1,9998,0,9999
2023-06-13T17:08:51,1,9998,0,9999
2023-06-13T17:20:39,1,9998,0,9999
2023-06-13T17:32:27,1,9998,0,9999
2023-06-13T17:44:15,1,9998,0,9999
2023-06-13T17:56:02,1,9998,0,9999
2023-06-13T18:07:49,1,9998,0,9999
2023-06-13T18:19:36,1,9998,0,9999
2023-06-13T18:31:23,1,9998,0,9999
2023-06-13T18:43:10,1,9998,0,9999
2023-06-13T18:55:07,1,9998,0,9999
2023-06-13T19:06:54,1,9998,0,9999
2023-06-13T19:18:41,1,9998,0,9999
2023-06-13T19:30:29,1,9998,0,9999
2023-06-13T19:42:16,1,9998,0,9999
2023-06-13T19:54:02,1,9998,0,9999
2023-06-13T20:05:50,1,9998,0,9999
2023-06-13T20:17:38,1,9998,0,9999
2023-06-13T20:29:25,1,9998,0,9999
2023-06-13T20:41:24,1,9998,0,9999
2023-06-13T20:53:11,1,9998,0,9999
2023-06-13T21:04:58,1,9998,0,9999
2023-06-13T21:16:44,1,9998,0,9999
2023-06-13T21:28:31,1,9998,0,9999
2023-06-13T21:40:19,1,9998,0,9999
2023-06-13T21:52:06,1,9998,0,9999
2023-06-13T22:03:54,1,9998,0,9999
2023-06-13T22:15:47,1,9998,0,9999
2023-06-13T22:27:34,1,9998,0,9999
2023-06-13T22:39:31,1,9998,0,9999
2023-06-13T22:51:18,1,9998,0,9999
2023-06-13T23:03:06,1,9998,0,9999
2023-06-13T23:14:54,1,9998,0,9999
2023-06-13T23:26:42,1,9998,0,9999
2023-06-13T23:38:29,1,9998,0,9999
2023-06-13T23:50:17,1,9998,0,9999
2023-06-14T00:02:05,1,9998,0,9999
2023-06-14T00:13:56,1,9998,0,9999
2023-06-14T00:25:47,1,9998,0,9999
2023-06-14T00:37:38,1,9998,0,9999
2023-06-14T00:49:28,1,9998,0,9999
2023-06-14T01:01:31,1,9998,0,9999
2023-06-14T01:13:22,1,9998,0,9999
2023-06-14T01:25:13,1,9998,0,9999
2023-06-14T01:37:05,1,9998,0,9999
2023-06-14T01:48:57,1,9998,0,9999
2023-06-14T02:00:49,1,9998,0,9999
2023-06-14T02:12:39,1,9998,0,9999
2023-06-14T02:24:29,1,9998,0,9999
2023-06-14T02:36:18,1,9998,0,9999
2023-06-14T02:48:08,1,9998,0,9999
2023-06-14T03:00:00,1,9998,0,9999
2023-06-14T03:11:50,1,9998,0,9999
2023-06-14T03:23:52,1,9998,0,9999
2023-06-14T03:35:45,1,9998,0,9999
2023-06-14T03:47:36,1,9998,0,9999
2023-06-14T03:59:26,1,9998,0,9999
2023-06-14T04:11:28,1,9998,0,9999
2023-06-14T04:27:48,1,9998,0,9999
2023-06-14T04:40:08,1,9998,0,9999
2023-06-14T04:52:02,1,9998,0,9999
2023-06-14T05:03:54,1,9998,0,9999
2023-06-14T05:15:45,1,9998,0,9999
2023-06-14T05:27:35,1,9998,0,9999
2023-06-14T05:39:26,1,9998,0,9999
2023-06-14T05:51:18,1,9998,0,9999
2023-06-14T06:03:09,1,9998,0,9999
2023-06-14T06:15:00,1,9998,0,9999
2023-06-14T06:26:50,1,9998,0,9999
2023-06-14T06:38:45,1,9998,0,9999
2023-06-14T06:50:44,1,9998,0,9999
2023-06-14T07:02:33,1,9998,0,9999
2023-06-14T07:14:24,1,9998,0,9999
2023-06-14T07:26:26,1,9998,0,9999
2023-06-14T07:38:14,1,9998,0,9999
2023-06-14T07:50:04,1,9998,0,9999
2023-06-14T08:01:53,1,9998,0,9999
2023-06-14T08:13:43,1,9998,0,9999
2023-06-14T08:25:41,1,9998,0,9999
2023-06-14T08:37:32,1,9998,0,9999
2023-06-14T08:49:21,1,9998,0,9999
2023-06-14T09:01:09,1,9998,0,9999
2023-06-14T09:12:57,1,9998,0,9999
2023-06-14T09:24:46,1,9998,0,9999
2023-06-14T09:36:34,1,9998,0,9999
2023-06-14T09:48:22,1,9998,0,9999
2023-06-14T10:00:22,1,9998,0,9999
2023-06-14T10:12:11,1,9998,0,9999
2023-06-14T10:24:00,1,9998,0,9999
2023-06-14T10:35:50,1,9998,0,9999
2023-06-14T10:47:39,1,9998,0,9999
2023-06-14T10:59:27,1,9998,0,9999
2023-06-14T11:11:17,1,9998,0,9999
2023-06-14T11:23:07,1,9998,0,9999
2023-06-14T11:35:08,1,9998,0,9999
2023-06-14T11:46:58,1,9998,0,9999
2023-06-14T11:58:48,1,9998,0,9999
2023-06-14T12:10:36,1,9998,0,9999
2023-06-14T12:22:24,1,9998,0,9999
2023-06-14T12:34:13,1,9998,0,9999
2023-06-14T12:46:01,1,9998,0,9999
2023-06-14T12:57:50,1,9998,0,9999
2023-06-14T13:09:40,1,9998,0,9999
2023-06-14T13:21:40,1,9998,0,9999
2023-06-14T13:33:31,1,9998,0,9999
2023-06-14T13:45:26,1,9998,0,9999
2023-06-14T13:57:26,1,9998,0,9999
2023-06-14T14:09:31,1,9998,0,9999
2023-06-14T14:21:40,1,9998,0,9999
2023-06-14T14:33:56,1,9998,0,9999
2023-06-14T14:46:11,1,9998,0,9999
2023-06-14T14:58:37,1,9998,0,9999
2023-06-14T15:10:51,1,9998,0,9999
2023-06-14T15:23:06,1,9998,0,9999
2023-06-14T15:35:21,1,9998,0,9999
2023-06-14T15:47:36,1,9998,0,9999
2023-06-14T15:59:51,1,9998,0,9999
2023-06-14T16:12:07,1,9998,0,9999
2023-06-14T16:24:32,1,9998,0,9999
2023-06-14T16:36:47,1,9998,0,9999
2023-06-14T16:49:02,1,9998,0,9999
2023-06-14T17:01:17,1,9998,0,9999
2023-06-14T17:13:34,1,9998,0,9999
2023-06-14T17:25:48,1,9998,0,9999
2023-06-14T17:38:02,1,9998,0,9999
2023-06-14T17:50:29,1,9998,0,9999
2023-06-14T18:02:43,1,9998,0,9999
2023-06-14T18:14:57,1,9998,0,9999
2023-06-14T18:27:11,1,9998,0,9999
2023-06-14T18:39:25,1,9998,0,9999
2023-06-14T18:51:39,1,9998,0,9999
2023-06-14T19:03:53,1,9998,0,9999
2023-06-14T19:16:20,1,9998,0,9999
2023-06-14T19:28:34,1,9998,0,9999
2023-06-14T19:40:48,1,9998,0,9999
2023-06-14T19:53:02,1,9998,0,9999
2023-06-14T20:05:20,1,9998,0,9999
2023-06-14T20:17:33,1,9998,0,9999
2023-06-14T20:29:47,1,9998,0,9999
2023-06-14T20:42:01,1,9998,0,9999
2023-06-14T20:54:26,1,9998,0,9999
2023-06-14T21:06:40,1,9998,0,9999
2023-06-14T21:18:54,1,9998,0,9999
2023-06-14T21:31:08,1,9998,0,9999
2023-06-14T21:43:22,1,9998,0,9999
2023-06-14T21:55:36,1,9998,0,9999
2023-06-14T22:07:50,1,9998,0,9999
2023-06-14T22:20:05,1,9998,0,9999
2023-06-14T22:32:19,1,9998,0,9999
2023-06-14T22:44:44,1,9998,0,9999
2023-06-14T22:56:59,1,9998,0,9999
2023-06-14T23:09:15,1,9998,0,9999
2023-06-14T23:21:29,1,9998,0,9999
2023-06-14T23:33:44,1,9998,0,9999
2023-06-14T23:45:58,1,9998,0,9999
2023-06-14T23:58:12,1,9998,0,9999
2023-06-15T00:10:27,1,9998,0,9999
2023-06-15T00:22:49,1,9998,0,9999
2023-06-15T00:35:06,1,9998,0,9999
2023-06-15T00:47:37,1,9998,0,9999
2023-06-15T00:59:57,1,9998,0,9999
2023-06-15T01:12:15,1,9998,0,9999
2023-06-15T01:24:32,1,9998,0,9999
2023-06-15T01:36:50,1,9998,0,9999
2023-06-15T01:49:07,1,9998,0,9999
2023-06-15T02:01:24,1,9998,0,9999
2023-06-15T02:13:40,1,9998,0,9999
2023-06-15T02:25:57,1,9998,0,9999
2023-06-15T02:38:14,1,9998,0,9999
2023-06-15T02:50:29,1,9998,0,9999
2023-06-15T03:02:55,1,9998,0,9999
2023-06-15T03:15:11,1,9998,0,9999
2023-06-15T03:27:28,1,9998,0,9999
2023-06-15T03:39:45,1,9998,0,9999
2023-06-15T03:52:01,1,9998,0,9999
2023-06-15T04:04:18,1,9998,0,9999
2023-06-15T04:20:20,1,9998,0,9999
2023-06-15T04:32:41,1,9998,0,9999
2023-06-15T04:45:01,1,9998,0,9999
2023-06-15T04:58:58,1,9998,0,9999
2023-06-15T05:11:17,1,9998,0,9999
2023-06-15T05:23:36,1,9998,0,9999
2023-06-15T05:35:54,1,9998,0,9999
2023-06-15T05:48:13,1,9998,0,9999
2023-06-15T06:00:30,1,9998,0,9999
2023-06-15T06:12:47,1,9998,0,9999
2023-06-15T06:25:04,1,9998,0,9999
2023-06-15T06:37:20,1,9998,0,9999
2023-06-15T06:49:37,1,9998,0,9999
2023-06-15T07:01:53,1,9998,0,9999
2023-06-15T07:14:10,1,9998,0,9999
2023-06-15T07:26:28,1,9998,0,9999
2023-06-15T07:38:54,1,9998,0,9999
2023-06-15T07:51:10,1,9998,0,9999
2023-06-15T08:03:26,1,9998,0,9999
2023-06-15T08:15:42,1,9998,0,9999
2023-06-15T08:27:59,1,9998,0,9999
2023-06-15T08:40:15,1,9998,0,9999
2023-06-15T08:52:30,1,9998,0,9999
2023-06-15T09:04:47,1,9998,0,9999
2023-06-15T09:17:02,1,9998,0,9999
2023-06-15T09:29:17,1,9998,0,9999
2023-06-15T09:41:33,1,9998,0,9999
2023-06-15T09:53:48,1,9998,0,9999
2023-06-15T10:06:12,1,9998,0,9999
2023-06-15T10:18:26,1,9998,0,9999
2023-06-15T10:30:40,1,9998,0,9999
2023-06-15T10:42:54,1,9998,0,9999
2023-06-15T10:55:08,1,9998,0,9999
2023-06-15T11:07:22,1,9998,0,9999
2023-06-15T11:19:36,1,9998,0,9999
2023-06-15T11:31:50,1,9998,0,9999
2023-06-15T11:44:16,1,9998,0,9999
2023-06-15T11:56:30,1,9998,0,9999
2023-06-15T12:08:47,1,9998,0,9999
2023-06-15T12:21:01,1,9998,0,9999
2023-06-15T12:33:17,1,9998,0,9999
2023-06-15T12:45:31,1,9998,0,9999
2023-06-15T12:57:45,1,9998,0,9999
2023-06-15T13:09:59,1,9998,0,9999
2023-06-15T13:22:23,1,9998,0,9999
2023-06-15T13:34:38,1,9998,0,9999
2023-06-15T13:46:52,1,9998,0,9999
2023-06-15T13:59:07,1,9998,0,9999
2023-06-15T14:11:22,1,9998,0,9999
2023-06-15T14:23:35,1,9998,0,9999
2023-06-15T14:36:01,1,9998,0,9999
2023-06-15T14:48:15,1,9998,0,9999
2023-06-15T15:00:30,1,9998,0,9999
2023-06-15T15:12:44,1,9998,0,9999
2023-06-15T15:24:57,1,9998,0,9999
2023-06-15T15:37:12,1,9998,0,9999
2023-06-15T15:49:26,1,9998,0,9999
2023-06-15T16:01:40,1,9998,0,9999
2023-06-15T16:14:06,1,9998,0,9999
2023-06-15T16:26:19,1,9998,0,9999
2023-06-15T16:38:33,1,9998,0,9999
2023-06-15T16:50:47,1,9998,0,9999
2023-06-15T17:03:01,1,9998,0,9999
2023-06-15T17:15:16,1,9998,0,9999
2023-06-15T17:27:30,1,9998,0,9999
2023-06-15T17:39:44,1,9998,0,9999
2023-06-15T17:52:08,1,9998,0,9999
2023-06-15T18:04:23,1,9998,0,9999
2023-06-15T18:16:37,1,9998,0,9999
2023-06-15T18:28:52,1,9998,0,9999
2023-06-15T18:41:06,1,9998,0,9999
2023-06-15T18:53:21,1,9998,0,9999
2023-06-15T19:05:35,1,9998,0,9999
2023-06-15T19:17:50,1,9998,0,9999
2023-06-15T19:30:15,1,9998,0,9999
2023-06-15T19:42:29,1,9998,0,9999
2023-06-15T19:54:43,1,9998,0,9999
2023-06-15T20:06:58,1,9998,0,9999
2023-06-15T20:19:12,1,9998,0,9999
2023-06-15T20:31:26,1,9998,0,9999
2023-06-15T20:43:40,1,9998,0,9999
2023-06-15T20:55:54,1,9998,0,9999
2023-06-15T21:08:20,1,9998,0,9999
2023-06-15T21:20:34,1,9998,0,9999
2023-06-15T21:32:50,1,9998,0,9999
2023-06-15T21:45:04,1,9998,0,9999
2023-06-15T21:57:19,1,9998,0,9999
2023-06-15T22:09:33,1,9998,0,9999
2023-06-15T22:21:47,1,9998,0,9999
2023-06-15T22:34:02,1,9998,0,9999
2023-06-15T22:46:16,1,9998,0,9999
2023-06-15T22:58:31,1,9998,0,9999
2023-06-15T23:10:57,1,9998,0,9999
2023-06-15T23:23:12,1,9998,0,9999
2023-06-15T23:35:28,1,9998,0,9999
2023-06-15T23:47:43,1,9998,0,9999
2023-06-15T23:59:57,1,9998,0,9999
2023-06-16T00:12:13,1,9998,0,9999
2023-06-16T00:24:30,1,9998,0,9999
2023-06-16T00:36:43,1,9998,0,9999
2023-06-16T00:48:57,1,9998,0,9999
2023-06-16T01:01:12,1,9998,0,9999
2023-06-16T01:13:28,1,9998,0,9999
2023-06-16T01:25:53,1,9998,0,9999
2023-06-16T01:38:08,1,9998,0,9999
2023-06-16T01:50:22,1,9998,0,9999
2023-06-16T02:02:36,1,9998,0,9999
2023-06-16T02:14:53,1,9998,0,9999
2023-06-16T02:27:08,1,9998,0,9999
2023-06-16T02:39:23,1,9998,0,9999
2023-06-16T02:51:39,1,9998,0,9999
2023-06-16T03:03:56,1,9998,0,9999
2023-06-16T03:16:13,1,9998,0,9999
2023-06-16T03:28:33,1,9998,0,9999
2023-06-16T03:40:50,1,9998,0,9999
2023-06-16T03:53:07,1,9998,0,9999
2023-06-16T04:05:25,1,9998,0,9999
2023-06-16T04:16:18,1,9998,0,9999
2023-06-16T04:28:39,1,9998,0,9999
2023-06-16T04:40:59,1,9998,0,9999
2023-06-16T04:54:45,1,9998,0,9999
2023-06-16T05:07:25,1,9998,0,9999
2023-06-16T05:19:42,1,9998,0,9999
2023-06-16T05:32:00,1,9998,0,9999
2023-06-16T05:44:18,1,9998,0,9999
2023-06-16T05:56:37,1,9998,0,9999
2023-06-16T06:08:55,1,9998,0,9999
2023-06-16T06:21:12,1,9998,0,9999
2023-06-16T06:33:29,1,9998,0,9999
2023-06-16T06:45:47,1,9998,0,9999
2023-06-16T06:58:05,1,9998,0,9999
2023-06-16T07:10:22,1,9998,0,9999
2023-06-16T07:22:38,1,9998,0,9999
2023-06-16T07:34:53,1,9998,0,9999
2023-06-16T07:47:08,1,9998,0,9999
2023-06-16T07:59:25,1,9998,0,9999
2023-06-16T08:11:41,1,9998,0,9999
2023-06-16T08:24:08,1,9998,0,9999
2023-06-16T08:36:26,1,9998,0,9999
2023-06-16T08:48:43,1,9998,0,9999
2023-06-16T09:01:01,1,9998,0,9999
2023-06-16T09:13:17,1,9998,0,9999
2023-06-16T09:25:34,1,9998,0,9999
2023-06-16T09:37:49,1,9998,0,9999
2023-06-16T09:50:04,1,9998,0,9999
2023-06-16T10:02:20,1,9998,0,9999
2023-06-16T10:14:35,1,9998,0,9999
2023-06-16T10:59:24,1,9998,0,9999
2023-06-16T11:11:40,1,9998,0,9999
2023-06-16T11:23:56,1,9998,0,9999
2023-06-16T11:36:11,1,9998,0,9999
2023-06-16T11:48:26,1,9998,0,9999
2023-06-16T12:00:52,1,9998,0,9999
2023-06-16T12:13:08,1,9998,0,9999
2023-06-16T12:25:24,1,9998,0,9999
2023-06-16T12:37:39,1,9998,0,9999
2023-06-16T12:49:54,1,9998,0,9999
2023-06-16T13:02:09,1,9998,0,9999
2023-06-16T13:14:25,1,9998,0,9999
2023-06-16T13:26:41,1,9998,0,9999
2023-06-16T13:38:56,1,9998,0,9999
2023-06-16T13:51:22,1,9998,0,9999
2023-06-16T14:03:38,1,9998,0,9999
2023-06-16T14:15:53,1,9998,0,9999
2023-06-16T14:28:09,1,9998,0,9999
2023-06-16T14:40:24,1,9998,0,9999
2023-06-16T14:52:40,1,9998,0,9999
2023-06-16T15:04:55,1,9998,0,9999
2023-06-16T15:17:23,1,9998,0,9999
2023-06-16T15:29:38,1,9998,0,9999
2023-06-16T15:41:53,1,9998,0,9999
2023-06-16T15:54:09,1,9998,0,9999
2023-06-16T16:06:25,1,9998,0,9999
2023-06-16T16:18:41,1,9998,0,9999
2023-06-16T16:30:56,1,9998,0,9999
2023-06-16T16:43:11,1,9998,0,9999
2023-06-16T16:55:27,1,9998,0,9999
2023-06-16T17:07:42,1,9998,0,9999
2023-06-16T17:20:09,1,9998,0,9999
2023-06-16T17:32:24,1,9998,0,9999
2023-06-16T17:44:40,1,9998,0,9999
2023-06-16T17:56:55,1,9998,0,9999
2023-06-16T18:09:10,1,9998,0,9999
2023-06-16T18:21:26,1,9998,0,9999
2023-06-16T18:33:42,1,9998,0,9999
2023-06-16T18:45:57,1,9998,0,9999
2023-06-16T18:58:13,1,9998,0,9999
2023-06-16T19:10:29,1,9998,0,9999
2023-06-16T19:22:57,1,9998,0,9999
2023-06-16T19:35:13,1,9998,0,9999
2023-06-16T19:47:28,1,9998,0,9999
2023-06-16T19:59:44,1,9998,0,9999
2023-06-16T20:12:01,1,9998,0,9999
2023-06-16T20:24:16,1,9998,0,9999
2023-06-16T20:36:31,1,9998,0,9999
2023-06-16T20:48:48,1,9998,0,9999
2023-06-16T21:01:03,1,9998,0,9999
2023-06-16T21:13:19,1,9998,0,9999
2023-06-16T21:25:45,1,9998,0,9999
2023-06-16T21:38:00,1,9998,0,9999
2023-06-16T21:50:16,1,9998,0,9999
2023-06-16T22:02:32,1,9998,0,9999
2023-06-16T22:14:47,1,9998,0,9999
2023-06-16T22:27:03,1,9998,0,9999
2023-06-16T22:39:18,1,9998,0,9999
2023-06-16T22:51:33,1,9998,0,9999
2023-06-16T23:03:51,1,9998,0,9999
2023-06-16T23:16:18,1,9998,0,9999
2023-06-16T23:28:34,1,9998,0,9999
2023-06-16T23:40:50,1,9998,0,9999
2023-06-16T23:53:06,1,9998,0,9999
2023-06-17T00:05:23,1,9998,0,9999
2023-06-17T00:17:47,1,9998,0,9999
2023-06-17T00:30:07,1,9998,0,9999
2023-06-17T00:42:27,1,9998,0,9999
2023-06-17T00:54:46,1,9998,0,9999
2023-06-17T01:07:06,1,9998,0,9999
2023-06-17T01:19:25,1,9998,0,9999
2023-06-17T01:31:45,1,9998,0,9999
2023-06-17T01:44:04,1,9998,0,9999
2023-06-17T01:56:23,1,9998,0,9999
2023-06-17T02:08:52,1,9998,0,9999
2023-06-17T02:21:13,1,9998,0,9999
2023-06-17T02:33:31,1,9998,0,9999
2023-06-17T02:45:49,1,9998,0,9999
2023-06-17T02:58:05,1,9998,0,9999
2023-06-17T03:10:22,1,9998,0,9999
2023-06-17T03:22:40,1,9998,0,9999
2023-06-17T03:34:57,1,9998,0,9999
2023-06-17T03:47:15,1,9998,0,9999
2023-06-17T03:59:33,1,9998,0,9999
2023-06-17T04:11:52,1,9998,0,9999
2023-06-17T04:28:23,1,9998,0,9999
2023-06-17T04:40:43,1,9998,0,9999
2023-06-17T04:54:36,1,9998,0,9999
2023-06-17T05:06:56,1,9998,0,9999
2023-06-17T05:19:12,1,9998,0,9999
2023-06-17T05:31:29,1,9998,0,9999
2023-06-17T05:44:04,1,9998,0,9999
2023-06-17T05:56:23,1,9998,0,9999
2023-06-17T06:08:45,1,9998,0,9999
2023-06-17T06:21:03,1,9998,0,9999
2023-06-17T06:33:22,1,9998,0,9999
2023-06-17T06:45:41,1,9998,0,9999
2023-06-17T06:58:00,1,9998,0,9999
2023-06-17T07:10:19,1,9998,0,9999
2023-06-17T07:22:37,1,9998,0,9999
2023-06-17T07:34:55,1,9998,0,9999
2023-06-17T07:47:26,1,9998,0,9999
2023-06-17T07:59:45,1,9998,0,9999
2023-06-17T08:12:04,1,9998,0,9999
2023-06-17T08:24:22,1,9998,0,9999
2023-06-17T08:36:41,1,9998,0,9999
2023-06-17T08:48:59,1,9998,0,9999
2023-06-17T09:01:18,1,9998,0,9999
2023-06-17T09:13:36,1,9998,0,9999
2023-06-17T09:25:56,1,9998,0,9999
2023-06-17T09:38:14,1,9998,0,9999
2023-06-17T09:50:44,1,9998,0,9999
2023-06-17T10:03:02,1,9998,0,9999
2023-06-17T10:15:20,1,9998,0,9999
2023-06-17T10:27:39,1,9998,0,9999
2023-06-17T10:39:57,1,9998,0,9999
2023-06-17T10:52:15,1,9998,0,9999
2023-06-17T11:04:34,1,9998,0,9999
2023-06-17T11:16:52,1,9998,0,9999
2023-06-17T11:29:10,1,9998,0,9999
2023-06-17T11:41:27,1,9998,0,9999
2023-06-17T11:53:56,1,9998,0,9999
2023-06-17T12:06:14,1,9998,0,9999
2023-06-17T12:18:29,1,9998,0,9999
2023-06-17T12:30:44,1,9998,0,9999
2023-06-17T12:42:59,1,9998,0,9999
2023-06-17T12:55:14,1,9998,0,9999
2023-06-17T13:07:30,1,9998,0,9999
2023-06-17T13:19:45,1,9998,0,9999
2023-06-17T13:32:19,1,9998,0,9999
2023-06-17T13:44:36,1,9998,0,9999
2023-06-17T13:56:52,1,9998,0,9999
2023-06-17T14:09:07,1,9998,0,9999
2023-06-17T14:21:22,1,9998,0,9999
2023-06-17T14:33:38,1,9998,0,9999
2023-06-17T14:45:54,1,9998,0,9999
2023-06-17T14:58:09,1,9998,0,9999
2023-06-17T15:10:24,1,9998,0,9999
2023-06-17T15:22:40,1,9998,0,9999
2023-06-17T15:34:55,1,9998,0,9999
2023-06-17T15:47:20,1,9998,0,9999
2023-06-17T15:59:35,1,9998,0,9999
2023-06-17T16:11:50,1,9998,0,9999
2023-06-17T16:24:05,1,9998,0,9999
2023-06-17T16:36:20,1,9998,0,9999
2023-06-17T16:48:36,1,9998,0,9999
2023-06-17T17:00:51,1,9998,0,9999
2023-06-17T17:13:07,1,9998,0,9999
2023-06-17T17:25:22,1,9998,0,9999
2023-06-17T17:37:38,1,9998,0,9999
2023-06-17T17:49:53,1,9998,0,9999
2023-06-17T18:02:18,1,9998,0,9999
2023-06-17T18:14:34,1,9998,0,9999
2023-06-17T18:26:49,1,9998,0,9999
2023-06-17T18:39:05,1,9998,0,9999
2023-06-17T18:51:21,1,9998,0,9999
2023-06-17T19:03:37,1,9998,0,9999
2023-06-17T19:15:52,1,9998,0,9999
2023-06-17T19:28:07,1,9998,0,9999
2023-06-17T19:40:23,1,9998,0,9999
2023-06-17T19:52:38,1,9998,0,9999
2023-06-17T20:04:53,1,9998,0,9999
2023-06-17T20:17:09,1,9998,0,9999
2023-06-17T20:29:24,1,9998,0,9999
2023-06-17T20:41:50,1,9998,0,9999
2023-06-17T20:54:05,1,9998,0,9999
2023-06-17T21:06:20,1,9998,0,9999
2023-06-17T21:18:36,1,9998,0,9999
2023-06-17T21:30:51,1,9998,0,9999
2023-06-17T21:43:07,1,9998,0,9999
2023-06-17T21:55:22,1,9998,0,9999
2023-06-17T22:07:37,1,9998,0,9999
2023-06-17T22:19:53,1,9998,0,9999
2023-06-17T22:32:08,1,9998,0,9999
2023-06-17T22:44:24,1,9998,0,9999
2023-06-17T22:56:40,1,9998,0,9999
2023-06-17T23:09:08,1,9998,0,9999
2023-06-17T23:21:24,1,9998,0,9999
2023-06-17T23:33:40,1,9998,0,9999
2023-06-17T23:45:56,1,9998,0,9999
2023-06-17T23:58:13,1,9998,0,9999
2023-06-18T00:10:29,1,9998,0,9999
2023-06-18T00:22:47,1,9998,0,9999
2023-06-18T00:35:03,1,9998,0,9999
2023-06-18T00:47:22,1,9998,0,9999
2023-06-18T01:16:44,1,9998,0,9999
2023-06-18T01:29:03,1,9998,0,9999
2023-06-18T01:41:23,1,9998,0,9999
2023-06-18T01:53:42,1,9998,0,9999
2023-06-18T02:06:02,1,9998,0,9999
2023-06-18T02:19:07,1,9998,0,9999
2023-06-18T02:31:25,1,9998,0,9999
2023-06-18T02:43:44,1,9998,0,9999
2023-06-18T02:56:04,1,9998,0,9999
2023-06-18T03:08:24,1,9998,0,9999
2023-06-18T03:20:44,1,9998,0,9999
2023-06-18T03:33:14,1,9998,0,9999
2023-06-18T03:45:32,1,9998,0,9999
2023-06-18T03:57:50,1,9998,0,9999
2023-06-18T04:10:08,1,9998,0,9999
2023-06-18T04:29:09,1,9998,0,9999
2023-06-18T04:41:55,1,9998,0,9999
2023-06-18T04:54:16,1,9998,0,9999
2023-06-18T05:06:37,1,9998,0,9999
2023-06-18T05:18:56,1,9998,0,9999
2023-06-18T05:31:14,1,9998,0,9999
2023-06-18T05:43:33,1,9998,0,9999
2023-06-18T05:55:51,1,9998,0,9999
2023-06-18T06:08:11,1,9998,0,9999
2023-06-18T06:20:29,1,9998,0,9999
2023-06-18T06:32:48,1,9998,0,9999
2023-06-18T06:45:05,1,9998,0,9999
2023-06-18T06:57:25,1,9998,0,9999
2023-06-18T07:09:43,1,9998,0,9999
2023-06-18T07:22:01,1,9998,0,9999
2023-06-18T07:34:18,1,9998,0,9999
2023-06-18T07:46:35,1,9998,0,9999
2023-06-18T07:58:54,1,9998,0,9999
2023-06-18T08:11:11,1,9998,0,9999
2023-06-18T08:23:26,1,9998,0,9999
2023-06-18T08:35:42,1,9998,0,9999
2023-06-18T08:47:58,1,9998,0,9999
2023-06-18T09:00:27,1,9998,0,9999
2023-06-18T09:12:42,1,9998,0,9999
2023-06-18T09:24:57,1,9998,0,9999
2023-06-18T09:37:12,1,9998,0,9999
2023-06-18T09:49:27,1,9998,0,9999
2023-06-18T10:01:44,1,9998,0,9999
2023-06-18T10:14:04,1,9998,0,9999
2023-06-18T10:26:20,1,9998,0,9999
2023-06-18T10:38:36,1,9998,0,9999
2023-06-18T10:50:53,1,9998,0,9999
2023-06-18T11:03:10,1,9998,0,9999
2023-06-18T11:15:29,1,9998,0,9999
2023-06-18T11:27:47,1,9998,0,9999
2023-06-18T11:40:14,1,9998,0,9999
2023-06-18T11:52:31,1,9998,0,9999
2023-06-18T12:04:46,1,9998,0,9999
2023-06-18T12:17:01,1,9998,0,9999
2023-06-18T12:29:16,1,9998,0,9999
2023-06-18T12:41:31,1,9998,0,9999
2023-06-18T12:53:46,1,9998,0,9999
2023-06-18T13:06:18,1,9998,0,9999
2023-06-18T13:18:33,1,9998,0,9999
2023-06-18T13:30:48,1,9998,0,9999
2023-06-18T13:43:03,1,9998,0,9999
2023-06-18T13:55:18,1,9998,0,9999
2023-06-18T14:07:33,1,9998,0,9999
2023-06-18T14:19:48,1,9998,0,9999
2023-06-18T14:32:03,1,9998,0,9999
2023-06-18T14:44:18,1,9998,0,9999
2023-06-18T14:56:43,1,9998,0,9999
2023-06-18T15:08:57,1,9998,0,9999
2023-06-18T15:21:12,1,9998,0,9999
2023-06-18T15:33:27,1,9998,0,9999
2023-06-18T15:45:43,1,9998,0,9999
2023-06-18T15:57:59,1,9998,0,9999
2023-06-18T16:10:14,1,9998,0,9999
2023-06-18T16:22:29,1,9998,0,9999
2023-06-18T16:34:45,1,9998,0,9999
2023-06-18T16:47:11,1,9998,0,9999
2023-06-18T16:59:25,1,9998,0,9999
2023-06-18T17:11:41,1,9998,0,9999
2023-06-18T17:23:56,1,9998,0,9999
2023-06-18T17:36:12,1,9998,0,9999
2023-06-18T17:48:26,1,9998,0,9999
2023-06-18T18:00:41,1,9998,0,9999
2023-06-18T18:12:57,1,9998,0,9999
2023-06-18T18:25:12,1,9998,0,9999
2023-06-18T18:37:37,1,9998,0,9999
2023-06-18T18:49:52,1,9998,0,9999
2023-06-18T19:02:08,1,9998,0,9999
2023-06-18T19:14:25,1,9998,0,9999
2023-06-18T19:26:40,1,9998,0,9999
2023-06-18T19:38:55,1,9998,0,9999
2023-06-18T19:51:10,1,9998,0,9999
2023-06-18T20:03:25,1,9998,0,9999
2023-06-18T20:15:40,1,9998,0,9999
2023-06-18T20:28:06,1,9998,0,9999
2023-06-18T20:40:21,1,9998,0,9999
2023-06-18T20:52:36,1,9998,0,9999
2023-06-18T21:04:51,1,9998,0,9999
2023-06-18T21:17:06,1,9998,0,9999
2023-06-18T21:29:22,1,9998,0,9999
2023-06-18T21:41:38,1,9998,0,9999
2023-06-18T21:53:54,1,9998,0,9999
2023-06-18T22:06:19,1,9998,0,9999
2023-06-18T22:18:34,1,9998,0,9999
2023-06-18T22:30:50,1,9998,0,9999
2023-06-18T22:43:05,1,9998,0,9999
2023-06-18T22:55:20,1,9998,0,9999
2023-06-18T23:07:37,1,9998,0,9999
2023-06-18T23:19:53,1,9998,0,9999
2023-06-18T23:32:09,1,9998,0,9999
2023-06-18T23:44:45,1,9998,0,9999
2023-06-18T23:57:01,1,9998,0,9999
2023-06-19T00:09:22,1,9998,0,9999
2023-06-19T00:21:53,1,9998,0,9999
2023-06-19T00:34:26,1,9998,0,9999
2023-06-19T00:46:55,1,9998,0,9999
2023-06-19T00:59:14,1,9998,0,9999
2023-06-19T01:11:36,1,9998,0,9999
2023-06-19T01:23:56,1,9998,0,9999
2023-06-19T01:36:27,1,9998,0,9999
2023-06-19T01:48:46,1,9998,0,9999
2023-06-19T02:01:06,1,9998,0,9999
2023-06-19T02:13:35,1,9998,0,9999
2023-06-19T02:25:52,1,9998,0,9999
2023-06-19T02:38:10,1,9998,0,9999
2023-06-19T02:50:27,1,9998,0,9999
2023-06-19T03:02:43,1,9998,0,9999
2023-06-19T03:15:03,1,9998,0,9999
2023-06-19T03:27:22,1,9998,0,9999
2023-06-19T03:39:39,1,9998,0,9999
2023-06-19T03:51:58,1,9998,0,9999
2023-06-19T04:04:36,1,9998,0,9999
2023-06-19T04:21:05,1,9998,0,9999
2023-06-19T04:33:25,1,9998,0,9999
2023-06-19T04:47:07,1,9998,0,9999
2023-06-19T04:59:46,1,9998,0,9999
2023-06-19T05:12:08,1,9998,0,9999
2023-06-19T05:24:26,1,9998,0,9999
2023-06-19T05:36:46,1,9998,0,9999
2023-06-19T05:49:09,1,9998,0,9999
2023-06-19T06:01:28,1,9998,0,9999
2023-06-19T06:13:47,1,9998,0,9999
2023-06-19T06:26:06,1,9998,0,9999
2023-06-19T06:38:25,1,9998,0,9999
2023-06-19T06:50:43,1,9998,0,9999
2023-06-19T07:03:02,1,9998,0,9999
2023-06-19T07:15:21,1,9998,0,9999
2023-06-19T07:27:37,1,9998,0,9999
2023-06-19T07:39:52,1,9998,0,9999
2023-06-19T07:52:07,1,9998,0,9999
2023-06-19T08:04:33,1,9998,0,9999
2023-06-19T08:16:49,1,9998,0,9999
2023-06-19T08:29:06,1,9998,0,9999
2023-06-19T08:41:22,1,9998,0,9999
2023-06-19T08:53:37,1,9998,0,9999
2023-06-19T09:05:53,1,9998,0,9999
2023-06-19T09:18:08,1,9998,0,9999
2023-06-19T09:30:24,1,9998,0,9999
2023-06-19T09:42:41,1,9998,0,9999
2023-06-19T09:55:06,1,9998,0,9999
2023-06-19T10:07:22,1,9998,0,9999
2023-06-19T10:19:37,1,9998,0,9999
2023-06-19T10:31:55,1,9998,0,9999
2023-06-19T10:44:11,1,9998,0,9999
2023-06-19T10:56:26,1,9998,0,9999
2023-06-19T11:08:43,1,9998,0,9999
2023-06-19T11:21:08,1,9998,0,9999
2023-06-19T11:33:23,1,9998,0,9999
2023-06-19T11:45:38,1,9998,0,9999
2023-06-19T11:57:54,1,9998,0,9999
2023-06-19T12:10:10,1,9998,0,9999
2023-06-19T12:22:26,1,9998,0,9999
2023-06-19T12:34:42,1,9998,0,9999
2023-06-19T12:47:08,1,9998,0,9999
2023-06-19T12:59:24,1,9998,0,9999
2023-06-19T13:11:39,1,9998,0,9999
2023-06-19T13:23:55,1,9998,0,9999
2023-06-19T13:36:11,1,9998,0,9999
2023-06-19T13:48:27,1,9998,0,9999
2023-06-19T14:00:54,1,9998,0,9999
2023-06-19T14:13:10,1,9998,0,9999
2023-06-19T14:25:27,1,9998,0,9999
2023-06-19T14:37:42,1,9998,0,9999
2023-06-19T14:49:58,1,9998,0,9999
2023-06-19T15:02:16,1,9998,0,9999
2023-06-19T15:14:42,1,9998,0,9999
2023-06-19T15:26:58,1,9998,0,9999
2023-06-19T15:39:13,1,9998,0,9999
2023-06-19T15:51:30,1,9998,0,9999
2023-06-19T16:03:45,1,9998,0,9999
2023-06-19T16:16:00,1,9998,0,9999
2023-06-19T16:28:15,1,9998,0,9999
2023-06-19T16:40:41,1,9998,0,9999
2023-06-19T16:52:58,1,9998,0,9999
2023-06-19T17:05:14,1,9998,0,9999
2023-06-19T17:17:31,1,9998,0,9999
2023-06-19T17:29:46,1,9998,0,9999
2023-06-19T17:42:03,1,9998,0,9999
2023-06-19T17:54:19,1,9998,0,9999
2023-06-19T18:06:45,1,9998,0,9999
2023-06-19T18:19:00,1,9998,0,9999
2023-06-19T18:31:16,1,9998,0,9999
2023-06-19T18:43:32,1,9998,0,9999
2023-06-19T18:55:48,1,9998,0,9999
2023-06-19T19:08:04,1,9998,0,9999
2023-06-19T19:20:25,1,9998,0,9999
2023-06-19T19:32:40,1,9998,0,9999
2023-06-19T19:45:06,1,9998,0,9999
2023-06-19T19:57:22,1,9998,0,9999
2023-06-19T20:09:37,1,9998,0,9999
2023-06-19T20:21:53,1,9998,0,9999
2023-06-19T20:34:08,1,9998,0,9999
2023-06-19T20:46:23,1,9998,0,9999
2023-06-19T20:58:39,1,9998,0,9999
2023-06-19T21:11:06,1,9998,0,9999
2023-06-19T21:23:21,1,9998,0,9999
2023-06-19T21:35:38,1,9998,0,9999
2023-06-19T21:47:54,1,9998,0,9999
2023-06-19T22:00:10,1,9998,0,9999
2023-06-19T22:12:26,1,9998,0,9999
2023-06-19T22:24:53,1,9998,0,9999
2023-06-19T22:37:08,1,9998,0,9999
2023-06-19T22:49:24,1,9998,0,9999
2023-06-19T23:01:40,1,9998,0,9999
2023-06-19T23:13:57,1,9998,0,9999
2023-06-19T23:26:25,1,9998,0,9999
2023-06-19T23:38:41,1,9998,0,9999
2023-06-19T23:50:57,1,9998,0,9999
2023-06-20T00:03:14,1,9998,0,9999
2023-06-20T00:15:33,1,9998,0,9999
2023-06-20T00:27:53,1,9998,0,9999
2023-06-20T00:40:12,1,9998,0,9999
2023-06-20T00:52:30,1,9998,0,9999
2023-06-20T01:05:01,1,9998,0,9999
2023-06-20T01:17:21,1,9998,0,9999
2023-06-20T01:29:40,1,9998,0,9999
2023-06-20T01:42:00,1,9998,0,9999
2023-06-20T01:54:18,1,9998,0,9999
2023-06-20T02:07:05,1,9998,0,9999
2023-06-20T02:19:24,1,9998,0,9999
2023-06-20T02:31:42,1,9998,0,9999
2023-06-20T02:44:00,1,9998,0,9999
2023-06-20T02:56:16,1,9998,0,9999
2023-06-20T03:08:33,1,9998,0,9999
2023-06-20T03:20:53,1,9998,0,9999
2023-06-20T03:33:11,1,9998,0,9999
2023-06-20T03:45:40,1,9998,0,9999
2023-06-20T03:57:59,1,9998,0,9999
2023-06-20T04:10:17,1,9998,0,9999
2023-06-20T04:27:32,1,9998,0,9999
2023-06-20T04:40:17,1,9998,0,9999
2023-06-20T04:52:38,1,9998,0,9999
2023-06-20T05:05:01,1,9998,0,9999
2023-06-20T05:17:19,1,9998,0,9999
2023-06-20T05:29:38,1,9998,0,9999
2023-06-20T05:41:57,1,9998,0,9999
2023-06-20T05:54:17,1,9998,0,9999
2023-06-20T06:06:38,1,9998,0,9999
2023-06-20T06:18:56,1,9998,0,9999
2023-06-20T06:31:15,1,9998,0,9999
2023-06-20T06:43:33,1,9998,0,9999
2023-06-20T06:55:52,1,9998,0,9999
2023-06-20T07:08:11,1,9998,0,9999
2023-06-20T07:20:27,1,9998,0,9999
2023-06-20T07:32:54,1,9998,0,9999
2023-06-20T07:45:09,1,9998,0,9999
2023-06-20T07:57:24,1,9998,0,9999
2023-06-20T08:09:40,1,9998,0,9999
2023-06-20T08:21:57,1,9998,0,9999
2023-06-20T08:34:14,1,9998,0,9999
2023-06-20T08:46:32,1,9998,0,9999
2023-06-20T08:58:50,1,9998,0,9999
2023-06-20T09:11:07,1,9998,0,9999
2023-06-20T09:23:34,1,9998,0,9999
2023-06-20T09:35:50,1,9998,0,9999
2023-06-20T09:48:06,1,9998,0,9999
2023-06-20T10:00:21,1,9998,0,9999
2023-06-20T10:12:38,1,9998,0,9999
2023-06-20T10:24:54,1,9998,0,9999
2023-06-20T10:37:22,1,9998,0,9999
2023-06-20T10:49:39,1,9998,0,9999
2023-06-20T11:01:55,1,9998,0,9999
2023-06-20T11:14:11,1,9998,0,9999
2023-06-20T11:26:27,1,9998,0,9999
2023-06-20T11:38:56,1,9998,0,9999
2023-06-20T11:51:12,1,9998,0,9999
2023-06-20T12:03:28,1,9998,0,9999
2023-06-20T12:15:45,1,9998,0,9999
2023-06-20T12:28:13,1,9998,0,9999
2023-06-20T12:40:29,1,9998,0,9999
2023-06-20T12:52:45,1,9998,0,9999
2023-06-20T13:05:02,1,9998,0,9999
2023-06-20T13:17:18,1,9998,0,9999
2023-06-20T13:29:45,1,9998,0,9999
2023-06-20T13:42:01,1,9998,0,9999
2023-06-20T13:54:17,1,9998,0,9999
2023-06-20T14:06:33,1,9998,0,9999
2023-06-20T14:18:50,1,9998,0,9999
2023-06-20T14:31:17,1,9998,0,9999
2023-06-20T14:43:33,1,9998,0,9999
2023-06-20T14:55:49,1,9998,0,9999
2023-06-20T15:08:06,1,9998,0,9999
2023-06-20T15:20:23,1,9998,0,9999
2023-06-20T15:32:52,1,9998,0,9999
2023-06-20T15:45:09,1,9998,0,9999
2023-06-20T15:57:26,1,9998,0,9999
2023-06-20T16:09:42,1,9998,0,9999
2023-06-20T16:22:01,1,9998,0,9999
2023-06-20T16:34:28,1,9998,0,9999
2023-06-20T16:46:44,1,9998,0,9999
2023-06-20T16:59:01,1,9998,0,9999
2023-06-20T17:11:18,1,9998,0,9999
2023-06-20T17:23:35,1,9998,0,9999
2023-06-20T17:36:03,1,9998,0,9999
2023-06-20T17:48:19,1,9998,0,9999
2023-06-20T18:00:36,1,9998,0,9999
2023-06-20T18:12:52,1,9998,0,9999
2023-06-20T18:25:11,1,9998,0,9999
2023-06-20T18:37:41,1,9998,0,9999
2023-06-20T18:49:58,1,9998,0,9999
2023-06-20T19:02:14,1,9998,0,9999
2023-06-20T19:14:31,1,9998,0,9999
2023-06-20T19:26:48,1,9998,0,9999
2023-06-20T19:39:17,1,9998,0,9999
2023-06-20T19:51:33,1,9998,0,9999
2023-06-20T20:03:51,1,9998,0,9999
2023-06-20T20:16:08,1,9998,0,9999
2023-06-20T20:28:25,1,9998,0,9999
2023-06-20T20:40:42,1,9998,0,9999
2023-06-20T20:53:13,1,9998,0,9999
2023-06-20T21:05:29,1,9998,0,9999
2023-06-20T21:17:46,1,9998,0,9999
2023-06-20T21:30:02,1,9998,0,9999
2023-06-20T21:42:19,1,9998,0,9999
2023-06-20T21:54:47,1,9998,0,9999
2023-06-20T22:07:03,1,9998,0,9999
2023-06-20T22:19:20,1,9998,0,9999
2023-06-20T22:31:37,1,9998,0,9999
2023-06-20T22:43:54,1,9998,0,9999
2023-06-20T22:56:23,1,9998,0,9999
2023-06-20T23:08:41,1,9998,0,9999
2023-06-20T23:20:59,1,9998,0,9999
2023-06-20T23:33:16,1,9998,0,9999
2023-06-20T23:45:33,1,9998,0,9999
2023-06-20T23:57:50,1,9998,0,9999
2023-06-21T00:10:23,1,9998,0,9999
2023-06-21T00:22:52,1,9998,0,9999
2023-06-21T00:35:14,1,9998,0,9999
2023-06-21T00:47:35,1,9998,0,9999
2023-06-21T00:59:55,1,9998,0,9999
2023-06-21T01:12:17,1,9998,0,9999
2023-06-21T01:24:39,1,9998,0,9999
2023-06-21T01:37:12,1,9998,0,9999
2023-06-21T01:49:32,1,9998,0,9999
2023-06-21T02:01:57,1,9998,0,9999
2023-06-21T02:14:17,1,9998,0,9999
2023-06-21T02:26:37,1,9998,0,9999
2023-06-21T02:38:56,1,9998,0,9999
2023-06-21T02:51:13,1,9998,0,9999
2023-06-21T03:03:29,1,9998,0,9999
2023-06-21T03:15:48,1,9998,0,9999
2023-06-21T03:28:19,1,9998,0,9999
2023-06-21T03:40:36,1,9998,0,9999
2023-06-21T03:52:55,1,9998,0,9999
2023-06-21T04:05:13,1,9998,0,9999
2023-06-21T04:18:03,1,9998,0,9999
2023-06-21T04:31:00,1,9998,0,9999
2023-06-21T04:44:38,1,9998,0,9999
2023-06-21T04:56:57,1,9998,0,9999
2023-06-21T05:09:17,1,9998,0,9999
2023-06-21T05:21:35,1,9998,0,9999
2023-06-21T05:33:53,1,9998,0,9999
2023-06-21T05:46:11,1,9998,0,9999
2023-06-21T05:58:28,1,9998,0,9999
2023-06-21T06:10:46,1,9998,0,9999
2023-06-21T06:23:02,1,9998,0,9999
2023-06-21T06:35:22,1,9998,0,9999
2023-06-21T06:47:49,1,9998,0,9999
2023-06-21T07:00:18,1,9998,0,9999
2023-06-21T07:12:39,1,9998,0,9999
2023-06-21T07:24:57,1,9998,0,9999
2023-06-21T07:37:15,1,9998,0,9999
2023-06-21T07:49:32,1,9998,0,9999
2023-06-21T08:01:52,1,9998,0,9999
2023-06-21T08:14:12,1,9998,0,9999
2023-06-21T08:26:43,1,9998,0,9999
2023-06-21T08:39:03,1,9998,0,9999
2023-06-21T08:51:22,1,9998,0,9999
2023-06-21T09:03:40,1,9998,0,9999
2023-06-21T09:16:00,1,9998,0,9999
2023-06-21T09:28:31,1,9998,0,9999
2023-06-21T09:40:50,1,9998,0,9999
2023-06-21T09:53:11,1,9998,0,9999
2023-06-21T10:05:31,1,9998,0,9999
2023-06-21T10:18:04,1,9998,0,9999
2023-06-21T10:30:24,1,9998,0,9999
2023-06-21T10:42:44,1,9998,0,9999
2023-06-21T10:55:08,1,9998,0,9999
2023-06-21T11:07:40,1,9998,0,9999
2023-06-21T11:20:02,1,9998,0,9999
2023-06-21T11:32:25,1,9998,0,9999
2023-06-21T11:44:58,1,9998,0,9999
2023-06-21T11:57:18,1,9998,0,9999
2023-06-21T12:09:37,1,9998,0,9999
2023-06-21T12:21:57,1,9998,0,9999
2023-06-21T12:34:25,1,9998,0,9999
2023-06-21T12:46:43,1,9998,0,9999
2023-06-21T12:59:01,1,9998,0,9999
2023-06-21T13:11:18,1,9998,0,9999
2023-06-21T13:23:46,1,9998,0,9999
2023-06-21T13:36:05,1,9998,0,9999
2023-06-21T13:48:25,1,9998,0,9999
2023-06-21T14:00:42,1,9998,0,9999
2023-06-21T14:13:10,1,9998,0,9999
2023-06-21T14:25:29,1,9998,0,9999
2023-06-21T14:37:47,1,9998,0,9999
2023-06-21T14:50:05,1,9998,0,9999
2023-06-21T15:02:38,1,9998,0,9999
2023-06-21T15:14:57,1,9998,0,9999
2023-06-21T15:27:16,1,9998,0,9999
2023-06-21T15:39:35,1,9998,0,9999
2023-06-21T15:51:54,1,9998,0,9999
2023-06-21T16:04:25,1,9998,0,9999
2023-06-21T16:16:44,1,9998,0,9999
2023-06-21T16:29:03,1,9998,0,9999
2023-06-21T16:41:22,1,9998,0,9999
2023-06-21T16:53:53,1,9998,0,9999
2023-06-21T17:06:13,1,9998,0,9999
2023-06-21T17:18:34,1,9998,0,9999
2023-06-21T17:30:53,1,9998,0,9999
2023-06-21T17:43:24,1,9998,0,9999
2023-06-21T17:55:43,1,9998,0,9999
2023-06-21T18:08:03,1,9998,0,9999
2023-06-21T18:20:26,1,9998,0,9999
2023-06-21T18:32:45,1,9998,0,9999
2023-06-21T18:45:15,1,9998,0,9999
2023-06-21T18:57:34,1,9998,0,9999
2023-06-21T19:09:54,1,9998,0,9999
2023-06-21T19:22:12,1,9998,0,9999
2023-06-21T19:34:31,1,9998,0,9999
2023-06-21T19:47:01,1,9998,0,9999
2023-06-21T19:59:20,1,9998,0,9999
2023-06-21T20:11:39,1,9998,0,9999
2023-06-21T20:23:58,1,9998,0,9999
2023-06-21T20:36:18,1,9998,0,9999
2023-06-21T20:48:50,1,9998,0,9999
2023-06-21T21:01:11,1,9998,0,9999
2023-06-21T21:13:31,1,9998,0,9999
2023-06-21T21:25:50,1,9998,0,9999
2023-06-21T21:38:11,1,9998,0,9999
2023-06-21T21:50:41,1,9998,0,9999
2023-06-21T22:03:01,1,9998,0,9999
2023-06-21T22:15:20,1,9998,0,9999
2023-06-21T22:27:40,1,9998,0,9999
2023-06-21T22:39:59,1,9998,0,9999
2023-06-21T22:52:18,1,9998,0,9999
2023-06-21T23:04:53,1,9998,0,9999
2023-06-21T23:17:13,1,9998,0,9999
2023-06-21T23:29:33,1,9998,0,9999
2023-06-21T23:41:52,1,9998,0,9999
2023-06-21T23:54:11,1,9998,0,9999
2023-06-22T00:06:33,1,9998,0,9999
2023-06-22T00:19:13,1,9998,0,9999
2023-06-22T00:31:35,1,9998,0,9999
2023-06-22T00:43:58,1,9998,0,9999
2023-06-22T00:56:21,1,9998,0,9999
2023-06-22T01:08:44,1,9998,0,9999
2023-06-22T01:21:20,1,9998,0,9999
2023-06-22T01:33:43,1,9998,0,9999
2023-06-22T01:46:05,1,9998,0,9999
2023-06-22T01:58:30,1,9998,0,9999
2023-06-22T02:10:51,1,9998,0,9999
2023-06-22T02:23:11,1,9998,0,9999
2023-06-22T02:35:32,1,9998,0,9999
2023-06-22T02:48:06,1,9998,0,9999
2023-06-22T03:00:26,1,9998,0,9999
2023-06-22T03:12:48,1,9998,0,9999
2023-06-22T03:25:12,1,9998,0,9999
2023-06-22T03:37:32,1,9998,0,9999
2023-06-22T03:49:54,1,9998,0,9999
2023-06-22T04:02:16,1,9998,0,9999
2023-06-22T04:14:36,1,9998,0,9999
2023-06-22T04:27:22,1,9998,0,9999
2023-06-22T04:40:13,1,9998,0,9999
2023-06-22T04:52:36,1,9998,0,9999
2023-06-22T05:04:59,1,9998,0,9999
2023-06-22T05:17:19,1,9998,0,9999
2023-06-22T05:29:39,1,9998,0,9999
2023-06-22T05:41:59,1,9998,0,9999
2023-06-22T05:54:22,1,9998,0,9999
2023-06-22T06:06:44,1,9998,0,9999
2023-06-22T06:19:10,1,9998,0,9999
2023-06-22T06:31:32,1,9998,0,9999
2023-06-22T06:43:53,1,9998,0,9999
2023-06-22T06:56:15,1,9998,0,9999
2023-06-22T07:08:48,1,9998,0,9999
2023-06-22T07:21:10,1,9998,0,9999
2023-06-22T07:33:31,1,9998,0,9999
2023-06-22T07:45:52,1,9998,0,9999
2023-06-22T07:58:12,1,9998,0,9999
2023-06-22T08:10:32,1,9998,0,9999
2023-06-22T08:22:52,1,9998,0,9999
2023-06-22T08:35:13,1,9998,0,9999
2023-06-22T08:47:43,1,9998,0,9999
2023-06-22T09:00:03,1,9998,0,9999
2023-06-22T09:12:23,1,9998,0,9999
2023-06-22T09:24:43,1,9998,0,9999
2023-06-22T09:37:05,1,9998,0,9999
2023-06-22T09:49:37,1,9998,0,9999
2023-06-22T10:01:57,1,9998,0,9999
2023-06-22T10:14:17,1,9998,0,9999
2023-06-22T10:26:38,1,9998,0,9999
2023-06-22T10:39:11,1,9998,0,9999
2023-06-22T10:51:32,1,9998,0,9999
2023-06-22T11:03:53,1,9998,0,9999
2023-06-22T11:16:14,1,9998,0,9999
2023-06-22T11:28:34,1,9998,0,9999
2023-06-22T11:41:06,1,9998,0,9999
2023-06-22T11:53:25,1,9998,0,9999
2023-06-22T12:05:45,1,9998,0,9999
2023-06-22T12:18:04,1,9998,0,9999
2023-06-22T12:30:35,1,9998,0,9999
2023-06-22T12:42:54,1,9998,0,9999
2023-06-22T12:55:14,1,9998,0,9999
2023-06-22T13:07:34,1,9998,0,9999
2023-06-22T13:19:54,1,9998,0,9999
2023-06-22T13:32:28,1,9998,0,9999
2023-06-22T13:44:50,1,9998,0,9999
2023-06-22T13:57:10,1,9998,0,9999
2023-06-22T14:09:42,1,9998,0,9999
2023-06-22T14:22:01,1,9998,0,9999
2023-06-22T14:34:20,1,9998,0,9999
2023-06-22T14:46:42,1,9998,0,9999
2023-06-22T14:59:01,1,9998,0,9999
2023-06-22T15:11:20,1,9998,0,9999
2023-06-22T15:23:54,1,9998,0,9999
2023-06-22T15:36:14,1,9998,0,9999
2023-06-22T15:48:33,1,9998,0,9999
2023-06-22T16:00:53,1,9998,0,9999
2023-06-22T16:13:13,1,9998,0,9999
2023-06-22T16:25:43,1,9998,0,9999
2023-06-22T16:38:02,1,9998,0,9999
2023-06-22T16:50:21,1,9998,0,9999
2023-06-22T17:02:40,1,9998,0,9999
2023-06-22T17:15:01,1,9998,0,9999
2023-06-22T17:27:20,1,9998,0,9999
2023-06-22T17:39:51,1,9998,0,9999
2023-06-22T17:52:10,1,9998,0,9999
2023-06-22T18:04:30,1,9998,0,9999
2023-06-22T18:16:51,1,9998,0,9999
2023-06-22T18:29:11,1,9998,0,9999
2023-06-22T18:41:30,1,9998,0,9999
2023-06-22T18:54:04,1,9998,0,9999
2023-06-22T19:06:23,1,9998,0,9999
2023-06-22T19:18:42,1,9998,0,9999
2023-06-22T19:31:01,1,9998,0,9999
2023-06-22T19:43:20,1,9998,0,9999
2023-06-22T19:55:40,1,9998,0,9999
2023-06-22T20:07:59,1,9998,0,9999
2023-06-22T20:20:30,1,9998,0,9999
2023-06-22T20:32:50,1,9998,0,9999
2023-06-22T20:45:08,1,9998,0,9999
2023-06-22T20:57:27,1,9998,0,9999
2023-06-22T21:09:47,1,9998,0,9999
2023-06-22T21:22:06,1,9998,0,9999
2023-06-22T21:34:25,1,9998,0,9999
2023-06-22T21:46:56,1,9998,0,9999
2023-06-22T21:59:15,1,9998,0,9999
2023-06-22T22:11:34,1,9998,0,9999
2023-06-22T22:23:53,1,9998,0,9999
2023-06-22T22:36:13,1,9998,0,9999
2023-06-22T22:48:33,1,9998,0,9999
2023-06-22T23:00:51,1,9998,0,9999
2023-06-22T23:13:26,1,9998,0,9999
2023-06-22T23:25:46,1,9998,0,9999
2023-06-22T23:38:06,1,9998,0,9999
2023-06-22T23:50:26,1,9998,0,9999
2023-06-23T00:02:46,1,9998,0,9999
2023-06-23T00:15:07,1,9998,0,9999
2023-06-23T00:27:28,1,9998,0,9999
2023-06-23T00:40:04,1,9998,0,9999
2023-06-23T00:52:26,1,9998,0,9999
2023-06-23T01:04:50,1,9998,0,9999
2023-06-23T01:17:14,1,9998,0,9999
2023-06-23T01:29:49,1,9998,0,9999
2023-06-23T01:42:15,1,9998,0,9999
2023-06-23T01:54:39,1,9998,0,9999
2023-06-23T02:07:02,1,9998,0,9999
2023-06-23T02:19:23,1,9998,0,9999
2023-06-23T02:31:46,1,9998,0,9999
2023-06-23T02:44:07,1,9998,0,9999
2023-06-23T02:56:26,1,9998,0,9999
2023-06-23T03:08:45,1,9998,0,9999
2023-06-23T03:21:05,1,9998,0,9999
2023-06-23T03:33:36,1,9998,0,9999
2023-06-23T03:45:54,1,9998,0,9999
2023-06-23T03:58:12,1,9998,0,9999
2023-06-23T04:16:34,1,9998,0,9999
2023-06-23T04:29:20,1,9998,0,9999
2023-06-23T04:41:40,1,9998,0,9999
2023-06-23T04:54:02,1,9998,0,9999
2023-06-23T05:06:25,1,9998,0,9999
2023-06-23T05:18:58,1,9998,0,9999
2023-06-23T05:31:24,1,9998,0,9999
2023-06-23T05:43:48,1,9998,0,9999
2023-06-23T05:56:12,1,9998,0,9999
2023-06-23T06:08:34,1,9998,0,9999
2023-06-23T06:21:05,1,9998,0,9999
2023-06-23T06:33:28,1,9998,0,9999
2023-06-23T06:45:51,1,9998,0,9999
2023-06-23T06:58:13,1,9998,0,9999
2023-06-23T07:10:36,1,9998,0,9999
2023-06-23T07:22:59,1,9998,0,9999
2023-06-23T07:35:20,1,9998,0,9999
2023-06-23T07:47:42,1,9998,0,9999
2023-06-23T08:00:03,1,9998,0,9999
2023-06-23T08:12:25,1,9998,0,9999
2023-06-23T08:24:46,1,9998,0,9999
2023-06-23T08:37:09,1,9998,0,9999
2023-06-23T08:49:29,1,9998,0,9999
2023-06-23T09:02:00,1,9998,0,9999
2023-06-23T09:14:19,1,9998,0,9999
2023-06-23T09:26:39,1,9998,0,9999
2023-06-23T09:38:58,1,9998,0,9999
2023-06-23T09:51:17,1,9998,0,9999
2023-06-23T10:03:37,1,9998,0,9999
2023-06-23T10:15:57,1,9998,0,9999
2023-06-23T10:28:17,1,9998,0,9999
2023-06-23T10:40:47,1,9998,0,9999
2023-06-23T10:53:06,1,9998,0,9999
2023-06-23T11:05:25,1,9998,0,9999
2023-06-23T11:17:45,1,9998,0,9999
2023-06-23T11:30:05,1,9998,0,9999
2023-06-23T11:42:25,1,9998,0,9999
2023-06-23T11:54:54,1,9998,0,9999
2023-06-23T12:07:13,1,9998,0,9999
2023-06-23T12:19:33,1,9998,0,9999
2023-06-23T12:31:52,1,9998,0,9999
2023-06-23T12:44:12,1,9998,0,9999
2023-06-23T12:56:32,1,9998,0,9999
2023-06-23T13:09:02,1,9998,0,9999
2023-06-23T13:21:23,1,9998,0,9999
2023-06-23T13:33:42,1,9998,0,9999
2023-06-23T13:46:02,1,9998,0,9999
2023-06-23T13:58:23,1,9998,0,9999
2023-06-23T14:10:43,1,9998,0,9999
2023-06-23T14:23:17,1,9998,0,9999
2023-06-23T14:35:37,1,9998,0,9999
2023-06-23T14:47:56,1,9998,0,9999
2023-06-23T15:00:16,1,9998,0,9999
2023-06-23T15:12:35,1,9998,0,9999
2023-06-23T15:24:55,1,9998,0,9999
2023-06-23T15:37:15,1,9998,0,9999
2023-06-23T15:49:46,1,9998,0,9999
2023-06-23T16:02:06,1,9998,0,9999
2023-06-23T16:14:26,1,9998,0,9999
2023-06-23T16:26:46,1,9998,0,9999
2023-06-23T16:39:06,1,9998,0,9999
2023-06-23T16:51:25,1,9998,0,9999
2023-06-23T17:03:56,1,9998,0,9999
2023-06-23T17:16:17,1,9998,0,9999
2023-06-23T17:28:36,1,9998,0,9999
2023-06-23T17:40:56,1,9998,0,9999
2023-06-23T17:53:15,1,9998,0,9999
2023-06-23T18:05:35,1,9998,0,9999
2023-06-23T18:17:54,1,9998,0,9999
2023-06-23T18:30:24,1,9998,0,9999
2023-06-23T18:42:43,1,9998,0,9999
2023-06-23T18:55:02,1,9998,0,9999
2023-06-23T19:07:23,1,9998,0,9999
2023-06-23T19:19:43,1,9998,0,9999
2023-06-23T19:32:02,1,9998,0,9999
2023-06-23T19:44:33,1,9998,0,9999
2023-06-23T19:56:53,1,9998,0,9999
2023-06-23T20:09:13,1,9998,0,9999
2023-06-23T20:21:32,1,9998,0,9999
2023-06-23T20:33:52,1,9998,0,9999
2023-06-23T20:46:11,1,9998,0,9999
2023-06-23T20:58:42,1,9998,0,9999
2023-06-23T21:11:02,1,9998,0,9999
2023-06-23T21:23:21,1,9998,0,9999
2023-06-23T21:35:41,1,9998,0,9999
2023-06-23T21:48:01,1,9998,0,9999
2023-06-23T22:00:21,1,9998,0,9999
2023-06-23T22:12:43,1,9998,0,9999
2023-06-23T22:25:13,1,9998,0,9999
2023-06-23T22:37:33,1,9998,0,9999
2023-06-23T22:49:52,1,9998,0,9999
2023-06-23T23:02:13,1,9998,0,9999
2023-06-23T23:14:33,1,9998,0,9999
2023-06-23T23:26:54,1,9998,0,9999
2023-06-23T23:39:15,1,9998,0,9999
2023-06-23T23:51:47,1,9998,0,9999
2023-06-24T00:04:09,1,9998,0,9999
2023-06-24T00:16:33,1,9998,0,9999
2023-06-24T00:28:58,1,9998,0,9999
2023-06-24T00:41:21,1,9998,0,9999
2023-06-24T00:53:44,1,9998,0,9999
2023-06-24T01:06:09,1,9998,0,9999
2023-06-24T01:18:32,1,9998,0,9999
2023-06-24T01:30:56,1,9998,0,9999
2023-06-24T01:43:22,1,9998,0,9999
2023-06-24T01:55:58,1,9998,0,9999
2023-06-24T02:08:21,1,9998,0,9999
2023-06-24T02:20:45,1,9998,0,9999
2023-06-24T02:33:09,1,9998,0,9999
2023-06-24T02:45:29,1,9998,0,9999
2023-06-24T02:57:48,1,9998,0,9999
2023-06-24T03:10:09,1,9998,0,9999
2023-06-24T03:22:32,1,9998,0,9999
2023-06-24T03:34:54,1,9998,0,9999
2023-06-24T03:47:15,1,9998,0,9999
2023-06-24T03:59:37,1,9998,0,9999
2023-06-24T04:19:25,1,9998,0,9999
2023-06-24T04:32:13,1,9998,0,9999
2023-06-24T04:44:36,1,9998,0,9999
2023-06-24T04:57:02,1,9998,0,9999
2023-06-24T05:09:23,1,9998,0,9999
2023-06-24T05:21:46,1,9998,0,9999
2023-06-24T05:34:15,1,9998,0,9999
2023-06-24T05:46:38,1,9998,0,9999
2023-06-24T05:59:01,1,9998,0,9999
2023-06-24T06:11:23,1,9998,0,9999
2023-06-24T06:23:46,1,9998,0,9999
2023-06-24T06:36:08,1,9998,0,9999
2023-06-24T06:48:30,1,9998,0,9999
2023-06-24T07:00:53,1,9998,0,9999
2023-06-24T07:13:25,1,9998,0,9999
2023-06-24T07:25:48,1,9998,0,9999
2023-06-24T07:38:10,1,9998,0,9999
2023-06-24T07:50:33,1,9998,0,9999
2023-06-24T08:02:55,1,9998,0,9999
2023-06-24T08:15:17,1,9998,0,9999
2023-06-24T08:27:39,1,9998,0,9999
2023-06-24T08:40:01,1,9998,0,9999
2023-06-24T08:52:23,1,9998,0,9999
2023-06-24T09:04:45,1,9998,0,9999
2023-06-24T09:17:16,1,9998,0,9999
2023-06-24T09:29:38,1,9998,0,9999
2023-06-24T09:42:00,1,9998,0,9999
2023-06-24T09:54:23,1,9998,0,9999
2023-06-24T10:06:46,1,9998,0,9999
2023-06-24T10:19:08,1,9998,0,9999
2023-06-24T10:31:30,1,9998,0,9999
2023-06-24T10:43:54,1,9998,0,9999
2023-06-24T10:56:17,1,9998,0,9999
2023-06-24T11:08:49,1,9998,0,9999
2023-06-24T11:21:10,1,9998,0,9999
2023-06-24T11:33:31,1,9998,0,9999
2023-06-24T11:45:53,1,9998,0,9999
2023-06-24T11:58:13,1,9998,0,9999
2023-06-24T12:10:35,1,9998,0,9999
2023-06-24T12:22:55,1,9998,0,9999
2023-06-24T12:35:15,1,9998,0,9999
2023-06-24T12:47:35,1,9998,0,9999
2023-06-24T12:59:54,1,9998,0,9999
2023-06-24T13:12:25,1,9998,0,9999
2023-06-24T13:24:44,1,9998,0,9999
2023-06-24T13:37:03,1,9998,0,9999
2023-06-24T13:49:22,1,9998,0,9999
2023-06-24T14:01:41,1,9998,0,9999
2023-06-24T14:13:59,1,9998,0,9999
2023-06-24T14:26:19,1,9998,0,9999
2023-06-24T14:38:38,1,9998,0,9999
2023-06-24T14:50:57,1,9998,0,9999
2023-06-24T15:03:25,1,9998,0,9999
2023-06-24T15:15:44,1,9998,0,9999
2023-06-24T15:28:03,1,9998,0,9999
2023-06-24T15:40:22,1,9998,0,9999
2023-06-24T15:52:41,1,9998,0,9999
2023-06-24T16:05:00,1,9998,0,9999
2023-06-24T16:17:19,1,9998,0,9999
2023-06-24T16:29:38,1,9998,0,9999
2023-06-24T16:41:57,1,9998,0,9999
2023-06-24T16:54:26,1,9998,0,9999
2023-06-24T17:06:46,1,9998,0,9999
2023-06-24T17:19:06,1,9998,0,9999
2023-06-24T17:31:26,1,9998,0,9999
2023-06-24T17:43:45,1,9998,0,9999
2023-06-24T17:56:04,1,9998,0,9999
2023-06-24T18:08:25,1,9998,0,9999
2023-06-24T18:20:44,1,9998,0,9999
2023-06-24T18:33:04,1,9998,0,9999
2023-06-24T18:45:34,1,9998,0,9999
2023-06-24T18:57:54,1,9998,0,9999
2023-06-24T19:10:14,1,9998,0,9999
2023-06-24T19:22:33,1,9998,0,9999
2023-06-24T19:34:53,1,9998,0,9999
2023-06-24T19:47:12,1,9998,0,9999
2023-06-24T19:59:32,1,9998,0,9999
2023-06-24T20:12:02,1,9998,0,9999
2023-06-24T20:24:21,1,9998,0,9999
2023-06-24T20:36:41,1,9998,0,9999
2023-06-24T20:48:59,1,9998,0,9999
2023-06-24T21:01:19,1,9998,0,9999
2023-06-24T21:13:38,1,9998,0,9999
2023-06-24T21:25:57,1,9998,0,9999
2023-06-24T21:38:16,1,9998,0,9999
2023-06-24T21:50:36,1,9998,0,9999
2023-06-24T22:03:07,1,9998,0,9999
2023-06-24T22:15:26,1,9998,0,9999
2023-06-24T22:27:46,1,9998,0,9999
2023-06-24T22:40:05,1,9998,0,9999
2023-06-24T22:52:24,1,9998,0,9999
2023-06-24T23:04:44,1,9998,0,9999
2023-06-24T23:17:04,1,9998,0,9999
2023-06-24T23:29:24,1,9998,0,9999
2023-06-24T23:41:44,1,9998,0,9999
2023-06-24T23:54:16,1,9998,0,9999
2023-06-25T00:06:37,1,9998,0,9999
2023-06-25T00:19:02,1,9998,0,9999
2023-06-25T00:31:25,1,9998,0,9999
2023-06-25T00:43:48,1,9998,0,9999
2023-06-25T00:56:12,1,9998,0,9999
2023-06-25T01:08:35,1,9998,0,9999
2023-06-25T01:20:56,1,9998,0,9999
2023-06-25T01:33:30,1,9998,0,9999
2023-06-25T01:45:53,1,9998,0,9999
2023-06-25T01:58:16,1,9998,0,9999
2023-06-25T02:10:47,1,9998,0,9999
2023-06-25T02:23:10,1,9998,0,9999
2023-06-25T02:35:34,1,9998,0,9999
2023-06-25T02:47:56,1,9998,0,9999
2023-06-25T03:00:18,1,9998,0,9999
2023-06-25T03:12:40,1,9998,0,9999
2023-06-25T03:25:03,1,9998,0,9999
2023-06-25T03:37:37,1,9998,0,9999
2023-06-25T03:49:59,1,9998,0,9999
2023-06-25T04:02:22,1,9998,0,9999
2023-06-25T04:20:00,1,9998,0,9999
2023-06-25T04:32:25,1,9998,0,9999
2023-06-25T04:46:15,1,9998,0,9999
2023-06-25T04:58:58,1,9998,0,9999
2023-06-25T05:11:21,1,9998,0,9999
2023-06-25T05:23:44,1,9998,0,9999
2023-06-25T05:36:07,1,9998,0,9999
2023-06-25T05:48:30,1,9998,0,9999
2023-06-25T06:00:52,1,9998,0,9999
2023-06-25T06:13:15,1,9998,0,9999
2023-06-25T06:25:37,1,9998,0,9999
2023-06-25T06:38:00,1,9998,0,9999
2023-06-25T06:50:30,1,9998,0,9999
2023-06-25T07:02:51,1,9998,0,9999
2023-06-25T07:15:12,1,9998,0,9999
2023-06-25T07:27:32,1,9998,0,9999
2023-06-25T07:39:52,1,9998,0,9999
2023-06-25T07:52:11,1,9998,0,9999
2023-06-25T08:04:31,1,9998,0,9999
2023-06-25T08:16:50,1,9998,0,9999
2023-06-25T08:29:11,1,9998,0,9999
2023-06-25T08:41:40,1,9998,0,9999
2023-06-25T08:53:59,1,9998,0,9999
2023-06-25T09:06:19,1,9998,0,9999
2023-06-25T09:18:39,1,9998,0,9999
2023-06-25T09:30:59,1,9998,0,9999
2023-06-25T09:43:18,1,9998,0,9999
2023-06-25T09:55:39,1,9998,0,9999
2023-06-25T10:07:59,1,9998,0,9999
2023-06-25T10:20:18,1,9998,0,9999
2023-06-25T10:32:48,1,9998,0,9999
2023-06-25T10:45:08,1,9998,0,9999
2023-06-25T10:57:31,1,9998,0,9999
2023-06-25T11:09:52,1,9998,0,9999
2023-06-25T11:22:12,1,9998,0,9999
2023-06-25T11:34:32,1,9998,0,9999
2023-06-25T11:46:53,1,9998,0,9999
2023-06-25T11:59:15,1,9998,0,9999
2023-06-25T12:11:37,1,9998,0,9999
2023-06-25T12:23:59,1,9998,0,9999
2023-06-25T12:36:21,1,9998,0,9999
2023-06-25T12:48:52,1,9998,0,9999
2023-06-25T13:01:12,1,9998,0,9999
2023-06-25T13:13:31,1,9998,0,9999
2023-06-25T13:25:51,1,9998,0,9999
2023-06-25T13:38:10,1,9998,0,9999
2023-06-25T13:50:30,1,9998,0,9999
2023-06-25T14:02:49,1,9998,0,9999
2023-06-25T14:15:18,1,9998,0,9999
2023-06-25T14:27:37,1,9998,0,9999
2023-06-25T14:39:56,1,9998,0,9999
2023-06-25T14:52:15,1,9998,0,9999
2023-06-25T15:04:34,1,9998,0,9999
2023-06-25T15:16:53,1,9998,0,9999
2023-06-25T15:29:24,1,9998,0,9999
2023-06-25T15:41:43,1,9998,0,9999
2023-06-25T15:54:02,1,9998,0,9999
2023-06-25T16:06:21,1,9998,0,9999
2023-06-25T16:18:42,1,9998,0,9999
2023-06-25T16:31:02,1,9998,0,9999
2023-06-25T16:43:32,1,9998,0,9999
2023-06-25T16:55:51,1,9998,0,9999
2023-06-25T17:08:11,1,9998,0,9999
2023-06-25T17:20:31,1,9998,0,9999
2023-06-25T17:32:50,1,9998,0,9999
2023-06-25T17:45:10,1,9998,0,9999
2023-06-25T17:57:39,1,9998,0,9999
2023-06-25T18:09:58,1,9998,0,9999
2023-06-25T18:22:17,1,9998,0,9999
2023-06-25T18:34:37,1,9998,0,9999
2023-06-25T18:46:56,1,9998,0,9999
2023-06-25T18:59:16,1,9998,0,9999
2023-06-25T19:11:47,1,9998,0,9999
2023-06-25T19:24:07,1,9998,0,9999
2023-06-25T19:36:26,1,9998,0,9999
2023-06-25T19:48:46,1,9998,0,9999
2023-06-25T20:01:05,1,9998,0,9999
2023-06-25T20:13:25,1,9998,0,9999
2023-06-25T20:25:44,1,9998,0,9999
2023-06-25T20:38:13,1,9998,0,9999
2023-06-25T20:50:32,1,9998,0,9999
2023-06-25T21:02:52,1,9998,0,9999
2023-06-25T21:15:11,1,9998,0,9999
2023-06-25T21:27:31,1,9998,0,9999
2023-06-25T21:39:51,1,9998,0,9999
2023-06-25T21:52:11,1,9998,0,9999
2023-06-25T22:04:30,1,9998,0,9999
2023-06-25T22:16:59,1,9998,0,9999
2023-06-25T22:29:19,1,9998,0,9999
2023-06-25T22:41:39,1,9998,0,9999
2023-06-25T22:53:59,1,9998,0,9999
2023-06-25T23:06:19,1,9998,0,9999
2023-06-25T23:18:39,1,9998,0,9999
2023-06-25T23:30:59,1,9998,0,9999
2023-06-25T23:43:20,1,9998,0,9999
2023-06-25T23:55:51,1,9998,0,9999
2023-06-26T00:08:14,1,9998,0,9999
2023-06-26T00:20:44,1,9998,0,9999
2023-06-26T00:33:17,1,9998,0,9999
2023-06-26T00:45:45,1,9998,0,9999
2023-06-26T00:58:07,1,9998,0,9999
2023-06-26T01:10:34,1,9998,0,9999
2023-06-26T01:22:58,1,9998,0,9999
2023-06-26T01:35:22,1,9998,0,9999
2023-06-26T01:47:58,1,9998,0,9999
2023-06-26T02:00:22,1,9998,0,9999
2023-06-26T02:13:00,1,9998,0,9999
2023-06-26T02:25:23,1,9998,0,9999
2023-06-26T02:37:46,1,9998,0,9999
2023-06-26T02:50:07,1,9998,0,9999
2023-06-26T03:02:29,1,9998,0,9999
2023-06-26T03:14:52,1,9998,0,9999
2023-06-26T03:27:15,1,9998,0,9999
2023-06-26T03:39:38,1,9998,0,9999
2023-06-26T03:52:00,1,9998,0,9999
2023-06-26T04:04:34,1,9998,0,9999
2023-06-26T04:32:12,1,9998,0,9999
2023-06-26T04:45:06,1,9998,0,9999
2023-06-26T04:57:31,1,9998,0,9999
2023-06-26T05:09:58,1,9998,0,9999
2023-06-26T05:22:21,1,9998,0,9999
2023-06-26T05:34:45,1,9998,0,9999
2023-06-26T05:47:08,1,9998,0,9999
2023-06-26T05:59:31,1,9998,0,9999
2023-06-26T06:11:54,1,9998,0,9999
2023-06-26T06:24:17,1,9998,0,9999
2023-06-26T06:36:40,1,9998,0,9999
2023-06-26T06:49:02,1,9998,0,9999
2023-06-26T07:01:34,1,9998,0,9999
2023-06-26T07:13:57,1,9998,0,9999
2023-06-26T07:26:18,1,9998,0,9999
2023-06-26T07:38:38,1,9998,0,9999
2023-06-26T07:50:58,1,9998,0,9999
2023-06-26T08:03:17,1,9998,0,9999
2023-06-26T08:15:37,1,9998,0,9999
2023-06-26T08:27:57,1,9998,0,9999
2023-06-26T08:40:17,1,9998,0,9999
2023-06-26T08:52:39,1,9998,0,9999
2023-06-26T09:05:14,1,9998,0,9999
2023-06-26T09:17:34,1,9998,0,9999
2023-06-26T09:29:53,1,9998,0,9999
2023-06-26T09:42:13,1,9998,0,9999
2023-06-26T09:54:34,1,9998,0,9999
2023-06-26T10:07:06,1,9998,0,9999
2023-06-26T10:19:26,1,9998,0,9999
2023-06-26T10:31:46,1,9998,0,9999
2023-06-26T10:44:07,1,9998,0,9999
2023-06-26T10:56:27,1,9998,0,9999
2023-06-26T11:08:47,1,9998,0,9999
2023-06-26T11:21:08,1,9998,0,9999
2023-06-26T11:33:41,1,9998,0,9999
2023-06-26T11:46:02,1,9998,0,9999
2023-06-26T11:58:22,1,9998,0,9999
2023-06-26T12:10:42,1,9998,0,9999
2023-06-26T12:23:02,1,9998,0,9999
2023-06-26T12:35:22,1,9998,0,9999
2023-06-26T12:47:42,1,9998,0,9999
2023-06-26T13:00:13,1,9998,0,9999
2023-06-26T13:12:34,1,9998,0,9999
2023-06-26T13:24:54,1,9998,0,9999
2023-06-26T13:37:15,1,9998,0,9999
2023-06-26T13:49:37,1,9998,0,9999
2023-06-26T14:01:58,1,9998,0,9999
2023-06-26T14:14:30,1,9998,0,9999
2023-06-26T14:26:52,1,9998,0,9999
2023-06-26T14:39:15,1,9998,0,9999
2023-06-26T14:51:36,1,9998,0,9999
2023-06-26T15:03:58,1,9998,0,9999
2023-06-26T15:16:19,1,9998,0,9999
2023-06-26T15:28:40,1,9998,0,9999
2023-06-26T15:41:02,1,9998,0,9999
2023-06-26T15:53:35,1,9998,0,9999
2023-06-26T16:05:56,1,9998,0,9999
2023-06-26T16:18:18,1,9998,0,9999
2023-06-26T16:30:39,1,9998,0,9999
2023-06-26T16:43:01,1,9998,0,9999
2023-06-26T16:55:22,1,9998,0,9999
2023-06-26T17:07:43,1,9998,0,9999
2023-06-26T17:20:17,1,9998,0,9999
2023-06-26T17:32:37,1,9998,0,9999
2023-06-26T17:44:59,1,9998,0,9999
2023-06-26T17:57:20,1,9998,0,9999
2023-06-26T18:09:41,1,9998,0,9999
2023-06-26T18:22:02,1,9998,0,9999
2023-06-26T18:34:23,1,9998,0,9999
2023-06-26T18:46:44,1,9998,0,9999
2023-06-26T18:59:16,1,9998,0,9999
2023-06-26T19:11:37,1,9998,0,9999
2023-06-26T19:23:59,1,9998,0,9999
2023-06-26T19:36:20,1,9998,0,9999
2023-06-26T19:48:41,1,9998,0,9999
2023-06-26T20:01:02,1,9998,0,9999
2023-06-26T20:13:23,1,9998,0,9999
2023-06-26T20:25:46,1,9998,0,9999
2023-06-26T20:38:07,1,9998,0,9999
2023-06-26T20:50:28,1,9998,0,9999
2023-06-26T21:03:00,1,9998,0,9999
2023-06-26T21:15:21,1,9998,0,9999
2023-06-26T21:27:42,1,9998,0,9999
2023-06-26T21:40:03,1,9998,0,9999
2023-06-26T21:52:25,1,9998,0,9999
2023-06-26T22:04:46,1,9998,0,9999
2023-06-26T22:17:07,1,9998,0,9999
2023-06-26T22:29:29,1,9998,0,9999
2023-06-26T22:41:50,1,9998,0,9999
2023-06-26T22:54:11,1,9998,0,9999
2023-06-26T23:06:32,1,9998,0,9999
2023-06-26T23:19:06,1,9998,0,9999
2023-06-26T23:31:29,1,9998,0,9999
2023-06-26T23:43:51,1,9998,0,9999
2023-06-26T23:56:12,1,9998,0,9999
2023-06-27T00:08:38,1,9998,0,9999
2023-06-27T00:21:03,1,9998,0,9999
2023-06-27T00:33:28,1,9998,0,9999
2023-06-27T00:45:52,1,9998,0,9999
2023-06-27T00:58:18,1,9998,0,9999
2023-06-27T01:10:43,1,9998,0,9999
2023-06-27T01:23:09,1,9998,0,9999
2023-06-27T01:35:34,1,9998,0,9999
2023-06-27T01:47:58,1,9998,0,9999
2023-06-27T02:00:21,1,9998,0,9999
2023-06-27T02:12:56,1,9998,0,9999
2023-06-27T02:25:19,1,9998,0,9999
2023-06-27T02:37:43,1,9998,0,9999
2023-06-27T02:50:06,1,9998,0,9999
2023-06-27T03:02:28,1,9998,0,9999
2023-06-27T03:14:51,1,9998,0,9999
2023-06-27T03:27:14,1,9998,0,9999
2023-06-27T03:39:38,1,9998,0,9999
2023-06-27T03:52:01,1,9998,0,9999
2023-06-27T04:04:25,1,9998,0,9999
2023-06-27T04:19:29,1,9998,0,9999
2023-06-27T04:31:56,1,9998,0,9999
2023-06-27T04:46:00,1,9998,0,9999
2023-06-27T04:58:28,1,9998,0,9999
2023-06-27T05:11:11,1,9998,0,9999
2023-06-27T05:23:36,1,9998,0,9999
2023-06-27T05:36:01,1,9998,0,9999
2023-06-27T05:48:25,1,9998,0,9999
2023-06-27T06:00:49,1,9998,0,9999
2023-06-27T06:13:13,1,9998,0,9999
2023-06-27T06:25:37,1,9998,0,9999
2023-06-27T06:38:01,1,9998,0,9999
2023-06-27T06:50:26,1,9998,0,9999
2023-06-27T07:02:51,1,9998,0,9999
2023-06-27T07:15:14,1,9998,0,9999
2023-06-27T07:27:39,1,9998,0,9999
2023-06-27T07:40:02,1,9998,0,9999
2023-06-27T07:52:25,1,9998,0,9999
2023-06-27T08:04:48,1,9998,0,9999
2023-06-27T08:17:12,1,9998,0,9999
2023-06-27T08:29:35,1,9998,0,9999
2023-06-27T08:42:06,1,9998,0,9999
2023-06-27T08:54:29,1,9998,0,9999
2023-06-27T09:06:51,1,9998,0,9999
2023-06-27T09:19:14,1,9998,0,9999
2023-06-27T09:31:37,1,9998,0,9999
2023-06-27T09:44:01,1,9998,0,9999
2023-06-27T09:56:24,1,9998,0,9999
2023-06-27T10:08:47,1,9998,0,9999
2023-06-27T10:21:11,1,9998,0,9999
2023-06-27T10:33:34,1,9998,0,9999
2023-06-27T10:45:56,1,9998,0,9999
2023-06-27T10:58:32,1,9998,0,9999
2023-06-27T11:10:55,1,9998,0,9999
2023-06-27T11:23:16,1,9998,0,9999
2023-06-27T11:35:39,1,9998,0,9999
2023-06-27T11:48:01,1,9998,0,9999
2023-06-27T12:00:22,1,9998,0,9999
2023-06-27T12:12:44,1,9998,0,9999
2023-06-27T12:25:06,1,9998,0,9999
2023-06-27T12:37:29,1,9998,0,9999
2023-06-27T12:50:04,1,9998,0,9999
2023-06-27T13:02:26,1,9998,0,9999
2023-06-27T13:14:48,1,9998,0,9999
2023-06-27T13:27:10,1,9998,0,9999
2023-06-27T13:39:33,1,9998,0,9999
2023-06-27T13:51:56,1,9998,0,9999
2023-06-27T14:04:17,1,9998,0,9999
2023-06-27T14:16:39,1,9998,0,9999
2023-06-27T14:29:01,1,9998,0,9999
2023-06-27T14:41:34,1,9998,0,9999
2023-06-27T14:53:56,1,9998,0,9999
2023-06-27T15:06:18,1,9998,0,9999
2023-06-27T15:18:39,1,9998,0,9999
2023-06-27T15:31:02,1,9998,0,9999
2023-06-27T15:43:26,1,9998,0,9999
2023-06-27T15:55:49,1,9998,0,9999
2023-06-27T16:08:12,1,9998,0,9999
2023-06-27T16:20:46,1,9998,0,9999
2023-06-27T16:33:08,1,9998,0,9999
2023-06-27T16:45:32,1,9998,0,9999
2023-06-27T16:57:56,1,9998,0,9999
2023-06-27T17:10:20,1,9998,0,9999
2023-06-27T17:22:43,1,9998,0,9999
2023-06-27T17:35:07,1,9998,0,9999
2023-06-27T17:47:29,1,9998,0,9999
2023-06-27T17:59:51,1,9998,0,9999
2023-06-27T18:12:24,1,9998,0,9999
2023-06-27T18:24:46,1,9998,0,9999
2023-06-27T18:37:08,1,9998,0,9999
2023-06-27T18:49:29,1,9998,0,9999
2023-06-27T19:01:52,1,9998,0,9999
2023-06-27T19:14:14,1,9998,0,9999
2023-06-27T19:26:36,1,9998,0,9999
2023-06-27T19:38:59,1,9998,0,9999
2023-06-27T19:51:21,1,9998,0,9999
2023-06-27T20:03:43,1,9998,0,9999
2023-06-27T20:16:05,1,9998,0,9999
2023-06-27T20:28:28,1,9998,0,9999
2023-06-27T20:41:01,1,9998,0,9999
2023-06-27T20:53:23,1,9998,0,9999
2023-06-27T21:05:45,1,9998,0,9999
2023-06-27T21:18:07,1,9998,0,9999
2023-06-27T21:30:29,1,9998,0,9999
2023-06-27T21:42:51,1,9998,0,9999
2023-06-27T21:55:14,1,9998,0,9999
2023-06-27T22:07:35,1,9998,0,9999
2023-06-27T22:19:57,1,9998,0,9999
2023-06-27T22:32:19,1,9998,0,9999
2023-06-27T22:44:41,1,9998,0,9999
2023-06-27T22:57:14,1,9998,0,9999
2023-06-27T23:09:37,1,9998,0,9999
2023-06-27T23:21:59,1,9998,0,9999
2023-06-27T23:34:22,1,9998,0,9999
2023-06-27T23:46:45,1,9998,0,9999
2023-06-27T23:59:08,1,9998,0,9999
2023-06-28T00:11:32,1,9998,0,9999
2023-06-28T00:23:58,1,9998,0,9999
2023-06-28T00:36:24,1,9998,0,9999
2023-06-28T00:48:49,1,9998,0,9999
2023-06-28T01:01:16,1,9998,0,9999
2023-06-28T01:13:43,1,9998,0,9999
2023-06-28T01:26:20,1,9998,0,9999
2023-06-28T01:38:48,1,9998,0,9999
2023-06-28T01:51:13,1,9998,0,9999
2023-06-28T02:03:39,1,9998,0,9999
2023-06-28T02:16:01,1,9998,0,9999
2023-06-28T02:28:23,1,9998,0,9999
2023-06-28T02:40:46,1,9998,0,9999
2023-06-28T02:53:08,1,9998,0,9999
2023-06-28T03:05:31,1,9998,0,9999
2023-06-28T03:17:58,1,9998,0,9999
2023-06-28T03:30:24,1,9998,0,9999
2023-06-28T03:43:09,1,9998,0,9999
2023-06-28T03:55:36,1,9998,0,9999
2023-06-28T04:08:13,1,9998,0,9999
2023-06-28T04:31:03,1,9998,0,9999
2023-06-28T04:45:09,1,9998,0,9999
2023-06-28T04:57:36,1,9998,0,9999
2023-06-28T05:10:04,1,9998,0,9999
2023-06-28T05:22:29,1,9998,0,9999
2023-06-28T05:34:54,1,9998,0,9999
2023-06-28T05:47:19,1,9998,0,9999
2023-06-28T05:59:44,1,9998,0,9999
2023-06-28T06:12:10,1,9998,0,9999
2023-06-28T06:24:35,1,9998,0,9999
2023-06-28T06:37:01,1,9998,0,9999
2023-06-28T06:49:30,1,9998,0,9999
2023-06-28T07:01:56,1,9998,0,9999
2023-06-28T07:14:20,1,9998,0,9999
2023-06-28T07:26:44,1,9998,0,9999
2023-06-28T07:39:07,1,9998,0,9999
2023-06-28T07:51:38,1,9998,0,9999
2023-06-28T08:04:02,1,9998,0,9999
2023-06-28T08:16:26,1,9998,0,9999
2023-06-28T08:28:50,1,9998,0,9999
2023-06-28T08:41:13,1,9998,0,9999
2023-06-28T08:53:37,1,9998,0,9999
2023-06-28T09:06:00,1,9998,0,9999
2023-06-28T09:18:22,1,9998,0,9999
2023-06-28T09:30:44,1,9998,0,9999
2023-06-28T09:43:06,1,9998,0,9999
2023-06-28T09:55:28,1,9998,0,9999
2023-06-28T10:08:01,1,9998,0,9999
2023-06-28T10:20:23,1,9998,0,9999
2023-06-28T10:32:45,1,9998,0,9999
2023-06-28T10:45:07,1,9998,0,9999
2023-06-28T10:57:29,1,9998,0,9999
2023-06-28T11:09:53,1,9998,0,9999
2023-06-28T11:22:15,1,9998,0,9999
2023-06-28T11:34:38,1,9998,0,9999
2023-06-28T11:47:00,1,9998,0,9999
2023-06-28T11:59:22,1,9998,0,9999
2023-06-28T12:11:56,1,9998,0,9999
2023-06-28T12:24:18,1,9998,0,9999
2023-06-28T12:36:40,1,9998,0,9999
2023-06-28T12:49:03,1,9998,0,9999
2023-06-28T13:01:26,1,9998,0,9999
2023-06-28T13:13:48,1,9998,0,9999
2023-06-28T13:26:10,1,9998,0,9999
2023-06-28T13:38:33,1,9998,0,9999
2023-06-28T13:51:08,1,9998,0,9999
2023-06-28T14:03:30,1,9998,0,9999
2023-06-28T14:15:53,1,9998,0,9999
2023-06-28T14:28:15,1,9998,0,9999
2023-06-28T14:40:38,1,9998,0,9999
2023-06-28T14:53:01,1,9998,0,9999
2023-06-28T15:05:24,1,9998,0,9999
2023-06-28T15:17:48,1,9998,0,9999
2023-06-28T15:30:11,1,9998,0,9999
2023-06-28T15:42:47,1,9998,0,9999
2023-06-28T15:55:10,1,9998,0,9999
2023-06-28T16:07:32,1,9998,0,9999
2023-06-28T16:19:54,1,9998,0,9999
2023-06-28T16:32:17,1,9998,0,9999
2023-06-28T16:44:39,1,9998,0,9999
2023-06-28T16:57:02,1,9998,0,9999
2023-06-28T17:09:25,1,9998,0,9999
2023-06-28T17:21:58,1,9998,0,9999
2023-06-28T17:34:20,1,9998,0,9999
2023-06-28T17:46:43,1,9998,0,9999
2023-06-28T17:59:06,1,9998,0,9999
2023-06-28T18:11:29,1,9998,0,9999
2023-06-28T18:23:51,1,9998,0,9999
2023-06-28T18:36:14,1,9998,0,9999
2023-06-28T18:48:35,1,9998,0,9999
2023-06-28T19:00:57,1,9998,0,9999
2023-06-28T19:13:32,1,9998,0,9999
2023-06-28T19:25:54,1,9998,0,9999
2023-06-28T19:38:17,1,9998,0,9999
2023-06-28T19:50:39,1,9998,0,9999
2023-06-28T20:03:02,1,9998,0,9999
2023-06-28T20:15:25,1,9998,0,9999
2023-06-28T20:27:47,1,9998,0,9999
2023-06-28T20:40:10,1,9998,0,9999
2023-06-28T20:52:32,1,9998,0,9999
2023-06-28T21:04:55,1,9998,0,9999
2023-06-28T21:17:18,1,9998,0,9999
2023-06-28T21:29:51,1,9998,0,9999
2023-06-28T21:42:14,1,9998,0,9999
2023-06-28T21:54:37,1,9998,0,9999
2023-06-28T22:07:00,1,9998,0,9999
2023-06-28T22:19:23,1,9998,0,9999
2023-06-28T22:31:47,1,9998,0,9999
2023-06-28T22:44:09,1,9998,0,9999
2023-06-28T22:56:32,1,9998,0,9999
2023-06-28T23:08:55,1,9998,0,9999
2023-06-28T23:21:19,1,9998,0,9999
2023-06-28T23:33:53,1,9998,0,9999
2023-06-28T23:46:16,1,9998,0,9999
2023-06-28T23:58:39,1,9998,0,9999
2023-06-29T00:11:03,1,9998,0,9999
2023-06-29T00:23:35,1,9998,0,9999
2023-06-29T00:36:01,1,9998,0,9999
2023-06-29T00:48:28,1,9998,0,9999
2023-06-29T01:00:55,1,9998,0,9999
2023-06-29T01:13:25,1,9998,0,9999
2023-06-29T01:25:51,1,9998,0,9999
2023-06-29T01:38:16,1,9998,0,9999
2023-06-29T01:50:42,1,9998,0,9999
2023-06-29T02:03:07,1,9998,0,9999
2023-06-29T02:15:44,1,9998,0,9999
2023-06-29T02:28:07,1,9998,0,9999
2023-06-29T02:40:31,1,9998,0,9999
2023-06-29T02:52:53,1,9998,0,9999
2023-06-29T03:05:16,1,9998,0,9999
2023-06-29T03:17:39,1,9998,0,9999
2023-06-29T03:30:02,1,9998,0,9999
2023-06-29T03:42:24,1,9998,0,9999
2023-06-29T03:54:47,1,9998,0,9999
2023-06-29T04:07:09,1,9998,0,9999
2023-06-29T04:17:31,1,9998,0,9999
2023-06-29T04:29:56,1,9998,0,9999
2023-06-29T04:43:55,1,9998,0,9999
2023-06-29T04:56:39,1,9998,0,9999
2023-06-29T05:09:03,1,9998,0,9999
2023-06-29T05:21:28,1,9998,0,9999
2023-06-29T05:33:55,1,9998,0,9999
2023-06-29T05:46:22,1,9998,0,9999
2023-06-29T05:58:48,1,9998,0,9999
2023-06-29T06:11:17,1,9998,0,9999
2023-06-29T06:23:44,1,9998,0,9999
2023-06-29T06:36:11,1,9998,0,9999
2023-06-29T06:48:38,1,9998,0,9999
2023-06-29T07:01:21,1,9998,0,9999
2023-06-29T07:13:48,1,9998,0,9999
2023-06-29T07:26:14,1,9998,0,9999
2023-06-29T07:38:49,1,9998,0,9999
2023-06-29T07:51:15,1,9998,0,9999
2023-06-29T08:03:41,1,9998,0,9999
2023-06-29T08:16:07,1,9998,0,9999
2023-06-29T08:28:31,1,9998,0,9999
2023-06-29T08:40:56,1,9998,0,9999
2023-06-29T08:53:20,1,9998,0,9999
2023-06-29T09:05:46,1,9998,0,9999
2023-06-29T09:18:10,1,9998,0,9999
2023-06-29T09:30:34,1,9998,0,9999
2023-06-29T09:43:09,1,9998,0,9999
2023-06-29T09:55:34,1,9998,0,9999
2023-06-29T10:07:57,1,9998,0,9999
2023-06-29T10:20:22,1,9998,0,9999
2023-06-29T10:32:46,1,9998,0,9999
2023-06-29T10:45:10,1,9998,0,9999
2023-06-29T10:57:35,1,9998,0,9999
2023-06-29T11:09:59,1,9998,0,9999
2023-06-29T11:22:23,1,9998,0,9999
2023-06-29T11:34:48,1,9998,0,9999
2023-06-29T11:47:24,1,9998,0,9999
2023-06-29T11:59:47,1,9998,0,9999
2023-06-29T12:12:10,1,9998,0,9999
2023-06-29T12:24:33,1,9998,0,9999
2023-06-29T12:36:56,1,9998,0,9999
2023-06-29T12:49:20,1,9998,0,9999
2023-06-29T13:01:42,1,9998,0,9999
2023-06-29T13:14:05,1,9998,0,9999
2023-06-29T13:26:27,1,9998,0,9999
2023-06-29T13:39:00,1,9998,0,9999
2023-06-29T13:51:23,1,9998,0,9999
2023-06-29T14:03:45,1,9998,0,9999
2023-06-29T14:16:07,1,9998,0,9999
2023-06-29T14:28:30,1,9998,0,9999
2023-06-29T14:40:53,1,9998,0,9999
2023-06-29T14:53:16,1,9998,0,9999
2023-06-29T15:05:39,1,9998,0,9999
2023-06-29T15:18:12,1,9998,0,9999
2023-06-29T15:30:35,1,9998,0,9999
2023-06-29T15:42:58,1,9998,0,9999
2023-06-29T15:55:21,1,9998,0,9999
2023-06-29T16:07:45,1,9998,0,9999
2023-06-29T16:20:07,1,9998,0,9999
2023-06-29T16:32:30,1,9998,0,9999
2023-06-29T16:44:52,1,9998,0,9999
2023-06-29T16:57:15,1,9998,0,9999
2023-06-29T17:09:50,1,9998,0,9999
2023-06-29T17:22:13,1,9998,0,9999
2023-06-29T17:34:36,1,9998,0,9999
2023-06-29T17:46:58,1,9998,0,9999
2023-06-29T17:59:21,1,9998,0,9999
2023-06-29T18:11:44,1,9998,0,9999
2023-06-29T18:24:08,1,9998,0,9999
2023-06-29T18:36:31,1,9998,0,9999
2023-06-29T18:48:53,1,9998,0,9999
2023-06-29T19:01:27,1,9998,0,9999
2023-06-29T19:13:50,1,9998,0,9999
2023-06-29T19:26:13,1,9998,0,9999
2023-06-29T19:38:37,1,9998,0,9999
2023-06-29T19:51:00,1,9998,0,9999
2023-06-29T20:03:24,1,9998,0,9999
2023-06-29T20:15:47,1,9998,0,9999
2023-06-29T20:28:11,1,9998,0,9999
2023-06-29T20:40:47,1,9998,0,9999
2023-06-29T20:53:10,1,9998,0,9999
2023-06-29T21:05:34,1,9998,0,9999
2023-06-29T21:17:56,1,9998,0,9999
2023-06-29T21:30:19,1,9998,0,9999
2023-06-29T21:42:43,1,9998,0,9999
2023-06-29T21:55:07,1,9998,0,9999
2023-06-29T22:07:32,1,9998,0,9999
2023-06-29T22:19:55,1,9998,0,9999
2023-06-29T22:32:20,1,9998,0,9999
2023-06-29T22:44:44,1,9998,0,9999
2023-06-29T22:57:18,1,9998,0,9999
2023-06-29T23:09:42,1,9998,0,9999
2023-06-29T23:22:05,1,9998,0,9999
2023-06-29T23:34:29,1,9998,0,9999
2023-06-29T23:46:53,1,9998,0,9999
2023-06-29T23:59:17,1,9998,0,9999
2023-06-30T00:11:44,1,9998,0,9999
2023-06-30T00:24:15,1,9998,0,9999
2023-06-30T00:36:43,1,9998,0,9999
2023-06-30T00:49:09,1,9998,0,9999
2023-06-30T01:01:37,1,9998,0,9999
2023-06-30T01:14:18,1,9998,0,9999
2023-06-30T01:26:46,1,9998,0,9999
2023-06-30T01:39:14,1,9998,0,9999
2023-06-30T01:51:41,1,9998,0,9999
2023-06-30T02:04:06,1,9998,0,9999
2023-06-30T02:16:32,1,9998,0,9999
2023-06-30T02:28:58,1,9998,0,9999
2023-06-30T02:41:23,1,9998,0,9999
2023-06-30T02:53:49,1,9998,0,9999
2023-06-30T03:06:16,1,9998,0,9999
2023-06-30T03:18:44,1,9998,0,9999
2023-06-30T03:31:11,1,9998,0,9999
2023-06-30T03:43:48,1,9998,0,9999
2023-06-30T03:56:22,1,9998,0,9999
2023-06-30T04:08:50,1,9998,0,9999
2023-06-30T04:21:45,1,9998,0,9999
2023-06-30T04:34:14,1,9998,0,9999
2023-06-30T04:48:22,1,9998,0,9999
2023-06-30T05:00:49,1,9998,0,9999
2023-06-30T05:13:18,1,9998,0,9999
2023-06-30T05:25:46,1,9998,0,9999
2023-06-30T05:38:12,1,9998,0,9999
2023-06-30T05:50:39,1,9998,0,9999
2023-06-30T06:03:05,1,9998,0,9999
2023-06-30T06:15:32,1,9998,0,9999
2023-06-30T06:27:58,1,9998,0,9999
2023-06-30T06:40:25,1,9998,0,9999
2023-06-30T06:52:54,1,9998,0,9999
2023-06-30T07:05:22,1,9998,0,9999
2023-06-30T07:17:55,1,9998,0,9999
2023-06-30T07:30:20,1,9998,0,9999
2023-06-30T07:42:44,1,9998,0,9999
2023-06-30T07:55:09,1,9998,0,9999
2023-06-30T08:07:34,1,9998,0,9999
2023-06-30T08:19:59,1,9998,0,9999
2023-06-30T08:32:25,1,9998,0,9999
2023-06-30T08:44:49,1,9998,0,9999
2023-06-30T08:57:14,1,9998,0,9999
2023-06-30T09:09:38,1,9998,0,9999
2023-06-30T09:22:01,1,9998,0,9999
2023-06-30T09:34:24,1,9998,0,9999
2023-06-30T09:46:47,1,9998,0,9999
2023-06-30T09:59:10,1,9998,0,9999
2023-06-30T10:11:45,1,9998,0,9999
2023-06-30T10:24:08,1,9998,0,9999
2023-06-30T10:36:31,1,9998,0,9999
2023-06-30T10:48:54,1,9998,0,9999
2023-06-30T11:01:18,1,9998,0,9999
2023-06-30T11:13:41,1,9998,0,9999
2023-06-30T11:26:04,1,9998,0,9999
2023-06-30T11:38:28,1,9998,0,9999
2023-06-30T11:50:52,1,9998,0,9999
2023-06-30T12:03:28,1,9998,0,9999
2023-06-30T12:15:51,1,9998,0,9999
2023-06-30T12:28:15,1,9998,0,9999
2023-06-30T12:40:39,1,9998,0,9999
2023-06-30T12:53:02,1,9998,0,9999
2023-06-30T13:05:26,1,9998,0,9999
2023-06-30T13:17:50,1,9998,0,9999
2023-06-30T13:30:13,1,9998,0,9999
2023-06-30T13:42:48,1,9998,0,9999
2023-06-30T13:55:11,1,9998,0,9999
2023-06-30T14:07:35,1,9998,0,9999
2023-06-30T14:19:59,1,9998,0,9999
2023-06-30T14:32:22,1,9998,0,9999
2023-06-30T14:44:45,1,9998,0,9999
2023-06-30T14:57:08,1,9998,0,9999
2023-06-30T15:09:31,1,9998,0,9999
2023-06-30T15:22:05,1,9998,0,9999
2023-06-30T15:34:29,1,9998,0,9999
2023-06-30T15:46:53,1,9998,0,9999
2023-06-30T15:59:16,1,9998,0,9999
2023-06-30T16:11:40,1,9998,0,9999
2023-06-30T16:24:03,1,9998,0,9999
2023-06-30T16:36:26,1,9998,0,9999
2023-06-30T16:48:49,1,9998,0,9999
2023-06-30T17:01:22,1,9998,0,9999
2023-06-30T17:13:46,1,9998,0,9999
2023-06-30T17:26:10,1,9998,0,9999
2023-06-30T17:38:33,1,9998,0,9999
2023-06-30T17:50:56,1,9998,0,9999
2023-06-30T18:03:19,1,9998,0,9999
2023-06-30T18:15:42,1,9998,0,9999
2023-06-30T18:28:05,1,9998,0,9999
2023-06-30T18:40:29,1,9998,0,9999
2023-06-30T18:52:52,1,9998,0,9999
2023-06-30T19:05:27,1,9998,0,9999
2023-06-30T19:17:50,1,9998,0,9999
2023-06-30T19:30:13,1,9998,0,9999
2023-06-30T19:42:37,1,9998,0,9999
2023-06-30T19:55:00,1,9998,0,9999
2023-06-30T20:07:23,1,9998,0,9999
2023-06-30T20:19:47,1,9998,0,9999
2023-06-30T20:32:11,1,9998,0,9999
2023-06-30T20:44:34,1,9998,0,9999
2023-06-30T20:56:57,1,9998,0,9999
2023-06-30T21:09:32,1,9998,0,9999
2023-06-30T21:21:55,1,9998,0,9999
2023-06-30T21:34:18,1,9998,0,9999
2023-06-30T21:46:41,1,9998,0,9999
2023-06-30T21:59:04,1,9998,0,9999
2023-06-30T22:11:28,1,9998,0,9999
2023-06-30T22:31:57,1,9998,0,9999
2023-06-30T22:44:56,1,9998,0,9999
2023-06-30T22:57:21,1,9998,0,9999
2023-06-30T23:09:45,1,9998,0,9999
2023-06-30T23:22:09,1,9998,0,9999
2023-06-30T23:34:37,1,9998,0,9999
2023-06-30T23:47:01,1,9998,0,9999
2023-06-30T23:59:25,1,9998,0,9999
2023-07-01T00:11:53,1,9998,0,9999
2023-07-01T00:24:21,1,9998,0,9999
2023-07-01T00:36:49,1,9998,0,9999
2023-07-01T00:49:25,1,9998,0,9999
2023-07-01T01:01:53,1,9998,0,9999
2023-07-01T01:14:22,1,9998,0,9999
2023-07-01T01:26:49,1,9998,0,9999
2023-07-01T01:39:17,1,9998,0,9999
2023-07-01T01:51:45,1,9998,0,9999
2023-07-01T02:04:12,1,9998,0,9999
2023-07-01T02:16:38,1,9998,0,9999
2023-07-01T02:29:03,1,9998,0,9999
2023-07-01T02:41:29,1,9998,0,9999
2023-07-01T02:53:53,1,9998,0,9999
2023-07-01T03:06:18,1,9998,0,9999
2023-07-01T03:18:44,1,9998,0,9999
2023-07-01T03:31:10,1,9998,0,9999
2023-07-01T03:43:35,1,9998,0,9999
2023-07-01T03:56:10,1,9998,0,9999
2023-07-01T04:08:36,1,9998,0,9999
2023-07-01T04:19:16,1,9998,0,9999
2023-07-01T04:32:09,1,9998,0,9999
2023-07-01T04:44:37,1,9998,0,9999
2023-07-01T04:57:03,1,9998,0,9999
2023-07-01T05:09:31,1,9998,0,9999
2023-07-01T05:22:05,1,9998,0,9999
2023-07-01T05:34:31,1,9998,0,9999
2023-07-01T05:47:03,1,9998,0,9999
2023-07-01T05:59:29,1,9998,0,9999
2023-07-01T06:11:56,1,9998,0,9999
2023-07-01T06:24:22,1,9998,0,9999
2023-07-01T06:36:48,1,9998,0,9999
2023-07-01T06:49:14,1,9998,0,9999
2023-07-01T07:01:44,1,9998,0,9999
2023-07-01T07:14:10,1,9998,0,9999
2023-07-01T07:26:36,1,9998,0,9999
2023-07-01T07:39:02,1,9998,0,9999
2023-07-01T07:51:44,1,9998,0,9999
2023-07-01T08:04:11,1,9998,0,9999
2023-07-01T08:16:37,1,9998,0,9999
2023-07-01T08:29:04,1,9998,0,9999
2023-07-01T08:41:31,1,9998,0,9999
2023-07-01T08:53:57,1,9998,0,9999
2023-07-01T09:06:24,1,9998,0,9999
2023-07-01T09:19:00,1,9998,0,9999
2023-07-01T09:31:25,1,9998,0,9999
2023-07-01T09:43:52,1,9998,0,9999
2023-07-01T09:56:19,1,9998,0,9999
2023-07-01T10:08:45,1,9998,0,9999
2023-07-01T10:21:11,1,9998,0,9999
2023-07-01T10:33:37,1,9998,0,9999
2023-07-01T10:46:03,1,9998,0,9999
2023-07-01T10:58:29,1,9998,0,9999
2023-07-01T11:10:53,1,9998,0,9999
2023-07-01T11:23:15,1,9998,0,9999
2023-07-01T11:35:59,1,9998,0,9999
2023-07-01T11:48:22,1,9998,0,9999
2023-07-01T12:00:46,1,9998,0,9999
2023-07-01T12:13:09,1,9998,0,9999
2023-07-01T12:25:32,1,9998,0,9999
2023-07-01T12:37:55,1,9998,0,9999
2023-07-01T12:50:18,1,9998,0,9999
2023-07-01T13:02:41,1,9998,0,9999
2023-07-01T13:15:04,1,9998,0,9999
2023-07-01T13:27:27,1,9998,0,9999
2023-07-01T13:39:50,1,9998,0,9999
2023-07-01T13:52:12,1,9998,0,9999
2023-07-01T14:04:36,1,9998,0,9999
2023-07-01T14:16:59,1,9998,0,9999
2023-07-01T14:29:32,1,9998,0,9999
2023-07-01T14:41:55,1,9998,0,9999
2023-07-01T14:54:18,1,9998,0,9999
2023-07-01T15:06:41,1,9998,0,9999
2023-07-01T15:19:04,1,9998,0,9999
2023-07-01T15:31:27,1,9998,0,9999
2023-07-01T15:43:49,1,9998,0,9999
2023-07-01T15:56:13,1,9998,0,9999
2023-07-01T16:08:36,1,9998,0,9999
2023-07-01T16:20:59,1,9998,0,9999
2023-07-01T16:33:22,1,9998,0,9999
2023-07-01T16:45:45,1,9998,0,9999
2023-07-01T16:58:08,1,9998,0,9999
2023-07-01T17:10:49,1,9998,0,9999
2023-07-01T17:23:13,1,9998,0,9999
2023-07-01T17:35:36,1,9998,0,9999
2023-07-01T17:47:59,1,9998,0,9999
2023-07-01T18:00:22,1,9998,0,9999
2023-07-01T18:12:47,1,9998,0,9999
2023-07-01T18:25:09,1,9998,0,9999
2023-07-01T18:37:32,1,9998,0,9999
2023-07-01T18:49:55,1,9998,0,9999
2023-07-01T19:02:20,1,9998,0,9999
2023-07-01T19:14:43,1,9998,0,9999
2023-07-01T19:27:07,1,9998,0,9999
2023-07-01T19:39:29,1,9998,0,9999
2023-07-01T19:51:53,1,9998,0,9999
2023-07-01T20:04:20,1,9998,0,9999
2023-07-01T20:16:44,1,9998,0,9999
2023-07-01T20:29:18,1,9998,0,9999
2023-07-01T20:41:41,1,9998,0,9999
2023-07-01T20:54:05,1,9998,0,9999
2023-07-01T21:06:28,1,9998,0,9999
2023-07-01T21:18:52,1,9998,0,9999
2023-07-01T21:31:15,1,9998,0,9999
2023-07-01T21:43:39,1,9998,0,9999
2023-07-01T21:56:02,1,9998,0,9999
2023-07-01T22:08:26,1,9998,0,9999
2023-07-01T22:20:49,1,9998,0,9999
2023-07-01T22:33:13,1,9998,0,9999
2023-07-01T22:45:56,1,9998,0,9999
2023-07-01T22:58:19,1,9998,0,9999
2023-07-01T23:10:44,1,9998,0,9999
2023-07-01T23:23:08,1,9998,0,9999
2023-07-01T23:35:31,1,9998,0,9999
2023-07-01T23:47:54,1,9998,0,9999
2023-07-02T00:00:17,1,9998,0,9999
2023-07-02T00:13:03,1,9998,0,9999
2023-07-02T00:25:29,1,9998,0,9999
2023-07-02T00:37:55,1,9998,0,9999
2023-07-02T00:50:19,1,9998,0,9999
2023-07-02T01:02:42,1,9998,0,9999
2023-07-02T01:15:07,1,9998,0,9999
2023-07-02T01:27:31,1,9998,0,9999
2023-07-02T01:39:55,1,9998,0,9999
2023-07-02T01:52:19,1,9998,0,9999
2023-07-02T02:04:42,1,9998,0,9999
2023-07-02T02:17:07,1,9998,0,9999
2023-07-02T02:29:42,1,9998,0,9999
2023-07-02T02:42:17,1,9998,0,9999
2023-07-02T02:54:44,1,9998,0,9999
2023-07-02T03:07:15,1,9998,0,9999
2023-07-02T03:19:45,1,9998,0,9999
2023-07-02T03:32:14,1,9998,0,9999
2023-07-02T03:44:41,1,9998,0,9999
2023-07-02T03:57:09,1,9998,0,9999
2023-07-02T04:16:59,1,9998,0,9999
2023-07-02T04:30:45,1,9998,0,9999
2023-07-02T04:43:35,1,9998,0,9999
2023-07-02T04:56:05,1,9998,0,9999
2023-07-02T05:08:34,1,9998,0,9999
2023-07-02T05:21:01,1,9998,0,9999
2023-07-02T05:33:27,1,9998,0,9999
2023-07-02T05:45:54,1,9998,0,9999
2023-07-02T05:58:21,1,9998,0,9999
2023-07-02T06:10:51,1,9998,0,9999
2023-07-02T06:23:21,1,9998,0,9999
2023-07-02T06:36:03,1,9998,0,9999
2023-07-02T06:48:30,1,9998,0,9999
2023-07-02T07:01:00,1,9998,0,9999
2023-07-02T07:13:26,1,9998,0,9999
2023-07-02T07:25:53,1,9998,0,9999
2023-07-02T07:38:19,1,9998,0,9999
2023-07-02T07:50:45,1,9998,0,9999
2023-07-02T08:03:12,1,9998,0,9999
2023-07-02T08:15:42,1,9998,0,9999
2023-07-02T08:28:21,1,9998,0,9999
2023-07-02T08:40:51,1,9998,0,9999
2023-07-02T08:53:18,1,9998,0,9999
2023-07-02T09:05:48,1,9998,0,9999
2023-07-02T09:18:15,1,9998,0,9999
2023-07-02T09:30:43,1,9998,0,9999
2023-07-02T09:43:13,1,9998,0,9999
2023-07-02T09:55:43,1,9998,0,9999
2023-07-02T10:08:21,1,9998,0,9999
2023-07-02T10:20:51,1,9998,0,9999
2023-07-02T10:33:22,1,9998,0,9999
2023-07-02T10:45:48,1,9998,0,9999
2023-07-02T10:58:13,1,9998,0,9999
2023-07-02T11:10:38,1,9998,0,9999
2023-07-02T11:23:03,1,9998,0,9999
2023-07-02T11:35:26,1,9998,0,9999
2023-07-02T11:47:49,1,9998,0,9999
2023-07-02T12:00:12,1,9998,0,9999
2023-07-02T12:12:35,1,9998,0,9999
2023-07-02T12:25:09,1,9998,0,9999
2023-07-02T12:37:32,1,9998,0,9999
2023-07-02T12:49:55,1,9998,0,9999
2023-07-02T13:02:18,1,9998,0,9999
2023-07-02T13:14:42,1,9998,0,9999
2023-07-02T13:27:05,1,9998,0,9999
2023-07-02T13:39:28,1,9998,0,9999
2023-07-02T13:51:50,1,9998,0,9999
2023-07-02T14:04:13,1,9998,0,9999
2023-07-02T14:16:36,1,9998,0,9999
2023-07-02T14:29:10,1,9998,0,9999
2023-07-02T14:41:34,1,9998,0,9999
2023-07-02T14:53:57,1,9998,0,9999
2023-07-02T15:06:21,1,9998,0,9999
2023-07-02T15:18:44,1,9998,0,9999
2023-07-02T15:31:08,1,9998,0,9999
2023-07-02T15:43:31,1,9998,0,9999
2023-07-02T15:55:55,1,9998,0,9999
2023-07-02T16:08:19,1,9998,0,9999
2023-07-02T16:20:43,1,9998,0,9999
2023-07-02T16:33:18,1,9998,0,9999
2023-07-02T16:45:41,1,9998,0,9999
2023-07-02T16:58:04,1,9998,0,9999
2023-07-02T17:10:27,1,9998,0,9999
2023-07-02T17:22:51,1,9998,0,9999
2023-07-02T17:35:14,1,9998,0,9999
2023-07-02T17:47:37,1,9998,0,9999
2023-07-02T18:00:00,1,9998,0,9999
2023-07-02T18:12:23,1,9998,0,9999
2023-07-02T18:24:47,1,9998,0,9999
2023-07-02T18:37:11,1,9998,0,9999
2023-07-02T18:49:35,1,9998,0,9999
2023-07-02T19:02:11,1,9998,0,9999
2023-07-02T19:14:35,1,9998,0,9999
2023-07-02T19:26:59,1,9998,0,9999
2023-07-02T19:39:22,1,9998,0,9999
2023-07-02T19:51:45,1,9998,0,9999
2023-07-02T20:04:08,1,9998,0,9999
2023-07-02T20:16:31,1,9998,0,9999
2023-07-02T20:28:54,1,9998,0,9999
2023-07-02T20:41:17,1,9998,0,9999
2023-07-02T20:53:42,1,9998,0,9999
2023-07-02T21:06:16,1,9998,0,9999
2023-07-02T21:18:39,1,9998,0,9999
2023-07-02T21:31:02,1,9998,0,9999
2023-07-02T21:43:25,1,9998,0,9999
2023-07-02T21:55:48,1,9998,0,9999
2023-07-02T22:08:11,1,9998,0,9999
2023-07-02T22:20:34,1,9998,0,9999
2023-07-02T22:32:58,1,9998,0,9999
2023-07-02T22:45:20,1,9998,0,9999
2023-07-02T22:57:43,1,9998,0,9999
2023-07-02T23:10:17,1,9998,0,9999
2023-07-02T23:22:41,1,9998,0,9999
2023-07-02T23:35:04,1,9998,0,9999
2023-07-02T23:47:28,1,9998,0,9999
2023-07-02T23:59:52,1,9998,0,9999
2023-07-03T00:12:24,1,9998,0,9999
2023-07-03T00:24:57,1,9998,0,9999
2023-07-03T00:37:30,1,9998,0,9999
2023-07-03T00:49:57,1,9998,0,9999
2023-07-03T01:02:21,1,9998,0,9999
2023-07-03T01:15:04,1,9998,0,9999
2023-07-03T01:27:32,1,9998,0,9999
2023-07-03T01:40:00,1,9998,0,9999
2023-07-03T01:52:26,1,9998,0,9999
2023-07-03T02:05:08,1,9998,0,9999
2023-07-03T02:17:36,1,9998,0,9999
2023-07-03T02:30:02,1,9998,0,9999
2023-07-03T02:42:28,1,9998,0,9999
2023-07-03T02:54:53,1,9998,0,9999
2023-07-03T03:07:18,1,9998,0,9999
2023-07-03T03:19:45,1,9998,0,9999
2023-07-03T03:32:12,1,9998,0,9999
2023-07-03T03:44:38,1,9998,0,9999
2023-07-03T03:57:04,1,9998,0,9999
2023-07-03T04:09:41,1,9998,0,9999
2023-07-03T04:28:33,1,9998,0,9999
2023-07-03T04:41:01,1,9998,0,9999
2023-07-03T04:55:13,1,9998,0,9999
2023-07-03T05:07:43,1,9998,0,9999
2023-07-03T05:20:10,1,9998,0,9999
2023-07-03T05:32:37,1,9998,0,9999
2023-07-03T05:45:04,1,9998,0,9999
2023-07-03T05:57:30,1,9998,0,9999
2023-07-03T06:09:58,1,9998,0,9999
2023-07-03T06:22:24,1,9998,0,9999
2023-07-03T06:34:51,1,9998,0,9999
2023-07-03T06:47:20,1,9998,0,9999
2023-07-03T06:59:46,1,9998,0,9999
2023-07-03T07:12:15,1,9998,0,9999
2023-07-03T07:24:47,1,9998,0,9999
2023-07-03T07:37:10,1,9998,0,9999
2023-07-03T07:49:35,1,9998,0,9999
2023-07-03T08:01:58,1,9998,0,9999
2023-07-03T08:14:20,1,9998,0,9999
2023-07-03T08:26:44,1,9998,0,9999
2023-07-03T08:39:07,1,9998,0,9999
2023-07-03T08:51:31,1,9998,0,9999
2023-07-03T09:03:55,1,9998,0,9999
2023-07-03T09:16:32,1,9998,0,9999
2023-07-03T09:28:55,1,9998,0,9999
2023-07-03T09:41:19,1,9998,0,9999
2023-07-03T09:53:43,1,9998,0,9999
2023-07-03T10:06:07,1,9998,0,9999
2023-07-03T10:18:32,1,9998,0,9999
2023-07-03T10:30:56,1,9998,0,9999
2023-07-03T10:43:32,1,9998,0,9999
2023-07-03T10:55:56,1,9998,0,9999
2023-07-03T11:08:20,1,9998,0,9999
2023-07-03T11:20:44,1,9998,0,9999
2023-07-03T11:33:10,1,9998,0,9999
2023-07-03T11:45:46,1,9998,0,9999
2023-07-03T11:58:12,1,9998,0,9999
2023-07-03T12:10:38,1,9998,0,9999
2023-07-03T12:23:04,1,9998,0,9999
2023-07-03T12:35:30,1,9998,0,9999
2023-07-03T12:47:56,1,9998,0,9999
2023-07-03T13:00:22,1,9998,0,9999
2023-07-03T13:12:48,1,9998,0,9999
2023-07-03T13:25:25,1,9998,0,9999
2023-07-03T13:37:51,1,9998,0,9999
2023-07-03T13:50:16,1,9998,0,9999
2023-07-03T14:02:41,1,9998,0,9999
2023-07-03T14:15:07,1,9998,0,9999
2023-07-03T14:27:32,1,9998,0,9999
2023-07-03T14:39:56,1,9998,0,9999
2023-07-03T14:52:20,1,9998,0,9999
2023-07-03T15:04:44,1,9998,0,9999
2023-07-03T15:17:18,1,9998,0,9999
2023-07-03T15:29:42,1,9998,0,9999
2023-07-03T15:42:06,1,9998,0,9999
2023-07-03T15:54:30,1,9998,0,9999
2023-07-03T16:06:55,1,9998,0,9999
2023-07-03T16:19:19,1,9998,0,9999
2023-07-03T16:31:42,1,9998,0,9999
2023-07-03T16:44:06,1,9998,0,9999
2023-07-03T16:56:30,1,9998,0,9999
2023-07-03T17:08:55,1,9998,0,9999
2023-07-03T17:21:20,1,9998,0,9999
2023-07-03T17:33:54,1,9998,0,9999
2023-07-03T17:46:18,1,9998,0,9999
2023-07-03T17:58:42,1,9998,0,9999
2023-07-03T18:11:06,1,9998,0,9999
2023-07-03T18:23:30,1,9998,0,9999
2023-07-03T18:35:54,1,9998,0,9999
2023-07-03T18:48:20,1,9998,0,9999
2023-07-03T19:00:43,1,9998,0,9999
2023-07-03T19:13:08,1,9998,0,9999
2023-07-03T19:25:41,1,9998,0,9999
2023-07-03T19:38:06,1,9998,0,9999
2023-07-03T19:50:29,1,9998,0,9999
2023-07-03T20:02:53,1,9998,0,9999
2023-07-03T20:15:17,1,9998,0,9999
2023-07-03T20:27:41,1,9998,0,9999
2023-07-03T20:40:04,1,9998,0,9999
2023-07-03T20:52:28,1,9998,0,9999
2023-07-03T21:04:52,1,9998,0,9999
2023-07-03T21:17:16,1,9998,0,9999
2023-07-03T21:29:39,1,9998,0,9999
2023-07-03T21:42:03,1,9998,0,9999
2023-07-03T21:54:37,1,9998,0,9999
2023-07-03T22:07:01,1,9998,0,9999
2023-07-03T22:19:25,1,9998,0,9999
2023-07-03T22:31:49,1,9998,0,9999
2023-07-03T22:44:14,1,9998,0,9999
2023-07-03T22:56:37,1,9998,0,9999
2023-07-03T23:09:02,1,9998,0,9999
2023-07-03T23:21:27,1,9998,0,9999
2023-07-03T23:33:52,1,9998,0,9999
2023-07-03T23:46:16,1,9998,0,9999
2023-07-03T23:58:40,1,9998,0,9999
2023-07-04T00:11:07,1,9998,0,9999
2023-07-04T00:23:44,1,9998,0,9999
2023-07-04T00:36:11,1,9998,0,9999
2023-07-04T00:48:39,1,9998,0,9999
2023-07-04T01:01:08,1,9998,0,9999
2023-07-04T01:13:37,1,9998,0,9999
2023-07-04T01:26:04,1,9998,0,9999
2023-07-04T01:38:31,1,9998,0,9999
2023-07-04T01:50:57,1,9998,0,9999
2023-07-04T02:03:24,1,9998,0,9999
2023-07-04T02:15:53,1,9998,0,9999
2023-07-04T02:28:20,1,9998,0,9999
2023-07-04T02:40:48,1,9998,0,9999
2023-07-04T02:53:14,1,9998,0,9999
2023-07-04T03:05:39,1,9998,0,9999
2023-07-04T03:18:20,1,9998,0,9999
2023-07-04T03:30:47,1,9998,0,9999
2023-07-04T03:43:14,1,9998,0,9999
2023-07-04T03:55:42,1,9998,0,9999
2023-07-04T04:08:11,1,9998,0,9999
2023-07-04T04:23:55,1,9998,0,9999
2023-07-04T04:36:24,1,9998,0,9999
2023-07-04T04:50:42,1,9998,0,9999
2023-07-04T05:03:09,1,9998,0,9999
2023-07-04T05:15:35,1,9998,0,9999
2023-07-04T05:27:59,1,9998,0,9999
2023-07-04T05:40:23,1,9998,0,9999
2023-07-04T05:52:48,1,9998,0,9999
2023-07-04T06:05:12,1,9998,0,9999
2023-07-04T06:17:35,1,9998,0,9999
2023-07-04T06:30:00,1,9998,0,9999
2023-07-04T06:42:27,1,9998,0,9999
2023-07-04T06:54:55,1,9998,0,9999
2023-07-04T07:07:23,1,9998,0,9999
2023-07-04T07:19:50,1,9998,0,9999
2023-07-04T07:32:17,1,9998,0,9999
2023-07-04T07:44:46,1,9998,0,9999
2023-07-04T07:57:13,1,9998,0,9999
2023-07-04T08:09:41,1,9998,0,9999
2023-07-04T08:22:22,1,9998,0,9999
2023-07-04T08:34:49,1,9998,0,9999
2023-07-04T08:47:17,1,9998,0,9999
2023-07-04T08:59:44,1,9998,0,9999
2023-07-04T09:12:10,1,9998,0,9999
2023-07-04T09:24:36,1,9998,0,9999
2023-07-04T09:37:03,1,9998,0,9999
2023-07-04T09:49:31,1,9998,0,9999
2023-07-04T10:01:59,1,9998,0,9999
2023-07-04T10:14:25,1,9998,0,9999
2023-07-04T10:26:51,1,9998,0,9999
2023-07-04T10:39:15,1,9998,0,9999
2023-07-04T10:51:42,1,9998,0,9999
2023-07-04T11:04:18,1,9998,0,9999
2023-07-04T11:16:43,1,9998,0,9999
2023-07-04T11:29:09,1,9998,0,9999
2023-07-04T11:41:36,1,9998,0,9999
2023-07-04T11:54:02,1,9998,0,9999
2023-07-04T12:06:28,1,9998,0,9999
2023-07-04T12:18:53,1,9998,0,9999
2023-07-04T12:31:19,1,9998,0,9999
2023-07-04T12:43:55,1,9998,0,9999
2023-07-04T12:56:19,1,9998,0,9999
2023-07-04T13:08:43,1,9998,0,9999
2023-07-04T13:21:06,1,9998,0,9999
2023-07-04T13:33:29,1,9998,0,9999
2023-07-04T13:45:53,1,9998,0,9999
2023-07-04T13:58:16,1,9998,0,9999
2023-07-04T14:10:40,1,9998,0,9999
2023-07-04T14:23:03,1,9998,0,9999
2023-07-04T14:35:46,1,9998,0,9999
2023-07-04T14:48:10,1,9998,0,9999
2023-07-04T15:00:33,1,9998,0,9999
2023-07-04T15:12:57,1,9998,0,9999
2023-07-04T15:25:20,1,9998,0,9999
2023-07-04T15:37:43,1,9998,0,9999
2023-07-04T15:50:07,1,9998,0,9999
2023-07-04T16:02:31,1,9998,0,9999
2023-07-04T16:14:54,1,9998,0,9999
2023-07-04T16:27:18,1,9998,0,9999
2023-07-04T16:39:42,1,9998,0,9999
2023-07-04T16:52:16,1,9998,0,9999
2023-07-04T17:04:40,1,9998,0,9999
2023-07-04T17:17:05,1,9998,0,9999
2023-07-04T17:29:28,1,9998,0,9999
2023-07-04T17:41:52,1,9998,0,9999
2023-07-04T17:54:15,1,9998,0,9999
2023-07-04T18:06:39,1,9998,0,9999
2023-07-04T18:19:02,1,9998,0,9999
2023-07-04T18:31:26,1,9998,0,9999
2023-07-04T18:43:50,1,9998,0,9999
2023-07-04T18:56:13,1,9998,0,9999
2023-07-04T19:08:57,1,9998,0,9999
2023-07-04T19:21:21,1,9998,0,9999
2023-07-04T19:33:45,1,9998,0,9999
2023-07-04T19:46:08,1,9998,0,9999
2023-07-04T19:58:32,1,9998,0,9999
2023-07-04T20:10:56,1,9998,0,9999
2023-07-04T20:23:19,1,9998,0,9999
2023-07-04T20:35:43,1,9998,0,9999
2023-07-04T20:48:07,1,9998,0,9999
2023-07-04T21:00:30,1,9998,0,9999
2023-07-04T21:12:54,1,9998,0,9999
2023-07-04T21:25:18,1,9998,0,9999
2023-07-04T21:37:41,1,9998,0,9999
2023-07-04T21:50:05,1,9998,0,9999
2023-07-04T22:02:29,1,9998,0,9999
2023-07-04T22:15:02,1,9998,0,9999
2023-07-04T22:27:26,1,9998,0,9999
2023-07-04T22:39:50,1,9998,0,9999
2023-07-04T22:52:13,1,9998,0,9999
2023-07-04T23:04:37,1,9998,0,9999
2023-07-04T23:17:02,1,9998,0,9999
2023-07-04T23:29:26,1,9998,0,9999
2023-07-04T23:41:51,1,9998,0,9999
2023-07-04T23:54:15,1,9998,0,9999
2023-07-05T00:06:42,1,9998,0,9999
2023-07-05T00:19:09,1,9998,0,9999
2023-07-05T00:31:35,1,9998,0,9999
2023-07-05T00:44:13,1,9998,0,9999
2023-07-05T00:56:40,1,9998,0,9999
2023-07-05T01:09:07,1,9998,0,9999
2023-07-05T01:21:34,1,9998,0,9999
2023-07-05T01:34:02,1,9998,0,9999
2023-07-05T01:46:30,1,9998,0,9999
2023-07-05T01:58:57,1,9998,0,9999
2023-07-05T02:11:24,1,9998,0,9999
2023-07-05T02:23:52,1,9998,0,9999
2023-07-05T02:36:20,1,9998,0,9999
2023-07-05T02:48:49,1,9998,0,9999
2023-07-05T03:01:16,1,9998,0,9999
2023-07-05T03:13:46,1,9998,0,9999
2023-07-05T03:26:14,1,9998,0,9999
2023-07-05T03:39:03,1,9998,0,9999
2023-07-05T03:51:29,1,9998,0,9999
2023-07-05T04:03:55,1,9998,0,9999
2023-07-05T04:14:17,1,9998,0,9999
2023-07-05T04:28:24,1,9998,0,9999
2023-07-05T04:40:53,1,9998,0,9999
2023-07-05T04:53:21,1,9998,0,9999
2023-07-05T05:05:48,1,9998,0,9999
2023-07-05T05:18:17,1,9998,0,9999
2023-07-05T05:30:44,1,9998,0,9999
2023-07-05T05:43:13,1,9998,0,9999
2023-07-05T05:55:39,1,9998,0,9999
2023-07-05T06:08:02,1,9998,0,9999
2023-07-05T06:20:25,1,9998,0,9999
2023-07-05T06:32:49,1,9998,0,9999
2023-07-05T06:45:12,1,9998,0,9999
2023-07-05T06:57:34,1,9998,0,9999
2023-07-05T07:09:57,1,9998,0,9999
2023-07-05T07:22:19,1,9998,0,9999
2023-07-05T07:34:39,1,9998,0,9999
2023-07-05T07:46:59,1,9998,0,9999
2023-07-05T07:59:19,1,9998,0,9999
2023-07-05T08:11:40,1,9998,0,9999
2023-07-05T08:24:11,1,9998,0,9999
2023-07-05T08:36:36,1,9998,0,9999
2023-07-05T08:49:00,1,9998,0,9999
2023-07-05T09:01:24,1,9998,0,9999
2023-07-05T09:13:48,1,9998,0,9999
2023-07-05T09:26:12,1,9998,0,9999
2023-07-05T09:38:38,1,9998,0,9999
2023-07-05T09:51:02,1,9998,0,9999
2023-07-05T10:03:26,1,9998,0,9999
2023-07-05T10:15:50,1,9998,0,9999
2023-07-05T10:28:15,1,9998,0,9999
2023-07-05T10:40:48,1,9998,0,9999
2023-07-05T10:53:13,1,9998,0,9999
2023-07-05T11:05:39,1,9998,0,9999
2023-07-05T11:18:04,1,9998,0,9999
2023-07-05T11:30:28,1,9998,0,9999
2023-07-05T11:42:52,1,9998,0,9999
2023-07-05T11:55:16,1,9998,0,9999
2023-07-05T12:07:41,1,9998,0,9999
2023-07-05T12:20:16,1,9998,0,9999
2023-07-05T12:32:41,1,9998,0,9999
2023-07-05T12:45:06,1,9998,0,9999
2023-07-05T12:57:30,1,9998,0,9999
2023-07-05T13:09:54,1,9998,0,9999
2023-07-05T13:22:18,1,9998,0,9999
2023-07-05T13:34:43,1,9998,0,9999
2023-07-05T13:47:21,1,9998,0,9999
2023-07-05T13:59:45,1,9998,0,9999
2023-07-05T14:12:10,1,9998,0,9999
2023-07-05T14:24:35,1,9998,0,9999
2023-07-05T14:36:59,1,9998,0,9999
2023-07-05T14:49:24,1,9998,0,9999
2023-07-05T15:01:48,1,9998,0,9999
2023-07-05T15:14:12,1,9998,0,9999
2023-07-05T15:26:37,1,9998,0,9999
2023-07-05T15:39:12,1,9998,0,9999
2023-07-05T15:51:37,1,9998,0,9999
2023-07-05T16:04:01,1,9998,0,9999
2023-07-05T16:16:25,1,9998,0,9999
2023-07-05T16:28:50,1,9998,0,9999
2023-07-05T16:41:14,1,9998,0,9999
2023-07-05T16:53:38,1,9998,0,9999
2023-07-05T17:06:03,1,9998,0,9999
2023-07-05T17:18:28,1,9998,0,9999
2023-07-05T17:30:53,1,9998,0,9999
2023-07-05T17:43:17,1,9998,0,9999
2023-07-05T17:55:51,1,9998,0,9999
2023-07-05T18:08:17,1,9998,0,9999
2023-07-05T18:20:42,1,9998,0,9999
2023-07-05T18:33:06,1,9998,0,9999
2023-07-05T18:45:30,1,9998,0,9999
2023-07-05T18:57:54,1,9998,0,9999
2023-07-05T19:10:19,1,9998,0,9999
2023-07-05T19:22:43,1,9998,0,9999
2023-07-05T19:35:08,1,9998,0,9999
2023-07-05T19:47:32,1,9998,0,9999
2023-07-05T19:59:56,1,9998,0,9999
2023-07-05T20:12:21,1,9998,0,9999
2023-07-05T20:24:55,1,9998,0,9999
2023-07-05T20:37:19,1,9998,0,9999
2023-07-05T20:49:43,1,9998,0,9999
2023-07-05T21:02:08,1,9998,0,9999
2023-07-05T21:14:32,1,9998,0,9999
2023-07-05T21:26:56,1,9998,0,9999
2023-07-05T21:39:20,1,9998,0,9999
2023-07-05T21:51:44,1,9998,0,9999
2023-07-05T22:04:08,1,9998,0,9999
2023-07-05T22:16:31,1,9998,0,9999
2023-07-05T22:28:56,1,9998,0,9999
2023-07-05T22:41:20,1,9998,0,9999
2023-07-05T22:53:44,1,9998,0,9999
2023-07-05T23:06:17,1,9998,0,9999
2023-07-05T23:18:42,1,9998,0,9999
2023-07-05T23:31:06,1,9998,0,9999
2023-07-05T23:43:31,1,9998,0,9999
2023-07-05T23:55:55,1,9998,0,9999
2023-07-06T00:08:22,1,9998,0,9999
2023-07-06T00:20:53,1,9998,0,9999
2023-07-06T00:33:19,1,9998,0,9999
2023-07-06T00:45:47,1,9998,0,9999
2023-07-06T00:58:16,1,9998,0,9999
2023-07-06T01:10:44,1,9998,0,9999
2023-07-06T01:23:12,1,9998,0,9999
2023-07-06T01:35:40,1,9998,0,9999
2023-07-06T01:48:09,1,9998,0,9999
2023-07-06T02:00:38,1,9998,0,9999
2023-07-06T02:13:14,1,9998,0,9999
2023-07-06T02:25:40,1,9998,0,9999
2023-07-06T02:38:05,1,9998,0,9999
2023-07-06T02:50:30,1,9998,0,9999
2023-07-06T03:02:55,1,9998,0,9999
2023-07-06T03:15:22,1,9998,0,9999
2023-07-06T03:27:49,1,9998,0,9999
2023-07-06T03:40:15,1,9998,0,9999
2023-07-06T03:52:41,1,9998,0,9999
2023-07-06T04:06:43,1,9998,0,9999
2023-07-06T04:24:06,1,9998,0,9999
2023-07-06T04:37:02,1,9998,0,9999
2023-07-06T04:49:31,1,9998,0,9999
2023-07-06T05:01:59,1,9998,0,9999
2023-07-06T05:14:25,1,9998,0,9999
2023-07-06T05:26:50,1,9998,0,9999
2023-07-06T05:39:15,1,9998,0,9999
2023-07-06T05:51:42,1,9998,0,9999
2023-07-06T06:04:11,1,9998,0,9999
2023-07-06T06:16:38,1,9998,0,9999
2023-07-06T06:29:05,1,9998,0,9999
2023-07-06T06:41:31,1,9998,0,9999
2023-07-06T06:53:58,1,9998,0,9999
2023-07-06T07:06:26,1,9998,0,9999
2023-07-06T07:18:54,1,9998,0,9999
2023-07-06T07:31:22,1,9998,0,9999
2023-07-06T07:43:49,1,9998,0,9999
2023-07-06T07:56:18,1,9998,0,9999
2023-07-06T08:08:47,1,9998,0,9999
2023-07-06T08:21:14,1,9998,0,9999
2023-07-06T08:33:41,1,9998,0,9999
2023-07-06T08:46:08,1,9998,0,9999
2023-07-06T08:58:44,1,9998,0,9999
2023-07-06T09:11:11,1,9998,0,9999
2023-07-06T09:23:36,1,9998,0,9999
2023-07-06T09:36:03,1,9998,0,9999
2023-07-06T09:48:29,1,9998,0,9999
2023-07-06T10:00:55,1,9998,0,9999
2023-07-06T10:13:21,1,9998,0,9999
2023-07-06T10:25:47,1,9998,0,9999
2023-07-06T10:38:13,1,9998,0,9999
2023-07-06T10:50:39,1,9998,0,9999
2023-07-06T11:03:16,1,9998,0,9999
2023-07-06T11:15:41,1,9998,0,9999
2023-07-06T11:28:06,1,9998,0,9999
2023-07-06T11:40:30,1,9998,0,9999
2023-07-06T11:52:54,1,9998,0,9999
2023-07-06T12:05:20,1,9998,0,9999
2023-07-06T12:17:44,1,9998,0,9999
2023-07-06T12:30:10,1,9998,0,9999
2023-07-06T12:42:45,1,9998,0,9999
2023-07-06T12:55:10,1,9998,0,9999
2023-07-06T13:07:35,1,9998,0,9999
2023-07-06T13:19:59,1,9998,0,9999
2023-07-06T13:32:24,1,9998,0,9999
2023-07-06T13:44:49,1,9998,0,9999
2023-07-06T13:57:13,1,9998,0,9999
2023-07-06T14:09:38,1,9998,0,9999
2023-07-06T14:22:14,1,9998,0,9999
2023-07-06T14:34:40,1,9998,0,9999
2023-07-06T14:47:04,1,9998,0,9999
2023-07-06T14:59:29,1,9998,0,9999
2023-07-06T15:11:53,1,9998,0,9999
2023-07-06T15:24:18,1,9998,0,9999
2023-07-06T15:36:43,1,9998,0,9999
2023-07-06T15:49:08,1,9998,0,9999
2023-07-06T16:01:43,1,9998,0,9999
2023-07-06T16:14:07,1,9998,0,9999
2023-07-06T16:26:33,1,9998,0,9999
2023-07-06T16:38:58,1,9998,0,9999
2023-07-06T16:51:22,1,9998,0,9999
2023-07-06T17:03:48,1,9998,0,9999
2023-07-06T17:16:14,1,9998,0,9999
2023-07-06T17:28:40,1,9998,0,9999
2023-07-06T17:41:18,1,9998,0,9999
2023-07-06T17:53:50,1,9998,0,9999
2023-07-06T18:06:14,1,9998,0,9999
2023-07-06T18:18:39,1,9998,0,9999
2023-07-06T18:31:04,1,9998,0,9999
2023-07-06T18:43:29,1,9998,0,9999
2023-07-06T18:55:54,1,9998,0,9999
2023-07-06T19:08:19,1,9998,0,9999
2023-07-06T19:20:45,1,9998,0,9999
2023-07-06T19:33:10,1,9998,0,9999
2023-07-06T19:45:35,1,9998,0,9999
2023-07-06T19:58:00,1,9998,0,9999
2023-07-06T20:10:35,1,9998,0,9999
2023-07-06T20:23:00,1,9998,0,9999
2023-07-06T20:35:26,1,9998,0,9999
2023-07-06T20:47:50,1,9998,0,9999
2023-07-06T21:00:15,1,9998,0,9999
2023-07-06T21:12:41,1,9998,0,9999
2023-07-06T21:25:06,1,9998,0,9999
2023-07-06T21:37:31,1,9998,0,9999
2023-07-06T21:49:56,1,9998,0,9999
2023-07-06T22:02:22,1,9998,0,9999
2023-07-06T22:14:47,1,9998,0,9999
2023-07-06T22:27:11,1,9998,0,9999
2023-07-06T22:39:36,1,9998,0,9999
2023-07-06T22:52:01,1,9998,0,9999
2023-07-06T23:04:37,1,9998,0,9999
2023-07-06T23:17:03,1,9998,0,9999
2023-07-06T23:29:28,1,9998,0,9999
2023-07-06T23:41:54,1,9998,0,9999
2023-07-06T23:54:20,1,9998,0,9999
2023-07-07T00:06:46,1,9998,0,9999
2023-07-07T00:19:18,1,9998,0,9999
2023-07-07T00:31:46,1,9998,0,9999
2023-07-07T00:44:15,1,9998,0,9999
2023-07-07T00:56:44,1,9998,0,9999
2023-07-07T01:09:13,1,9998,0,9999
2023-07-07T01:21:42,1,9998,0,9999
2023-07-07T01:34:12,1,9998,0,9999
2023-07-07T01:46:43,1,9998,0,9999
2023-07-07T01:59:11,1,9998,0,9999
2023-07-07T02:11:49,1,9998,0,9999
2023-07-07T02:24:19,1,9998,0,9999
2023-07-07T02:37:00,1,9998,0,9999
2023-07-07T02:49:30,1,9998,0,9999
2023-07-07T03:01:58,1,9998,0,9999
2023-07-07T03:14:26,1,9998,0,9999
2023-07-07T03:26:54,1,9998,0,9999
2023-07-07T03:39:22,1,9998,0,9999
2023-07-07T03:51:50,1,9998,0,9999
2023-07-07T04:04:17,1,9998,0,9999
2023-07-07T04:16:45,1,9998,0,9999
2023-07-07T04:27:40,1,9998,0,9999
2023-07-07T04:40:30,1,9998,0,9999
2023-07-07T04:53:01,1,9998,0,9999
2023-07-07T05:05:30,1,9998,0,9999
2023-07-07T05:17:57,1,9998,0,9999
2023-07-07T05:30:27,1,9998,0,9999
2023-07-07T05:42:55,1,9998,0,9999
2023-07-07T05:55:24,1,9998,0,9999
2023-07-07T06:07:53,1,9998,0,9999
2023-07-07T06:20:20,1,9998,0,9999
2023-07-07T06:32:48,1,9998,0,9999
2023-07-07T06:45:16,1,9998,0,9999
2023-07-07T06:57:45,1,9998,0,9999
2023-07-07T07:10:13,1,9998,0,9999
2023-07-07T07:22:40,1,9998,0,9999
2023-07-07T07:35:06,1,9998,0,9999
2023-07-07T07:47:31,1,9998,0,9999
2023-07-07T07:59:56,1,9998,0,9999
2023-07-07T08:12:24,1,9998,0,9999
2023-07-07T08:24:49,1,9998,0,9999
2023-07-07T08:37:23,1,9998,0,9999
2023-07-07T08:49:48,1,9998,0,9999
2023-07-07T09:02:13,1,9998,0,9999
2023-07-07T09:14:38,1,9998,0,9999
2023-07-07T09:27:04,1,9998,0,9999
2023-07-07T09:39:29,1,9998,0,9999
2023-07-07T09:51:54,1,9998,0,9999
2023-07-07T10:04:18,1,9998,0,9999
2023-07-07T10:16:43,1,9998,0,9999
2023-07-07T10:29:08,1,9998,0,9999
2023-07-07T10:41:33,1,9998,0,9999
2023-07-07T10:53:57,1,9998,0,9999
2023-07-07T11:06:22,1,9998,0,9999
2023-07-07T11:18:59,1,9998,0,9999
2023-07-07T11:31:24,1,9998,0,9999
2023-07-07T11:43:49,1,9998,0,9999
2023-07-07T11:56:14,1,9998,0,9999
2023-07-07T12:08:38,1,9998,0,9999
2023-07-07T12:21:03,1,9998,0,9999
2023-07-07T12:33:28,1,9998,0,9999
2023-07-07T12:45:52,1,9998,0,9999
2023-07-07T12:58:17,1,9998,0,9999
2023-07-07T13:10:43,1,9998,0,9999
2023-07-07T13:23:08,1,9998,0,9999
2023-07-07T13:35:33,1,9998,0,9999
2023-07-07T13:47:58,1,9998,0,9999
2023-07-07T14:00:36,1,9998,0,9999
2023-07-07T14:13:00,1,9998,0,9999
2023-07-07T14:25:25,1,9998,0,9999
2023-07-07T14:37:49,1,9998,0,9999
2023-07-07T14:50:14,1,9998,0,9999
2023-07-07T15:02:40,1,9998,0,9999
2023-07-07T15:15:05,1,9998,0,9999
2023-07-07T15:27:30,1,9998,0,9999
2023-07-07T15:39:54,1,9998,0,9999
2023-07-07T15:52:19,1,9998,0,9999
2023-07-07T16:04:44,1,9998,0,9999
2023-07-07T16:17:09,1,9998,0,9999
2023-07-07T16:29:45,1,9998,0,9999
2023-07-07T16:42:10,1,9998,0,9999
2023-07-07T16:54:35,1,9998,0,9999
2023-07-07T17:07:01,1,9998,0,9999
2023-07-07T17:19:27,1,9998,0,9999
2023-07-07T17:31:52,1,9998,0,9999
2023-07-07T17:44:16,1,9998,0,9999
2023-07-07T17:56:40,1,9998,0,9999
2023-07-07T18:09:05,1,9998,0,9999
2023-07-07T18:21:29,1,9998,0,9999
2023-07-07T18:33:54,1,9998,0,9999
2023-07-07T18:46:29,1,9998,0,9999
2023-07-07T18:58:53,1,9998,0,9999
2023-07-07T19:11:19,1,9998,0,9999
2023-07-07T19:23:44,1,9998,0,9999
2023-07-07T19:36:09,1,9998,0,9999
2023-07-07T19:48:34,1,9998,0,9999
2023-07-07T20:00:59,1,9998,0,9999
2023-07-07T20:13:25,1,9998,0,9999
2023-07-07T20:25:50,1,9998,0,9999
2023-07-07T20:38:15,1,9998,0,9999
2023-07-07T20:50:40,1,9998,0,9999
2023-07-07T21:03:04,1,9998,0,9999
2023-07-07T21:15:31,1,9998,0,9999
2023-07-07T21:27:56,1,9998,0,9999
2023-07-07T21:40:21,1,9998,0,9999
2023-07-07T21:52:46,1,9998,0,9999
2023-07-07T22:05:11,1,9998,0,9999
2023-07-07T22:17:36,1,9998,0,9999
2023-07-07T22:30:12,1,9998,0,9999
2023-07-07T22:42:37,1,9998,0,9999
2023-07-07T22:55:01,1,9998,0,9999
2023-07-07T23:07:27,1,9998,0,9999
2023-07-07T23:19:52,1,9998,0,9999
2023-07-07T23:32:18,1,9998,0,9999
2023-07-07T23:44:43,1,9998,0,9999
2023-07-07T23:57:08,1,9998,0,9999
2023-07-08T00:09:35,1,9998,0,9999
2023-07-08T00:22:09,1,9998,0,9999
2023-07-08T00:34:38,1,9998,0,9999
2023-07-08T00:47:07,1,9998,0,9999
2023-07-08T00:59:36,1,9998,0,9999
2023-07-08T01:12:04,1,9998,0,9999
2023-07-08T01:24:33,1,9998,0,9999
2023-07-08T01:37:04,1,9998,0,9999
2023-07-08T01:49:34,1,9998,0,9999
2023-07-08T02:02:03,1,9998,0,9999
2023-07-08T02:14:42,1,9998,0,9999
2023-07-08T02:27:09,1,9998,0,9999
2023-07-08T02:39:35,1,9998,0,9999
2023-07-08T02:52:00,1,9998,0,9999
2023-07-08T03:04:24,1,9998,0,9999
2023-07-08T03:16:51,1,9998,0,9999
2023-07-08T03:29:18,1,9998,0,9999
2023-07-08T03:41:45,1,9998,0,9999
2023-07-08T03:54:13,1,9998,0,9999
2023-07-08T04:06:41,1,9998,0,9999
2023-07-08T04:26:27,1,9998,0,9999
2023-07-08T04:38:57,1,9998,0,9999
2023-07-08T04:51:25,1,9998,0,9999
2023-07-08T05:04:28,1,9998,0,9999
2023-07-08T05:18:05,1,9998,0,9999
2023-07-08T05:30:35,1,9998,0,9999
2023-07-08T05:43:04,1,9998,0,9999
2023-07-08T05:55:33,1,9998,0,9999
2023-07-08T06:08:03,1,9998,0,9999
2023-07-08T06:20:32,1,9998,0,9999
2023-07-08T06:33:00,1,9998,0,9999
2023-07-08T06:45:29,1,9998,0,9999
2023-07-08T06:57:58,1,9998,0,9999
2023-07-08T07:10:26,1,9998,0,9999
2023-07-08T07:22:53,1,9998,0,9999
2023-07-08T07:35:21,1,9998,0,9999
2023-07-08T07:47:48,1,9998,0,9999
2023-07-08T08:00:27,1,9998,0,9999
2023-07-08T08:12:55,1,9998,0,9999
2023-07-08T08:25:22,1,9998,0,9999
2023-07-08T08:37:50,1,9998,0,9999
2023-07-08T08:50:18,1,9998,0,9999
2023-07-08T09:02:45,1,9998,0,9999
2023-07-08T09:15:13,1,9998,0,9999
2023-07-08T09:27:40,1,9998,0,9999
2023-07-08T09:40:07,1,9998,0,9999
2023-07-08T09:52:35,1,9998,0,9999
2023-07-08T10:05:03,1,9998,0,9999
2023-07-08T10:17:30,1,9998,0,9999
2023-07-08T10:29:58,1,9998,0,9999
2023-07-08T10:42:25,1,9998,0,9999
2023-07-08T10:54:52,1,9998,0,9999
2023-07-08T11:07:19,1,9998,0,9999
2023-07-08T11:19:53,1,9998,0,9999
2023-07-08T11:32:17,1,9998,0,9999
2023-07-08T11:44:41,1,9998,0,9999
2023-07-08T11:57:06,1,9998,0,9999
2023-07-08T12:09:30,1,9998,0,9999
2023-07-08T12:21:54,1,9998,0,9999
2023-07-08T12:34:18,1,9998,0,9999
2023-07-08T12:46:43,1,9998,0,9999
2023-07-08T12:59:07,1,9998,0,9999
2023-07-08T13:11:31,1,9998,0,9999
2023-07-08T13:23:56,1,9998,0,9999
2023-07-08T13:36:20,1,9998,0,9999
2023-07-08T13:48:45,1,9998,0,9999
2023-07-08T14:01:11,1,9998,0,9999
2023-07-08T14:13:35,1,9998,0,9999
2023-07-08T14:26:00,1,9998,0,9999
2023-07-08T14:38:25,1,9998,0,9999
2023-07-08T14:50:49,1,9998,0,9999
2023-07-08T15:03:14,1,9998,0,9999
2023-07-08T15:15:48,1,9998,0,9999
2023-07-08T15:28:12,1,9998,0,9999
2023-07-08T15:40:36,1,9998,0,9999
2023-07-08T15:53:00,1,9998,0,9999
2023-07-08T16:05:24,1,9998,0,9999
2023-07-08T16:17:49,1,9998,0,9999
2023-07-08T16:30:14,1,9998,0,9999
2023-07-08T16:42:38,1,9998,0,9999
2023-07-08T16:55:02,1,9998,0,9999
2023-07-08T17:07:28,1,9998,0,9999
2023-07-08T17:19:53,1,9998,0,9999
2023-07-08T17:32:18,1,9998,0,9999
2023-07-08T17:44:42,1,9998,0,9999
2023-07-08T17:57:07,1,9998,0,9999
2023-07-08T18:09:31,1,9998,0,9999
2023-07-08T18:21:55,1,9998,0,9999
2023-07-08T18:34:20,1,9998,0,9999
2023-07-08T18:46:44,1,9998,0,9999
2023-07-08T18:59:08,1,9998,0,9999
2023-07-08T19:11:34,1,9998,0,9999
2023-07-08T19:24:09,1,9998,0,9999
2023-07-08T19:36:33,1,9998,0,9999
2023-07-08T19:48:57,1,9998,0,9999
2023-07-08T20:01:22,1,9998,0,9999
2023-07-08T20:13:46,1,9998,0,9999
2023-07-08T20:26:11,1,9998,0,9999
2023-07-08T20:38:36,1,9998,0,9999
2023-07-08T20:51:00,1,9998,0,9999
2023-07-08T21:03:25,1,9998,0,9999
2023-07-08T21:15:50,1,9998,0,9999
2023-07-08T21:28:15,1,9998,0,9999
2023-07-08T21:40:40,1,9998,0,9999
2023-07-08T21:53:04,1,9998,0,9999
2023-07-08T22:05:29,1,9998,0,9999
2023-07-08T22:17:53,1,9998,0,9999
2023-07-08T22:30:28,1,9998,0,9999
2023-07-08T22:42:53,1,9998,0,9999
2023-07-08T22:55:18,1,9998,0,9999
2023-07-08T23:07:43,1,9998,0,9999
2023-07-08T23:20:10,1,9998,0,9999
2023-07-08T23:32:35,1,9998,0,9999
2023-07-08T23:45:01,1,9998,0,9999
2023-07-08T23:57:25,1,9998,0,9999
2023-07-09T00:09:52,1,9998,0,9999
2023-07-09T00:22:23,1,9998,0,9999
2023-07-09T00:34:52,1,9998,0,9999
2023-07-09T00:47:21,1,9998,0,9999
2023-07-09T00:59:50,1,9998,0,9999
2023-07-09T01:12:26,1,9998,0,9999
2023-07-09T01:24:53,1,9998,0,9999
2023-07-09T01:37:23,1,9998,0,9999
2023-07-09T01:49:50,1,9998,0,9999
2023-07-09T02:02:18,1,9998,0,9999
2023-07-09T02:14:58,1,9998,0,9999
2023-07-09T02:27:26,1,9998,0,9999
2023-07-09T02:39:55,1,9998,0,9999
2023-07-09T02:52:22,1,9998,0,9999
2023-07-09T03:04:49,1,9998,0,9999
2023-07-09T03:17:18,1,9998,0,9999
2023-07-09T03:29:46,1,9998,0,9999
2023-07-09T03:42:14,1,9998,0,9999
2023-07-09T03:54:42,1,9998,0,9999
2023-07-09T04:07:11,1,9998,0,9999
2023-07-09T04:21:16,1,9998,0,9999
2023-07-09T04:33:46,1,9998,0,9999
2023-07-09T04:46:16,1,9998,0,9999
2023-07-09T05:00:30,1,9998,0,9999
2023-07-09T05:12:58,1,9998,0,9999
2023-07-09T05:25:26,1,9998,0,9999
2023-07-09T05:37:57,1,9998,0,9999
2023-07-09T05:50:26,1,9998,0,9999
2023-07-09T06:02:53,1,9998,0,9999
2023-07-09T06:15:21,1,9998,0,9999
2023-07-09T06:27:49,1,9998,0,9999
2023-07-09T06:40:17,1,9998,0,9999
2023-07-09T06:52:44,1,9998,0,9999
2023-07-09T07:05:11,1,9998,0,9999
2023-07-09T07:17:39,1,9998,0,9999
2023-07-09T07:30:04,1,9998,0,9999
2023-07-09T07:42:30,1,9998,0,9999
2023-07-09T07:54:56,1,9998,0,9999
2023-07-09T08:07:21,1,9998,0,9999
2023-07-09T08:19:45,1,9998,0,9999
2023-07-09T08:32:14,1,9998,0,9999
2023-07-09T08:44:41,1,9998,0,9999
2023-07-09T08:57:06,1,9998,0,9999
2023-07-09T09:09:31,1,9998,0,9999
2023-07-09T09:21:56,1,9998,0,9999
2023-07-09T09:34:23,1,9998,0,9999
2023-07-09T09:46:48,1,9998,0,9999
2023-07-09T09:59:15,1,9998,0,9999
2023-07-09T10:11:40,1,9998,0,9999
2023-07-09T10:24:05,1,9998,0,9999
2023-07-09T10:36:41,1,9998,0,9999
2023-07-09T10:49:06,1,9998,0,9999
2023-07-09T11:01:34,1,9998,0,9999
2023-07-09T11:14:01,1,9998,0,9999
2023-07-09T11:26:27,1,9998,0,9999
2023-07-09T11:38:52,1,9998,0,9999
2023-07-09T11:51:17,1,9998,0,9999
2023-07-09T12:03:42,1,9998,0,9999
2023-07-09T12:16:07,1,9998,0,9999
2023-07-09T12:28:33,1,9998,0,9999
2023-07-09T12:40:57,1,9998,0,9999
2023-07-09T12:53:24,1,9998,0,9999
2023-07-09T13:05:48,1,9998,0,9999
2023-07-09T13:18:13,1,9998,0,9999
2023-07-09T13:30:38,1,9998,0,9999
2023-07-09T13:43:03,1,9998,0,9999
2023-07-09T13:55:27,1,9998,0,9999
2023-07-09T14:07:52,1,9998,0,9999
2023-07-09T14:20:17,1,9998,0,9999
2023-07-09T14:32:51,1,9998,0,9999
2023-07-09T14:45:16,1,9998,0,9999
2023-07-09T14:57:41,1,9998,0,9999
2023-07-09T15:10:06,1,9998,0,9999
2023-07-09T15:22:30,1,9998,0,9999
2023-07-09T15:34:55,1,9998,0,9999
2023-07-09T15:47:19,1,9998,0,9999
2023-07-09T15:59:43,1,9998,0,9999
2023-07-09T16:12:09,1,9998,0,9999
2023-07-09T16:24:34,1,9998,0,9999
2023-07-09T16:36:59,1,9998,0,9999
2023-07-09T16:49:24,1,9998,0,9999
2023-07-09T17:01:49,1,9998,0,9999
2023-07-09T17:14:14,1,9998,0,9999
2023-07-09T17:26:51,1,9998,0,9999
2023-07-09T17:39:15,1,9998,0,9999
2023-07-09T17:51:39,1,9998,0,9999
2023-07-09T18:04:04,1,9998,0,9999
2023-07-09T18:16:28,1,9998,0,9999
2023-07-09T18:28:53,1,9998,0,9999
2023-07-09T18:41:18,1,9998,0,9999
2023-07-09T18:53:43,1,9998,0,9999
2023-07-09T19:06:10,1,9998,0,9999
2023-07-09T19:18:37,1,9998,0,9999
2023-07-09T19:31:03,1,9998,0,9999
2023-07-09T19:43:29,1,9998,0,9999
2023-07-09T19:55:55,1,9998,0,9999
2023-07-09T20:08:21,1,9998,0,9999
2023-07-09T20:20:46,1,9998,0,9999
2023-07-09T20:33:11,1,9998,0,9999
2023-07-09T20:45:37,1,9998,0,9999
2023-07-09T20:58:02,1,9998,0,9999
2023-07-09T21:10:38,1,9998,0,9999
2023-07-09T21:23:03,1,9998,0,9999
2023-07-09T21:35:29,1,9998,0,9999
2023-07-09T21:47:55,1,9998,0,9999
2023-07-09T22:00:20,1,9998,0,9999
2023-07-09T22:12:45,1,9998,0,9999
2023-07-09T22:25:09,1,9998,0,9999
2023-07-09T22:37:34,1,9998,0,9999
2023-07-09T22:49:59,1,9998,0,9999
2023-07-09T23:02:24,1,9998,0,9999
2023-07-09T23:14:49,1,9998,0,9999
2023-07-09T23:27:16,1,9998,0,9999
2023-07-09T23:39:52,1,9998,0,9999
2023-07-09T23:52:17,1,9998,0,9999
2023-07-10T00:04:43,1,9998,0,9999
2023-07-10T00:17:16,1,9998,0,9999
2023-07-10T00:29:50,1,9998,0,9999
2023-07-10T00:42:22,1,9998,0,9999
2023-07-10T00:54:52,1,9998,0,9999
2023-07-10T01:07:17,1,9998,0,9999
2023-07-10T01:19:44,1,9998,0,9999
2023-07-10T01:32:15,1,9998,0,9999
2023-07-10T01:44:45,1,9998,0,9999
2023-07-10T01:57:14,1,9998,0,9999
2023-07-10T02:09:52,1,9998,0,9999
2023-07-10T02:22:21,1,9998,0,9999
2023-07-10T02:34:50,1,9998,0,9999
2023-07-10T02:47:18,1,9998,0,9999
2023-07-10T02:59:46,1,9998,0,9999
2023-07-10T03:12:14,1,9998,0,9999
2023-07-10T03:24:42,1,9998,0,9999
2023-07-10T03:37:10,1,9998,0,9999
2023-07-10T03:49:37,1,9998,0,9999
2023-07-10T04:02:05,1,9998,0,9999
2023-07-10T04:14:48,1,9998,0,9999
2023-07-10T04:27:49,1,9998,0,9999
2023-07-10T04:40:20,1,9998,0,9999
2023-07-10T04:52:50,1,9998,0,9999
2023-07-10T05:05:20,1,9998,0,9999
2023-07-10T05:17:50,1,9998,0,9999
2023-07-10T05:30:19,1,9998,0,9999
2023-07-10T05:42:47,1,9998,0,9999
2023-07-10T05:55:16,1,9998,0,9999
2023-07-10T06:07:44,1,9998,0,9999
2023-07-10T06:20:13,1,9998,0,9999
2023-07-10T06:32:41,1,9998,0,9999
2023-07-10T06:45:09,1,9998,0,9999
2023-07-10T06:57:36,1,9998,0,9999
2023-07-10T07:10:03,1,9998,0,9999
2023-07-10T07:22:29,1,9998,0,9999
2023-07-10T07:34:54,1,9998,0,9999
2023-07-10T07:47:19,1,9998,0,9999
2023-07-10T07:59:44,1,9998,0,9999
2023-07-10T08:12:08,1,9998,0,9999
2023-07-10T08:24:33,1,9998,0,9999
2023-07-10T08:36:59,1,9998,0,9999
2023-07-10T08:49:24,1,9998,0,9999
2023-07-10T09:01:48,1,9998,0,9999
2023-07-10T09:14:13,1,9998,0,9999
2023-07-10T09:26:38,1,9998,0,9999
2023-07-10T09:39:04,1,9998,0,9999
2023-07-10T09:51:29,1,9998,0,9999
2023-07-10T10:04:05,1,9998,0,9999
2023-07-10T10:16:30,1,9998,0,9999
2023-07-10T10:28:55,1,9998,0,9999
2023-07-10T10:41:19,1,9998,0,9999
2023-07-10T10:53:44,1,9998,0,9999
2023-07-10T11:06:09,1,9998,0,9999
2023-07-10T11:18:34,1,9998,0,9999
2023-07-10T11:30:59,1,9998,0,9999
2023-07-10T11:43:26,1,9998,0,9999
2023-07-10T11:55:51,1,9998,0,9999
2023-07-10T12:08:16,1,9998,0,9999
2023-07-10T12:20:41,1,9998,0,9999
2023-07-10T12:33:15,1,9998,0,9999
2023-07-10T12:45:40,1,9998,0,9999
2023-07-10T12:58:04,1,9998,0,9999
2023-07-10T13:10:29,1,9998,0,9999
2023-07-10T13:22:54,1,9998,0,9999
2023-07-10T13:35:19,1,9998,0,9999
2023-07-10T13:47:43,1,9998,0,9999
2023-07-10T14:00:08,1,9998,0,9999
2023-07-10T14:12:33,1,9998,0,9999
2023-07-10T14:24:59,1,9998,0,9999
2023-07-10T14:37:24,1,9998,0,9999
2023-07-10T14:49:48,1,9998,0,9999
2023-07-10T15:02:24,1,9998,0,9999
2023-07-10T15:14:49,1,9998,0,9999
2023-07-10T15:27:14,1,9998,0,9999
2023-07-10T15:39:38,1,9998,0,9999
2023-07-10T15:52:03,1,9998,0,9999
2023-07-10T16:04:28,1,9998,0,9999
2023-07-10T16:16:52,1,9998,0,9999
2023-07-10T16:29:17,1,9998,0,9999
2023-07-10T16:41:42,1,9998,0,9999
2023-07-10T16:54:06,1,9998,0,9999
2023-07-10T17:06:32,1,9998,0,9999
2023-07-10T17:18:57,1,9998,0,9999
2023-07-10T17:31:33,1,9998,0,9999
2023-07-10T17:43:58,1,9998,0,9999
2023-07-10T17:56:23,1,9998,0,9999
2023-07-10T18:08:49,1,9998,0,9999
2023-07-10T18:21:14,1,9998,0,9999
2023-07-10T18:33:39,1,9998,0,9999
2023-07-10T18:46:03,1,9998,0,9999
2023-07-10T18:58:28,1,9998,0,9999
2023-07-10T19:10:54,1,9998,0,9999
2023-07-10T19:23:18,1,9998,0,9999
2023-07-10T19:35:43,1,9998,0,9999
2023-07-10T19:48:08,1,9998,0,9999
2023-07-10T20:00:33,1,9998,0,9999
2023-07-10T20:12:58,1,9998,0,9999
2023-07-10T20:25:33,1,9998,0,9999
2023-07-10T20:37:57,1,9998,0,9999
2023-07-10T20:50:22,1,9998,0,9999
2023-07-10T21:02:47,1,9998,0,9999
2023-07-10T21:15:12,1,9998,0,9999
2023-07-10T21:27:36,1,9998,0,9999
2023-07-10T21:40:01,1,9998,0,9999
2023-07-10T21:52:26,1,9998,0,9999
2023-07-10T22:04:51,1,9998,0,9999
2023-07-10T22:17:15,1,9998,0,9999
2023-07-10T22:29:41,1,9998,0,9999
2023-07-10T22:42:06,1,9998,0,9999
2023-07-10T22:54:30,1,9998,0,9999
2023-07-10T23:07:07,1,9998,0,9999
2023-07-10T23:19:33,1,9998,0,9999
2023-07-10T23:31:59,1,9998,0,9999
2023-07-10T23:44:24,1,9998,0,9999
2023-07-10T23:56:50,1,9998,0,9999
2023-07-11T00:09:17,1,9998,0,9999
2023-07-11T00:21:49,1,9998,0,9999
2023-07-11T00:34:17,1,9998,0,9999
2023-07-11T00:46:46,1,9998,0,9999
2023-07-11T00:59:16,1,9998,0,9999
2023-07-11T01:11:45,1,9998,0,9999
2023-07-11T01:24:13,1,9998,0,9999
2023-07-11T01:36:43,1,9998,0,9999
2023-07-11T01:49:13,1,9998,0,9999
2023-07-11T02:01:40,1,9998,0,9999
2023-07-11T02:14:07,1,9998,0,9999
2023-07-11T02:26:34,1,9998,0,9999
2023-07-11T02:39:11,1,9998,0,9999
2023-07-11T02:51:37,1,9998,0,9999
2023-07-11T03:04:03,1,9998,0,9999
2023-07-11T03:16:29,1,9998,0,9999
2023-07-11T03:28:57,1,9998,0,9999
2023-07-11T03:41:23,1,9998,0,9999
2023-07-11T03:53:50,1,9998,0,9999
2023-07-11T04:06:19,1,9998,0,9999
2023-07-11T04:24:41,1,9998,0,9999
2023-07-11T04:37:37,1,9998,0,9999
2023-07-11T04:50:08,1,9998,0,9999
2023-07-11T05:02:38,1,9998,0,9999
2023-07-11T05:17:17,1,9998,0,9999
2023-07-11T05:29:55,1,9998,0,9999
2023-07-11T05:42:25,1,9998,0,9999
2023-07-11T05:54:53,1,9998,0,9999
2023-07-11T06:07:21,1,9998,0,9999
2023-07-11T06:19:49,1,9998,0,9999
2023-07-11T06:32:17,1,9998,0,9999
2023-07-11T06:44:44,1,9998,0,9999
2023-07-11T06:57:12,1,9998,0,9999
2023-07-11T07:09:40,1,9998,0,9999
2023-07-11T07:22:06,1,9998,0,9999
2023-07-11T07:34:33,1,9998,0,9999
2023-07-11T07:46:59,1,9998,0,9999
2023-07-11T07:59:27,1,9998,0,9999
2023-07-11T08:11:55,1,9998,0,9999
2023-07-11T08:24:22,1,9998,0,9999
2023-07-11T08:36:51,1,9998,0,9999
2023-07-11T08:49:18,1,9998,0,9999
2023-07-11T09:01:44,1,9998,0,9999
2023-07-11T09:14:11,1,9998,0,9999
2023-07-11T09:26:53,1,9998,0,9999
2023-07-11T09:39:19,1,9998,0,9999
2023-07-11T09:51:46,1,9998,0,9999
2023-07-11T10:04:13,1,9998,0,9999
2023-07-11T10:16:41,1,9998,0,9999
2023-07-11T10:29:07,1,9998,0,9999
2023-07-11T10:41:32,1,9998,0,9999
2023-07-11T10:53:57,1,9998,0,9999
2023-07-11T11:06:23,1,9998,0,9999
2023-07-11T11:18:48,1,9998,0,9999
2023-07-11T11:31:13,1,9998,0,9999
2023-07-11T11:43:39,1,9998,0,9999
2023-07-11T11:56:16,1,9998,0,9999
2023-07-11T12:08:40,1,9998,0,9999
2023-07-11T12:21:06,1,9998,0,9999
2023-07-11T12:33:30,1,9998,0,9999
2023-07-11T12:45:55,1,9998,0,9999
2023-07-11T12:58:20,1,9998,0,9999
2023-07-11T13:10:44,1,9998,0,9999
2023-07-11T13:23:09,1,9998,0,9999
2023-07-11T13:35:45,1,9998,0,9999
2023-07-11T13:48:10,1,9998,0,9999
2023-07-11T14:00:36,1,9998,0,9999
2023-07-11T14:13:01,1,9998,0,9999
2023-07-11T14:25:26,1,9998,0,9999
2023-07-11T14:37:50,1,9998,0,9999
2023-07-11T14:50:15,1,9998,0,9999
2023-07-11T15:02:58,1,9998,0,9999
2023-07-11T15:15:22,1,9998,0,9999
2023-07-11T15:27:47,1,9998,0,9999
2023-07-11T15:40:12,1,9998,0,9999
2023-07-11T15:52:37,1,9998,0,9999
2023-07-11T16:05:01,1,9998,0,9999
2023-07-11T16:17:26,1,9998,0,9999
2023-07-11T16:29:51,1,9998,0,9999
2023-07-11T16:42:16,1,9998,0,9999
2023-07-11T16:54:42,1,9998,0,9999
2023-07-11T17:07:08,1,9998,0,9999
2023-07-11T17:19:33,1,9998,0,9999
2023-07-11T17:31:58,1,9998,0,9999
2023-07-11T17:44:33,1,9998,0,9999
2023-07-11T17:56:58,1,9998,0,9999
2023-07-11T18:09:23,1,9998,0,9999
2023-07-11T18:21:48,1,9998,0,9999
2023-07-11T18:34:12,1,9998,0,9999
2023-07-11T18:46:36,1,9998,0,9999
2023-07-11T18:59:01,1,9998,0,9999
2023-07-11T19:11:27,1,9998,0,9999
2023-07-11T19:23:51,1,9998,0,9999
2023-07-11T19:36:16,1,9998,0,9999
2023-07-11T19:48:41,1,9998,0,9999
2023-07-11T20:01:06,1,9998,0,9999
2023-07-11T20:13:30,1,9998,0,9999
2023-07-11T20:25:55,1,9998,0,9999
2023-07-11T20:38:20,1,9998,0,9999
2023-07-11T20:50:45,1,9998,0,9999
2023-07-11T21:03:20,1,9998,0,9999
2023-07-11T21:15:45,1,9998,0,9999
2023-07-11T21:28:10,1,9998,0,9999
2023-07-11T21:40:35,1,9998,0,9999
2023-07-11T21:53:00,1,9998,0,9999
2023-07-11T22:05:25,1,9998,0,9999
2023-07-11T22:17:50,1,9998,0,9999
2023-07-11T22:30:17,1,9998,0,9999
2023-07-11T22:42:42,1,9998,0,9999
2023-07-11T22:55:07,1,9998,0,9999
2023-07-11T23:07:32,1,9998,0,9999
2023-07-11T23:19:58,1,9998,0,9999
2023-07-11T23:32:25,1,9998,0,9999
2023-07-11T23:44:50,1,9998,0,9999
2023-07-11T23:57:16,1,9998,0,9999
2023-07-12T00:09:42,1,9998,0,9999
2023-07-12T00:22:13,1,9998,0,9999
2023-07-12T00:34:41,1,9998,0,9999
2023-07-12T00:47:20,1,9998,0,9999
2023-07-12T00:59:49,1,9998,0,9999
2023-07-12T01:12:18,1,9998,0,9999
2023-07-12T01:24:47,1,9998,0,9999
2023-07-12T01:37:16,1,9998,0,9999
2023-07-12T01:49:47,1,9998,0,9999
2023-07-12T02:02:15,1,9998,0,9999
2023-07-12T02:15:07,1,9998,0,9999
2023-07-12T02:27:37,1,9998,0,9999
2023-07-12T02:40:07,1,9998,0,9999
2023-07-12T02:52:36,1,9998,0,9999
2023-07-12T03:05:05,1,9998,0,9999
2023-07-12T03:17:33,1,9998,0,9999
2023-07-12T03:30:01,1,9998,0,9999
2023-07-12T03:42:29,1,9998,0,9999
2023-07-12T03:54:57,1,9998,0,9999
2023-07-12T04:07:25,1,9998,0,9999
2023-07-12T04:28:36,1,9998,0,9999
2023-07-12T04:42:21,1,9998,0,9999
2023-07-12T04:55:07,1,9998,0,9999
2023-07-12T05:07:37,1,9998,0,9999
2023-07-12T05:20:04,1,9998,0,9999
2023-07-12T05:32:33,1,9998,0,9999
2023-07-12T05:45:01,1,9998,0,9999
2023-07-12T05:57:32,1,9998,0,9999
2023-07-12T06:10:00,1,9998,0,9999
2023-07-12T06:22:28,1,9998,0,9999
2023-07-12T06:34:56,1,9998,0,9999
2023-07-12T06:47:24,1,9998,0,9999
2023-07-12T06:59:52,1,9998,0,9999
2023-07-12T07:12:22,1,9998,0,9999
2023-07-12T07:24:49,1,9998,0,9999
2023-07-12T07:37:16,1,9998,0,9999
2023-07-12T07:49:41,1,9998,0,9999
2023-07-12T08:02:05,1,9998,0,9999
2023-07-12T08:14:30,1,9998,0,9999
2023-07-12T08:26:55,1,9998,0,9999
2023-07-12T08:39:20,1,9998,0,9999
2023-07-12T08:51:46,1,9998,0,9999
2023-07-12T09:04:10,1,9998,0,9999
2023-07-12T09:16:45,1,9998,0,9999
2023-07-12T09:29:09,1,9998,0,9999
2023-07-12T09:41:34,1,9998,0,9999
2023-07-12T09:53:59,1,9998,0,9999
2023-07-12T10:06:23,1,9998,0,9999
2023-07-12T10:18:48,1,9998,0,9999
2023-07-12T10:31:13,1,9998,0,9999
2023-07-12T10:43:37,1,9998,0,9999
2023-07-12T10:56:02,1,9998,0,9999
2023-07-12T11:08:27,1,9998,0,9999
2023-07-12T11:20:52,1,9998,0,9999
2023-07-12T11:33:28,1,9998,0,9999
2023-07-12T11:45:53,1,9998,0,9999
2023-07-12T11:58:17,1,9998,0,9999
2023-07-12T12:10:42,1,9998,0,9999
2023-07-12T12:23:08,1,9998,0,9999
2023-07-12T12:35:33,1,9998,0,9999
2023-07-12T12:47:58,1,9998,0,9999
2023-07-12T13:00:22,1,9998,0,9999
2023-07-12T13:12:47,1,9998,0,9999
2023-07-12T13:25:12,1,9998,0,9999
2023-07-12T13:37:37,1,9998,0,9999
2023-07-12T13:50:02,1,9998,0,9999
2023-07-12T14:02:46,1,9998,0,9999
2023-07-12T14:15:11,1,9998,0,9999
2023-07-12T14:27:35,1,9998,0,9999
2023-07-12T14:40:00,1,9998,0,9999
2023-07-12T14:52:25,1,9998,0,9999
2023-07-12T15:04:50,1,9998,0,9999
2023-07-12T15:17:15,1,9998,0,9999
2023-07-12T15:29:39,1,9998,0,9999
2023-07-12T15:42:06,1,9998,0,9999
2023-07-12T15:54:31,1,9998,0,9999
2023-07-12T16:06:55,1,9998,0,9999
2023-07-12T16:19:21,1,9998,0,9999
2023-07-12T16:31:56,1,9998,0,9999
2023-07-12T16:44:21,1,9998,0,9999
2023-07-12T16:56:45,1,9998,0,9999
2023-07-12T17:09:11,1,9998,0,9999
2023-07-12T17:21:36,1,9998,0,9999
2023-07-12T17:34:00,1,9998,0,9999
2023-07-12T17:46:25,1,9998,0,9999
2023-07-12T17:58:49,1,9998,0,9999
2023-07-12T18:11:14,1,9998,0,9999
2023-07-12T18:23:38,1,9998,0,9999
2023-07-12T18:36:02,1,9998,0,9999
2023-07-12T18:48:26,1,9998,0,9999
2023-07-12T19:00:50,1,9998,0,9999
2023-07-12T19:13:15,1,9998,0,9999
2023-07-12T19:25:39,1,9998,0,9999
2023-07-12T19:38:17,1,9998,0,9999
2023-07-12T19:50:42,1,9998,0,9999
2023-07-12T20:03:06,1,9998,0,9999
2023-07-12T20:15:31,1,9998,0,9999
2023-07-12T20:27:55,1,9998,0,9999
2023-07-12T20:40:19,1,9998,0,9999
2023-07-12T20:52:44,1,9998,0,9999
2023-07-12T21:05:08,1,9998,0,9999
2023-07-12T21:17:33,1,9998,0,9999
2023-07-12T21:29:57,1,9998,0,9999
2023-07-12T21:42:22,1,9998,0,9999
2023-07-12T21:54:46,1,9998,0,9999
2023-07-12T22:07:11,1,9998,0,9999
2023-07-12T22:19:36,1,9998,0,9999
2023-07-12T22:32:01,1,9998,0,9999
2023-07-12T22:44:26,1,9998,0,9999
2023-07-12T22:56:50,1,9998,0,9999
2023-07-12T23:09:16,1,9998,0,9999
2023-07-12T23:22:00,1,9998,0,9999
2023-07-12T23:34:25,1,9998,0,9999
2023-07-12T23:46:50,1,9998,0,9999
2023-07-12T23:59:15,1,9998,0,9999
2023-07-13T00:11:42,1,9998,0,9999
2023-07-13T00:24:13,1,9998,0,9999
2023-07-13T00:36:41,1,9998,0,9999
2023-07-13T00:49:10,1,9998,0,9999
2023-07-13T01:01:39,1,9998,0,9999
2023-07-13T01:14:07,1,9998,0,9999
2023-07-13T01:26:35,1,9998,0,9999
2023-07-13T01:39:03,1,9998,0,9999
2023-07-13T01:51:32,1,9998,0,9999
2023-07-13T02:04:00,1,9998,0,9999
2023-07-13T02:16:26,1,9998,0,9999
2023-07-13T02:28:52,1,9998,0,9999
2023-07-13T02:41:18,1,9998,0,9999
2023-07-13T02:53:43,1,9998,0,9999
2023-07-13T03:06:08,1,9998,0,9999
2023-07-13T03:18:33,1,9998,0,9999
2023-07-13T03:30:57,1,9998,0,9999
2023-07-13T03:43:22,1,9998,0,9999
2023-07-13T03:55:45,1,9998,0,9999
2023-07-13T04:08:10,1,9998,0,9999
2023-07-13T04:27:46,1,9998,0,9999
2023-07-13T04:40:29,1,9998,0,9999
2023-07-13T04:52:55,1,9998,0,9999
2023-07-13T05:05:22,1,9998,0,9999
2023-07-13T05:17:47,1,9998,0,9999
2023-07-13T05:30:11,1,9998,0,9999
2023-07-13T05:42:38,1,9998,0,9999
2023-07-13T05:55:07,1,9998,0,9999
2023-07-13T06:07:39,1,9998,0,9999
2023-07-13T06:20:09,1,9998,0,9999
2023-07-13T06:32:40,1,9998,0,9999
2023-07-13T06:45:11,1,9998,0,9999
2023-07-13T06:57:40,1,9998,0,9999
2023-07-13T07:10:11,1,9998,0,9999
2023-07-13T07:22:39,1,9998,0,9999
2023-07-13T07:35:07,1,9998,0,9999
2023-07-13T07:47:35,1,9998,0,9999
2023-07-13T08:00:04,1,9998,0,9999
2023-07-13T08:12:32,1,9998,0,9999
2023-07-13T08:24:59,1,9998,0,9999
2023-07-13T08:37:27,1,9998,0,9999
2023-07-13T08:49:54,1,9998,0,9999
2023-07-13T09:02:21,1,9998,0,9999
2023-07-13T09:14:47,1,9998,0,9999
2023-07-13T09:27:32,1,9998,0,9999
2023-07-13T09:39:58,1,9998,0,9999
2023-07-13T09:52:24,1,9998,0,9999
2023-07-13T10:04:50,1,9998,0,9999
2023-07-13T10:17:16,1,9998,0,9999
2023-07-13T10:29:42,1,9998,0,9999
2023-07-13T10:42:08,1,9998,0,9999
2023-07-13T10:54:34,1,9998,0,9999
2023-07-13T11:07:00,1,9998,0,9999
2023-07-13T11:19:37,1,9998,0,9999
2023-07-13T11:32:03,1,9998,0,9999
2023-07-13T11:44:29,1,9998,0,9999
2023-07-13T11:56:55,1,9998,0,9999
2023-07-13T12:09:21,1,9998,0,9999
2023-07-13T12:21:45,1,9998,0,9999
2023-07-13T12:34:09,1,9998,0,9999
2023-07-13T12:46:34,1,9998,0,9999
2023-07-13T12:58:59,1,9998,0,9999
2023-07-13T13:11:23,1,9998,0,9999
2023-07-13T13:23:48,1,9998,0,9999
2023-07-13T13:36:23,1,9998,0,9999
2023-07-13T13:48:47,1,9998,0,9999
2023-07-13T14:01:12,1,9998,0,9999
2023-07-13T14:13:36,1,9998,0,9999
2023-07-13T14:26:01,1,9998,0,9999
2023-07-13T14:38:26,1,9998,0,9999
2023-07-13T14:50:50,1,9998,0,9999
2023-07-13T15:03:15,1,9998,0,9999
2023-07-13T15:15:39,1,9998,0,9999
2023-07-13T15:28:03,1,9998,0,9999
2023-07-13T15:40:27,1,9998,0,9999
2023-07-13T15:52:51,1,9998,0,9999
2023-07-13T16:05:27,1,9998,0,9999
2023-07-13T16:17:51,1,9998,0,9999
2023-07-13T16:30:15,1,9998,0,9999
2023-07-13T16:42:39,1,9998,0,9999
2023-07-13T16:55:04,1,9998,0,9999
2023-07-13T17:07:29,1,9998,0,9999
2023-07-13T17:19:55,1,9998,0,9999
2023-07-13T17:32:19,1,9998,0,9999
2023-07-13T17:44:43,1,9998,0,9999
2023-07-13T17:57:07,1,9998,0,9999
2023-07-13T18:09:31,1,9998,0,9999
2023-07-13T18:21:56,1,9998,0,9999
2023-07-13T18:34:20,1,9998,0,9999
2023-07-13T18:46:45,1,9998,0,9999
2023-07-13T18:59:09,1,9998,0,9999
2023-07-13T19:11:52,1,9998,0,9999
2023-07-13T19:24:16,1,9998,0,9999
2023-07-13T19:36:41,1,9998,0,9999
2023-07-13T19:49:05,1,9998,0,9999
2023-07-13T20:01:30,1,9998,0,9999
2023-07-13T20:13:54,1,9998,0,9999
2023-07-13T20:26:19,1,9998,0,9999
2023-07-13T20:38:43,1,9998,0,9999
2023-07-13T20:51:08,1,9998,0,9999
2023-07-13T21:03:33,1,9998,0,9999
2023-07-13T21:15:57,1,9998,0,9999
2023-07-13T21:28:21,1,9998,0,9999
2023-07-13T21:40:46,1,9998,0,9999
2023-07-13T21:53:10,1,9998,0,9999
2023-07-13T22:05:34,1,9998,0,9999
2023-07-13T22:17:59,1,9998,0,9999
2023-07-13T22:30:23,1,9998,0,9999
2023-07-13T22:42:48,1,9998,0,9999
2023-07-13T22:55:22,1,9998,0,9999
2023-07-13T23:07:48,1,9998,0,9999
2023-07-13T23:20:13,1,9998,0,9999
2023-07-13T23:32:38,1,9998,0,9999
2023-07-13T23:45:03,1,9998,0,9999
2023-07-13T23:57:28,1,9998,0,9999
2023-07-14T00:09:54,1,9998,0,9999
2023-07-14T00:22:24,1,9998,0,9999
2023-07-14T00:34:52,1,9998,0,9999
2023-07-14T00:47:21,1,9998,0,9999
2023-07-14T00:59:50,1,9998,0,9999
2023-07-14T01:12:19,1,9998,0,9999
2023-07-14T01:24:47,1,9998,0,9999
2023-07-14T01:37:16,1,9998,0,9999
2023-07-14T01:49:47,1,9998,0,9999
2023-07-14T02:02:17,1,9998,0,9999
2023-07-14T02:14:57,1,9998,0,9999
2023-07-14T02:27:27,1,9998,0,9999
2023-07-14T02:39:58,1,9998,0,9999
2023-07-14T02:52:28,1,9998,0,9999
2023-07-14T03:04:56,1,9998,0,9999
2023-07-14T03:17:25,1,9998,0,9999
2023-07-14T03:29:52,1,9998,0,9999
2023-07-14T03:42:20,1,9998,0,9999
2023-07-14T03:54:47,1,9998,0,9999
2023-07-14T04:07:15,1,9998,0,9999
2023-07-14T04:22:06,1,9998,0,9999
2023-07-14T04:34:39,1,9998,0,9999
2023-07-14T04:48:37,1,9998,0,9999
2023-07-14T05:01:06,1,9998,0,9999
2023-07-14T05:13:34,1,9998,0,9999
2023-07-14T05:26:01,1,9998,0,9999
2023-07-14T05:38:29,1,9998,0,9999
2023-07-14T05:50:57,1,9998,0,9999
2023-07-14T06:03:26,1,9998,0,9999
2023-07-14T06:15:53,1,9998,0,9999
2023-07-14T06:28:20,1,9998,0,9999
2023-07-14T06:40:49,1,9998,0,9999
2023-07-14T06:53:18,1,9998,0,9999
2023-07-14T07:05:47,1,9998,0,9999
2023-07-14T07:18:14,1,9998,0,9999
2023-07-14T07:30:40,1,9998,0,9999
2023-07-14T07:43:05,1,9998,0,9999
2023-07-14T07:55:29,1,9998,0,9999
2023-07-14T08:07:54,1,9998,0,9999
2023-07-14T08:20:20,1,9998,0,9999
2023-07-14T08:32:46,1,9998,0,9999
2023-07-14T08:45:11,1,9998,0,9999
2023-07-14T08:57:35,1,9998,0,9999
2023-07-14T09:10:01,1,9998,0,9999
2023-07-14T09:22:25,1,9998,0,9999
2023-07-14T09:34:50,1,9998,0,9999
2023-07-14T09:47:15,1,9998,0,9999
2023-07-14T09:59:50,1,9998,0,9999
2023-07-14T10:12:15,1,9998,0,9999
2023-07-14T10:24:39,1,9998,0,9999
2023-07-14T10:37:05,1,9998,0,9999
2023-07-14T10:49:29,1,9998,0,9999
2023-07-14T11:01:54,1,9998,0,9999
2023-07-14T11:14:20,1,9998,0,9999
2023-07-14T11:26:45,1,9998,0,9999
2023-07-14T11:39:11,1,9998,0,9999
2023-07-14T11:51:36,1,9998,0,9999
2023-07-14T12:04:01,1,9998,0,9999
2023-07-14T12:16:26,1,9998,0,9999
2023-07-14T12:28:52,1,9998,0,9999
2023-07-14T12:41:18,1,9998,0,9999
2023-07-14T12:53:44,1,9998,0,9999
2023-07-14T13:06:08,1,9998,0,9999
2023-07-14T13:18:34,1,9998,0,9999
2023-07-14T13:30:59,1,9998,0,9999
2023-07-14T13:43:36,1,9998,0,9999
2023-07-14T13:56:02,2,9997,0,9999
2023-07-14T14:08:27,2,9997,0,9999
2023-07-14T14:20:52,2,9997,0,9999
2023-07-14T14:33:17,2,9997,0,9999
2023-07-14T14:45:43,2,9997,0,9999
2023-07-14T14:58:09,2,9997,0,9999
2023-07-14T15:10:45,2,9997,0,9999
2023-07-14T15:23:09,2,9997,0,9999
2023-07-14T15:35:35,2,9997,0,9999
2023-07-14T15:48:00,2,9997,0,9999
2023-07-14T16:00:25,2,9997,0,9999
2023-07-14T16:12:50,2,9997,0,9999
2023-07-14T16:25:16,2,9997,0,9999
2023-07-14T16:37:41,2,9997,0,9999
2023-07-14T16:50:18,2,9997,0,9999
2023-07-14T17:02:43,2,9997,0,9999
2023-07-14T17:15:09,2,9997,0,9999
2023-07-14T17:27:34,2,9997,0,9999
2023-07-14T17:39:59,2,9997,0,9999
2023-07-14T17:52:24,2,9997,0,9999
2023-07-14T18:04:49,2,9997,0,9999
2023-07-14T18:17:14,2,9997,0,9999
2023-07-14T18:29:39,2,9997,0,9999
2023-07-14T18:42:04,2,9997,0,9999
2023-07-14T18:54:29,2,9997,0,9999
2023-07-14T19:06:55,2,9997,0,9999
2023-07-14T19:19:20,2,9997,0,9999
2023-07-14T19:31:45,2,9997,0,9999
2023-07-14T19:44:10,2,9997,0,9999
2023-07-14T19:56:36,2,9997,0,9999
2023-07-14T20:09:01,2,9997,0,9999
2023-07-14T20:21:27,2,9997,0,9999
2023-07-14T20:34:02,2,9997,0,9999
2023-07-14T20:46:27,2,9997,0,9999
2023-07-14T20:58:53,2,9997,0,9999
2023-07-14T21:11:18,2,9997,0,9999
2023-07-14T21:23:43,2,9997,0,9999
2023-07-14T21:36:08,2,9997,0,9999
2023-07-14T21:48:34,2,9997,0,9999
2023-07-14T22:00:59,2,9997,0,9999
2023-07-14T22:13:25,2,9997,0,9999
2023-07-14T22:25:50,2,9997,0,9999
2023-07-14T22:38:15,2,9997,0,9999
2023-07-14T22:50:42,2,9997,0,9999
2023-07-14T23:03:07,2,9997,0,9999
2023-07-14T23:15:33,2,9997,0,9999
2023-07-14T23:27:59,2,9997,0,9999
2023-07-14T23:40:25,2,9997,0,9999
2023-07-14T23:52:50,2,9997,0,9999
2023-07-15T00:05:17,2,9997,0,9999
2023-07-15T00:17:46,2,9997,0,9999
2023-07-15T00:30:16,2,9997,0,9999
2023-07-15T00:42:56,2,9997,0,9999
2023-07-15T00:55:25,2,9997,0,9999
2023-07-15T01:07:55,2,9997,0,9999
2023-07-15T01:20:23,2,9997,0,9999
2023-07-15T01:32:53,2,9997,0,9999
2023-07-15T01:45:26,2,9997,0,9999
2023-07-15T01:57:55,2,9997,0,9999
2023-07-15T02:10:22,2,9997,0,9999
2023-07-15T02:22:49,2,9997,0,9999
2023-07-15T02:35:17,2,9997,0,9999
2023-07-15T02:47:44,2,9997,0,9999
2023-07-15T03:00:09,2,9997,0,9999
2023-07-15T03:12:36,2,9997,0,9999
2023-07-15T03:25:04,2,9997,0,9999
2023-07-15T03:37:31,2,9997,0,9999
2023-07-15T03:49:58,2,9997,0,9999
2023-07-15T04:02:25,2,9997,0,9999
2023-07-15T04:16:56,2,9997,0,9999
2023-07-15T04:27:15,2,9997,0,9999
2023-07-15T04:40:09,2,9997,0,9999
2023-07-15T04:52:40,2,9997,0,9999
2023-07-15T05:05:09,2,9997,0,9999
2023-07-15T05:17:36,2,9997,0,9999
2023-07-15T05:30:13,2,9997,0,9999
2023-07-15T05:42:42,2,9997,0,9999
2023-07-15T05:55:13,2,9997,0,9999
2023-07-15T06:07:43,2,9997,0,9999
2023-07-15T06:20:12,2,9997,0,9999
2023-07-15T06:32:41,2,9997,0,9999
2023-07-15T06:45:10,2,9997,0,9999
2023-07-15T06:57:41,2,9997,0,9999
2023-07-15T07:10:11,2,9997,0,9999
2023-07-15T07:22:39,2,9997,0,9999
2023-07-15T07:35:07,2,9997,0,9999
2023-07-15T07:47:35,2,9997,0,9999
2023-07-15T08:00:12,2,9997,0,9999
2023-07-15T08:12:40,2,9997,0,9999
2023-07-15T08:25:10,2,9997,0,9999
2023-07-15T08:37:38,2,9997,0,9999
2023-07-15T08:50:06,2,9997,0,9999
2023-07-15T09:02:34,2,9997,0,9999
2023-07-15T09:15:02,2,9997,0,9999
2023-07-15T09:27:30,2,9997,0,9999
2023-07-15T09:39:58,2,9997,0,9999
2023-07-15T09:52:25,2,9997,0,9999
2023-07-15T10:04:54,2,9997,0,9999
2023-07-15T10:17:23,2,9997,0,9999
2023-07-15T10:29:51,2,9997,0,9999
2023-07-15T10:42:19,2,9997,0,9999
2023-07-15T10:54:47,2,9997,0,9999
2023-07-15T11:07:22,2,9997,0,9999
2023-07-15T11:19:48,2,9997,0,9999
2023-07-15T11:32:13,2,9997,0,9999
2023-07-15T11:44:38,2,9997,0,9999
2023-07-15T11:57:04,2,9997,0,9999
2023-07-15T12:09:29,2,9997,0,9999
2023-07-15T12:21:54,2,9997,0,9999
2023-07-15T12:34:20,2,9997,0,9999
2023-07-15T12:46:45,2,9997,0,9999
2023-07-15T12:59:10,2,9997,0,9999
2023-07-15T13:11:35,2,9997,0,9999
2023-07-15T13:24:01,2,9997,0,9999
2023-07-15T13:36:26,2,9997,0,9999
2023-07-15T13:48:51,2,9997,0,9999
2023-07-15T14:01:16,2,9997,0,9999
2023-07-15T14:13:41,2,9997,0,9999
2023-07-15T14:26:06,2,9997,0,9999
2023-07-15T14:38:42,2,9997,0,9999
2023-07-15T14:51:06,2,9997,0,9999
2023-07-15T15:03:31,2,9997,0,9999
2023-07-15T15:15:56,2,9997,0,9999
2023-07-15T15:28:21,2,9997,0,9999
2023-07-15T15:40:46,2,9997,0,9999
2023-07-15T15:53:11,2,9997,0,9999
2023-07-15T16:05:36,2,9997,0,9999
2023-07-15T16:18:01,2,9997,0,9999
2023-07-15T16:30:26,2,9997,0,9999
2023-07-15T16:42:51,2,9997,0,9999
2023-07-15T16:55:15,2,9997,0,9999
2023-07-15T17:07:41,2,9997,0,9999
2023-07-15T17:20:07,2,9997,0,9999
2023-07-15T17:32:32,2,9997,0,9999
2023-07-15T17:44:57,2,9997,0,9999
2023-07-15T17:57:22,2,9997,0,9999
2023-07-15T18:09:47,2,9997,0,9999
2023-07-15T18:22:12,2,9997,0,9999
2023-07-15T18:34:37,2,9997,0,9999
2023-07-15T18:47:02,2,9997,0,9999
2023-07-15T18:59:38,2,9997,0,9999
2023-07-15T19:12:03,2,9997,0,9999
2023-07-15T19:24:27,2,9997,0,9999
2023-07-15T19:36:52,2,9997,0,9999
2023-07-15T19:49:17,2,9997,0,9999
2023-07-15T20:01:42,2,9997,0,9999
2023-07-15T20:14:08,2,9997,0,9999
2023-07-15T20:26:33,2,9997,0,9999
2023-07-15T20:38:58,2,9997,0,9999
2023-07-15T20:51:23,2,9997,0,9999
2023-07-15T21:03:48,2,9997,0,9999
2023-07-15T21:16:25,2,9997,0,9999
2023-07-15T21:28:50,2,9997,0,9999
2023-07-15T21:41:15,2,9997,0,9999
2023-07-15T21:53:40,2,9997,0,9999
2023-07-15T22:06:05,2,9997,0,9999
2023-07-15T22:18:30,2,9997,0,9999
2023-07-15T22:30:56,2,9997,0,9999
2023-07-15T22:43:21,2,9997,0,9999
2023-07-15T22:55:45,2,9997,0,9999
2023-07-15T23:08:11,2,9997,0,9999
2023-07-15T23:20:37,2,9997,0,9999
2023-07-15T23:33:02,2,9997,0,9999
2023-07-15T23:45:27,2,9997,0,9999
2023-07-15T23:57:52,2,9997,0,9999
2023-07-16T00:10:18,2,9997,0,9999
2023-07-16T00:22:45,2,9997,0,9999
2023-07-16T00:35:11,2,9997,0,9999
2023-07-16T00:47:36,2,9997,0,9999
2023-07-16T01:10:41,2,9997,0,9999
2023-07-16T01:23:11,2,9997,0,9999
2023-07-16T01:35:51,2,9997,0,9999
2023-07-16T01:48:23,2,9997,0,9999
2023-07-16T02:00:53,2,9997,0,9999
2023-07-16T02:13:23,2,9997,0,9999
2023-07-16T02:25:53,2,9997,0,9999
2023-07-16T02:38:22,2,9997,0,9999
2023-07-16T02:51:00,2,9997,0,9999
2023-07-16T03:03:28,2,9997,0,9999
2023-07-16T03:15:57,2,9997,0,9999
2023-07-16T03:28:26,2,9997,0,9999
2023-07-16T03:40:54,2,9997,0,9999
2023-07-16T03:53:22,2,9997,0,9999
2023-07-16T04:05:51,2,9997,0,9999
2023-07-16T04:18:05,2,9997,0,9999
2023-07-16T04:31:00,2,9997,0,9999
2023-07-16T04:43:31,2,9997,0,9999
2023-07-16T04:56:02,2,9997,0,9999
2023-07-16T05:08:32,2,9997,0,9999
2023-07-16T05:21:01,2,9997,0,9999
2023-07-16T05:33:31,2,9997,0,9999
2023-07-16T05:46:00,2,9997,0,9999
2023-07-16T05:58:29,2,9997,0,9999
2023-07-16T06:10:58,2,9997,0,9999
2023-07-16T06:23:26,2,9997,0,9999
2023-07-16T06:35:55,2,9997,0,9999
2023-07-16T06:48:24,2,9997,0,9999
2023-07-16T07:00:52,2,9997,0,9999
2023-07-16T07:13:19,2,9997,0,9999
2023-07-16T07:25:51,2,9997,0,9999
2023-07-16T07:38:19,2,9997,0,9999
2023-07-16T07:50:49,2,9997,0,9999
2023-07-16T08:03:21,2,9997,0,9999
2023-07-16T08:15:48,2,9997,0,9999
2023-07-16T08:28:13,2,9997,0,9999
2023-07-16T08:40:39,2,9997,0,9999
2023-07-16T08:53:05,2,9997,0,9999
2023-07-16T09:05:30,2,9997,0,9999
2023-07-16T09:17:56,2,9997,0,9999
2023-07-16T09:30:22,2,9997,0,9999
2023-07-16T09:42:47,2,9997,0,9999
2023-07-16T09:55:13,2,9997,0,9999
2023-07-16T10:07:39,2,9997,0,9999
2023-07-16T10:20:04,2,9997,0,9999
2023-07-16T10:32:39,2,9997,0,9999
2023-07-16T10:45:06,2,9997,0,9999
2023-07-16T10:57:32,2,9997,0,9999
2023-07-16T11:09:58,2,9997,0,9999
2023-07-16T11:22:24,2,9997,0,9999
2023-07-16T11:34:49,2,9997,0,9999
2023-07-16T11:47:15,2,9997,0,9999
2023-07-16T11:59:40,2,9997,0,9999
2023-07-16T12:12:06,2,9997,0,9999
2023-07-16T12:24:32,2,9997,0,9999
2023-07-16T12:36:57,2,9997,0,9999
2023-07-16T12:49:23,2,9997,0,9999
2023-07-16T13:01:48,2,9997,0,9999
2023-07-16T13:14:13,2,9997,0,9999
2023-07-16T13:26:39,2,9997,0,9999
2023-07-16T13:39:04,2,9997,0,9999
2023-07-16T13:51:39,2,9997,0,9999
2023-07-16T14:04:04,2,9997,0,9999
2023-07-16T14:16:29,2,9997,0,9999
2023-07-16T14:28:54,2,9997,0,9999
2023-07-16T14:41:19,2,9997,0,9999
2023-07-16T14:53:45,2,9997,0,9999
2023-07-16T15:06:10,2,9997,0,9999
2023-07-16T15:18:35,2,9997,0,9999
2023-07-16T15:31:00,2,9997,0,9999
2023-07-16T15:43:25,2,9997,0,9999
2023-07-16T15:55:51,2,9997,0,9999
2023-07-16T16:08:16,2,9997,0,9999
2023-07-16T16:20:42,2,9997,0,9999
2023-07-16T16:33:08,2,9997,0,9999
2023-07-16T16:45:33,2,9997,0,9999
2023-07-16T16:57:59,2,9997,0,9999
2023-07-16T17:10:25,2,9997,0,9999
2023-07-16T17:22:51,2,9997,0,9999
2023-07-16T17:35:16,2,9997,0,9999
2023-07-16T17:47:41,2,9997,0,9999
2023-07-16T18:00:07,2,9997,0,9999
2023-07-16T18:12:42,2,9997,0,9999
2023-07-16T18:25:07,2,9997,0,9999
2023-07-16T18:37:33,2,9997,0,9999
2023-07-16T18:49:58,2,9997,0,9999
2023-07-16T19:02:25,2,9997,0,9999
2023-07-16T19:14:53,2,9997,0,9999
2023-07-16T19:27:22,2,9997,0,9999
2023-07-16T19:39:48,2,9997,0,9999
2023-07-16T19:52:15,2,9997,0,9999
2023-07-16T20:04:41,2,9997,0,9999
2023-07-16T20:17:07,2,9997,0,9999
2023-07-16T20:29:32,2,9997,0,9999
2023-07-16T20:41:58,2,9997,0,9999
2023-07-16T20:54:24,2,9997,0,9999
2023-07-16T21:06:49,2,9997,0,9999
2023-07-16T21:19:15,2,9997,0,9999
2023-07-16T21:31:40,2,9997,0,9999
2023-07-16T21:44:06,2,9997,0,9999
2023-07-16T21:56:32,2,9997,0,9999
2023-07-16T22:08:58,2,9997,0,9999
2023-07-16T22:21:24,2,9997,0,9999
2023-07-16T22:33:51,2,9997,0,9999
2023-07-16T22:46:17,2,9997,0,9999
2023-07-16T22:58:55,2,9997,0,9999
2023-07-16T23:11:21,2,9997,0,9999
2023-07-16T23:23:46,2,9997,0,9999
2023-07-16T23:36:12,2,9997,0,9999
2023-07-16T23:48:40,2,9997,0,9999
2023-07-17T00:01:06,2,9997,0,9999
2023-07-17T00:13:34,2,9997,0,9999
2023-07-17T00:26:04,2,9997,0,9999
2023-07-17T00:38:38,2,9997,0,9999
2023-07-17T00:51:09,2,9997,0,9999
2023-07-17T01:03:38,2,9997,0,9999
2023-07-17T01:16:06,2,9997,0,9999
2023-07-17T01:28:32,2,9997,0,9999
2023-07-17T01:41:14,2,9997,0,9999
2023-07-17T01:53:46,2,9997,0,9999
2023-07-17T02:06:17,2,9997,0,9999
2023-07-17T02:18:47,2,9997,0,9999
2023-07-17T02:31:17,2,9997,0,9999
2023-07-17T02:43:56,2,9997,0,9999
2023-07-17T02:56:24,2,9997,0,9999
2023-07-17T03:08:54,2,9997,0,9999
2023-07-17T03:21:24,2,9997,0,9999
2023-07-17T03:33:53,2,9997,0,9999
2023-07-17T03:46:22,2,9997,0,9999
2023-07-17T03:58:50,2,9997,0,9999
2023-07-17T04:11:18,2,9997,0,9999
2023-07-17T04:20:45,2,9997,0,9999
2023-07-17T04:34:29,2,9997,0,9999
2023-07-17T04:47:16,2,9997,0,9999
2023-07-17T04:59:49,2,9997,0,9999
2023-07-17T05:12:21,2,9997,0,9999
2023-07-17T05:24:50,2,9997,0,9999
2023-07-17T05:37:21,2,9997,0,9999
2023-07-17T05:49:50,2,9997,0,9999
2023-07-17T06:02:19,2,9997,0,9999
2023-07-17T06:14:49,2,9997,0,9999
2023-07-17T06:27:18,2,9997,0,9999
2023-07-17T06:39:46,2,9997,0,9999
2023-07-17T06:52:15,2,9997,0,9999
2023-07-17T07:04:44,2,9997,0,9999
2023-07-17T07:17:12,2,9997,0,9999
2023-07-17T07:29:43,2,9997,0,9999
2023-07-17T07:42:09,2,9997,0,9999
2023-07-17T07:54:35,2,9997,0,9999
2023-07-17T08:07:06,2,9997,0,9999
2023-07-17T08:19:33,2,9997,0,9999
2023-07-17T08:31:59,2,9997,0,9999
2023-07-17T08:44:24,2,9997,0,9999
2023-07-17T08:56:50,2,9997,0,9999
2023-07-17T09:09:16,2,9997,0,9999
2023-07-17T09:21:41,2,9997,0,9999
2023-07-17T09:34:06,2,9997,0,9999
2023-07-17T09:46:41,2,9997,0,9999
2023-07-17T09:59:07,2,9997,0,9999
2023-07-17T10:11:32,2,9997,0,9999
2023-07-17T10:23:57,2,9997,0,9999
2023-07-17T10:36:23,2,9997,0,9999
2023-07-17T10:48:48,2,9997,0,9999
2023-07-17T11:01:13,2,9997,0,9999
2023-07-17T11:13:39,2,9997,0,9999
2023-07-17T11:26:05,2,9997,0,9999
2023-07-17T11:38:31,2,9997,0,9999
2023-07-17T11:50:57,2,9997,0,9999
2023-07-17T12:03:24,2,9997,0,9999
2023-07-17T12:15:50,2,9997,0,9999
2023-07-17T12:28:28,2,9997,0,9999
2023-07-17T12:40:54,2,9997,0,9999
2023-07-17T12:53:20,2,9997,0,9999
2023-07-17T13:05:46,2,9997,0,9999
2023-07-17T13:18:12,2,9997,0,9999
2023-07-17T13:30:38,2,9997,0,9999
2023-07-17T13:43:04,2,9997,0,9999
2023-07-17T13:55:30,2,9997,0,9999
2023-07-17T14:07:56,2,9997,0,9999
2023-07-17T14:20:23,2,9997,0,9999
2023-07-17T14:32:49,2,9997,0,9999
2023-07-17T14:45:16,2,9997,0,9999
2023-07-17T14:57:53,2,9997,0,9999
2023-07-17T15:10:19,2,9997,0,9999
2023-07-17T15:22:45,2,9997,0,9999
2023-07-17T15:35:11,2,9997,0,9999
2023-07-17T15:47:37,2,9997,0,9999
2023-07-17T16:00:04,2,9997,0,9999
2023-07-17T16:12:30,2,9997,0,9999
2023-07-17T16:24:56,2,9997,0,9999
2023-07-17T16:37:25,2,9997,0,9999
2023-07-17T16:49:51,2,9997,0,9999
2023-07-17T17:02:17,2,9997,0,9999
2023-07-17T17:14:56,2,9997,0,9999
2023-07-17T17:27:22,2,9997,0,9999
2023-07-17T17:39:49,2,9997,0,9999
2023-07-17T17:52:16,2,9997,0,9999
2023-07-17T18:04:42,2,9997,0,9999
2023-07-17T18:17:08,2,9997,0,9999
2023-07-17T18:29:35,2,9997,0,9999
2023-07-17T18:42:01,2,9997,0,9999
2023-07-17T18:54:28,2,9997,0,9999
2023-07-17T19:06:55,2,9997,0,9999
2023-07-17T19:19:21,2,9997,0,9999
2023-07-17T19:31:48,2,9997,0,9999
2023-07-17T19:44:15,2,9997,0,9999
2023-07-17T19:56:41,2,9997,0,9999
2023-07-17T20:09:07,2,9997,0,9999
2023-07-17T20:21:44,2,9997,0,9999
2023-07-17T20:34:10,2,9997,0,9999
2023-07-17T20:46:37,2,9997,0,9999
2023-07-17T20:59:03,2,9997,0,9999
2023-07-17T21:11:30,2,9997,0,9999
2023-07-17T21:23:57,2,9997,0,9999
2023-07-17T21:36:23,2,9997,0,9999
2023-07-17T21:48:50,2,9997,0,9999
2023-07-17T22:01:16,2,9997,0,9999
2023-07-17T22:13:42,2,9997,0,9999
2023-07-17T22:26:09,2,9997,0,9999
2023-07-17T22:38:35,2,9997,0,9999
2023-07-17T22:51:01,2,9997,0,9999
2023-07-17T23:03:28,2,9997,0,9999
2023-07-17T23:15:55,2,9997,0,9999
2023-07-17T23:28:33,2,9997,0,9999
2023-07-17T23:41:00,2,9997,0,9999
2023-07-17T23:53:27,2,9997,0,9999
2023-07-18T00:05:55,2,9997,0,9999
2023-07-18T00:18:25,2,9997,0,9999
2023-07-18T00:30:57,2,9997,0,9999
2023-07-18T00:43:28,2,9997,0,9999
2023-07-18T00:55:59,2,9997,0,9999
2023-07-18T01:08:30,2,9997,0,9999
2023-07-18T01:21:00,2,9997,0,9999
2023-07-18T01:33:30,2,9997,0,9999
2023-07-18T01:46:02,2,9997,0,9999
2023-07-18T01:58:32,2,9997,0,9999
2023-07-18T02:11:03,2,9997,0,9999
2023-07-18T02:23:32,2,9997,0,9999
2023-07-18T02:36:00,2,9997,0,9999
2023-07-18T02:48:27,2,9997,0,9999
2023-07-18T03:00:53,2,9997,0,9999
2023-07-18T03:13:22,2,9997,0,9999
2023-07-18T03:25:51,2,9997,0,9999
2023-07-18T03:38:20,2,9997,0,9999
2023-07-18T03:50:49,2,9997,0,9999
2023-07-18T04:03:18,2,9997,0,9999
2023-07-18T04:15:48,2,9997,0,9999
2023-07-18T04:32:28,2,9997,0,9999
2023-07-18T04:45:00,2,9997,0,9999
2023-07-18T04:59:01,2,9997,0,9999
2023-07-18T05:11:34,2,9997,0,9999
2023-07-18T05:24:04,2,9997,0,9999
2023-07-18T05:36:34,2,9997,0,9999
2023-07-18T05:49:04,2,9997,0,9999
2023-07-18T06:01:34,2,9997,0,9999
2023-07-18T06:14:04,2,9997,0,9999
2023-07-18T06:26:33,2,9997,0,9999
2023-07-18T06:39:03,2,9997,0,9999
2023-07-18T06:51:32,2,9997,0,9999
2023-07-18T07:04:02,2,9997,0,9999
2023-07-18T07:16:32,2,9997,0,9999
2023-07-18T07:29:01,2,9997,0,9999
2023-07-18T07:41:32,2,9997,0,9999
2023-07-18T07:53:59,2,9997,0,9999
2023-07-18T08:06:28,2,9997,0,9999
2023-07-18T08:18:57,2,9997,0,9999
2023-07-18T08:31:25,2,9997,0,9999
2023-07-18T08:43:54,2,9997,0,9999
2023-07-18T08:56:33,2,9997,0,9999
2023-07-18T09:09:02,2,9997,0,9999
2023-07-18T09:21:31,2,9997,0,9999
2023-07-18T09:33:58,2,9997,0,9999
2023-07-18T09:46:24,2,9997,0,9999
2023-07-18T09:58:51,2,9997,0,9999
2023-07-18T10:11:17,2,9997,0,9999
2023-07-18T10:23:44,2,9997,0,9999
2023-07-18T10:36:11,2,9997,0,9999
2023-07-18T10:48:37,2,9997,0,9999
2023-07-18T11:01:03,2,9997,0,9999
2023-07-18T11:13:34,2,9997,0,9999
2023-07-18T11:26:01,2,9997,0,9999
2023-07-18T11:38:27,2,9997,0,9999
2023-07-18T11:50:54,2,9997,0,9999
2023-07-18T12:03:20,2,9997,0,9999
2023-07-18T12:15:46,2,9997,0,9999
2023-07-18T12:28:13,2,9997,0,9999
2023-07-18T12:40:52,2,9997,0,9999
2023-07-18T12:53:18,2,9997,0,9999
2023-07-18T13:05:45,2,9997,0,9999
2023-07-18T13:18:12,2,9997,0,9999
2023-07-18T13:30:39,2,9997,0,9999
2023-07-18T13:43:05,2,9997,0,9999
2023-07-18T13:55:32,2,9997,0,9999
2023-07-18T14:07:58,2,9997,0,9999
2023-07-18T14:20:24,2,9997,0,9999
2023-07-18T14:32:51,2,9997,0,9999
2023-07-18T14:45:18,2,9997,0,9999
2023-07-18T14:57:45,2,9997,0,9999
2023-07-18T15:10:12,2,9997,0,9999
2023-07-18T15:22:41,2,9997,0,9999
2023-07-18T15:35:18,2,9997,0,9999
2023-07-18T15:47:44,2,9997,0,9999
2023-07-18T16:00:11,2,9997,0,9999
2023-07-18T16:12:37,2,9997,0,9999
2023-07-18T16:25:03,2,9997,0,9999
2023-07-18T16:37:30,2,9997,0,9999
2023-07-18T16:49:57,2,9997,0,9999
2023-07-18T17:02:23,2,9997,0,9999
2023-07-18T17:14:51,2,9997,0,9999
2023-07-18T17:27:17,2,9997,0,9999
2023-07-18T17:39:48,2,9997,0,9999
2023-07-18T17:52:14,2,9997,0,9999
2023-07-18T18:04:45,2,9997,0,9999
2023-07-18T18:17:11,2,9997,0,9999
2023-07-18T18:29:38,2,9997,0,9999
2023-07-18T18:42:16,2,9997,0,9999
2023-07-18T18:54:42,2,9997,0,9999
2023-07-18T19:07:09,2,9997,0,9999
2023-07-18T19:19:36,2,9997,0,9999
2023-07-18T19:32:02,2,9997,0,9999
2023-07-18T19:44:30,2,9997,0,9999
2023-07-18T19:56:56,2,9997,0,9999
2023-07-18T20:09:23,2,9997,0,9999
2023-07-18T20:21:50,2,9997,0,9999
2023-07-18T20:34:17,2,9997,0,9999
2023-07-18T20:46:43,2,9997,0,9999
2023-07-18T20:59:10,2,9997,0,9999
2023-07-18T21:11:36,2,9997,0,9999
2023-07-18T21:24:12,2,9997,0,9999
2023-07-18T21:36:38,2,9997,0,9999
2023-07-18T21:49:05,2,9997,0,9999
2023-07-18T22:01:31,2,9997,0,9999
2023-07-18T22:13:58,2,9997,0,9999
2023-07-18T22:26:24,2,9997,0,9999
2023-07-18T22:38:50,2,9997,0,9999
2023-07-18T22:51:17,2,9997,0,9999
2023-07-18T23:03:44,2,9997,0,9999
2023-07-18T23:16:11,2,9997,0,9999
2023-07-18T23:28:38,2,9997,0,9999
2023-07-18T23:41:05,2,9997,0,9999
2023-07-18T23:53:32,2,9997,0,9999
2023-07-19T00:06:00,2,9997,0,9999
2023-07-19T00:18:32,2,9997,0,9999
2023-07-19T00:31:01,2,9997,0,9999
2023-07-19T00:43:31,2,9997,0,9999
2023-07-19T00:56:02,2,9997,0,9999
2023-07-19T01:08:43,2,9997,0,9999
2023-07-19T01:21:13,2,9997,0,9999
2023-07-19T01:33:43,2,9997,0,9999
2023-07-19T01:46:14,2,9997,0,9999
2023-07-19T01:58:49,2,9997,0,9999
2023-07-19T02:11:21,2,9997,0,9999
2023-07-19T02:23:51,2,9997,0,9999
2023-07-19T02:36:23,2,9997,0,9999
2023-07-19T02:48:51,2,9997,0,9999
2023-07-19T03:01:20,2,9997,0,9999
2023-07-19T03:13:49,2,9997,0,9999
2023-07-19T03:26:19,2,9997,0,9999
2023-07-19T03:38:48,2,9997,0,9999
2023-07-19T03:51:17,2,9997,0,9999
2023-07-19T04:03:46,2,9997,0,9999
2023-07-19T04:21:25,2,9997,0,9999
2023-07-19T04:33:57,2,9997,0,9999
2023-07-19T04:46:28,2,9997,0,9999
2023-07-19T04:59:00,2,9997,0,9999
2023-07-19T05:11:30,2,9997,0,9999
2023-07-19T05:24:00,2,9997,0,9999
2023-07-19T05:36:29,2,9997,0,9999
2023-07-19T05:48:58,2,9997,0,9999
2023-07-19T06:01:27,2,9997,0,9999
2023-07-19T06:13:56,2,9997,0,9999
2023-07-19T06:26:25,2,9997,0,9999
2023-07-19T06:38:53,2,9997,0,9999
2023-07-19T06:51:20,2,9997,0,9999
2023-07-19T07:03:50,2,9997,0,9999
2023-07-19T07:16:19,2,9997,0,9999
2023-07-19T07:28:48,2,9997,0,9999
2023-07-19T07:41:16,2,9997,0,9999
2023-07-19T07:53:45,2,9997,0,9999
2023-07-19T08:06:14,2,9997,0,9999
2023-07-19T08:18:42,2,9997,0,9999
2023-07-19T08:31:10,2,9997,0,9999
2023-07-19T08:43:38,2,9997,0,9999
2023-07-19T08:56:05,2,9997,0,9999
2023-07-19T09:08:31,2,9997,0,9999
2023-07-19T09:20:59,2,9997,0,9999
2023-07-19T09:33:33,2,9997,0,9999
2023-07-19T09:45:59,2,9997,0,9999
2023-07-19T09:58:25,2,9997,0,9999
2023-07-19T10:10:51,2,9997,0,9999
2023-07-19T10:23:17,2,9997,0,9999
2023-07-19T10:35:42,2,9997,0,9999
2023-07-19T10:48:09,2,9997,0,9999
2023-07-19T11:00:35,2,9997,0,9999
2023-07-19T11:13:01,2,9997,0,9999
2023-07-19T11:25:27,2,9997,0,9999
2023-07-19T11:37:54,2,9997,0,9999
2023-07-19T11:50:20,2,9997,0,9999
2023-07-19T12:02:47,2,9997,0,9999
2023-07-19T12:15:25,2,9997,0,9999
2023-07-19T12:27:51,2,9997,0,9999
2023-07-19T12:40:17,2,9997,0,9999
2023-07-19T12:52:43,2,9997,0,9999
2023-07-19T13:05:09,2,9997,0,9999
2023-07-19T13:17:35,2,9997,0,9999
2023-07-19T13:30:01,2,9997,0,9999
2023-07-19T13:42:26,2,9997,0,9999
2023-07-19T13:54:52,2,9997,0,9999
2023-07-19T14:07:18,2,9997,0,9999
2023-07-19T14:19:43,2,9997,0,9999
2023-07-19T14:32:09,2,9997,0,9999
2023-07-19T14:44:44,2,9997,0,9999
2023-07-19T14:57:10,2,9997,0,9999
2023-07-19T15:09:35,2,9997,0,9999
2023-07-19T15:22:00,2,9997,0,9999
2023-07-19T15:34:26,2,9997,0,9999
2023-07-19T15:46:53,2,9997,0,9999
2023-07-19T15:59:19,2,9997,0,9999
2023-07-19T16:11:44,2,9997,0,9999
2023-07-19T16:24:10,2,9997,0,9999
2023-07-19T16:36:36,2,9997,0,9999
2023-07-19T16:49:02,2,9997,0,9999
2023-07-19T17:01:28,2,9997,0,9999
2023-07-19T17:14:02,2,9997,0,9999
2023-07-19T17:26:39,2,9997,0,9999
2023-07-19T17:39:05,2,9997,0,9999
2023-07-19T17:51:32,2,9997,0,9999
2023-07-19T18:03:58,2,9997,0,9999
2023-07-19T18:16:24,2,9997,0,9999
2023-07-19T18:28:50,2,9997,0,9999
2023-07-19T18:41:17,2,9997,0,9999
2023-07-19T18:53:43,2,9997,0,9999
2023-07-19T19:06:22,2,9997,0,9999
2023-07-19T19:18:49,2,9997,0,9999
2023-07-19T19:31:15,2,9997,0,9999
2023-07-19T19:43:43,2,9997,0,9999
2023-07-19T19:56:14,2,9997,0,9999
2023-07-19T20:08:40,2,9997,0,9999
2023-07-19T20:21:18,2,9997,0,9999
2023-07-19T20:33:44,2,9997,0,9999
2023-07-19T20:46:11,2,9997,0,9999
2023-07-19T20:58:37,2,9997,0,9999
2023-07-19T21:11:03,2,9997,0,9999
2023-07-19T21:23:29,2,9997,0,9999
2023-07-19T21:35:55,2,9997,0,9999
2023-07-19T21:48:22,2,9997,0,9999
2023-07-19T22:00:47,2,9997,0,9999
2023-07-19T22:13:13,2,9997,0,9999
2023-07-19T22:25:39,2,9997,0,9999
2023-07-19T22:38:05,2,9997,0,9999
2023-07-19T22:50:31,2,9997,0,9999
2023-07-19T23:02:57,2,9997,0,9999
2023-07-19T23:15:24,2,9997,0,9999
2023-07-19T23:27:51,2,9997,0,9999
2023-07-19T23:40:18,2,9997,0,9999
2023-07-19T23:52:55,2,9997,0,9999
2023-07-20T00:05:22,2,9997,0,9999
2023-07-20T00:17:52,2,9997,0,9999
2023-07-20T00:30:22,2,9997,0,9999
2023-07-20T00:42:53,2,9997,0,9999
2023-07-20T00:55:24,2,9997,0,9999
2023-07-20T01:07:55,2,9997,0,9999
2023-07-20T01:20:25,2,9997,0,9999
2023-07-20T01:32:55,2,9997,0,9999
2023-07-20T01:45:28,2,9997,0,9999
2023-07-20T01:57:59,2,9997,0,9999
2023-07-20T02:10:29,2,9997,0,9999
2023-07-20T02:22:59,2,9997,0,9999
2023-07-20T02:35:27,2,9997,0,9999
2023-07-20T02:47:53,2,9997,0,9999
2023-07-20T03:00:19,2,9997,0,9999
2023-07-20T03:12:47,2,9997,0,9999
2023-07-20T03:25:16,2,9997,0,9999
2023-07-20T03:37:44,2,9997,0,9999
2023-07-20T03:50:13,2,9997,0,9999
2023-07-20T04:02:42,2,9997,0,9999
2023-07-20T04:14:41,2,9997,0,9999
2023-07-20T04:27:14,2,9997,0,9999
2023-07-20T04:39:47,2,9997,0,9999
2023-07-20T04:52:18,2,9997,0,9999
2023-07-20T05:04:49,2,9997,0,9999
2023-07-20T05:17:19,2,9997,0,9999
2023-07-20T05:29:49,2,9997,0,9999
2023-07-20T05:42:19,2,9997,0,9999
2023-07-20T05:54:48,2,9997,0,9999
2023-07-20T06:07:18,2,9997,0,9999
2023-07-20T06:19:47,2,9997,0,9999
2023-07-20T06:32:16,2,9997,0,9999
2023-07-20T06:44:44,2,9997,0,9999
2023-07-20T06:57:13,2,9997,0,9999
2023-07-20T07:09:41,2,9997,0,9999
2023-07-20T07:22:10,2,9997,0,9999
2023-07-20T07:34:37,2,9997,0,9999
2023-07-20T07:47:05,2,9997,0,9999
2023-07-20T07:59:33,2,9997,0,9999
2023-07-20T08:12:01,2,9997,0,9999
2023-07-20T08:24:30,2,9997,0,9999
2023-07-20T08:36:58,2,9997,0,9999
2023-07-20T08:49:30,2,9997,0,9999
2023-07-20T09:01:59,2,9997,0,9999
2023-07-20T09:14:28,2,9997,0,9999
2023-07-20T09:27:05,2,9997,0,9999
2023-07-20T09:39:32,2,9997,0,9999
2023-07-20T09:51:58,2,9997,0,9999
2023-07-20T10:04:24,2,9997,0,9999
2023-07-20T10:16:51,2,9997,0,9999
2023-07-20T10:29:17,2,9997,0,9999
2023-07-20T10:41:43,2,9997,0,9999
2023-07-20T10:54:10,2,9997,0,9999
2023-07-20T11:06:36,2,9997,0,9999
2023-07-20T11:19:02,2,9997,0,9999
2023-07-20T11:31:28,2,9997,0,9999
2023-07-20T11:43:54,2,9997,0,9999
2023-07-20T11:56:21,2,9997,0,9999
2023-07-20T12:09:07,2,9997,0,9999
2023-07-20T12:21:33,2,9997,0,9999
2023-07-20T12:34:00,2,9997,0,9999
2023-07-20T12:46:26,2,9997,0,9999
2023-07-20T12:58:52,2,9997,0,9999
2023-07-20T13:11:19,2,9997,0,9999
2023-07-20T13:23:45,2,9997,0,9999
2023-07-20T13:36:12,2,9997,0,9999
2023-07-20T13:48:38,2,9997,0,9999
2023-07-20T14:01:04,2,9997,0,9999
2023-07-20T14:13:30,2,9997,0,9999
2023-07-20T14:25:56,2,9997,0,9999
2023-07-20T14:38:22,2,9997,0,9999
2023-07-20T14:51:06,2,9997,0,9999
2023-07-20T15:03:33,2,9997,0,9999
2023-07-20T15:15:58,2,9997,0,9999
2023-07-20T15:28:24,2,9997,0,9999
2023-07-20T15:40:50,2,9997,0,9999
2023-07-20T15:53:16,2,9997,0,9999
2023-07-20T16:05:42,2,9997,0,9999
2023-07-20T16:18:08,2,9997,0,9999
2023-07-20T16:30:34,2,9997,0,9999
2023-07-20T16:43:00,2,9997,0,9999
2023-07-20T16:55:26,2,9997,0,9999
2023-07-20T17:07:53,2,9997,0,9999
2023-07-20T17:20:20,2,9997,0,9999
2023-07-20T17:32:49,2,9997,0,9999
2023-07-20T17:45:26,2,9997,0,9999
2023-07-20T17:57:52,2,9997,0,9999
2023-07-20T18:10:18,2,9997,0,9999
2023-07-20T18:22:44,2,9997,0,9999
2023-07-20T18:35:10,2,9997,0,9999
2023-07-20T18:47:36,2,9997,0,9999
2023-07-20T19:00:03,2,9997,0,9999
2023-07-20T19:12:29,2,9997,0,9999
2023-07-20T19:24:56,2,9997,0,9999
2023-07-20T19:37:22,2,9997,0,9999
2023-07-20T19:49:48,2,9997,0,9999
2023-07-20T20:02:15,2,9997,0,9999
2023-07-20T20:14:41,2,9997,0,9999
2023-07-20T20:27:07,2,9997,0,9999
2023-07-20T20:39:33,2,9997,0,9999
2023-07-20T20:52:18,2,9997,0,9999
2023-07-20T21:04:44,2,9997,0,9999
2023-07-20T21:17:10,2,9997,0,9999
2023-07-20T21:29:37,2,9997,0,9999
2023-07-20T21:42:03,2,9997,0,9999
2023-07-20T21:54:29,2,9997,0,9999
2023-07-20T22:06:55,2,9997,0,9999
2023-07-20T22:19:21,2,9997,0,9999
2023-07-20T22:31:47,2,9997,0,9999
2023-07-20T22:44:14,2,9997,0,9999
2023-07-20T22:56:40,2,9997,0,9999
2023-07-20T23:09:06,2,9997,0,9999
2023-07-20T23:21:33,2,9997,0,9999
2023-07-20T23:34:00,2,9997,0,9999
2023-07-20T23:46:27,2,9997,0,9999
2023-07-20T23:58:54,2,9997,0,9999
2023-07-21T00:11:33,2,9997,0,9999
2023-07-21T00:24:06,2,9997,0,9999
2023-07-21T00:36:35,2,9997,0,9999
2023-07-21T00:49:05,2,9997,0,9999
2023-07-21T01:01:36,2,9997,0,9999
2023-07-21T01:14:06,2,9997,0,9999
2023-07-21T01:26:35,2,9997,0,9999
2023-07-21T01:39:06,2,9997,0,9999
2023-07-21T01:51:37,2,9997,0,9999
2023-07-21T02:04:06,2,9997,0,9999
2023-07-21T02:16:35,2,9997,0,9999
2023-07-21T02:29:01,2,9997,0,9999
2023-07-21T02:41:29,2,9997,0,9999
2023-07-21T02:53:56,2,9997,0,9999
2023-07-21T03:06:27,2,9997,0,9999
2023-07-21T03:18:59,2,9997,0,9999
2023-07-21T03:31:46,2,9997,0,9999
2023-07-21T03:44:16,2,9997,0,9999
2023-07-21T03:56:46,2,9997,0,9999
2023-07-21T04:15:18,2,9997,0,9999
2023-07-21T04:27:54,2,9997,0,9999
2023-07-21T04:40:26,2,9997,0,9999
2023-07-21T04:52:57,2,9997,0,9999
2023-07-21T05:05:28,2,9997,0,9999
2023-07-21T05:17:58,2,9997,0,9999
2023-07-21T05:30:28,2,9997,0,9999
2023-07-21T05:42:59,2,9997,0,9999
2023-07-21T05:55:30,2,9997,0,9999
2023-07-21T06:08:00,2,9997,0,9999
2023-07-21T06:20:30,2,9997,0,9999
2023-07-21T06:33:00,2,9997,0,9999
2023-07-21T06:45:29,2,9997,0,9999
2023-07-21T06:57:59,2,9997,0,9999
2023-07-21T07:10:29,2,9997,0,9999
2023-07-21T07:22:58,2,9997,0,9999
2023-07-21T07:35:26,2,9997,0,9999
2023-07-21T07:47:55,2,9997,0,9999
2023-07-21T08:00:24,2,9997,0,9999
2023-07-21T08:12:53,2,9997,0,9999
2023-07-21T08:25:22,2,9997,0,9999
2023-07-21T08:38:06,2,9997,0,9999
2023-07-21T08:50:33,2,9997,0,9999
2023-07-21T09:03:00,2,9997,0,9999
2023-07-21T09:15:26,2,9997,0,9999
2023-07-21T09:27:53,2,9997,0,9999
2023-07-21T09:40:20,2,9997,0,9999
2023-07-21T09:52:46,2,9997,0,9999
2023-07-21T10:05:13,2,9997,0,9999
2023-07-21T10:17:41,2,9997,0,9999
2023-07-21T10:30:08,2,9997,0,9999
2023-07-21T10:42:34,2,9997,0,9999
2023-07-21T10:55:01,2,9997,0,9999
2023-07-21T11:07:28,2,9997,0,9999
2023-07-21T11:19:54,2,9997,0,9999
2023-07-21T11:32:21,2,9997,0,9999
2023-07-21T11:44:48,2,9997,0,9999
2023-07-21T11:57:24,2,9997,0,9999
2023-07-21T12:09:51,2,9997,0,9999
2023-07-21T12:22:18,2,9997,0,9999
2023-07-21T12:34:44,2,9997,0,9999
2023-07-21T12:47:11,2,9997,0,9999
2023-07-21T12:59:37,2,9997,0,9999
2023-07-21T13:12:03,2,9997,0,9999
2023-07-21T13:24:31,2,9997,0,9999
2023-07-21T13:36:58,2,9997,0,9999
2023-07-21T13:49:26,2,9997,0,9999
2023-07-21T14:01:54,2,9997,0,9999
2023-07-21T14:14:23,2,9997,0,9999
2023-07-21T14:26:51,2,9997,0,9999
2023-07-21T14:39:31,2,9997,0,9999
2023-07-21T14:51:59,2,9997,0,9999
2023-07-21T15:04:28,2,9997,0,9999
2023-07-21T15:16:56,2,9997,0,9999
2023-07-21T15:29:20,2,9997,0,9999
2023-07-21T15:41:45,2,9997,0,9999
2023-07-21T15:54:08,2,9997,0,9999
2023-07-21T16:06:31,2,9997,0,9999
2023-07-21T16:18:57,2,9997,0,9999
2023-07-21T16:31:24,2,9997,0,9999
2023-07-21T16:43:51,2,9997,0,9999
2023-07-21T16:56:18,2,9997,0,9999
2023-07-21T17:09:08,2,9997,0,9999
2023-07-21T17:21:36,2,9997,0,9999
2023-07-21T17:34:03,2,9997,0,9999
2023-07-21T17:46:31,2,9997,0,9999
2023-07-21T17:58:58,2,9997,0,9999
2023-07-21T18:11:24,2,9997,0,9999
2023-07-21T18:23:52,2,9997,0,9999
2023-07-21T18:36:18,2,9997,0,9999
2023-07-21T18:48:44,2,9997,0,9999
2023-07-21T19:01:11,2,9997,0,9999
2023-07-21T19:13:38,2,9997,0,9999
2023-07-21T19:26:04,2,9997,0,9999
2023-07-21T19:38:42,2,9997,0,9999
2023-07-21T19:51:09,2,9997,0,9999
2023-07-21T20:03:35,2,9997,0,9999
2023-07-21T20:16:02,2,9997,0,9999
2023-07-21T20:28:29,2,9997,0,9999
2023-07-21T20:40:55,2,9997,0,9999
2023-07-21T20:53:22,2,9997,0,9999
2023-07-21T21:05:48,2,9997,0,9999
2023-07-21T21:18:15,2,9997,0,9999
2023-07-21T21:30:41,2,9997,0,9999
2023-07-21T21:43:08,2,9997,0,9999
2023-07-21T21:55:34,2,9997,0,9999
2023-07-21T22:08:01,2,9997,0,9999
2023-07-21T22:20:27,2,9997,0,9999
2023-07-21T22:32:55,2,9997,0,9999
2023-07-21T22:45:22,2,9997,0,9999
2023-07-21T22:57:48,2,9997,0,9999
2023-07-21T23:10:16,2,9997,0,9999
2023-07-21T23:22:53,2,9997,0,9999
2023-07-21T23:35:21,2,9997,0,9999
2023-07-21T23:47:48,2,9997,0,9999
2023-07-22T00:00:14,2,9997,0,9999
2023-07-22T00:12:47,2,9997,0,9999
2023-07-22T00:25:19,2,9997,0,9999
2023-07-22T00:37:49,2,9997,0,9999
2023-07-22T00:50:20,2,9997,0,9999
2023-07-22T01:02:50,2,9997,0,9999
2023-07-22T01:15:20,2,9997,0,9999
2023-07-22T01:27:51,2,9997,0,9999
2023-07-22T01:40:23,2,9997,0,9999
2023-07-22T01:52:54,2,9997,0,9999
2023-07-22T02:05:24,2,9997,0,9999
2023-07-22T02:17:53,2,9997,0,9999
2023-07-22T02:30:19,2,9997,0,9999
2023-07-22T02:42:47,2,9997,0,9999
2023-07-22T02:55:14,2,9997,0,9999
2023-07-22T03:07:42,2,9997,0,9999
2023-07-22T03:20:13,2,9997,0,9999
2023-07-22T03:32:43,2,9997,0,9999
2023-07-22T03:45:12,2,9997,0,9999
2023-07-22T03:57:52,2,9997,0,9999
2023-07-22T04:14:03,2,9997,0,9999
2023-07-22T04:26:36,2,9997,0,9999
2023-07-22T04:39:07,2,9997,0,9999
2023-07-22T04:51:37,2,9997,0,9999
2023-07-22T05:04:06,2,9997,0,9999
2023-07-22T05:16:34,2,9997,0,9999
2023-07-22T05:29:00,2,9997,0,9999
2023-07-22T05:41:27,2,9997,0,9999
2023-07-22T05:53:53,2,9997,0,9999
2023-07-22T06:06:19,2,9997,0,9999
2023-07-22T06:18:49,2,9997,0,9999
2023-07-22T06:31:20,2,9997,0,9999
2023-07-22T06:43:51,2,9997,0,9999
2023-07-22T06:56:21,2,9997,0,9999
2023-07-22T07:08:51,2,9997,0,9999
2023-07-22T07:21:21,2,9997,0,9999
2023-07-22T07:33:50,2,9997,0,9999
2023-07-22T07:46:19,2,9997,0,9999
2023-07-22T07:58:49,2,9997,0,9999
2023-07-22T08:11:19,2,9997,0,9999
2023-07-22T08:23:48,2,9997,0,9999
2023-07-22T08:36:18,2,9997,0,9999
2023-07-22T08:48:57,2,9997,0,9999
2023-07-22T09:01:27,2,9997,0,9999
2023-07-22T09:13:56,2,9997,0,9999
2023-07-22T09:26:26,2,9997,0,9999
2023-07-22T09:38:56,2,9997,0,9999
2023-07-22T09:51:25,2,9997,0,9999
2023-07-22T10:03:55,2,9997,0,9999
2023-07-22T10:16:24,2,9997,0,9999
2023-07-22T10:28:54,2,9997,0,9999
2023-07-22T10:41:23,2,9997,0,9999
2023-07-22T10:53:53,2,9997,0,9999
2023-07-22T11:06:22,2,9997,0,9999
2023-07-22T11:18:52,2,9997,0,9999
2023-07-22T11:31:22,2,9997,0,9999
2023-07-22T11:43:51,2,9997,0,9999
2023-07-22T11:56:20,2,9997,0,9999
2023-07-22T12:08:47,2,9997,0,9999
2023-07-22T12:21:13,2,9997,0,9999
2023-07-22T12:33:40,2,9997,0,9999
2023-07-22T12:46:06,2,9997,0,9999
2023-07-22T12:58:32,2,9997,0,9999
2023-07-22T13:10:59,2,9997,0,9999
2023-07-22T13:23:36,2,9997,0,9999
2023-07-22T13:36:02,2,9997,0,9999
2023-07-22T13:48:28,2,9997,0,9999
2023-07-22T14:00:55,2,9997,0,9999
2023-07-22T14:13:21,2,9997,0,9999
2023-07-22T14:25:48,2,9997,0,9999
2023-07-22T14:38:14,2,9997,0,9999
2023-07-22T14:50:41,2,9997,0,9999
2023-07-22T15:03:07,2,9997,0,9999
2023-07-22T15:15:36,2,9997,0,9999
2023-07-22T15:28:02,2,9997,0,9999
2023-07-22T15:40:28,2,9997,0,9999
2023-07-22T15:52:54,2,9997,0,9999
2023-07-22T16:05:20,2,9997,0,9999
2023-07-22T16:17:46,2,9997,0,9999
2023-07-22T16:30:13,2,9997,0,9999
2023-07-22T16:42:39,2,9997,0,9999
2023-07-22T16:55:15,2,9997,0,9999
2023-07-22T17:07:42,2,9997,0,9999
2023-07-22T17:20:09,2,9997,0,9999
2023-07-22T17:32:35,2,9997,0,9999
2023-07-22T17:45:01,2,9997,0,9999
2023-07-22T17:57:28,2,9997,0,9999
2023-07-22T18:09:54,2,9997,0,9999
2023-07-22T18:22:20,2,9997,0,9999
2023-07-22T18:34:47,2,9997,0,9999
2023-07-22T18:47:13,2,9997,0,9999
2023-07-22T18:59:39,2,9997,0,9999
2023-07-22T19:12:06,2,9997,0,9999
2023-07-22T19:24:32,2,9997,0,9999
2023-07-22T19:36:58,2,9997,0,9999
2023-07-22T19:49:25,2,9997,0,9999
2023-07-22T20:01:51,2,9997,0,9999
2023-07-22T20:14:17,2,9997,0,9999
2023-07-22T20:26:43,2,9997,0,9999
2023-07-22T20:39:09,2,9997,0,9999
2023-07-22T20:51:35,2,9997,0,9999
2023-07-22T21:04:02,2,9997,0,9999
2023-07-22T21:16:28,2,9997,0,9999
2023-07-22T21:28:54,2,9997,0,9999
2023-07-22T21:41:31,2,9997,0,9999
2023-07-22T21:53:57,2,9997,0,9999
2023-07-22T22:06:23,2,9997,0,9999
2023-07-22T22:18:49,2,9997,0,9999
2023-07-22T22:31:16,2,9997,0,9999
2023-07-22T22:43:42,2,9997,0,9999
2023-07-22T22:56:08,2,9997,0,9999
2023-07-22T23:08:35,2,9997,0,9999
2023-07-22T23:21:01,2,9997,0,9999
2023-07-22T23:33:28,2,9997,0,9999
2023-07-22T23:45:54,2,9997,0,9999
2023-07-22T23:58:21,2,9997,0,9999
2023-07-23T00:10:49,2,9997,0,9999
2023-07-23T00:23:20,2,9997,0,9999
2023-07-23T00:35:49,2,9997,0,9999
2023-07-23T00:48:19,2,9997,0,9999
2023-07-23T01:00:59,2,9997,0,9999
2023-07-23T01:13:27,2,9997,0,9999
2023-07-23T01:25:55,2,9997,0,9999
2023-07-23T01:38:24,2,9997,0,9999
2023-07-23T01:50:54,2,9997,0,9999
2023-07-23T02:03:25,2,9997,0,9999
2023-07-23T02:15:55,2,9997,0,9999
2023-07-23T02:28:24,2,9997,0,9999
2023-07-23T02:40:57,2,9997,0,9999
2023-07-23T02:53:25,2,9997,0,9999
2023-07-23T03:05:54,2,9997,0,9999
2023-07-23T03:18:24,2,9997,0,9999
2023-07-23T03:30:54,2,9997,0,9999
2023-07-23T03:43:23,2,9997,0,9999
2023-07-23T03:55:52,2,9997,0,9999
2023-07-23T04:08:22,2,9997,0,9999
2023-07-23T04:19:07,2,9997,0,9999
2023-07-23T04:31:40,2,9997,0,9999
2023-07-23T04:44:12,2,9997,0,9999
2023-07-23T04:56:43,2,9997,0,9999
2023-07-23T05:09:13,2,9997,0,9999
2023-07-23T05:21:42,2,9997,0,9999
2023-07-23T05:34:13,2,9997,0,9999
2023-07-23T05:46:43,2,9997,0,9999
2023-07-23T05:59:13,2,9997,0,9999
2023-07-23T06:11:42,2,9997,0,9999
2023-07-23T06:24:12,2,9997,0,9999
2023-07-23T06:36:42,2,9997,0,9999
2023-07-23T06:49:11,2,9997,0,9999
2023-07-23T07:01:39,2,9997,0,9999
2023-07-23T07:14:06,2,9997,0,9999
2023-07-23T07:26:32,2,9997,0,9999
2023-07-23T07:38:59,2,9997,0,9999
2023-07-23T07:51:26,2,9997,0,9999
2023-07-23T08:03:52,2,9997,0,9999
2023-07-23T08:16:18,2,9997,0,9999
2023-07-23T08:28:45,2,9997,0,9999
2023-07-23T08:41:15,2,9997,0,9999
2023-07-23T08:53:41,2,9997,0,9999
2023-07-23T09:06:08,2,9997,0,9999
2023-07-23T09:18:35,2,9997,0,9999
2023-07-23T09:31:01,2,9997,0,9999
2023-07-23T09:43:29,2,9997,0,9999
2023-07-23T09:55:55,2,9997,0,9999
2023-07-23T10:08:22,2,9997,0,9999
2023-07-23T10:20:49,2,9997,0,9999
2023-07-23T10:33:16,2,9997,0,9999
2023-07-23T10:45:43,2,9997,0,9999
2023-07-23T10:58:10,2,9997,0,9999
2023-07-23T11:10:38,2,9997,0,9999
2023-07-23T11:23:06,2,9997,0,9999
2023-07-23T11:35:33,2,9997,0,9999
2023-07-23T11:47:59,2,9997,0,9999
2023-07-23T12:00:26,2,9997,0,9999
2023-07-23T12:12:53,2,9997,0,9999
2023-07-23T12:25:29,2,9997,0,9999
2023-07-23T12:37:56,2,9997,0,9999
2023-07-23T12:50:23,2,9997,0,9999
2023-07-23T13:02:49,2,9997,0,9999
2023-07-23T13:15:16,2,9997,0,9999
2023-07-23T13:27:42,2,9997,0,9999
2023-07-23T13:40:09,2,9997,0,9999
2023-07-23T13:52:35,2,9997,0,9999
2023-07-23T14:05:01,2,9997,0,9999
2023-07-23T14:17:27,2,9997,0,9999
2023-07-23T14:29:54,2,9997,0,9999
2023-07-23T14:42:20,2,9997,0,9999
2023-07-23T14:54:46,2,9997,0,9999
2023-07-23T15:07:12,2,9997,0,9999
2023-07-23T15:19:38,2,9997,0,9999
2023-07-23T15:32:04,2,9997,0,9999
2023-07-23T15:44:30,2,9997,0,9999
2023-07-23T15:56:57,2,9997,0,9999
2023-07-23T16:09:24,2,9997,0,9999
2023-07-23T16:21:51,2,9997,0,9999
2023-07-23T16:34:18,2,9997,0,9999
2023-07-23T16:46:44,2,9997,0,9999
2023-07-23T16:59:11,2,9997,0,9999
2023-07-23T17:11:47,2,9997,0,9999
2023-07-23T17:24:14,2,9997,0,9999
2023-07-23T17:36:40,2,9997,0,9999
2023-07-23T17:49:06,2,9997,0,9999
2023-07-23T18:01:32,2,9997,0,9999
2023-07-23T18:13:59,2,9997,0,9999
2023-07-23T18:26:25,2,9997,0,9999
2023-07-23T18:38:52,2,9997,0,9999
2023-07-23T18:51:18,2,9997,0,9999
2023-07-23T19:03:46,2,9997,0,9999
2023-07-23T19:16:14,2,9997,0,9999
2023-07-23T19:28:41,2,9997,0,9999
2023-07-23T19:41:07,2,9997,0,9999
2023-07-23T19:53:33,2,9997,0,9999
2023-07-23T20:05:59,2,9997,0,9999
2023-07-23T20:18:36,2,9997,0,9999
2023-07-23T20:31:02,2,9997,0,9999
2023-07-23T20:43:28,2,9997,0,9999
2023-07-23T20:55:55,2,9997,0,9999
2023-07-23T21:08:21,2,9997,0,9999
2023-07-23T21:20:48,2,9997,0,9999
2023-07-23T21:33:15,2,9997,0,9999
2023-07-23T21:45:41,2,9997,0,9999
2023-07-23T21:58:08,2,9997,0,9999
2023-07-23T22:10:34,2,9997,0,9999
2023-07-23T22:23:01,2,9997,0,9999
2023-07-23T22:35:28,2,9997,0,9999
2023-07-23T22:47:54,2,9997,0,9999
2023-07-23T23:00:20,2,9997,0,9999
2023-07-23T23:12:48,2,9997,0,9999
2023-07-23T23:25:15,2,9997,0,9999
2023-07-23T23:37:43,2,9997,0,9999
2023-07-23T23:50:09,2,9997,0,9999
2023-07-24T00:02:46,2,9997,0,9999
2023-07-24T00:15:21,2,9997,0,9999
2023-07-24T00:27:59,2,9997,0,9999
2023-07-24T00:40:35,2,9997,0,9999
2023-07-24T00:53:05,2,9997,0,9999
2023-07-24T01:05:32,2,9997,0,9999
2023-07-24T01:18:04,2,9997,0,9999
2023-07-24T01:30:35,2,9997,0,9999
2023-07-24T01:43:06,2,9997,0,9999
2023-07-24T01:55:37,2,9997,0,9999
2023-07-24T02:08:18,2,9997,0,9999
2023-07-24T02:20:48,2,9997,0,9999
2023-07-24T02:33:17,2,9997,0,9999
2023-07-24T02:45:46,2,9997,0,9999
2023-07-24T02:58:14,2,9997,0,9999
2023-07-24T03:10:43,2,9997,0,9999
2023-07-24T03:23:13,2,9997,0,9999
2023-07-24T03:35:42,2,9997,0,9999
2023-07-24T03:48:12,2,9997,0,9999
2023-07-24T04:00:42,2,9997,0,9999
2023-07-24T04:17:02,2,9997,0,9999
2023-07-24T04:29:35,2,9997,0,9999
2023-07-24T04:42:08,2,9997,0,9999
2023-07-24T04:54:39,2,9997,0,9999
2023-07-24T05:07:11,2,9997,0,9999
2023-07-24T05:19:40,2,9997,0,9999
2023-07-24T05:32:11,2,9997,0,9999
2023-07-24T05:44:42,2,9997,0,9999
2023-07-24T05:57:12,2,9997,0,9999
2023-07-24T06:09:41,2,9997,0,9999
2023-07-24T06:22:11,2,9997,0,9999
2023-07-24T06:34:42,2,9997,0,9999
2023-07-24T06:47:12,2,9997,0,9999
2023-07-24T06:59:41,2,9997,0,9999
2023-07-24T07:12:10,2,9997,0,9999
2023-07-24T07:24:37,2,9997,0,9999
2023-07-24T07:37:03,2,9997,0,9999
2023-07-24T07:49:30,2,9997,0,9999
2023-07-24T08:01:56,2,9997,0,9999
2023-07-24T08:14:23,2,9997,0,9999
2023-07-24T08:26:50,2,9997,0,9999
2023-07-24T08:39:17,2,9997,0,9999
2023-07-24T08:51:44,2,9997,0,9999
2023-07-24T09:04:11,2,9997,0,9999
2023-07-24T09:16:41,2,9997,0,9999
2023-07-24T09:29:16,2,9997,0,9999
2023-07-24T09:41:42,2,9997,0,9999
2023-07-24T09:54:09,2,9997,0,9999
2023-07-24T10:06:35,2,9997,0,9999
2023-07-24T10:19:02,2,9997,0,9999
2023-07-24T10:31:29,2,9997,0,9999
2023-07-24T10:43:55,2,9997,0,9999
2023-07-24T10:56:22,2,9997,0,9999
2023-07-24T11:08:48,2,9997,0,9999
2023-07-24T11:21:15,2,9997,0,9999
2023-07-24T11:33:42,2,9997,0,9999
2023-07-24T11:46:09,2,9997,0,9999
2023-07-24T11:58:35,2,9997,0,9999
2023-07-24T12:11:12,2,9997,0,9999
2023-07-24T12:23:39,2,9997,0,9999
2023-07-24T12:36:07,2,9997,0,9999
2023-07-24T12:48:34,2,9997,0,9999
2023-07-24T13:01:00,2,9997,0,9999
2023-07-24T13:13:27,2,9997,0,9999
2023-07-24T13:25:53,2,9997,0,9999
2023-07-24T13:38:20,2,9997,0,9999
2023-07-24T13:50:48,2,9997,0,9999
2023-07-24T14:03:17,2,9997,0,9999
2023-07-24T14:15:44,2,9997,0,9999
2023-07-24T14:28:21,2,9997,0,9999
2023-07-24T14:40:48,2,9997,0,9999
2023-07-24T14:53:15,2,9997,0,9999
2023-07-24T15:05:42,2,9997,0,9999
2023-07-24T15:18:10,2,9997,0,9999
2023-07-24T15:30:36,2,9997,0,9999
2023-07-24T15:43:04,2,9997,0,9999
2023-07-24T15:55:31,2,9997,0,9999
2023-07-24T16:07:57,2,9997,0,9999
2023-07-24T16:20:24,2,9997,0,9999
2023-07-24T16:32:51,2,9997,0,9999
2023-07-24T16:45:30,2,9997,0,9999
2023-07-24T16:57:57,2,9997,0,9999
2023-07-24T17:10:25,2,9997,0,9999
2023-07-24T17:22:52,2,9997,0,9999
2023-07-24T17:35:19,2,9997,0,9999
2023-07-24T17:47:46,2,9997,0,9999
2023-07-24T18:00:12,2,9997,0,9999
2023-07-24T18:12:39,2,9997,0,9999
2023-07-24T18:25:06,2,9997,0,9999
2023-07-24T18:37:34,2,9997,0,9999
2023-07-24T18:50:01,2,9997,0,9999
2023-07-24T19:02:28,2,9997,0,9999
2023-07-24T19:14:55,2,9997,0,9999
2023-07-24T19:27:23,2,9997,0,9999
2023-07-24T19:40:00,2,9997,0,9999
2023-07-24T19:52:27,2,9997,0,9999
2023-07-24T20:04:55,2,9997,0,9999
2023-07-24T20:17:22,2,9997,0,9999
2023-07-24T20:29:49,2,9997,0,9999
2023-07-24T20:42:16,2,9997,0,9999
2023-07-24T20:54:43,2,9997,0,9999
2023-07-24T21:07:09,2,9997,0,9999
2023-07-24T21:19:36,2,9997,0,9999
2023-07-24T21:32:03,2,9997,0,9999
2023-07-24T21:44:30,2,9997,0,9999
2023-07-24T21:56:57,2,9997,0,9999
2023-07-24T22:09:24,2,9997,0,9999
2023-07-24T22:21:51,2,9997,0,9999
2023-07-24T22:34:29,2,9997,0,9999
2023-07-24T22:46:56,2,9997,0,9999
2023-07-24T22:59:24,2,9997,0,9999
2023-07-24T23:11:51,2,9997,0,9999
2023-07-24T23:24:19,2,9997,0,9999
2023-07-24T23:36:47,2,9997,0,9999
2023-07-24T23:49:14,2,9997,0,9999
2023-07-25T00:01:42,2,9997,0,9999
2023-07-25T00:14:11,2,9997,0,9999
2023-07-25T00:26:44,2,9997,0,9999
2023-07-25T00:39:15,2,9997,0,9999
2023-07-25T00:51:45,2,9997,0,9999
2023-07-25T01:04:17,2,9997,0,9999
2023-07-25T01:16:47,2,9997,0,9999
2023-07-25T01:29:18,2,9997,0,9999
2023-07-25T01:41:47,2,9997,0,9999
2023-07-25T01:54:30,2,9997,0,9999
2023-07-25T02:07:01,2,9997,0,9999
2023-07-25T02:19:30,2,9997,0,9999
2023-07-25T02:31:59,2,9997,0,9999
2023-07-25T02:44:28,2,9997,0,9999
2023-07-25T02:56:55,2,9997,0,9999
2023-07-25T03:09:23,2,9997,0,9999
2023-07-25T03:21:52,2,9997,0,9999
2023-07-25T03:34:21,2,9997,0,9999
2023-07-25T03:46:50,2,9997,0,9999
2023-07-25T03:59:20,2,9997,0,9999
2023-07-25T04:15:36,2,9997,0,9999
2023-07-25T04:28:09,2,9997,0,9999
2023-07-25T04:40:40,2,9997,0,9999
2023-07-25T04:53:13,2,9997,0,9999
2023-07-25T05:05:44,2,9997,0,9999
2023-07-25T05:18:15,2,9997,0,9999
2023-07-25T05:30:45,2,9997,0,9999
2023-07-25T05:43:15,2,9997,0,9999
2023-07-25T05:55:45,2,9997,0,9999
2023-07-25T06:08:15,2,9997,0,9999
2023-07-25T06:20:45,2,9997,0,9999
2023-07-25T06:33:16,2,9997,0,9999
2023-07-25T06:45:45,2,9997,0,9999
2023-07-25T06:58:14,2,9997,0,9999
2023-07-25T07:10:43,2,9997,0,9999
2023-07-25T07:23:12,2,9997,0,9999
2023-07-25T07:35:41,2,9997,0,9999
2023-07-25T07:48:10,2,9997,0,9999
2023-07-25T08:00:38,2,9997,0,9999
2023-07-25T08:13:06,2,9997,0,9999
2023-07-25T08:25:36,2,9997,0,9999
2023-07-25T08:38:05,2,9997,0,9999
2023-07-25T08:50:43,2,9997,0,9999
2023-07-25T09:03:11,2,9997,0,9999
2023-07-25T09:15:41,2,9997,0,9999
2023-07-25T09:28:11,2,9997,0,9999
2023-07-25T09:40:42,2,9997,0,9999
2023-07-25T09:53:10,2,9997,0,9999
2023-07-25T10:05:38,2,9997,0,9999
2023-07-25T10:18:07,2,9997,0,9999
2023-07-25T10:30:34,2,9997,0,9999
2023-07-25T10:43:01,2,9997,0,9999
2023-07-25T10:55:39,2,9997,0,9999
2023-07-25T11:08:06,2,9997,0,9999
2023-07-25T11:20:34,2,9997,0,9999
2023-07-25T11:33:02,2,9997,0,9999
2023-07-25T11:45:29,2,9997,0,9999
2023-07-25T11:57:56,2,9997,0,9999
2023-07-25T12:10:24,2,9997,0,9999
2023-07-25T12:23:01,2,9997,0,9999
2023-07-25T12:35:29,2,9997,0,9999
2023-07-25T12:47:56,2,9997,0,9999
2023-07-25T13:00:23,2,9997,0,9999
2023-07-25T13:12:50,2,9997,0,9999
2023-07-25T13:25:18,2,9997,0,9999
2023-07-25T13:37:45,2,9997,0,9999
2023-07-25T13:50:23,2,9997,0,9999
2023-07-25T14:02:51,2,9997,0,9999
2023-07-25T14:15:19,2,9997,0,9999
2023-07-25T14:27:47,2,9997,0,9999
2023-07-25T14:40:16,2,9997,0,9999
2023-07-25T14:52:45,2,9997,0,9999
2023-07-25T15:05:13,2,9997,0,9999
2023-07-25T15:17:53,2,9997,0,9999
2023-07-25T15:30:22,2,9997,0,9999
2023-07-25T15:42:51,2,9997,0,9999
2023-07-25T15:55:19,2,9997,0,9999
2023-07-25T16:07:48,2,9997,0,9999
2023-07-25T16:20:17,2,9997,0,9999
2023-07-25T16:32:46,2,9997,0,9999
2023-07-25T16:45:15,2,9997,0,9999
2023-07-25T16:57:44,2,9997,0,9999
2023-07-25T17:10:25,2,9997,0,9999
2023-07-25T17:22:55,2,9997,0,9999
2023-07-25T17:35:24,2,9997,0,9999
2023-07-25T17:47:52,2,9997,0,9999
2023-07-25T18:00:21,2,9997,0,9999
2023-07-25T18:12:50,2,9997,0,9999
2023-07-25T18:25:19,2,9997,0,9999
2023-07-25T18:37:48,2,9997,0,9999
2023-07-25T18:50:17,2,9997,0,9999
2023-07-25T19:02:46,2,9997,0,9999
2023-07-25T19:15:26,2,9997,0,9999
2023-07-25T19:27:55,2,9997,0,9999
2023-07-25T19:40:24,2,9997,0,9999
2023-07-25T19:52:53,2,9997,0,9999
2023-07-25T20:05:22,2,9997,0,9999
2023-07-25T20:17:51,2,9997,0,9999
2023-07-25T20:30:20,2,9997,0,9999
2023-07-25T20:42:49,2,9997,0,9999
2023-07-25T20:55:18,2,9997,0,9999
2023-07-25T21:07:47,2,9997,0,9999
2023-07-25T21:20:16,2,9997,0,9999
2023-07-25T21:32:44,2,9997,0,9999
2023-07-25T21:45:13,2,9997,0,9999
2023-07-25T21:57:42,2,9997,0,9999
2023-07-25T22:10:12,2,9997,0,9999
2023-07-25T22:22:52,2,9997,0,9999
2023-07-25T22:35:22,2,9997,0,9999
2023-07-25T22:47:51,2,9997,0,9999
2023-07-25T23:00:20,2,9997,0,9999
2023-07-25T23:12:50,2,9997,0,9999
2023-07-25T23:25:20,2,9997,0,9999
2023-07-25T23:37:50,2,9997,0,9999
2023-07-25T23:50:19,2,9997,0,9999
2023-07-26T00:02:49,2,9997,0,9999
2023-07-26T00:15:23,2,9997,0,9999
2023-07-26T00:27:56,2,9997,0,9999
2023-07-26T00:40:29,2,9997,0,9999
2023-07-26T00:53:02,2,9997,0,9999
2023-07-26T01:05:36,2,9997,0,9999
2023-07-26T01:18:18,2,9997,0,9999
2023-07-26T01:30:51,2,9997,0,9999
2023-07-26T01:43:24,2,9997,0,9999
2023-07-26T01:56:02,2,9997,0,9999
2023-07-26T02:08:36,2,9997,0,9999
2023-07-26T02:21:10,2,9997,0,9999
2023-07-26T02:33:44,2,9997,0,9999
2023-07-26T02:46:16,2,9997,0,9999
2023-07-26T02:58:47,2,9997,0,9999
2023-07-26T03:11:20,2,9997,0,9999
2023-07-26T03:23:52,2,9997,0,9999
2023-07-26T03:36:24,2,9997,0,9999
2023-07-26T03:48:57,2,9997,0,9999
2023-07-26T04:01:29,2,9997,0,9999
2023-07-26T04:14:02,2,9997,0,9999
2023-07-26T04:28:12,2,9997,0,9999
2023-07-26T04:40:48,2,9997,0,9999
2023-07-26T04:53:22,2,9997,0,9999
2023-07-26T05:05:57,2,9997,0,9999
2023-07-26T05:18:29,2,9997,0,9999
2023-07-26T05:31:02,2,9997,0,9999
2023-07-26T05:43:33,2,9997,0,9999
2023-07-26T05:56:07,2,9997,0,9999
2023-07-26T06:08:39,2,9997,0,9999
2023-07-26T06:21:09,2,9997,0,9999
2023-07-26T06:33:41,2,9997,0,9999
2023-07-26T06:46:13,2,9997,0,9999
2023-07-26T06:58:44,2,9997,0,9999
2023-07-26T07:11:16,2,9997,0,9999
2023-07-26T07:23:45,2,9997,0,9999
2023-07-26T07:36:14,2,9997,0,9999
2023-07-26T07:48:44,2,9997,0,9999
2023-07-26T08:01:16,2,9997,0,9999
2023-07-26T08:13:48,2,9997,0,9999
2023-07-26T08:26:20,2,9997,0,9999
2023-07-26T08:38:51,2,9997,0,9999
2023-07-26T08:51:32,2,9997,0,9999
2023-07-26T09:04:02,2,9997,0,9999
2023-07-26T09:16:31,2,9997,0,9999
2023-07-26T09:29:00,2,9997,0,9999
2023-07-26T09:41:29,2,9997,0,9999
2023-07-26T09:53:59,2,9997,0,9999
2023-07-26T10:06:28,2,9997,0,9999
2023-07-26T10:18:57,2,9997,0,9999
2023-07-26T10:31:25,2,9997,0,9999
2023-07-26T10:43:55,2,9997,0,9999
2023-07-26T10:56:34,2,9997,0,9999
2023-07-26T11:09:03,2,9997,0,9999
2023-07-26T11:21:32,2,9997,0,9999
2023-07-26T11:34:01,2,9997,0,9999
2023-07-26T11:46:30,2,9997,0,9999
2023-07-26T11:58:59,2,9997,0,9999
2023-07-26T12:11:28,2,9997,0,9999
2023-07-26T12:23:57,2,9997,0,9999
2023-07-26T12:36:26,2,9997,0,9999
2023-07-26T12:48:55,2,9997,0,9999
2023-07-26T13:01:36,2,9997,0,9999
2023-07-26T13:14:05,2,9997,0,9999
2023-07-26T13:26:33,2,9997,0,9999
2023-07-26T13:39:02,2,9997,0,9999
2023-07-26T13:51:31,2,9997,0,9999
2023-07-26T14:04:10,2,9997,0,9999
2023-07-26T14:16:39,2,9997,0,9999
2023-07-26T14:29:07,2,9997,0,9999
2023-07-26T14:41:36,2,9997,0,9999
2023-07-26T14:54:04,2,9997,0,9999
2023-07-26T15:06:34,2,9997,0,9999
2023-07-26T15:19:03,2,9997,0,9999
2023-07-26T15:31:32,2,9997,0,9999
2023-07-26T15:44:13,2,9997,0,9999
2023-07-26T15:56:42,2,9997,0,9999
2023-07-26T16:09:10,2,9997,0,9999
2023-07-26T16:21:39,2,9997,0,9999
2023-07-26T16:34:08,2,9997,0,9999
2023-07-26T16:46:37,2,9997,0,9999
2023-07-26T16:59:05,2,9997,0,9999
2023-07-26T17:11:35,2,9997,0,9999
2023-07-26T17:24:04,2,9997,0,9999
2023-07-26T17:36:33,2,9997,0,9999
2023-07-26T17:49:02,2,9997,0,9999
2023-07-26T18:01:41,2,9997,0,9999
2023-07-26T18:14:10,2,9997,0,9999
2023-07-26T18:26:39,2,9997,0,9999
2023-07-26T18:39:08,2,9997,0,9999
2023-07-26T18:51:37,2,9997,0,9999
2023-07-26T19:04:06,2,9997,0,9999
2023-07-26T19:16:35,2,9997,0,9999
2023-07-26T19:29:04,2,9997,0,9999
2023-07-26T19:41:33,2,9997,0,9999
2023-07-26T19:54:02,2,9997,0,9999
2023-07-26T20:06:31,2,9997,0,9999
2023-07-26T20:19:11,2,9997,0,9999
2023-07-26T20:31:40,2,9997,0,9999
2023-07-26T20:44:09,2,9997,0,9999
2023-07-26T20:56:37,2,9997,0,9999
2023-07-26T21:09:07,2,9997,0,9999
2023-07-26T21:21:35,2,9997,0,9999
2023-07-26T21:34:04,2,9997,0,9999
2023-07-26T21:46:33,2,9997,0,9999
2023-07-26T21:59:02,2,9997,0,9999
2023-07-26T22:11:31,2,9997,0,9999
2023-07-26T22:24:00,2,9997,0,9999
2023-07-26T22:36:29,2,9997,0,9999
2023-07-26T22:48:57,2,9997,0,9999
2023-07-26T23:01:26,2,9997,0,9999
2023-07-26T23:14:06,2,9997,0,9999
2023-07-26T23:26:36,2,9997,0,9999
2023-07-26T23:39:05,2,9997,0,9999
2023-07-26T23:51:35,2,9997,0,9999
2023-07-27T00:04:04,2,9997,0,9999
2023-07-27T00:16:36,2,9997,0,9999
2023-07-27T00:29:09,2,9997,0,9999
2023-07-27T00:41:42,2,9997,0,9999
2023-07-27T00:54:15,2,9997,0,9999
2023-07-27T01:06:49,2,9997,0,9999
2023-07-27T01:19:21,2,9997,0,9999
2023-07-27T01:31:54,2,9997,0,9999
2023-07-27T01:44:26,2,9997,0,9999
2023-07-27T01:57:00,2,9997,0,9999
2023-07-27T02:09:31,2,9997,0,9999
2023-07-27T02:22:01,2,9997,0,9999
2023-07-27T02:34:42,2,9997,0,9999
2023-07-27T02:47:12,2,9997,0,9999
2023-07-27T02:59:41,2,9997,0,9999
2023-07-27T03:12:11,2,9997,0,9999
2023-07-27T03:24:43,2,9997,0,9999
2023-07-27T03:37:14,2,9997,0,9999
2023-07-27T03:49:45,2,9997,0,9999
2023-07-27T04:02:17,2,9997,0,9999
2023-07-27T04:17:41,2,9997,0,9999
2023-07-27T04:30:16,2,9997,0,9999
2023-07-27T04:42:51,2,9997,0,9999
2023-07-27T04:55:23,2,9997,0,9999
2023-07-27T05:07:56,2,9997,0,9999
2023-07-27T05:20:29,2,9997,0,9999
2023-07-27T05:33:02,2,9997,0,9999
2023-07-27T05:45:35,2,9997,0,9999
2023-07-27T05:58:07,2,9997,0,9999
2023-07-27T06:10:39,2,9997,0,9999
2023-07-27T06:23:11,2,9997,0,9999
2023-07-27T06:35:43,2,9997,0,9999
2023-07-27T06:48:15,2,9997,0,9999
2023-07-27T07:00:46,2,9997,0,9999
2023-07-27T07:13:26,2,9997,0,9999
2023-07-27T07:25:57,2,9997,0,9999
2023-07-27T07:38:28,2,9997,0,9999
2023-07-27T07:50:58,2,9997,0,9999
2023-07-27T08:03:30,2,9997,0,9999
2023-07-27T08:16:00,2,9997,0,9999
2023-07-27T08:28:31,2,9997,0,9999
2023-07-27T08:41:02,2,9997,0,9999
2023-07-27T08:53:33,2,9997,0,9999
2023-07-27T09:06:03,2,9997,0,9999
2023-07-27T09:18:34,2,9997,0,9999
2023-07-27T09:31:05,2,9997,0,9999
2023-07-27T09:43:35,2,9997,0,9999
2023-07-27T09:56:06,2,9997,0,9999
2023-07-27T10:08:45,2,9997,0,9999
2023-07-27T10:21:14,2,9997,0,9999
2023-07-27T10:33:43,2,9997,0,9999
2023-07-27T10:46:12,2,9997,0,9999
2023-07-27T10:58:41,2,9997,0,9999
2023-07-27T11:11:10,2,9997,0,9999
2023-07-27T11:23:38,2,9997,0,9999
2023-07-27T11:36:07,2,9997,0,9999
2023-07-27T11:48:36,2,9997,0,9999
2023-07-27T12:01:07,2,9997,0,9999
2023-07-27T12:13:36,2,9997,0,9999
2023-07-27T12:26:16,2,9997,0,9999
2023-07-27T12:38:44,2,9997,0,9999
2023-07-27T12:51:13,2,9997,0,9999
2023-07-27T13:03:42,2,9997,0,9999
2023-07-27T13:16:10,2,9997,0,9999
2023-07-27T13:28:39,2,9997,0,9999
2023-07-27T13:41:07,2,9997,0,9999
2023-07-27T13:53:36,2,9997,0,9999
2023-07-27T14:06:15,2,9997,0,9999
2023-07-27T14:18:53,2,9997,0,9999
2023-07-27T14:32:05,2,9997,0,9999
2023-07-27T14:44:34,2,9997,0,9999
2023-07-27T14:57:02,2,9997,0,9999
2023-07-27T15:09:31,2,9997,0,9999
2023-07-27T15:21:59,2,9997,0,9999
2023-07-27T15:34:27,2,9997,0,9999
2023-07-27T15:46:56,2,9997,0,9999
2023-07-27T15:59:24,2,9997,0,9999
2023-07-27T16:12:03,2,9997,0,9999
2023-07-27T16:24:32,2,9997,0,9999
2023-07-27T16:37:01,2,9997,0,9999
2023-07-27T16:49:30,2,9997,0,9999
2023-07-27T17:01:59,2,9997,0,9999
2023-07-27T17:14:29,2,9997,0,9999
2023-07-27T17:26:58,2,9997,0,9999
2023-07-27T17:39:27,2,9997,0,9999
2023-07-27T17:51:56,2,9997,0,9999
2023-07-27T18:04:25,2,9997,0,9999
2023-07-27T18:17:06,2,9997,0,9999
2023-07-27T18:29:35,2,9997,0,9999
2023-07-27T18:42:06,2,9997,0,9999
2023-07-27T18:54:45,2,9997,0,9999
2023-07-27T19:07:24,2,9997,0,9999
2023-07-27T19:19:53,2,9997,0,9999
2023-07-27T19:32:22,2,9997,0,9999
2023-07-27T19:44:51,2,9997,0,9999
2023-07-27T19:57:20,2,9997,0,9999
2023-07-27T20:09:49,2,9997,0,9999
2023-07-27T20:22:18,2,9997,0,9999
2023-07-27T20:34:56,2,9997,0,9999
2023-07-27T20:47:25,2,9997,0,9999
2023-07-27T20:59:53,2,9997,0,9999
2023-07-27T21:12:22,2,9997,0,9999
2023-07-27T21:24:51,2,9997,0,9999
2023-07-27T21:37:20,2,9997,0,9999
2023-07-27T21:49:49,2,9997,0,9999
2023-07-27T22:02:18,2,9997,0,9999
2023-07-27T22:14:58,2,9997,0,9999
2023-07-27T22:27:27,2,9997,0,9999
2023-07-27T22:39:56,2,9997,0,9999
2023-07-27T22:52:25,2,9997,0,9999
2023-07-27T23:04:55,2,9997,0,9999
2023-07-27T23:17:25,2,9997,0,9999
2023-07-27T23:29:55,2,9997,0,9999
2023-07-27T23:42:24,2,9997,0,9999
2023-07-27T23:54:54,2,9997,0,9999
2023-07-28T00:07:25,2,9997,0,9999
2023-07-28T00:20:00,2,9997,0,9999
2023-07-28T00:32:32,2,9997,0,9999
2023-07-28T00:45:04,2,9997,0,9999
2023-07-28T00:57:38,2,9997,0,9999
2023-07-28T01:10:22,2,9997,0,9999
2023-07-28T01:22:55,2,9997,0,9999
2023-07-28T01:35:30,2,9997,0,9999
2023-07-28T01:48:04,2,9997,0,9999
2023-07-28T02:00:40,2,9997,0,9999
2023-07-28T02:13:15,2,9997,0,9999
2023-07-28T02:25:58,2,9997,0,9999
2023-07-28T02:38:32,2,9997,0,9999
2023-07-28T02:51:04,2,9997,0,9999
2023-07-28T03:03:35,2,9997,0,9999
2023-07-28T03:16:08,2,9997,0,9999
2023-07-28T03:28:39,2,9997,0,9999
2023-07-28T03:41:11,2,9997,0,9999
2023-07-28T03:53:44,2,9997,0,9999
2023-07-28T04:06:16,2,9997,0,9999
2023-07-28T04:27:30,2,9997,0,9999
2023-07-28T04:40:06,2,9997,0,9999
2023-07-28T04:52:41,2,9997,0,9999
2023-07-28T05:05:15,2,9997,0,9999
2023-07-28T05:17:47,2,9997,0,9999
2023-07-28T05:30:20,2,9997,0,9999
2023-07-28T05:42:52,2,9997,0,9999
2023-07-28T05:55:24,2,9997,0,9999
2023-07-28T06:07:56,2,9997,0,9999
2023-07-28T06:20:28,2,9997,0,9999
2023-07-28T06:32:59,2,9997,0,9999
2023-07-28T06:45:31,2,9997,0,9999
2023-07-28T06:58:03,2,9997,0,9999
2023-07-28T07:10:34,2,9997,0,9999
2023-07-28T07:23:06,2,9997,0,9999
2023-07-28T07:35:36,2,9997,0,9999
2023-07-28T07:48:05,2,9997,0,9999
2023-07-28T08:00:33,2,9997,0,9999
2023-07-28T08:13:05,2,9997,0,9999
2023-07-28T08:25:34,2,9997,0,9999
2023-07-28T08:38:03,2,9997,0,9999
2023-07-28T08:50:32,2,9997,0,9999
2023-07-28T09:03:10,2,9997,0,9999
2023-07-28T09:15:38,2,9997,0,9999
2023-07-28T09:28:08,2,9997,0,9999
2023-07-28T09:40:38,2,9997,0,9999
2023-07-28T09:53:07,2,9997,0,9999
2023-07-28T10:05:36,2,9997,0,9999
2023-07-28T10:18:05,2,9997,0,9999
2023-07-28T10:30:35,2,9997,0,9999
2023-07-28T10:43:04,2,9997,0,9999
2023-07-28T10:55:43,2,9997,0,9999
2023-07-28T11:08:11,2,9997,0,9999
2023-07-28T11:20:40,2,9997,0,9999
2023-07-28T11:33:09,2,9997,0,9999
2023-07-28T11:45:38,2,9997,0,9999
2023-07-28T11:58:07,2,9997,0,9999
2023-07-28T12:10:35,2,9997,0,9999
2023-07-28T12:23:04,2,9997,0,9999
2023-07-28T12:35:33,2,9997,0,9999
2023-07-28T12:48:15,2,9997,0,9999
2023-07-28T13:00:43,2,9997,0,9999
2023-07-28T13:13:12,2,9997,0,9999
2023-07-28T13:25:41,2,9997,0,9999
2023-07-28T13:38:11,2,9997,0,9999
2023-07-28T13:50:40,2,9997,0,9999
2023-07-28T14:03:10,2,9997,0,9999
2023-07-28T14:15:39,2,9997,0,9999
2023-07-28T14:28:09,2,9997,0,9999
2023-07-28T14:40:48,2,9997,0,9999
2023-07-28T14:53:18,2,9997,0,9999
2023-07-28T15:05:47,2,9997,0,9999
2023-07-28T15:18:32,2,9997,0,9999
2023-07-28T15:31:01,2,9997,0,9999
2023-07-28T15:43:31,2,9997,0,9999
2023-07-28T15:56:00,2,9997,0,9999
2023-07-28T16:08:29,2,9997,0,9999
2023-07-28T16:20:59,2,9997,0,9999
2023-07-28T16:33:29,2,9997,0,9999
2023-07-28T16:45:58,2,9997,0,9999
2023-07-28T16:58:39,2,9997,0,9999
2023-07-28T17:11:09,2,9997,0,9999
2023-07-28T17:23:41,2,9997,0,9999
2023-07-28T17:36:11,2,9997,0,9999
2023-07-28T17:48:40,2,9997,0,9999
2023-07-28T18:01:10,2,9997,0,9999
2023-07-28T18:13:40,2,9997,0,9999
2023-07-28T18:26:10,2,9997,0,9999
2023-07-28T18:38:40,2,9997,0,9999
2023-07-28T18:51:09,2,9997,0,9999
2023-07-28T19:03:39,2,9997,0,9999
2023-07-28T19:16:09,2,9997,0,9999
2023-07-28T19:28:39,2,9997,0,9999
2023-07-28T19:41:19,2,9997,0,9999
2023-07-28T19:53:49,2,9997,0,9999
2023-07-28T20:06:19,2,9997,0,9999
2023-07-28T20:18:49,2,9997,0,9999
2023-07-28T20:31:18,2,9997,0,9999
2023-07-28T20:43:48,2,9997,0,9999
2023-07-28T20:56:17,2,9997,0,9999
2023-07-28T21:08:47,2,9997,0,9999
2023-07-28T21:21:17,2,9997,0,9999
2023-07-28T21:33:47,2,9997,0,9999
2023-07-28T21:46:16,2,9997,0,9999
2023-07-28T21:58:46,2,9997,0,9999
2023-07-28T22:11:15,2,9997,0,9999
2023-07-28T22:23:55,2,9997,0,9999
2023-07-28T22:36:25,2,9997,0,9999
2023-07-28T22:48:54,2,9997,0,9999
2023-07-28T23:01:24,2,9997,0,9999
2023-07-28T23:13:55,2,9997,0,9999
2023-07-28T23:26:26,2,9997,0,9999
2023-07-28T23:38:56,2,9997,0,9999
2023-07-28T23:51:26,2,9997,0,9999
2023-07-29T00:03:57,2,9997,0,9999
2023-07-29T00:16:32,2,9997,0,9999
2023-07-29T00:29:07,2,9997,0,9999
2023-07-29T00:41:40,2,9997,0,9999
2023-07-29T00:54:14,2,9997,0,9999
2023-07-29T01:06:48,2,9997,0,9999
2023-07-29T01:19:22,2,9997,0,9999
2023-07-29T01:32:07,2,9997,0,9999
2023-07-29T01:44:41,2,9997,0,9999
2023-07-29T01:57:16,2,9997,0,9999
2023-07-29T02:09:46,2,9997,0,9999
2023-07-29T02:22:16,2,9997,0,9999
2023-07-29T02:34:47,2,9997,0,9999
2023-07-29T02:47:16,2,9997,0,9999
2023-07-29T02:59:46,2,9997,0,9999
2023-07-29T03:12:18,2,9997,0,9999
2023-07-29T03:24:50,2,9997,0,9999
2023-07-29T03:37:22,2,9997,0,9999
2023-07-29T03:49:55,2,9997,0,9999
2023-07-29T04:02:30,2,9997,0,9999
2023-07-29T04:15:04,2,9997,0,9999
2023-07-29T04:25:46,2,9997,0,9999
2023-07-29T04:38:21,2,9997,0,9999
2023-07-29T04:50:55,2,9997,0,9999
2023-07-29T05:03:29,2,9997,0,9999
2023-07-29T05:16:01,2,9997,0,9999
2023-07-29T05:28:33,2,9997,0,9999
2023-07-29T05:41:02,2,9997,0,9999
2023-07-29T05:53:32,2,9997,0,9999
2023-07-29T06:06:03,2,9997,0,9999
2023-07-29T06:18:33,2,9997,0,9999
2023-07-29T06:31:03,2,9997,0,9999
2023-07-29T06:43:33,2,9997,0,9999
2023-07-29T06:56:03,2,9997,0,9999
2023-07-29T07:08:36,2,9997,0,9999
2023-07-29T07:21:16,2,9997,0,9999
2023-07-29T07:33:50,2,9997,0,9999
2023-07-29T07:46:23,2,9997,0,9999
2023-07-29T07:58:56,2,9997,0,9999
2023-07-29T08:11:40,2,9997,0,9999
2023-07-29T08:24:13,2,9997,0,9999
2023-07-29T08:36:46,2,9997,0,9999
2023-07-29T08:49:19,2,9997,0,9999
2023-07-29T09:01:52,2,9997,0,9999
2023-07-29T09:14:24,2,9997,0,9999
2023-07-29T09:26:57,2,9997,0,9999
2023-07-29T09:39:30,2,9997,0,9999
2023-07-29T09:52:03,2,9997,0,9999
2023-07-29T10:04:36,2,9997,0,9999
2023-07-29T10:17:08,2,9997,0,9999
2023-07-29T10:29:41,2,9997,0,9999
2023-07-29T10:42:14,2,9997,0,9999
2023-07-29T10:54:57,2,9997,0,9999
2023-07-29T11:07:30,2,9997,0,9999
2023-07-29T11:20:02,2,9997,0,9999
2023-07-29T11:32:34,2,9997,0,9999
2023-07-29T11:45:09,2,9997,0,9999
2023-07-29T11:57:42,2,9997,0,9999
2023-07-29T12:10:15,2,9997,0,9999
2023-07-29T12:22:48,2,9997,0,9999
2023-07-29T12:35:21,2,9997,0,9999
2023-07-29T12:47:54,2,9997,0,9999
2023-07-29T13:00:26,2,9997,0,9999
2023-07-29T13:12:58,2,9997,0,9999
2023-07-29T13:25:28,2,9997,0,9999
2023-07-29T13:37:57,2,9997,0,9999
2023-07-29T13:50:27,2,9997,0,9999
2023-07-29T14:03:06,2,9997,0,9999
2023-07-29T14:15:36,2,9997,0,9999
2023-07-29T14:28:05,2,9997,0,9999
2023-07-29T14:40:35,2,9997,0,9999
2023-07-29T14:53:05,2,9997,0,9999
2023-07-29T15:05:35,2,9997,0,9999
2023-07-29T15:18:04,2,9997,0,9999
2023-07-29T15:30:33,2,9997,0,9999
2023-07-29T15:43:02,2,9997,0,9999
2023-07-29T15:55:32,2,9997,0,9999
2023-07-29T16:08:03,2,9997,0,9999
2023-07-29T16:20:32,2,9997,0,9999
2023-07-29T16:33:02,2,9997,0,9999
2023-07-29T16:45:31,2,9997,0,9999
2023-07-29T16:58:00,2,9997,0,9999
2023-07-29T17:10:40,2,9997,0,9999
2023-07-29T17:23:10,2,9997,0,9999
2023-07-29T17:35:40,2,9997,0,9999
2023-07-29T17:48:10,2,9997,0,9999
2023-07-29T18:00:40,2,9997,0,9999
2023-07-29T18:13:10,2,9997,0,9999
2023-07-29T18:25:40,2,9997,0,9999
2023-07-29T18:38:10,2,9997,0,9999
2023-07-29T18:50:39,2,9997,0,9999
2023-07-29T19:03:09,2,9997,0,9999
2023-07-29T19:15:39,2,9997,0,9999
2023-07-29T19:28:10,2,9997,0,9999
2023-07-29T19:40:40,2,9997,0,9999
2023-07-29T19:53:09,2,9997,0,9999
2023-07-29T20:05:39,2,9997,0,9999
2023-07-29T20:18:19,2,9997,0,9999
2023-07-29T20:30:48,2,9997,0,9999
2023-07-29T20:43:19,2,9997,0,9999
2023-07-29T20:55:48,2,9997,0,9999
2023-07-29T21:08:18,2,9997,0,9999
2023-07-29T21:20:49,2,9997,0,9999
2023-07-29T21:33:19,2,9997,0,9999
2023-07-29T21:45:48,2,9997,0,9999
2023-07-29T21:58:19,2,9997,0,9999
2023-07-29T22:10:48,2,9997,0,9999
2023-07-29T22:23:18,2,9997,0,9999
2023-07-29T22:35:48,2,9997,0,9999
2023-07-29T22:48:17,2,9997,0,9999
2023-07-29T23:00:47,2,9997,0,9999
2023-07-29T23:13:27,2,9997,0,9999
2023-07-29T23:25:57,2,9997,0,9999
2023-07-29T23:38:27,2,9997,0,9999
2023-07-29T23:50:57,2,9997,0,9999
2023-07-30T00:03:27,2,9997,0,9999
2023-07-30T00:16:01,2,9997,0,9999
2023-07-30T00:28:33,2,9997,0,9999
2023-07-30T00:41:07,2,9997,0,9999
2023-07-30T00:53:41,2,9997,0,9999
2023-07-30T01:06:14,2,9997,0,9999
2023-07-30T01:18:46,2,9997,0,9999
2023-07-30T01:31:19,2,9997,0,9999
2023-07-30T01:43:52,2,9997,0,9999
2023-07-30T01:56:25,2,9997,0,9999
2023-07-30T02:09:17,2,9997,0,9999
2023-07-30T02:21:51,2,9997,0,9999
2023-07-30T02:34:27,2,9997,0,9999
2023-07-30T02:47:10,2,9997,0,9999
2023-07-30T02:59:41,2,9997,0,9999
2023-07-30T03:12:15,2,9997,0,9999
2023-07-30T03:24:48,2,9997,0,9999
2023-07-30T03:37:21,2,9997,0,9999
2023-07-30T03:49:55,2,9997,0,9999
2023-07-30T04:02:29,2,9997,0,9999
2023-07-30T04:14:58,2,9997,0,9999
2023-07-30T04:27:35,2,9997,0,9999
2023-07-30T04:40:10,2,9997,0,9999
2023-07-30T04:52:45,2,9997,0,9999
2023-07-30T05:05:19,2,9997,0,9999
2023-07-30T05:17:52,2,9997,0,9999
2023-07-30T05:30:26,2,9997,0,9999
2023-07-30T05:43:00,2,9997,0,9999
2023-07-30T05:55:34,2,9997,0,9999
2023-07-30T06:08:07,2,9997,0,9999
2023-07-30T06:20:40,2,9997,0,9999
2023-07-30T06:33:31,2,9997,0,9999
2023-07-30T06:47:23,2,9997,0,9999
2023-07-30T06:59:56,2,9997,0,9999
2023-07-30T07:12:26,2,9997,0,9999
2023-07-30T07:24:56,2,9997,0,9999
2023-07-30T07:37:27,2,9997,0,9999
2023-07-30T07:49:57,2,9997,0,9999
2023-07-30T08:02:27,2,9997,0,9999
2023-07-30T08:14:57,2,9997,0,9999
2023-07-30T08:27:29,2,9997,0,9999
2023-07-30T08:40:12,2,9997,0,9999
2023-07-30T08:52:42,2,9997,0,9999
2023-07-30T09:05:11,2,9997,0,9999
2023-07-30T09:17:41,2,9997,0,9999
2023-07-30T09:30:11,2,9997,0,9999
2023-07-30T09:42:40,2,9997,0,9999
2023-07-30T09:55:14,2,9997,0,9999
2023-07-30T10:07:43,2,9997,0,9999
2023-07-30T10:20:13,2,9997,0,9999
2023-07-30T10:32:43,2,9997,0,9999
2023-07-30T10:45:13,2,9997,0,9999
2023-07-30T10:57:43,2,9997,0,9999
2023-07-30T11:10:12,2,9997,0,9999
2023-07-30T11:22:42,2,9997,0,9999
2023-07-30T11:35:12,2,9997,0,9999
2023-07-30T11:47:43,2,9997,0,9999
2023-07-30T12:00:13,2,9997,0,9999
2023-07-30T12:12:53,2,9997,0,9999
2023-07-30T12:25:23,2,9997,0,9999
2023-07-30T12:37:53,2,9997,0,9999
2023-07-30T12:50:23,2,9997,0,9999
2023-07-30T13:02:53,2,9997,0,9999
2023-07-30T13:15:23,2,9997,0,9999
2023-07-30T13:27:54,2,9997,0,9999
2023-07-30T13:40:24,2,9997,0,9999
2023-07-30T13:52:53,2,9997,0,9999
2023-07-30T14:05:23,2,9997,0,9999
2023-07-30T14:17:53,2,9997,0,9999
2023-07-30T14:30:23,2,9997,0,9999
2023-07-30T14:42:53,2,9997,0,9999
2023-07-30T14:55:33,2,9997,0,9999
2023-07-30T15:08:03,2,9997,0,9999
2023-07-30T15:20:32,2,9997,0,9999
2023-07-30T15:33:02,2,9997,0,9999
2023-07-30T15:45:31,2,9997,0,9999
2023-07-30T15:58:01,2,9997,0,9999
2023-07-30T16:10:31,2,9997,0,9999
2023-07-30T16:23:03,2,9997,0,9999
2023-07-30T16:35:34,2,9997,0,9999
2023-07-30T16:48:04,2,9997,0,9999
2023-07-30T17:00:34,2,9997,0,9999
2023-07-30T17:13:05,2,9997,0,9999
2023-07-30T17:25:36,2,9997,0,9999
2023-07-30T17:38:05,2,9997,0,9999
2023-07-30T17:50:35,2,9997,0,9999
2023-07-30T18:03:13,2,9997,0,9999
2023-07-30T18:15:43,2,9997,0,9999
2023-07-30T18:28:13,2,9997,0,9999
2023-07-30T18:40:42,2,9997,0,9999
2023-07-30T18:53:11,2,9997,0,9999
2023-07-30T19:05:44,2,9997,0,9999
2023-07-30T19:18:15,2,9997,0,9999
2023-07-30T19:30:47,2,9997,0,9999
2023-07-30T19:43:26,2,9997,0,9999
2023-07-30T19:55:55,2,9997,0,9999
2023-07-30T20:08:24,2,9997,0,9999
2023-07-30T20:20:54,2,9997,0,9999
2023-07-30T20:33:24,2,9997,0,9999
2023-07-30T20:45:53,2,9997,0,9999
2023-07-30T20:58:22,2,9997,0,9999
2023-07-30T21:10:53,2,9997,0,9999
2023-07-30T21:23:22,2,9997,0,9999
2023-07-30T21:35:52,2,9997,0,9999
2023-07-30T21:48:22,2,9997,0,9999
2023-07-30T22:00:52,2,9997,0,9999
2023-07-30T22:13:21,2,9997,0,9999
2023-07-30T22:26:01,2,9997,0,9999
2023-07-30T22:38:31,2,9997,0,9999
2023-07-30T22:51:01,2,9997,0,9999
2023-07-30T23:03:31,2,9997,0,9999
2023-07-30T23:16:03,2,9997,0,9999
2023-07-30T23:28:32,2,9997,0,9999
2023-07-30T23:41:04,2,9997,0,9999
2023-07-30T23:53:33,2,9997,0,9999
2023-07-31T00:06:05,2,9997,0,9999
2023-07-31T00:18:51,2,9997,0,9999
2023-07-31T00:31:40,2,9997,0,9999
2023-07-31T00:44:33,2,9997,0,9999
2023-07-31T00:57:11,2,9997,0,9999
2023-07-31T01:09:44,2,9997,0,9999
2023-07-31T01:22:16,2,9997,0,9999
2023-07-31T01:34:50,2,9997,0,9999
2023-07-31T01:47:22,2,9997,0,9999
2023-07-31T01:59:55,2,9997,0,9999
2023-07-31T02:12:39,2,9997,0,9999
2023-07-31T02:25:12,2,9997,0,9999
2023-07-31T02:37:45,2,9997,0,9999
2023-07-31T02:50:18,2,9997,0,9999
2023-07-31T03:02:50,2,9997,0,9999
2023-07-31T03:15:22,2,9997,0,9999
2023-07-31T03:27:57,2,9997,0,9999
2023-07-31T03:40:30,2,9997,0,9999
2023-07-31T03:53:04,2,9997,0,9999
2023-07-31T04:05:38,2,9997,0,9999
2023-07-31T04:16:09,2,9997,0,9999
2023-07-31T04:28:49,2,9997,0,9999
2023-07-31T04:41:23,2,9997,0,9999
2023-07-31T04:53:58,2,9997,0,9999
2023-07-31T05:06:34,2,9997,0,9999
2023-07-31T05:19:07,2,9997,0,9999
2023-07-31T05:31:41,2,9997,0,9999
2023-07-31T05:44:15,2,9997,0,9999
2023-07-31T05:56:49,2,9997,0,9999
2023-07-31T06:09:22,2,9997,0,9999
2023-07-31T06:21:55,2,9997,0,9999
2023-07-31T06:34:39,2,9997,0,9999
2023-07-31T06:47:11,2,9997,0,9999
2023-07-31T06:59:43,2,9997,0,9999
2023-07-31T07:12:16,2,9997,0,9999
2023-07-31T07:24:45,2,9997,0,9999
2023-07-31T07:37:15,2,9997,0,9999
2023-07-31T07:49:47,2,9997,0,9999
2023-07-31T08:02:17,2,9997,0,9999
2023-07-31T08:14:46,2,9997,0,9999
2023-07-31T08:27:17,2,9997,0,9999
2023-07-31T08:40:58,2,9997,0,9999
2023-07-31T08:53:38,2,9997,0,9999
2023-07-31T09:06:07,2,9997,0,9999
2023-07-31T09:18:37,2,9997,0,9999
2023-07-31T09:31:07,2,9997,0,9999
2023-07-31T09:43:42,2,9997,0,9999
2023-07-31T09:56:14,2,9997,0,9999
2023-07-31T10:08:43,2,9997,0,9999
2023-07-31T10:21:12,2,9997,0,9999
2023-07-31T10:33:43,2,9997,0,9999
2023-07-31T10:46:13,2,9997,0,9999
2023-07-31T10:58:54,2,9997,0,9999
2023-07-31T11:12:26,2,9997,0,9999
2023-07-31T11:24:56,2,9997,0,9999
2023-07-31T11:44:25,2,9997,0,9999
2023-07-31T11:56:55,2,9997,0,9999
2023-07-31T12:09:25,2,9997,0,9999
2023-07-31T12:21:54,2,9997,0,9999
2023-07-31T12:34:35,2,9997,0,9999
2023-07-31T12:47:06,2,9997,0,9999
2023-07-31T12:59:35,2,9997,0,9999
2023-07-31T13:12:05,2,9997,0,9999
2023-07-31T13:24:35,2,9997,0,9999
2023-07-31T13:37:04,2,9997,0,9999
2023-07-31T13:49:33,2,9997,0,9999
2023-07-31T14:02:03,2,9997,0,9999
2023-07-31T14:14:33,2,9997,0,9999
2023-07-31T14:27:15,2,9997,0,9999
2023-07-31T14:39:44,2,9997,0,9999
2023-07-31T14:52:14,2,9997,0,9999
2023-07-31T15:04:48,2,9997,0,9999
2023-07-31T15:17:21,2,9997,0,9999
2023-07-31T15:29:54,2,9997,0,9999
2023-07-31T15:42:28,2,9997,0,9999
2023-07-31T15:55:02,2,9997,0,9999
2023-07-31T16:07:48,2,9997,0,9999
2023-07-31T16:20:22,2,9997,0,9999
2023-07-31T16:32:55,2,9997,0,9999
2023-07-31T16:45:29,2,9997,0,9999
2023-07-31T16:58:02,2,9997,0,9999
2023-07-31T17:10:37,2,9997,0,9999
2023-07-31T17:23:12,2,9997,0,9999
2023-07-31T17:35:46,2,9997,0,9999
2023-07-31T17:48:30,2,9997,0,9999
2023-07-31T18:01:04,2,9997,0,9999
2023-07-31T18:13:39,2,9997,0,9999
2023-07-31T18:26:13,2,9997,0,9999
2023-07-31T18:38:48,2,9997,0,9999
2023-07-31T18:51:22,2,9997,0,9999
2023-07-31T19:03:57,2,9997,0,9999
2023-07-31T19:16:31,2,9997,0,9999
2023-07-31T19:29:06,2,9997,0,9999
2023-07-31T19:41:40,2,9997,0,9999
2023-07-31T19:54:23,2,9997,0,9999
2023-07-31T20:06:58,2,9997,0,9999
2023-07-31T20:19:31,2,9997,0,9999
2023-07-31T20:32:05,2,9997,0,9999
2023-07-31T20:44:39,2,9997,0,9999
2023-07-31T20:57:12,2,9997,0,9999
2023-07-31T21:09:47,2,9997,0,9999
2023-07-31T21:22:20,2,9997,0,9999
2023-07-31T21:34:54,2,9997,0,9999
2023-07-31T21:47:27,2,9997,0,9999
2023-07-31T22:00:12,2,9997,0,9999
2023-07-31T22:12:45,2,9997,0,9999
2023-07-31T22:25:18,2,9997,0,9999
2023-07-31T22:37:52,2,9997,0,9999
2023-07-31T22:50:25,2,9997,0,9999
2023-07-31T23:02:59,2,9997,0,9999
2023-07-31T23:15:35,2,9997,0,9999
2023-07-31T23:28:10,2,9997,0,9999
2023-07-31T23:40:45,2,9997,0,9999
2023-07-31T23:53:19,2,9997,0,9999
2023-08-01T00:06:05,2,9997,0,9999
2023-08-01T00:18:42,2,9997,0,9999
2023-08-01T00:31:20,2,9997,0,9999
2023-08-01T00:43:58,2,9997,0,9999
2023-08-01T00:56:38,2,9997,0,9999
2023-08-01T01:09:14,2,9997,0,9999
2023-08-01T01:21:51,2,9997,0,9999
2023-08-01T01:34:30,2,9997,0,9999
2023-08-01T01:47:08,2,9997,0,9999
2023-08-01T01:59:45,2,9997,0,9999
2023-08-01T02:12:24,2,9997,0,9999
2023-08-01T02:25:01,2,9997,0,9999
2023-08-01T02:37:38,2,9997,0,9999
2023-08-01T02:50:13,2,9997,0,9999
2023-08-01T03:02:49,2,9997,0,9999
2023-08-01T03:15:25,2,9997,0,9999
2023-08-01T03:28:02,2,9997,0,9999
2023-08-01T03:40:38,2,9997,0,9999
2023-08-01T03:53:27,2,9997,0,9999
2023-08-01T04:06:04,2,9997,0,9999
2023-08-01T04:25:20,2,9997,0,9999
2023-08-01T04:38:00,2,9997,0,9999
2023-08-01T04:50:39,2,9997,0,9999
2023-08-01T05:03:16,2,9997,0,9999
2023-08-01T05:15:51,2,9997,0,9999
2023-08-01T05:28:24,2,9997,0,9999
2023-08-01T05:40:59,2,9997,0,9999
2023-08-01T05:53:47,2,9997,0,9999
2023-08-01T06:06:32,2,9997,0,9999
2023-08-01T06:19:12,2,9997,0,9999
2023-08-01T06:31:48,2,9997,0,9999
2023-08-01T06:44:25,2,9997,0,9999
2023-08-01T06:57:02,2,9997,0,9999
2023-08-01T07:09:40,2,9997,0,9999
2023-08-01T07:22:16,2,9997,0,9999
2023-08-01T07:34:51,2,9997,0,9999
2023-08-01T07:47:26,2,9997,0,9999
2023-08-01T08:00:00,2,9997,0,9999
2023-08-01T08:12:36,2,9997,0,9999
2023-08-01T08:25:12,2,9997,0,9999
2023-08-01T08:37:48,2,9997,0,9999
2023-08-01T08:50:34,2,9997,0,9999
2023-08-01T09:03:10,2,9997,0,9999
2023-08-01T09:15:45,2,9997,0,9999
2023-08-01T09:28:21,2,9997,0,9999
2023-08-01T09:40:58,2,9997,0,9999
2023-08-01T09:53:33,2,9997,0,9999
2023-08-01T10:06:08,2,9997,0,9999
2023-08-01T10:18:44,2,9997,0,9999
2023-08-01T10:31:20,2,9997,0,9999
2023-08-01T10:43:56,2,9997,0,9999
2023-08-01T10:56:32,2,9997,0,9999
2023-08-01T11:09:06,2,9997,0,9999
2023-08-01T11:21:52,2,9997,0,9999
2023-08-01T11:34:28,2,9997,0,9999
2023-08-01T11:47:03,2,9997,0,9999
2023-08-01T11:59:37,2,9997,0,9999
2023-08-01T12:12:11,2,9997,0,9999
2023-08-01T12:24:46,2,9997,0,9999
2023-08-01T12:37:20,2,9997,0,9999
2023-08-01T12:49:54,2,9997,0,9999
2023-08-01T13:02:35,2,9997,0,9999
2023-08-01T13:15:10,2,9997,0,9999
2023-08-01T13:27:54,2,9997,0,9999
2023-08-01T13:40:28,2,9997,0,9999
2023-08-01T13:53:02,2,9997,0,9999
2023-08-01T14:05:37,2,9997,0,9999
2023-08-01T14:18:12,2,9997,0,9999
2023-08-01T14:30:47,2,9997,0,9999
2023-08-01T14:43:22,2,9997,0,9999
2023-08-01T14:55:57,2,9997,0,9999
2023-08-01T15:08:31,2,9997,0,9999
2023-08-01T15:21:05,2,9997,0,9999
2023-08-01T15:33:50,2,9997,0,9999
2023-08-01T15:46:25,2,9997,0,9999
2023-08-01T15:58:58,2,9997,0,9999
2023-08-01T16:11:33,2,9997,0,9999
2023-08-01T16:24:08,2,9997,0,9999
2023-08-01T16:36:42,2,9997,0,9999
2023-08-01T16:49:17,2,9997,0,9999
2023-08-01T17:01:51,2,9997,0,9999
2023-08-01T17:14:27,2,9997,0,9999
2023-08-01T17:27:03,2,9997,0,9999
2023-08-01T17:39:38,2,9997,0,9999
2023-08-01T17:52:22,2,9997,0,9999
2023-08-01T18:04:57,2,9997,0,9999
2023-08-01T18:17:31,2,9997,0,9999
2023-08-01T18:30:06,2,9997,0,9999
2023-08-01T18:42:41,2,9997,0,9999
2023-08-01T18:55:15,2,9997,0,9999
2023-08-01T19:07:50,2,9997,0,9999
2023-08-01T19:20:24,2,9997,0,9999
2023-08-01T19:32:59,2,9997,0,9999
2023-08-01T19:45:33,2,9997,0,9999
2023-08-01T19:58:07,2,9997,0,9999
2023-08-01T20:10:42,2,9997,0,9999
2023-08-01T20:23:19,2,9997,0,9999
2023-08-01T20:36:03,2,9997,0,9999
2023-08-01T20:48:38,2,9997,0,9999
2023-08-01T21:01:13,2,9997,0,9999
2023-08-01T21:13:47,2,9997,0,9999
2023-08-01T21:26:22,2,9997,0,9999
2023-08-01T21:38:57,2,9997,0,9999
2023-08-01T21:51:32,2,9997,0,9999
2023-08-01T22:04:06,2,9997,0,9999
2023-08-01T22:16:40,2,9997,0,9999
2023-08-01T22:29:15,2,9997,0,9999
2023-08-01T22:41:50,2,9997,0,9999
2023-08-01T22:54:24,2,9997,0,9999
2023-08-01T23:07:00,2,9997,0,9999
2023-08-01T23:19:45,2,9997,0,9999
2023-08-01T23:32:21,2,9997,0,9999
2023-08-01T23:44:55,2,9997,0,9999
2023-08-01T23:57:30,2,9997,0,9999
2023-08-02T00:10:06,2,9997,0,9999
2023-08-02T00:22:46,2,9997,0,9999
2023-08-02T00:35:24,2,9997,0,9999
2023-08-02T00:48:02,2,9997,0,9999
2023-08-02T01:00:40,2,9997,0,9999
2023-08-02T01:13:19,2,9997,0,9999
2023-08-02T01:25:57,2,9997,0,9999
2023-08-02T01:38:36,2,9997,0,9999
2023-08-02T01:51:16,2,9997,0,9999
2023-08-02T02:03:57,2,9997,0,9999
2023-08-02T02:16:34,2,9997,0,9999
2023-08-02T02:29:11,2,9997,0,9999
2023-08-02T02:41:49,2,9997,0,9999
2023-08-02T02:54:26,2,9997,0,9999
2023-08-02T03:07:04,2,9997,0,9999
2023-08-02T03:19:42,2,9997,0,9999
2023-08-02T03:32:20,2,9997,0,9999
2023-08-02T03:44:59,2,9997,0,9999
2023-08-02T03:57:46,2,9997,0,9999
2023-08-02T04:10:24,2,9997,0,9999
2023-08-02T04:22:42,2,9997,0,9999
2023-08-02T04:35:23,2,9997,0,9999
2023-08-02T04:48:03,2,9997,0,9999
2023-08-02T05:00:59,2,9997,0,9999
2023-08-02T05:13:38,2,9997,0,9999
2023-08-02T05:26:36,2,9997,0,9999
2023-08-02T05:39:14,2,9997,0,9999
2023-08-02T05:51:51,2,9997,0,9999
2023-08-02T06:04:28,2,9997,0,9999
2023-08-02T06:17:06,2,9997,0,9999
2023-08-02T06:29:44,2,9997,0,9999
2023-08-02T06:42:22,2,9997,0,9999
2023-08-02T06:55:00,2,9997,0,9999
2023-08-02T07:07:48,2,9997,0,9999
2023-08-02T07:20:26,2,9997,0,9999
2023-08-02T07:33:03,2,9997,0,9999
2023-08-02T07:45:41,2,9997,0,9999
2023-08-02T07:58:20,2,9997,0,9999
2023-08-02T08:10:58,2,9997,0,9999
2023-08-02T08:23:34,2,9997,0,9999
2023-08-02T08:36:12,2,9997,0,9999
2023-08-02T08:48:51,2,9997,0,9999
2023-08-02T09:01:28,2,9997,0,9999
2023-08-02T09:14:04,2,9997,0,9999
2023-08-02T09:26:41,2,9997,0,9999
2023-08-02T09:39:18,2,9997,0,9999
2023-08-02T09:52:06,2,9997,0,9999
2023-08-02T10:04:47,2,9997,0,9999
2023-08-02T10:17:22,2,9997,0,9999
2023-08-02T10:29:58,2,9997,0,9999
2023-08-02T10:42:33,2,9997,0,9999
2023-08-02T10:55:08,2,9997,0,9999
2023-08-02T11:07:44,2,9997,0,9999
2023-08-02T11:20:36,2,9997,0,9999
2023-08-02T11:33:12,2,9997,0,9999
2023-08-02T11:45:47,2,9997,0,9999
2023-08-02T11:58:22,2,9997,0,9999
2023-08-02T12:10:58,2,9997,0,9999
2023-08-02T12:23:34,2,9997,0,9999
2023-08-02T12:36:09,2,9997,0,9999
2023-08-02T12:48:44,2,9997,0,9999
2023-08-02T13:01:28,2,9997,0,9999
2023-08-02T13:14:05,2,9997,0,9999
2023-08-02T13:26:40,2,9997,0,9999
2023-08-02T13:39:16,2,9997,0,9999
2023-08-02T13:51:52,2,9997,0,9999
2023-08-02T14:04:27,2,9997,0,9999
2023-08-02T14:17:28,2,9997,0,9999
2023-08-02T14:30:03,2,9997,0,9999
2023-08-02T14:42:39,2,9997,0,9999
2023-08-02T14:55:14,2,9997,0,9999
2023-08-02T15:07:50,2,9997,0,9999
2023-08-02T15:20:26,2,9997,0,9999
2023-08-02T15:33:02,2,9997,0,9999
2023-08-02T15:45:38,2,9997,0,9999
2023-08-02T15:58:22,2,9997,0,9999
2023-08-02T16:10:58,2,9997,0,9999
2023-08-02T16:23:34,2,9997,0,9999
2023-08-02T16:36:09,2,9997,0,9999
2023-08-02T16:48:45,2,9997,0,9999
2023-08-02T17:01:20,2,9997,0,9999
2023-08-02T17:13:57,2,9997,0,9999
2023-08-02T17:26:32,2,9997,0,9999
2023-08-02T17:39:08,2,9997,0,9999
2023-08-02T17:51:42,2,9997,0,9999
2023-08-02T18:04:28,2,9997,0,9999
2023-08-02T18:17:04,2,9997,0,9999
2023-08-02T18:29:39,2,9997,0,9999
2023-08-02T18:42:14,2,9997,0,9999
2023-08-02T18:54:49,2,9997,0,9999
2023-08-02T19:07:25,2,9997,0,9999
2023-08-02T19:20:11,2,9997,0,9999
2023-08-02T19:32:46,2,9997,0,9999
2023-08-02T19:45:22,2,9997,0,9999
2023-08-02T19:57:57,2,9997,0,9999
2023-08-02T20:10:32,2,9997,0,9999
2023-08-02T20:23:07,2,9997,0,9999
2023-08-02T20:35:42,2,9997,0,9999
2023-08-02T20:48:18,2,9997,0,9999
2023-08-02T21:00:52,2,9997,0,9999
2023-08-02T21:13:38,2,9997,0,9999
2023-08-02T21:26:13,2,9997,0,9999
2023-08-02T21:38:48,2,9997,0,9999
2023-08-02T21:51:24,2,9997,0,9999
2023-08-02T22:03:59,2,9997,0,9999
2023-08-02T22:16:35,2,9997,0,9999
2023-08-02T22:29:10,2,9997,0,9999
2023-08-02T22:41:45,2,9997,0,9999
2023-08-02T22:54:21,2,9997,0,9999
2023-08-02T23:06:59,2,9997,0,9999
2023-08-02T23:19:45,2,9997,0,9999
2023-08-02T23:32:22,2,9997,0,9999
2023-08-02T23:44:57,2,9997,0,9999
2023-08-02T23:57:33,2,9997,0,9999
2023-08-03T00:10:10,2,9997,0,9999
2023-08-03T00:22:54,2,9997,0,9999
2023-08-03T00:35:35,2,9997,0,9999
2023-08-03T00:48:14,2,9997,0,9999
2023-08-03T01:00:56,2,9997,0,9999
2023-08-03T01:13:35,2,9997,0,9999
2023-08-03T01:26:14,2,9997,0,9999
2023-08-03T01:38:54,2,9997,0,9999
2023-08-03T01:51:35,2,9997,0,9999
2023-08-03T02:04:16,2,9997,0,9999
2023-08-03T02:16:53,2,9997,0,9999
2023-08-03T02:29:38,2,9997,0,9999
2023-08-03T02:42:15,2,9997,0,9999
2023-08-03T02:54:51,2,9997,0,9999
2023-08-03T03:07:27,2,9997,0,9999
2023-08-03T03:20:04,2,9997,0,9999
2023-08-03T03:32:42,2,9997,0,9999
2023-08-03T03:45:20,2,9997,0,9999
2023-08-03T03:57:58,2,9997,0,9999
2023-08-03T04:10:36,2,9997,0,9999
2023-08-03T04:19:53,2,9997,0,9999
2023-08-03T04:32:37,2,9997,0,9999
2023-08-03T04:45:17,2,9997,0,9999
2023-08-03T04:57:56,2,9997,0,9999
2023-08-03T05:10:33,2,9997,0,9999
2023-08-03T05:23:09,2,9997,0,9999
2023-08-03T05:36:05,2,9997,0,9999
2023-08-03T05:48:45,2,9997,0,9999
2023-08-03T06:01:25,2,9997,0,9999
2023-08-03T06:14:04,2,9997,0,9999
2023-08-03T06:26:42,2,9997,0,9999
2023-08-03T06:39:21,2,9997,0,9999
2023-08-03T06:51:59,2,9997,0,9999
2023-08-03T07:04:38,2,9997,0,9999
2023-08-03T07:17:16,2,9997,0,9999
2023-08-03T07:29:53,2,9997,0,9999
2023-08-03T07:42:29,2,9997,0,9999
2023-08-03T07:55:05,2,9997,0,9999
2023-08-03T08:07:57,2,9997,0,9999
2023-08-03T08:20:35,2,9997,0,9999
2023-08-03T08:33:13,2,9997,0,9999
2023-08-03T08:45:51,2,9997,0,9999
2023-08-03T08:58:28,2,9997,0,9999
2023-08-03T09:11:05,2,9997,0,9999
2023-08-03T09:23:42,2,9997,0,9999
2023-08-03T09:36:19,2,9997,0,9999
2023-08-03T09:48:58,2,9997,0,9999
2023-08-03T10:01:36,2,9997,0,9999
2023-08-03T10:14:15,2,9997,0,9999
2023-08-03T10:27:01,2,9997,0,9999
2023-08-03T10:39:38,2,9997,0,9999
2023-08-03T10:52:14,2,9997,0,9999
2023-08-03T11:04:51,2,9997,0,9999
2023-08-03T11:17:27,2,9997,0,9999
2023-08-03T11:30:04,2,9997,0,9999
2023-08-03T11:42:40,2,9997,0,9999
2023-08-03T11:55:16,2,9997,0,9999
2023-08-03T12:08:12,2,9997,0,9999
2023-08-03T12:20:49,2,9997,0,9999
2023-08-03T12:33:26,2,9997,0,9999
2023-08-03T12:46:01,2,9997,0,9999
2023-08-03T12:58:37,2,9997,0,9999
2023-08-03T13:11:13,2,9997,0,9999
2023-08-03T13:23:48,2,9997,0,9999
2023-08-03T13:36:25,2,9997,0,9999
2023-08-03T13:49:01,2,9997,0,9999
2023-08-03T14:01:56,2,9997,0,9999
2023-08-03T14:14:32,2,9997,0,9999
2023-08-03T14:27:09,2,9997,0,9999
2023-08-03T14:39:45,2,9997,0,9999
2023-08-03T14:52:21,2,9997,0,9999
2023-08-03T15:04:58,2,9997,0,9999
2023-08-03T15:17:33,2,9997,0,9999
2023-08-03T15:30:09,2,9997,0,9999
2023-08-03T15:42:55,2,9997,0,9999
2023-08-03T15:55:31,2,9997,0,9999
2023-08-03T16:08:07,2,9997,0,9999
2023-08-03T16:20:43,2,9997,0,9999
2023-08-03T16:33:19,2,9997,0,9999
2023-08-03T16:45:55,2,9997,0,9999
2023-08-03T16:58:32,2,9997,0,9999
2023-08-03T17:11:22,2,9997,0,9999
2023-08-03T17:23:58,2,9997,0,9999
2023-08-03T17:36:35,2,9997,0,9999
2023-08-03T17:49:12,2,9997,0,9999
2023-08-03T18:01:48,2,9997,0,9999
2023-08-03T18:14:24,2,9997,0,9999
2023-08-03T18:27:10,2,9997,0,9999
2023-08-03T18:39:46,2,9997,0,9999
2023-08-03T18:52:21,2,9997,0,9999
2023-08-03T19:04:57,2,9997,0,9999
2023-08-03T19:17:34,2,9997,0,9999
2023-08-03T19:30:11,2,9997,0,9999
2023-08-03T19:42:59,2,9997,0,9999
2023-08-03T19:55:35,2,9997,0,9999
2023-08-03T20:08:10,2,9997,0,9999
2023-08-03T20:20:46,2,9997,0,9999
2023-08-03T20:33:21,2,9997,0,9999
2023-08-03T20:45:58,2,9997,0,9999
2023-08-03T20:58:54,2,9997,0,9999
2023-08-03T21:11:31,2,9997,0,9999
2023-08-03T21:24:07,2,9997,0,9999
2023-08-03T21:36:44,2,9997,0,9999
2023-08-03T21:49:20,2,9997,0,9999
2023-08-03T22:02:05,2,9997,0,9999
2023-08-03T22:14:41,2,9997,0,9999
2023-08-03T22:27:17,2,9997,0,9999
2023-08-03T22:39:54,2,9997,0,9999
2023-08-03T22:52:29,2,9997,0,9999
2023-08-03T23:05:06,2,9997,0,9999
2023-08-03T23:17:44,2,9997,0,9999
2023-08-03T23:30:20,2,9997,0,9999
2023-08-03T23:43:08,2,9997,0,9999
2023-08-03T23:58:44,2,9997,0,9999
2023-08-04T00:11:23,2,9997,0,9999
2023-08-04T00:24:06,2,9997,0,9999
2023-08-04T00:36:46,2,9997,0,9999
2023-08-04T00:49:26,2,9997,0,9999
2023-08-04T01:02:07,2,9997,0,9999
2023-08-04T01:14:47,2,9997,0,9999
2023-08-04T01:27:39,2,9997,0,9999
2023-08-04T01:40:41,2,9997,0,9999
2023-08-04T01:53:39,2,9997,0,9999
2023-08-04T02:06:27,2,9997,0,9999
2023-08-04T02:19:03,2,9997,0,9999
2023-08-04T02:31:59,2,9997,0,9999
2023-08-04T02:44:35,2,9997,0,9999
2023-08-04T02:57:11,2,9997,0,9999
2023-08-04T03:09:47,2,9997,0,9999
2023-08-04T03:22:22,2,9997,0,9999
2023-08-04T03:34:58,2,9997,0,9999
2023-08-04T03:47:43,2,9997,0,9999
2023-08-04T04:00:18,2,9997,0,9999
2023-08-04T04:12:54,2,9997,0,9999
2023-08-04T04:25:42,2,9997,0,9999
2023-08-04T04:38:22,2,9997,0,9999
2023-08-04T04:51:00,2,9997,0,9999
2023-08-04T05:03:37,2,9997,0,9999
2023-08-04T05:16:15,2,9997,0,9999
2023-08-04T05:28:54,2,9997,0,9999
2023-08-04T05:41:35,2,9997,0,9999
2023-08-04T05:54:27,2,9997,0,9999
2023-08-04T06:07:08,2,9997,0,9999
2023-08-04T06:19:50,2,9997,0,9999
2023-08-04T06:32:31,2,9997,0,9999
2023-08-04T06:45:11,2,9997,0,9999
2023-08-04T06:57:51,2,9997,0,9999
2023-08-04T07:10:31,2,9997,0,9999
2023-08-04T07:23:10,2,9997,0,9999
2023-08-04T07:36:03,2,9997,0,9999
2023-08-04T07:48:41,2,9997,0,9999
2023-08-04T08:01:21,2,9997,0,9999
2023-08-04T08:14:00,2,9997,0,9999
2023-08-04T08:26:39,2,9997,0,9999
2023-08-04T08:39:17,2,9997,0,9999
2023-08-04T08:51:56,2,9997,0,9999
2023-08-04T09:04:34,2,9997,0,9999
2023-08-04T09:17:11,2,9997,0,9999
2023-08-04T09:29:49,2,9997,0,9999
2023-08-04T09:42:26,2,9997,0,9999
2023-08-04T09:55:04,2,9997,0,9999
2023-08-04T10:07:42,2,9997,0,9999
2023-08-04T10:20:19,2,9997,0,9999
2023-08-04T10:32:57,2,9997,0,9999
2023-08-04T10:45:46,2,9997,0,9999
2023-08-04T10:58:23,2,9997,0,9999
2023-08-04T11:11:01,2,9997,0,9999
2023-08-04T11:23:39,2,9997,0,9999
2023-08-04T11:36:15,2,9997,0,9999
2023-08-04T11:48:51,2,9997,0,9999
2023-08-04T12:01:28,2,9997,0,9999
2023-08-04T12:14:03,2,9997,0,9999
2023-08-04T12:26:39,2,9997,0,9999
2023-08-04T12:39:36,2,9997,0,9999
2023-08-04T12:52:13,2,9997,0,9999
2023-08-04T13:04:49,2,9997,0,9999
2023-08-04T13:17:24,2,9997,0,9999
2023-08-04T13:30:00,2,9997,0,9999
2023-08-04T13:42:38,2,9997,0,9999
2023-08-04T13:55:15,2,9997,0,9999
2023-08-04T14:07:50,2,9997,0,9999
2023-08-04T14:20:28,2,9997,0,9999
2023-08-04T14:33:16,2,9997,0,9999
2023-08-04T14:45:52,2,9997,0,9999
2023-08-04T14:58:29,2,9997,0,9999
2023-08-04T15:11:04,2,9997,0,9999
2023-08-04T15:24:07,2,9997,0,9999
2023-08-04T15:36:43,2,9997,0,9999
2023-08-04T15:49:19,2,9997,0,9999
2023-08-04T16:01:54,2,9997,0,9999
2023-08-04T16:14:30,2,9997,0,9999
2023-08-04T16:27:17,2,9997,0,9999
2023-08-04T16:39:53,2,9997,0,9999
2023-08-04T16:52:29,2,9997,0,9999
2023-08-04T17:05:05,2,9997,0,9999
2023-08-04T17:17:42,2,9997,0,9999
2023-08-04T17:30:17,2,9997,0,9999
2023-08-04T17:42:53,2,9997,0,9999
2023-08-04T17:55:28,2,9997,0,9999
2023-08-04T18:08:04,2,9997,0,9999
2023-08-04T18:20:40,2,9997,0,9999
2023-08-04T18:33:15,2,9997,0,9999
2023-08-04T18:46:09,2,9997,0,9999
2023-08-04T18:58:44,2,9997,0,9999
2023-08-04T19:11:20,2,9997,0,9999
2023-08-04T19:23:56,2,9997,0,9999
2023-08-04T19:36:31,2,9997,0,9999
2023-08-04T19:49:07,2,9997,0,9999
2023-08-04T20:01:44,2,9997,0,9999
2023-08-04T20:14:19,2,9997,0,9999
2023-08-04T20:26:55,2,9997,0,9999
2023-08-04T20:39:30,2,9997,0,9999
2023-08-04T20:52:06,2,9997,0,9999
2023-08-04T21:04:53,2,9997,0,9999
2023-08-04T21:17:28,2,9997,0,9999
2023-08-04T21:30:04,2,9997,0,9999
2023-08-04T21:42:40,2,9997,0,9999
2023-08-04T21:55:15,2,9997,0,9999
2023-08-04T22:07:50,2,9997,0,9999
2023-08-04T22:20:26,2,9997,0,9999
2023-08-04T22:33:02,2,9997,0,9999
2023-08-04T22:45:38,2,9997,0,9999
2023-08-04T22:58:13,2,9997,0,9999
2023-08-04T23:10:52,2,9997,0,9999
2023-08-04T23:23:28,2,9997,0,9999
2023-08-04T23:36:13,2,9997,0,9999
2023-08-04T23:48:50,2,9997,0,9999
2023-08-05T00:01:27,2,9997,0,9999
2023-08-05T00:14:09,2,9997,0,9999
2023-08-05T00:26:49,2,9997,0,9999
2023-08-05T00:39:29,2,9997,0,9999
2023-08-05T00:52:09,2,9997,0,9999
2023-08-05T01:04:50,2,9997,0,9999
2023-08-05T01:17:29,2,9997,0,9999
2023-08-05T01:30:09,2,9997,0,9999
2023-08-05T01:42:51,2,9997,0,9999
2023-08-05T01:55:33,2,9997,0,9999
2023-08-05T02:08:10,2,9997,0,9999
2023-08-05T02:20:47,2,9997,0,9999
2023-08-05T02:33:27,2,9997,0,9999
2023-08-05T02:46:04,2,9997,0,9999
2023-08-05T02:58:59,2,9997,0,9999
2023-08-05T03:11:35,2,9997,0,9999
2023-08-05T03:24:14,2,9997,0,9999
2023-08-05T03:36:51,2,9997,0,9999
2023-08-05T03:49:30,2,9997,0,9999
2023-08-05T04:02:09,2,9997,0,9999
2023-08-05T04:23:15,2,9997,0,9999
2023-08-05T04:35:57,2,9997,0,9999
2023-08-05T04:48:38,2,9997,0,9999
2023-08-05T05:01:17,2,9997,0,9999
2023-08-05T05:13:53,2,9997,0,9999
2023-08-05T05:26:28,2,9997,0,9999
2023-08-05T05:39:06,2,9997,0,9999
2023-08-05T05:52:06,2,9997,0,9999
2023-08-05T06:04:46,2,9997,0,9999
2023-08-05T06:17:25,2,9997,0,9999
2023-08-05T06:30:04,2,9997,0,9999
2023-08-05T06:42:43,2,9997,0,9999
2023-08-05T06:55:23,2,9997,0,9999
2023-08-05T07:08:01,2,9997,0,9999
2023-08-05T07:20:40,2,9997,0,9999
2023-08-05T07:33:19,2,9997,0,9999
2023-08-05T07:45:59,2,9997,0,9999
2023-08-05T07:58:39,2,9997,0,9999
2023-08-05T08:11:18,2,9997,0,9999
2023-08-05T08:24:06,2,9997,0,9999
2023-08-05T08:36:45,2,9997,0,9999
2023-08-05T08:49:23,2,9997,0,9999
2023-08-05T09:02:02,2,9997,0,9999
2023-08-05T09:14:40,2,9997,0,9999
2023-08-05T09:27:19,2,9997,0,9999
2023-08-05T09:39:58,2,9997,0,9999
2023-08-05T09:52:36,2,9997,0,9999
2023-08-05T10:05:14,2,9997,0,9999
2023-08-05T10:17:54,2,9997,0,9999
2023-08-05T10:30:32,2,9997,0,9999
2023-08-05T10:43:10,2,9997,0,9999
2023-08-05T10:55:59,2,9997,0,9999
2023-08-05T11:08:37,2,9997,0,9999
2023-08-05T11:21:16,2,9997,0,9999
2023-08-05T11:33:54,2,9997,0,9999
2023-08-05T11:46:30,2,9997,0,9999
2023-08-05T11:59:08,2,9997,0,9999
2023-08-05T12:11:46,2,9997,0,9999
2023-08-05T12:24:23,2,9997,0,9999
2023-08-05T12:37:04,2,9997,0,9999
2023-08-05T12:49:40,2,9997,0,9999
2023-08-05T13:02:14,2,9997,0,9999
2023-08-05T13:14:49,2,9997,0,9999
2023-08-05T13:27:34,2,9997,0,9999
2023-08-05T13:40:10,2,9997,0,9999
2023-08-05T13:52:45,2,9997,0,9999
2023-08-05T14:05:20,2,9997,0,9999
2023-08-05T14:17:55,2,9997,0,9999
2023-08-05T14:30:31,2,9997,0,9999
2023-08-05T14:43:06,2,9997,0,9999
2023-08-05T14:55:43,2,9997,0,9999
2023-08-05T15:08:18,2,9997,0,9999
2023-08-05T15:20:53,2,9997,0,9999
2023-08-05T15:33:28,2,9997,0,9999
2023-08-05T15:46:05,2,9997,0,9999
2023-08-05T15:58:39,2,9997,0,9999
2023-08-05T16:11:14,2,9997,0,9999
2023-08-05T16:23:58,2,9997,0,9999
2023-08-05T16:36:34,2,9997,0,9999
2023-08-05T16:49:09,2,9997,0,9999
2023-08-05T17:01:44,2,9997,0,9999
2023-08-05T17:14:21,2,9997,0,9999
2023-08-05T17:26:57,2,9997,0,9999
2023-08-05T17:39:32,2,9997,0,9999
2023-08-05T17:52:07,2,9997,0,9999
2023-08-05T18:04:43,2,9997,0,9999
2023-08-05T18:17:17,2,9997,0,9999
2023-08-05T18:29:52,2,9997,0,9999
2023-08-05T18:42:29,2,9997,0,9999
2023-08-05T18:55:04,2,9997,0,9999
2023-08-05T19:07:51,2,9997,0,9999
2023-08-05T19:20:26,2,9997,0,9999
2023-08-05T19:33:02,2,9997,0,9999
2023-08-05T19:45:37,2,9997,0,9999
2023-08-05T19:58:12,2,9997,0,9999
2023-08-05T20:10:47,2,9997,0,9999
2023-08-05T20:23:22,2,9997,0,9999
2023-08-05T20:35:58,2,9997,0,9999
2023-08-05T20:48:33,2,9997,0,9999
2023-08-05T21:01:09,2,9997,0,9999
2023-08-05T21:13:44,2,9997,0,9999
2023-08-05T21:26:19,2,9997,0,9999
2023-08-05T21:38:54,2,9997,0,9999
2023-08-05T21:51:29,2,9997,0,9999
2023-08-05T22:04:05,2,9997,0,9999
2023-08-05T22:16:50,2,9997,0,9999
2023-08-05T22:29:26,2,9997,0,9999
2023-08-05T22:42:01,2,9997,0,9999
2023-08-05T22:54:36,2,9997,0,9999
2023-08-05T23:07:14,2,9997,0,9999
2023-08-05T23:19:51,2,9997,0,9999
2023-08-05T23:32:26,2,9997,0,9999
2023-08-05T23:45:02,2,9997,0,9999
2023-08-05T23:57:37,2,9997,0,9999
2023-08-06T00:10:14,2,9997,0,9999
2023-08-06T00:22:54,2,9997,0,9999
2023-08-06T00:35:32,2,9997,0,9999
2023-08-06T00:48:09,2,9997,0,9999
2023-08-06T01:00:48,2,9997,0,9999
2023-08-06T01:13:29,2,9997,0,9999
2023-08-06T01:26:10,2,9997,0,9999
2023-08-06T01:38:51,2,9997,0,9999
2023-08-06T01:51:41,2,9997,0,9999
2023-08-06T02:04:29,2,9997,0,9999
2023-08-06T02:17:10,2,9997,0,9999
2023-08-06T02:29:51,2,9997,0,9999
2023-08-06T02:42:31,2,9997,0,9999
2023-08-06T02:55:10,2,9997,0,9999
2023-08-06T03:07:49,2,9997,0,9999
2023-08-06T03:20:27,2,9997,0,9999
2023-08-06T03:33:07,2,9997,0,9999
2023-08-06T03:45:46,2,9997,0,9999
2023-08-06T03:58:25,2,9997,0,9999
2023-08-06T04:11:05,2,9997,0,9999
2023-08-06T04:29:02,2,9997,0,9999
2023-08-06T04:41:44,2,9997,0,9999
2023-08-06T04:54:25,2,9997,0,9999
2023-08-06T05:07:08,2,9997,0,9999
2023-08-06T05:19:48,2,9997,0,9999
2023-08-06T05:32:27,2,9997,0,9999
2023-08-06T05:45:06,2,9997,0,9999
2023-08-06T05:57:46,2,9997,0,9999
2023-08-06T06:10:26,2,9997,0,9999
2023-08-06T06:23:04,2,9997,0,9999
2023-08-06T06:35:44,2,9997,0,9999
2023-08-06T06:48:22,2,9997,0,9999
2023-08-06T07:01:00,2,9997,0,9999
2023-08-06T07:13:38,2,9997,0,9999
2023-08-06T07:26:13,2,9997,0,9999
2023-08-06T07:38:50,2,9997,0,9999
2023-08-06T07:51:28,2,9997,0,9999
2023-08-06T08:04:08,2,9997,0,9999
2023-08-06T08:16:45,2,9997,0,9999
2023-08-06T08:29:22,2,9997,0,9999
2023-08-06T08:41:59,2,9997,0,9999
2023-08-06T08:54:37,2,9997,0,9999
2023-08-06T09:07:13,2,9997,0,9999
2023-08-06T09:19:49,2,9997,0,9999
2023-08-06T09:32:27,2,9997,0,9999
2023-08-06T09:45:05,2,9997,0,9999
2023-08-06T09:57:42,2,9997,0,9999
2023-08-06T10:10:31,2,9997,0,9999
2023-08-06T10:23:07,2,9997,0,9999
2023-08-06T10:35:42,2,9997,0,9999
2023-08-06T10:48:19,2,9997,0,9999
2023-08-06T11:00:56,2,9997,0,9999
2023-08-06T11:13:35,2,9997,0,9999
2023-08-06T11:26:12,2,9997,0,9999
2023-08-06T11:38:49,2,9997,0,9999
2023-08-06T11:51:26,2,9997,0,9999
2023-08-06T12:04:04,2,9997,0,9999
2023-08-06T12:16:41,2,9997,0,9999
2023-08-06T12:29:16,2,9997,0,9999
2023-08-06T12:41:53,2,9997,0,9999
2023-08-06T12:54:46,2,9997,0,9999
2023-08-06T13:07:21,2,9997,0,9999
2023-08-06T13:19:56,2,9997,0,9999
2023-08-06T13:32:31,2,9997,0,9999
2023-08-06T13:45:07,2,9997,0,9999
2023-08-06T13:57:42,2,9997,0,9999
2023-08-06T14:10:17,2,9997,0,9999
2023-08-06T14:22:52,2,9997,0,9999
2023-08-06T14:35:27,2,9997,0,9999
2023-08-06T14:48:03,2,9997,0,9999
2023-08-06T15:00:38,2,9997,0,9999
2023-08-06T15:13:10,2,9997,0,9999
2023-08-06T15:25:55,2,9997,0,9999
2023-08-06T15:38:32,2,9997,0,9999
2023-08-06T15:51:07,2,9997,0,9999
2023-08-06T16:03:43,2,9997,0,9999
2023-08-06T16:16:20,2,9997,0,9999
2023-08-06T16:28:56,2,9997,0,9999
2023-08-06T16:41:33,2,9997,0,9999
2023-08-06T16:54:08,2,9997,0,9999
2023-08-06T17:06:44,2,9997,0,9999
2023-08-06T17:19:20,2,9997,0,9999
2023-08-06T17:31:55,2,9997,0,9999
2023-08-06T17:44:31,2,9997,0,9999
2023-08-06T17:57:07,2,9997,0,9999
2023-08-06T18:09:53,2,9997,0,9999
2023-08-06T18:22:29,2,9997,0,9999
2023-08-06T18:35:04,2,9997,0,9999
2023-08-06T18:47:40,2,9997,0,9999
2023-08-06T19:00:16,2,9997,0,9999
2023-08-06T19:12:56,2,9997,0,9999
2023-08-06T19:25:33,2,9997,0,9999
2023-08-06T19:38:08,2,9997,0,9999
2023-08-06T19:50:44,2,9997,0,9999
2023-08-06T20:03:19,2,9997,0,9999
2023-08-06T20:15:55,2,9997,0,9999
2023-08-06T20:28:31,2,9997,0,9999
2023-08-06T20:41:16,2,9997,0,9999
2023-08-06T20:53:52,2,9997,0,9999
2023-08-06T21:06:27,2,9997,0,9999
2023-08-06T21:19:03,2,9997,0,9999
2023-08-06T21:31:39,2,9997,0,9999
2023-08-06T21:44:16,2,9997,0,9999
2023-08-06T21:56:53,2,9997,0,9999
2023-08-06T22:09:28,2,9997,0,9999
2023-08-06T22:22:14,2,9997,0,9999
2023-08-06T22:34:50,2,9997,0,9999
2023-08-06T22:47:26,2,9997,0,9999
2023-08-06T23:00:02,2,9997,0,9999
2023-08-06T23:12:40,2,9997,0,9999
2023-08-06T23:25:16,2,9997,0,9999
2023-08-06T23:37:53,2,9997,0,9999
2023-08-06T23:50:32,2,9997,0,9999
2023-08-07T00:03:09,2,9997,0,9999
2023-08-07T00:16:09,2,9997,0,9999
2023-08-07T00:28:51,2,9997,0,9999
2023-08-07T00:41:35,2,9997,0,9999
2023-08-07T00:54:16,2,9997,0,9999
2023-08-07T01:06:52,2,9997,0,9999
2023-08-07T01:19:31,2,9997,0,9999
2023-08-07T01:32:12,2,9997,0,9999
2023-08-07T01:44:53,2,9997,0,9999
2023-08-07T01:57:34,2,9997,0,9999
2023-08-07T02:10:14,2,9997,0,9999
2023-08-07T02:22:54,2,9997,0,9999
2023-08-07T02:35:35,2,9997,0,9999
2023-08-07T02:48:30,2,9997,0,9999
2023-08-07T03:01:09,2,9997,0,9999
2023-08-07T03:13:48,2,9997,0,9999
2023-08-07T03:26:27,2,9997,0,9999
2023-08-07T03:39:07,2,9997,0,9999
2023-08-07T03:51:45,2,9997,0,9999
2023-08-07T04:04:25,2,9997,0,9999
2023-08-07T04:17:05,2,9997,0,9999
2023-08-07T04:29:21,2,9997,0,9999
2023-08-07T04:42:04,2,9997,0,9999
2023-08-07T04:54:44,2,9997,0,9999
2023-08-07T05:07:25,2,9997,0,9999
2023-08-07T05:20:04,2,9997,0,9999
2023-08-07T05:32:44,2,9997,0,9999
2023-08-07T05:45:23,2,9997,0,9999
2023-08-07T05:58:03,2,9997,0,9999
2023-08-07T06:10:41,2,9997,0,9999
2023-08-07T06:23:20,2,9997,0,9999
2023-08-07T06:36:00,2,9997,0,9999
2023-08-07T06:48:41,2,9997,0,9999
2023-08-07T07:01:20,2,9997,0,9999
2023-08-07T07:13:57,2,9997,0,9999
2023-08-07T07:26:32,2,9997,0,9999
2023-08-07T07:39:08,2,9997,0,9999
2023-08-07T07:51:43,2,9997,0,9999
2023-08-07T08:04:19,2,9997,0,9999
2023-08-07T08:17:03,2,9997,0,9999
2023-08-07T08:29:40,2,9997,0,9999
2023-08-07T08:42:18,2,9997,0,9999
2023-08-07T08:54:53,2,9997,0,9999
2023-08-07T09:07:28,2,9997,0,9999
2023-08-07T09:20:03,2,9997,0,9999
2023-08-07T09:32:39,2,9997,0,9999
2023-08-07T09:45:16,2,9997,0,9999
2023-08-07T09:58:04,2,9997,0,9999
2023-08-07T10:10:40,2,9997,0,9999
2023-08-07T10:23:16,2,9997,0,9999
2023-08-07T10:35:52,2,9997,0,9999
2023-08-07T10:48:27,2,9997,0,9999
2023-08-07T11:01:03,2,9997,0,9999
2023-08-07T11:13:51,2,9997,0,9999
2023-08-07T11:26:26,2,9997,0,9999
2023-08-07T11:39:02,2,9997,0,9999
2023-08-07T11:51:38,2,9997,0,9999
2023-08-07T12:04:13,2,9997,0,9999
2023-08-07T12:16:59,2,9997,0,9999
2023-08-07T12:29:34,2,9997,0,9999
2023-08-07T12:42:10,2,9997,0,9999
2023-08-07T12:54:48,2,9997,0,9999
2023-08-07T13:07:24,2,9997,0,9999
2023-08-07T13:20:10,2,9997,0,9999
2023-08-07T13:32:45,2,9997,0,9999
2023-08-07T13:45:20,2,9997,0,9999
2023-08-07T13:57:55,2,9997,0,9999
2023-08-07T14:10:31,2,9997,0,9999
2023-08-07T14:23:06,2,9997,0,9999
2023-08-07T14:35:42,2,9997,0,9999
2023-08-07T14:48:29,2,9997,0,9999
2023-08-07T15:01:04,2,9997,0,9999
2023-08-07T15:13:41,2,9997,0,9999
2023-08-07T15:26:16,2,9997,0,9999
2023-08-07T15:38:53,2,9997,0,9999
2023-08-07T15:51:28,2,9997,0,9999
2023-08-07T16:04:06,2,9997,0,9999
2023-08-07T16:16:42,2,9997,0,9999
2023-08-07T16:29:29,2,9997,0,9999
2023-08-07T16:42:06,2,9997,0,9999
2023-08-07T16:54:43,2,9997,0,9999
2023-08-07T17:07:20,2,9997,0,9999
2023-08-07T17:19:57,2,9997,0,9999
2023-08-07T17:32:35,2,9997,0,9999
2023-08-07T17:45:12,2,9997,0,9999
2023-08-07T17:57:48,2,9997,0,9999
2023-08-07T18:10:34,2,9997,0,9999
2023-08-07T18:23:11,2,9997,0,9999
2023-08-07T18:35:49,2,9997,0,9999
2023-08-07T18:48:25,2,9997,0,9999
2023-08-07T19:01:01,2,9997,0,9999
2023-08-07T19:13:38,2,9997,0,9999
2023-08-07T19:26:15,2,9997,0,9999
2023-08-07T19:39:03,2,9997,0,9999
2023-08-07T19:51:40,2,9997,0,9999
2023-08-07T20:04:17,2,9997,0,9999
2023-08-07T20:16:54,2,9997,0,9999
2023-08-07T20:29:31,2,9997,0,9999
2023-08-07T20:42:08,2,9997,0,9999
2023-08-07T20:54:45,2,9997,0,9999
2023-08-07T21:07:22,2,9997,0,9999
2023-08-07T21:19:58,2,9997,0,9999
2023-08-07T21:32:46,2,9997,0,9999
2023-08-07T21:45:24,2,9997,0,9999
2023-08-07T21:58:01,2,9997,0,9999
2023-08-07T22:10:37,2,9997,0,9999
2023-08-07T22:23:14,2,9997,0,9999
2023-08-07T22:35:51,2,9997,0,9999
2023-08-07T22:48:29,2,9997,0,9999
2023-08-07T23:01:06,2,9997,0,9999
2023-08-07T23:13:44,2,9997,0,9999
2023-08-07T23:26:35,2,9997,0,9999
2023-08-07T23:39:13,2,9997,0,9999
2023-08-07T23:51:50,2,9997,0,9999
2023-08-08T00:04:28,2,9997,0,9999
2023-08-08T00:17:07,2,9997,0,9999
2023-08-08T00:29:48,2,9997,0,9999
2023-08-08T00:42:34,2,9997,0,9999
2023-08-08T00:55:12,2,9997,0,9999
2023-08-08T01:07:52,2,9997,0,9999
2023-08-08T01:20:29,2,9997,0,9999
2023-08-08T01:33:17,2,9997,0,9999
2023-08-08T01:45:53,2,9997,0,9999
2023-08-08T01:58:31,2,9997,0,9999
2023-08-08T02:11:09,2,9997,0,9999
2023-08-08T02:23:44,2,9997,0,9999
2023-08-08T02:36:19,2,9997,0,9999
2023-08-08T02:48:53,2,9997,0,9999
2023-08-08T03:01:26,2,9997,0,9999
2023-08-08T03:14:12,2,9997,0,9999
2023-08-08T03:26:48,2,9997,0,9999
2023-08-08T03:39:23,2,9997,0,9999
2023-08-08T03:51:59,2,9997,0,9999
2023-08-08T04:04:35,2,9997,0,9999
2023-08-08T04:26:21,2,9997,0,9999
2023-08-08T04:39:03,2,9997,0,9999
2023-08-08T04:51:45,2,9997,0,9999
2023-08-08T05:04:25,2,9997,0,9999
2023-08-08T05:17:05,2,9997,0,9999
2023-08-08T05:29:43,2,9997,0,9999
2023-08-08T05:42:21,2,9997,0,9999
2023-08-08T05:54:59,2,9997,0,9999
2023-08-08T06:07:40,2,9997,0,9999
2023-08-08T06:20:19,2,9997,0,9999
2023-08-08T06:32:59,2,9997,0,9999
2023-08-08T06:45:39,2,9997,0,9999
2023-08-08T06:58:20,2,9997,0,9999
2023-08-08T07:11:00,2,9997,0,9999
2023-08-08T07:23:40,2,9997,0,9999
2023-08-08T07:36:20,2,9997,0,9999
2023-08-08T07:48:58,2,9997,0,9999
2023-08-08T08:01:56,2,9997,0,9999
2023-08-08T08:14:36,2,9997,0,9999
2023-08-08T08:27:16,2,9997,0,9999
2023-08-08T08:39:56,2,9997,0,9999
2023-08-08T08:52:35,2,9997,0,9999
2023-08-08T09:05:14,2,9997,0,9999
2023-08-08T09:17:52,2,9997,0,9999
2023-08-08T09:30:30,2,9997,0,9999
2023-08-08T09:43:09,2,9997,0,9999
2023-08-08T09:55:57,2,9997,0,9999
2023-08-08T10:08:35,2,9997,0,9999
2023-08-08T10:21:13,2,9997,0,9999
2023-08-08T10:33:52,2,9997,0,9999
2023-08-08T10:46:31,2,9997,0,9999
2023-08-08T10:59:10,2,9997,0,9999
2023-08-08T11:12:00,2,9997,0,9999
2023-08-08T11:24:37,2,9997,0,9999
2023-08-08T11:37:13,2,9997,0,9999
2023-08-08T11:49:52,2,9997,0,9999
2023-08-08T12:02:29,2,9997,0,9999
2023-08-08T12:15:06,2,9997,0,9999
2023-08-08T12:28:03,2,9997,0,9999
2023-08-08T12:40:40,2,9997,0,9999
2023-08-08T12:53:17,2,9997,0,9999
2023-08-08T13:05:54,2,9997,0,9999
2023-08-08T13:18:31,2,9997,0,9999
2023-08-08T13:31:11,2,9997,0,9999
2023-08-08T13:43:57,2,9997,0,9999
2023-08-08T13:56:34,2,9997,0,9999
2023-08-08T14:09:11,2,9997,0,9999
2023-08-08T14:21:49,2,9997,0,9999
2023-08-08T14:34:26,2,9997,0,9999
2023-08-08T14:47:03,2,9997,0,9999
2023-08-08T14:59:39,2,9997,0,9999
2023-08-08T15:12:26,2,9997,0,9999
2023-08-08T15:25:04,2,9997,0,9999
2023-08-08T15:37:42,2,9997,0,9999
2023-08-08T15:50:18,2,9997,0,9999
2023-08-08T16:02:55,2,9997,0,9999
2023-08-08T16:15:32,2,9997,0,9999
2023-08-08T16:28:09,2,9997,0,9999
2023-08-08T16:40:56,2,9997,0,9999
2023-08-08T16:53:33,2,9997,0,9999
2023-08-08T17:06:10,2,9997,0,9999
2023-08-08T17:18:47,2,9997,0,9999
2023-08-08T17:31:24,2,9997,0,9999
2023-08-08T17:44:01,2,9997,0,9999
2023-08-08T17:56:58,2,9997,0,9999
2023-08-08T18:09:35,2,9997,0,9999
2023-08-08T18:22:12,2,9997,0,9999
2023-08-08T18:34:49,2,9997,0,9999
2023-08-08T18:47:25,2,9997,0,9999
2023-08-08T19:00:02,2,9997,0,9999
2023-08-08T19:12:41,2,9997,0,9999
2023-08-08T19:25:19,2,9997,0,9999
2023-08-08T19:38:07,2,9997,0,9999
2023-08-08T19:50:44,2,9997,0,9999
2023-08-08T20:03:23,2,9997,0,9999
2023-08-08T20:16:00,2,9997,0,9999
2023-08-08T20:28:36,2,9997,0,9999
2023-08-08T20:41:13,2,9997,0,9999
2023-08-08T20:53:51,2,9997,0,9999
2023-08-08T21:06:27,2,9997,0,9999
2023-08-08T21:19:15,2,9997,0,9999
2023-08-08T21:31:51,2,9997,0,9999
2023-08-08T21:44:29,2,9997,0,9999
2023-08-08T21:57:06,2,9997,0,9999
2023-08-08T22:09:43,2,9997,0,9999
2023-08-08T22:22:19,2,9997,0,9999
2023-08-08T22:34:56,2,9997,0,9999
2023-08-08T22:47:33,2,9997,0,9999
2023-08-08T23:00:19,2,9997,0,9999
2023-08-08T23:12:59,2,9997,0,9999
2023-08-08T23:25:37,2,9997,0,9999
2023-08-08T23:38:15,2,9997,0,9999
2023-08-08T23:50:53,2,9997,0,9999
2023-08-09T00:03:31,2,9997,0,9999
2023-08-09T00:16:14,2,9997,0,9999
2023-08-09T00:28:51,2,9997,0,9999
2023-08-09T00:41:28,2,9997,0,9999
2023-08-09T00:54:06,2,9997,0,9999
2023-08-09T01:06:58,2,9997,0,9999
2023-08-09T01:19:36,2,9997,0,9999
2023-08-09T01:32:13,2,9997,0,9999
2023-08-09T01:44:48,2,9997,0,9999
2023-08-09T01:57:26,2,9997,0,9999
2023-08-09T02:10:05,2,9997,0,9999
2023-08-09T02:22:44,2,9997,0,9999
2023-08-09T02:35:22,2,9997,0,9999
2023-08-09T02:48:00,2,9997,0,9999
2023-08-09T03:00:38,2,9997,0,9999
2023-08-09T03:13:17,2,9997,0,9999
2023-08-09T03:25:58,2,9997,0,9999
2023-08-09T03:38:38,2,9997,0,9999
2023-08-09T03:51:19,2,9997,0,9999
2023-08-09T04:04:10,2,9997,0,9999
2023-08-09T04:18:58,2,9997,0,9999
2023-08-09T04:31:41,2,9997,0,9999
2023-08-09T04:44:23,2,9997,0,9999
2023-08-09T04:57:03,2,9997,0,9999
2023-08-09T05:09:45,2,9997,0,9999
2023-08-09T05:22:24,2,9997,0,9999
2023-08-09T05:35:05,2,9997,0,9999
2023-08-09T05:47:46,2,9997,0,9999
2023-08-09T06:00:27,2,9997,0,9999
2023-08-09T06:13:07,2,9997,0,9999
2023-08-09T06:25:49,2,9997,0,9999
2023-08-09T06:38:29,2,9997,0,9999
2023-08-09T06:51:09,2,9997,0,9999
2023-08-09T07:03:49,2,9997,0,9999
2023-08-09T07:16:28,2,9997,0,9999
2023-08-09T07:29:06,2,9997,0,9999
2023-08-09T07:41:45,2,9997,0,9999
2023-08-09T07:54:25,2,9997,0,9999
2023-08-09T08:07:15,2,9997,0,9999
2023-08-09T08:19:54,2,9997,0,9999
2023-08-09T08:32:32,2,9997,0,9999
2023-08-09T08:45:10,2,9997,0,9999
2023-08-09T08:57:49,2,9997,0,9999
2023-08-09T09:10:27,2,9997,0,9999
2023-08-09T09:23:04,2,9997,0,9999
2023-08-09T09:35:40,2,9997,0,9999
2023-08-09T09:48:17,2,9997,0,9999
2023-08-09T10:00:53,2,9997,0,9999
2023-08-09T10:13:40,2,9997,0,9999
2023-08-09T10:26:16,2,9997,0,9999
2023-08-09T10:38:52,2,9997,0,9999
2023-08-09T10:51:28,2,9997,0,9999
2023-08-09T11:04:05,2,9997,0,9999
2023-08-09T11:16:41,2,9997,0,9999
2023-08-09T11:29:29,2,9997,0,9999
2023-08-09T11:42:06,2,9997,0,9999
2023-08-09T11:54:42,2,9997,0,9999
2023-08-09T12:07:28,2,9997,0,9999
2023-08-09T12:20:04,2,9997,0,9999
2023-08-09T12:32:41,2,9997,0,9999
2023-08-09T12:45:28,2,9997,0,9999
2023-08-09T12:58:04,2,9997,0,9999
2023-08-09T13:10:51,2,9997,0,9999
2023-08-09T13:23:28,2,9997,0,9999
2023-08-09T13:36:04,2,9997,0,9999
2023-08-09T13:48:50,2,9997,0,9999
2023-08-09T14:03:46,2,9997,0,9999
2023-08-09T14:16:51,2,9997,0,9999
2023-08-09T14:29:38,2,9997,0,9999
2023-08-09T14:42:15,2,9997,0,9999
2023-08-09T14:54:51,2,9997,0,9999
2023-08-09T15:07:29,2,9997,0,9999
2023-08-09T15:20:07,2,9997,0,9999
2023-08-09T15:32:43,2,9997,0,9999
2023-08-09T15:45:21,2,9997,0,9999
2023-08-09T15:58:07,2,9997,0,9999
2023-08-09T16:10:43,2,9997,0,9999
2023-08-09T16:23:21,2,9997,0,9999
2023-08-09T16:35:58,2,9997,0,9999
2023-08-09T16:48:34,2,9997,0,9999
2023-08-09T17:01:11,2,9997,0,9999
2023-08-09T17:13:48,2,9997,0,9999
2023-08-09T17:26:25,2,9997,0,9999
2023-08-09T17:39:12,2,9997,0,9999
2023-08-09T17:51:49,2,9997,0,9999
2023-08-09T18:04:25,2,9997,0,9999
2023-08-09T18:17:02,2,9997,0,9999
2023-08-09T18:29:39,2,9997,0,9999
2023-08-09T18:42:16,2,9997,0,9999
2023-08-09T18:54:54,2,9997,0,9999
2023-08-09T19:07:32,2,9997,0,9999
2023-08-09T19:20:09,2,9997,0,9999
2023-08-09T19:32:46,2,9997,0,9999
2023-08-09T19:45:24,2,9997,0,9999
2023-08-09T19:58:11,2,9997,0,9999
2023-08-09T20:10:47,2,9997,0,9999
2023-08-09T20:23:23,2,9997,0,9999
2023-08-09T20:36:00,2,9997,0,9999
2023-08-09T20:48:36,2,9997,0,9999
2023-08-09T21:01:12,2,9997,0,9999
2023-08-09T21:13:49,2,9997,0,9999
2023-08-09T21:26:26,2,9997,0,9999
2023-08-09T21:39:03,2,9997,0,9999
2023-08-09T21:51:43,2,9997,0,9999
2023-08-09T22:04:30,2,9997,0,9999
2023-08-09T22:17:07,2,9997,0,9999
2023-08-09T22:29:43,2,9997,0,9999
2023-08-09T22:42:21,2,9997,0,9999
2023-08-09T22:54:57,2,9997,0,9999
2023-08-09T23:07:35,2,9997,0,9999
2023-08-09T23:20:13,2,9997,0,9999
2023-08-09T23:32:50,2,9997,0,9999
2023-08-09T23:45:28,2,9997,0,9999
2023-08-09T23:58:05,2,9997,0,9999
2023-08-10T00:10:45,2,9997,0,9999
2023-08-10T00:23:29,2,9997,0,9999
2023-08-10T00:36:06,2,9997,0,9999
2023-08-10T00:48:45,2,9997,0,9999
2023-08-10T01:01:33,2,9997,0,9999
2023-08-10T01:14:11,2,9997,0,9999
2023-08-10T01:26:48,2,9997,0,9999
2023-08-10T01:39:25,2,9997,0,9999
2023-08-10T01:52:04,2,9997,0,9999
2023-08-10T02:04:42,2,9997,0,9999
2023-08-10T02:17:17,2,9997,0,9999
2023-08-10T02:29:51,2,9997,0,9999
2023-08-10T02:42:28,2,9997,0,9999
2023-08-10T02:55:06,2,9997,0,9999
2023-08-10T03:07:43,2,9997,0,9999
2023-08-10T03:20:23,2,9997,0,9999
2023-08-10T03:33:01,2,9997,0,9999
2023-08-10T03:45:41,2,9997,0,9999
2023-08-10T03:58:21,2,9997,0,9999
2023-08-10T04:13:23,2,9997,0,9999
2023-08-10T04:26:57,2,9997,0,9999
2023-08-10T04:40:02,2,9997,0,9999
2023-08-10T04:52:44,2,9997,0,9999
2023-08-10T05:05:26,2,9997,0,9999
2023-08-10T05:18:03,2,9997,0,9999
2023-08-10T05:30:43,2,9997,0,9999
2023-08-10T05:43:21,2,9997,0,9999
2023-08-10T05:56:14,2,9997,0,9999
2023-08-10T06:08:54,2,9997,0,9999
2023-08-10T06:21:35,2,9997,0,9999
2023-08-10T06:34:16,2,9997,0,9999
2023-08-10T06:46:56,2,9997,0,9999
2023-08-10T06:59:36,2,9997,0,9999
2023-08-10T07:12:20,2,9997,0,9999
2023-08-10T07:25:00,2,9997,0,9999
2023-08-10T07:37:39,2,9997,0,9999
2023-08-10T07:50:17,2,9997,0,9999
2023-08-10T08:02:56,2,9997,0,9999
2023-08-10T08:15:34,2,9997,0,9999
2023-08-10T08:28:14,2,9997,0,9999
2023-08-10T08:41:03,2,9997,0,9999
2023-08-10T08:53:42,2,9997,0,9999
2023-08-10T09:06:20,2,9997,0,9999
2023-08-10T09:19:00,2,9997,0,9999
2023-08-10T09:31:38,2,9997,0,9999
2023-08-10T09:44:17,2,9997,0,9999
2023-08-10T09:56:55,2,9997,0,9999
2023-08-10T10:09:35,2,9997,0,9999
2023-08-10T10:22:14,2,9997,0,9999
2023-08-10T10:34:53,2,9997,0,9999
2023-08-10T10:47:41,2,9997,0,9999
2023-08-10T11:00:18,2,9997,0,9999
2023-08-10T11:12:55,2,9997,0,9999
2023-08-10T11:25:32,2,9997,0,9999
2023-08-10T11:38:09,2,9997,0,9999
2023-08-10T11:50:47,2,9997,0,9999
2023-08-10T12:03:23,2,9997,0,9999
2023-08-10T12:15:59,2,9997,0,9999
2023-08-10T12:28:46,2,9997,0,9999
2023-08-10T12:41:25,2,9997,0,9999
2023-08-10T12:54:02,2,9997,0,9999
2023-08-10T13:06:38,2,9997,0,9999
2023-08-10T13:19:16,2,9997,0,9999
2023-08-10T13:31:54,2,9997,0,9999
2023-08-10T13:44:31,2,9997,0,9999
2023-08-10T13:57:09,2,9997,0,9999
2023-08-10T14:09:47,2,9997,0,9999
2023-08-10T14:22:35,2,9997,0,9999
2023-08-10T14:35:13,2,9997,0,9999
2023-08-10T14:47:50,2,9997,0,9999
2023-08-10T15:00:28,2,9997,0,9999
2023-08-10T15:13:05,2,9997,0,9999
2023-08-10T15:25:43,2,9997,0,9999
2023-08-10T15:38:21,2,9997,0,9999
2023-08-10T15:50:58,2,9997,0,9999
2023-08-10T16:03:45,2,9997,0,9999
2023-08-10T16:16:22,2,9997,0,9999
2023-08-10T16:28:59,2,9997,0,9999
2023-08-10T16:41:36,2,9997,0,9999
2023-08-10T16:54:13,2,9997,0,9999
2023-08-10T17:06:50,2,9997,0,9999
2023-08-10T17:19:31,2,9997,0,9999
2023-08-10T17:32:19,2,9997,0,9999
2023-08-10T17:44:56,2,9997,0,9999
2023-08-10T17:57:33,2,9997,0,9999
2023-08-10T18:10:10,2,9997,0,9999
2023-08-10T18:22:49,2,9997,0,9999
2023-08-10T18:35:28,2,9997,0,9999
2023-08-10T18:48:05,2,9997,0,9999
2023-08-10T19:00:43,2,9997,0,9999
2023-08-10T19:13:22,2,9997,0,9999
2023-08-10T19:26:00,2,9997,0,9999
2023-08-10T19:38:37,2,9997,0,9999
2023-08-10T19:51:26,2,9997,0,9999
2023-08-10T20:04:04,2,9997,0,9999
2023-08-10T20:16:42,2,9997,0,9999
2023-08-10T20:29:20,2,9997,0,9999
2023-08-10T20:41:59,2,9997,0,9999
2023-08-10T20:54:37,2,9997,0,9999
2023-08-10T21:07:15,2,9997,0,9999
2023-08-10T21:19:53,2,9997,0,9999
2023-08-10T21:32:30,2,9997,0,9999
2023-08-10T21:45:08,2,9997,0,9999
2023-08-10T21:57:45,2,9997,0,9999
2023-08-10T22:10:32,2,9997,0,9999
2023-08-10T22:23:09,2,9997,0,9999
2023-08-10T22:35:47,2,9997,0,9999
2023-08-10T22:48:24,2,9997,0,9999
2023-08-10T23:01:01,2,9997,0,9999
2023-08-10T23:13:43,2,9997,0,9999
2023-08-10T23:26:22,2,9997,0,9999
2023-08-10T23:38:59,2,9997,0,9999
2023-08-10T23:51:38,2,9997,0,9999
2023-08-11T00:04:18,2,9997,0,9999
2023-08-11T00:17:01,2,9997,0,9999
2023-08-11T00:29:41,2,9997,0,9999
2023-08-11T00:42:22,2,9997,0,9999
2023-08-11T00:55:15,2,9997,0,9999
2023-08-11T01:07:57,2,9997,0,9999
2023-08-11T01:20:38,2,9997,0,9999
2023-08-11T01:33:21,2,9997,0,9999
2023-08-11T01:46:03,2,9997,0,9999
2023-08-11T01:58:48,2,9997,0,9999
2023-08-11T02:11:28,2,9997,0,9999
2023-08-11T02:24:05,2,9997,0,9999
2023-08-11T02:36:43,2,9997,0,9999
2023-08-11T02:49:20,2,9997,0,9999
2023-08-11T03:01:58,2,9997,0,9999
2023-08-11T03:14:38,2,9997,0,9999
2023-08-11T03:27:18,2,9997,0,9999
2023-08-11T03:40:00,2,9997,0,9999
2023-08-11T03:52:40,2,9997,0,9999
2023-08-11T04:05:21,2,9997,0,9999
2023-08-11T04:18:14,2,9997,0,9999
2023-08-11T04:30:59,2,9997,0,9999
2023-08-11T04:45:29,2,9997,0,9999
2023-08-11T04:58:12,2,9997,0,9999
2023-08-11T05:10:55,2,9997,0,9999
2023-08-11T05:23:36,2,9997,0,9999
2023-08-11T05:36:19,2,9997,0,9999
2023-08-11T05:49:01,2,9997,0,9999
2023-08-11T06:01:42,2,9997,0,9999
2023-08-11T06:14:22,2,9997,0,9999
2023-08-11T06:27:03,2,9997,0,9999
2023-08-11T06:39:44,2,9997,0,9999
2023-08-11T06:52:24,2,9997,0,9999
2023-08-11T07:05:07,2,9997,0,9999
2023-08-11T07:17:48,2,9997,0,9999
2023-08-11T07:30:27,2,9997,0,9999
2023-08-11T07:43:06,2,9997,0,9999
2023-08-11T07:55:46,2,9997,0,9999
2023-08-11T08:08:25,2,9997,0,9999
2023-08-11T08:21:05,2,9997,0,9999
2023-08-11T08:33:46,2,9997,0,9999
2023-08-11T08:46:26,2,9997,0,9999
2023-08-11T08:59:05,2,9997,0,9999
2023-08-11T09:11:55,2,9997,0,9999
2023-08-11T09:24:34,2,9997,0,9999
2023-08-11T09:37:14,2,9997,0,9999
2023-08-11T09:49:54,2,9997,0,9999
2023-08-11T10:02:31,2,9997,0,9999
2023-08-11T10:15:10,2,9997,0,9999
2023-08-11T10:27:49,2,9997,0,9999
2023-08-11T10:40:26,2,9997,0,9999
2023-08-11T10:53:03,2,9997,0,9999
2023-08-11T11:05:40,2,9997,0,9999
2023-08-11T11:18:18,2,9997,0,9999
2023-08-11T11:30:55,2,9997,0,9999
2023-08-11T11:43:34,2,9997,0,9999
2023-08-11T11:56:20,2,9997,0,9999
2023-08-11T12:08:58,2,9997,0,9999
2023-08-11T12:21:35,2,9997,0,9999
2023-08-11T12:34:12,2,9997,0,9999
2023-08-11T12:46:49,2,9997,0,9999
2023-08-11T12:59:27,2,9997,0,9999
2023-08-11T13:12:05,2,9997,0,9999
2023-08-11T13:24:42,2,9997,0,9999
2023-08-11T13:37:19,2,9997,0,9999
2023-08-11T13:49:56,2,9997,0,9999
2023-08-11T14:02:43,2,9997,0,9999
2023-08-11T14:15:21,2,9997,0,9999
2023-08-11T14:27:58,2,9997,0,9999
2023-08-11T14:40:36,2,9997,0,9999
2023-08-11T14:53:14,2,9997,0,9999
2023-08-11T15:05:51,2,9997,0,9999
2023-08-11T15:18:29,2,9997,0,9999
2023-08-11T15:31:06,2,9997,0,9999
2023-08-11T15:43:44,2,9997,0,9999
2023-08-11T15:56:21,2,9997,0,9999
2023-08-11T16:08:59,2,9997,0,9999
2023-08-11T16:21:47,2,9997,0,9999
2023-08-11T16:34:25,2,9997,0,9999
2023-08-11T16:47:02,2,9997,0,9999
2023-08-11T16:59:39,2,9997,0,9999
2023-08-11T17:12:18,2,9997,0,9999
2023-08-11T17:24:55,2,9997,0,9999
2023-08-11T17:37:32,2,9997,0,9999
2023-08-11T17:50:09,2,9997,0,9999
2023-08-11T18:02:46,2,9997,0,9999
2023-08-11T18:15:23,2,9997,0,9999
2023-08-11T18:28:01,2,9997,0,9999
2023-08-11T18:40:39,2,9997,0,9999
2023-08-11T18:53:16,2,9997,0,9999
2023-08-11T19:06:06,2,9997,0,9999
2023-08-11T19:18:44,2,9997,0,9999
2023-08-11T19:31:22,2,9997,0,9999
2023-08-11T19:44:00,2,9997,0,9999
2023-08-11T19:56:37,2,9997,0,9999
2023-08-11T20:09:15,2,9997,0,9999
2023-08-11T20:21:53,2,9997,0,9999
2023-08-11T20:34:31,2,9997,0,9999
2023-08-11T20:47:08,2,9997,0,9999
2023-08-11T20:59:47,2,9997,0,9999
2023-08-11T21:12:25,2,9997,0,9999
2023-08-11T21:25:13,2,9997,0,9999
2023-08-11T21:37:50,2,9997,0,9999
2023-08-11T21:50:29,2,9997,0,9999
2023-08-11T22:03:07,2,9997,0,9999
2023-08-11T22:15:45,2,9997,0,9999
2023-08-11T22:28:23,2,9997,0,9999
2023-08-11T22:41:01,2,9997,0,9999
2023-08-11T22:53:38,2,9997,0,9999
2023-08-11T23:06:17,2,9997,0,9999
2023-08-11T23:18:55,2,9997,0,9999
2023-08-11T23:31:34,2,9997,0,9999
2023-08-11T23:44:14,2,9997,0,9999
2023-08-11T23:57:03,2,9997,0,9999
2023-08-12T00:09:43,2,9997,0,9999
2023-08-12T00:22:27,2,9997,0,9999
2023-08-12T00:35:09,2,9997,0,9999
2023-08-12T00:48:29,2,9997,0,9999
2023-08-12T01:01:12,2,9997,0,9999
2023-08-12T01:13:54,2,9997,0,9999
2023-08-12T01:26:35,2,9997,0,9999
2023-08-12T01:39:17,2,9997,0,9999
2023-08-12T01:52:00,2,9997,0,9999
2023-08-12T02:04:44,2,9997,0,9999
2023-08-12T02:17:23,2,9997,0,9999
2023-08-12T02:30:03,2,9997,0,9999
2023-08-12T02:42:43,2,9997,0,9999
2023-08-12T02:55:21,2,9997,0,9999
2023-08-12T03:08:00,2,9997,0,9999
2023-08-12T03:20:39,2,9997,0,9999
2023-08-12T03:33:19,2,9997,0,9999
2023-08-12T03:45:58,2,9997,0,9999
2023-08-12T03:58:49,2,9997,0,9999
2023-08-12T04:13:41,2,9997,0,9999
2023-08-12T04:27:32,2,9997,0,9999
2023-08-12T04:40:37,2,9997,0,9999
2023-08-12T04:53:20,2,9997,0,9999
2023-08-12T05:06:02,2,9997,0,9999
2023-08-12T05:18:41,2,9997,0,9999
2023-08-12T05:31:20,2,9997,0,9999
2023-08-12T05:43:59,2,9997,0,9999
2023-08-12T05:56:38,2,9997,0,9999
2023-08-12T06:09:20,2,9997,0,9999
2023-08-12T06:22:02,2,9997,0,9999
2023-08-12T06:34:45,2,9997,0,9999
2023-08-12T06:47:26,2,9997,0,9999
2023-08-12T07:00:07,2,9997,0,9999
2023-08-12T07:12:48,2,9997,0,9999
2023-08-12T07:25:28,2,9997,0,9999
2023-08-12T07:38:08,2,9997,0,9999
2023-08-12T07:50:48,2,9997,0,9999
2023-08-12T08:03:29,2,9997,0,9999
2023-08-12T08:16:17,2,9997,0,9999
2023-08-12T08:28:59,2,9997,0,9999
2023-08-12T08:41:40,2,9997,0,9999
2023-08-12T08:54:21,2,9997,0,9999
2023-08-12T09:07:02,2,9997,0,9999
2023-08-12T09:19:43,2,9997,0,9999
2023-08-12T09:32:23,2,9997,0,9999
2023-08-12T09:45:04,2,9997,0,9999
2023-08-12T09:57:44,2,9997,0,9999
2023-08-12T10:10:25,2,9997,0,9999
2023-08-12T10:23:06,2,9997,0,9999
2023-08-12T10:36:00,2,9997,0,9999
2023-08-12T10:48:40,2,9997,0,9999
2023-08-12T11:01:21,2,9997,0,9999
2023-08-12T11:14:01,2,9997,0,9999
2023-08-12T11:26:41,2,9997,0,9999
2023-08-12T11:39:21,2,9997,0,9999
2023-08-12T11:52:00,2,9997,0,9999
2023-08-12T12:04:40,2,9997,0,9999
2023-08-12T12:17:21,2,9997,0,9999
2023-08-12T12:30:01,2,9997,0,9999
2023-08-12T12:42:40,2,9997,0,9999
2023-08-12T12:55:18,2,9997,0,9999
2023-08-12T13:07:56,2,9997,0,9999
2023-08-12T13:20:33,2,9997,0,9999
2023-08-12T13:33:22,2,9997,0,9999
2023-08-12T13:45:59,2,9997,0,9999
2023-08-12T13:58:36,2,9997,0,9999
2023-08-12T14:11:14,2,9997,0,9999
2023-08-12T14:23:51,2,9997,0,9999
2023-08-12T14:36:29,2,9997,0,9999
2023-08-12T14:49:06,2,9997,0,9999
2023-08-12T15:01:43,2,9997,0,9999
2023-08-12T15:14:22,2,9997,0,9999
2023-08-12T15:26:59,2,9997,0,9999
2023-08-12T15:39:37,2,9997,0,9999
2023-08-12T15:52:15,2,9997,0,9999
2023-08-12T16:04:52,2,9997,0,9999
2023-08-12T16:17:30,2,9997,0,9999
2023-08-12T16:30:08,2,9997,0,9999
2023-08-12T16:42:45,2,9997,0,9999
2023-08-12T16:55:22,2,9997,0,9999
2023-08-12T17:08:12,2,9997,0,9999
2023-08-12T17:20:50,2,9997,0,9999
2023-08-12T17:33:28,2,9997,0,9999
2023-08-12T17:46:06,2,9997,0,9999
2023-08-12T17:58:44,2,9997,0,9999
2023-08-12T18:11:23,2,9997,0,9999
2023-08-12T18:24:00,2,9997,0,9999
2023-08-12T18:36:39,2,9997,0,9999
2023-08-12T18:49:17,2,9997,0,9999
2023-08-12T19:01:55,2,9997,0,9999
2023-08-12T19:14:34,2,9997,0,9999
2023-08-12T19:27:11,2,9997,0,9999
2023-08-12T19:39:49,2,9997,0,9999
2023-08-12T19:52:27,2,9997,0,9999
2023-08-12T20:05:04,2,9997,0,9999
2023-08-12T20:17:43,2,9997,0,9999
2023-08-12T20:30:30,2,9997,0,9999
2023-08-12T20:43:08,2,9997,0,9999
2023-08-12T20:55:46,2,9997,0,9999
2023-08-12T21:08:24,2,9997,0,9999
2023-08-12T21:21:03,2,9997,0,9999
2023-08-12T21:33:41,2,9997,0,9999
2023-08-12T21:46:19,2,9997,0,9999
2023-08-12T21:58:56,2,9997,0,9999
2023-08-12T22:11:34,2,9997,0,9999
2023-08-12T22:24:12,2,9997,0,9999
2023-08-12T22:36:50,2,9997,0,9999
2023-08-12T22:49:27,2,9997,0,9999
2023-08-12T23:02:05,2,9997,0,9999
2023-08-12T23:14:46,2,9997,0,9999
2023-08-12T23:27:24,2,9997,0,9999
2023-08-12T23:40:01,2,9997,0,9999
2023-08-12T23:52:39,2,9997,0,9999
2023-08-13T00:05:18,2,9997,0,9999
2023-08-13T00:18:10,2,9997,0,9999
2023-08-13T00:30:51,2,9997,0,9999
2023-08-13T00:43:31,2,9997,0,9999
2023-08-13T00:56:09,2,9997,0,9999
2023-08-13T01:08:48,2,9997,0,9999
2023-08-13T01:21:26,2,9997,0,9999
2023-08-13T01:34:04,2,9997,0,9999
2023-08-13T01:46:42,2,9997,0,9999
2023-08-13T01:59:20,2,9997,0,9999
2023-08-13T02:11:58,2,9997,0,9999
2023-08-13T02:24:37,2,9997,0,9999
2023-08-13T02:37:23,2,9997,0,9999
2023-08-13T02:50:07,2,9997,0,9999
2023-08-13T03:02:53,2,9997,0,9999
2023-08-13T03:15:52,2,9997,0,9999
2023-08-13T03:28:35,2,9997,0,9999
2023-08-13T03:41:20,2,9997,0,9999
2023-08-13T03:54:49,2,9997,0,9999
2023-08-13T04:15:13,2,9997,0,9999
2023-08-13T04:29:30,2,9997,0,9999
2023-08-13T04:42:16,2,9997,0,9999
2023-08-13T04:55:03,2,9997,0,9999
2023-08-13T05:07:47,2,9997,0,9999
2023-08-13T05:20:30,2,9997,0,9999
2023-08-13T05:33:12,2,9997,0,9999
2023-08-13T05:45:55,2,9997,0,9999
2023-08-13T05:58:39,2,9997,0,9999
2023-08-13T06:11:20,2,9997,0,9999
2023-08-13T06:24:02,2,9997,0,9999
2023-08-13T06:36:44,2,9997,0,9999
2023-08-13T06:49:25,2,9997,0,9999
2023-08-13T07:02:06,2,9997,0,9999
2023-08-13T07:14:46,2,9997,0,9999
2023-08-13T07:27:27,2,9997,0,9999
2023-08-13T07:40:10,2,9997,0,9999
2023-08-13T07:52:50,2,9997,0,9999
2023-08-13T08:05:34,2,9997,0,9999
2023-08-13T08:18:16,2,9997,0,9999
2023-08-13T08:30:58,2,9997,0,9999
2023-08-13T08:43:39,2,9997,0,9999
2023-08-13T08:56:17,2,9997,0,9999
2023-08-13T09:09:04,2,9997,0,9999
2023-08-13T09:21:42,2,9997,0,9999
2023-08-13T09:34:22,2,9997,0,9999
2023-08-13T09:47:01,2,9997,0,9999
2023-08-13T09:59:39,2,9997,0,9999
2023-08-13T10:12:18,2,9997,0,9999
2023-08-13T10:24:57,2,9997,0,9999
2023-08-13T10:37:38,2,9997,0,9999
2023-08-13T10:50:18,2,9997,0,9999
2023-08-13T11:02:57,2,9997,0,9999
2023-08-13T11:15:35,2,9997,0,9999
2023-08-13T11:28:14,2,9997,0,9999
2023-08-13T11:40:52,2,9997,0,9999
2023-08-13T11:53:41,2,9997,0,9999
2023-08-13T12:06:19,2,9997,0,9999
2023-08-13T12:18:58,2,9997,0,9999
2023-08-13T12:31:36,2,9997,0,9999
2023-08-13T12:44:14,2,9997,0,9999
2023-08-13T12:56:52,2,9997,0,9999
2023-08-13T13:09:29,2,9997,0,9999
2023-08-13T13:22:08,2,9997,0,9999
2023-08-13T13:34:46,2,9997,0,9999
2023-08-13T13:47:23,2,9997,0,9999
2023-08-13T14:00:02,2,9997,0,9999
2023-08-13T14:12:40,2,9997,0,9999
2023-08-13T14:25:28,2,9997,0,9999
2023-08-13T14:38:07,2,9997,0,9999
2023-08-13T14:50:44,2,9997,0,9999
2023-08-13T15:03:23,2,9997,0,9999
2023-08-13T15:16:01,2,9997,0,9999
2023-08-13T15:28:38,2,9997,0,9999
2023-08-13T15:41:16,2,9997,0,9999
2023-08-13T15:53:53,2,9997,0,9999
2023-08-13T16:06:32,2,9997,0,9999
2023-08-13T16:19:10,2,9997,0,9999
2023-08-13T16:31:49,2,9997,0,9999
2023-08-13T16:44:40,2,9997,0,9999
2023-08-13T16:57:17,2,9997,0,9999
2023-08-13T17:09:57,2,9997,0,9999
2023-08-13T17:22:35,2,9997,0,9999
2023-08-13T17:35:12,2,9997,0,9999
2023-08-13T17:47:51,2,9997,0,9999
2023-08-13T18:00:28,2,9997,0,9999
2023-08-13T18:13:06,2,9997,0,9999
2023-08-13T18:25:44,2,9997,0,9999
2023-08-13T18:38:22,2,9997,0,9999
2023-08-13T18:50:59,2,9997,0,9999
2023-08-13T19:03:50,2,9997,0,9999
2023-08-13T19:16:29,2,9997,0,9999
2023-08-13T19:29:07,2,9997,0,9999
2023-08-13T19:41:45,2,9997,0,9999
2023-08-13T19:54:23,2,9997,0,9999
2023-08-13T20:07:01,2,9997,0,9999
2023-08-13T20:19:38,2,9997,0,9999
2023-08-13T20:32:16,2,9997,0,9999
2023-08-13T20:44:53,2,9997,0,9999
2023-08-13T20:57:31,2,9997,0,9999
2023-08-13T21:10:08,2,9997,0,9999
2023-08-13T21:22:57,2,9997,0,9999
2023-08-13T21:35:36,2,9997,0,9999
2023-08-13T21:48:15,2,9997,0,9999
2023-08-13T22:00:53,2,9997,0,9999
2023-08-13T22:13:31,2,9997,0,9999
2023-08-13T22:26:09,2,9997,0,9999
2023-08-13T22:38:47,2,9997,0,9999
2023-08-13T22:51:25,2,9997,0,9999
2023-08-13T23:04:03,2,9997,0,9999
2023-08-13T23:16:44,2,9997,0,9999
2023-08-13T23:29:34,2,9997,0,9999
2023-08-13T23:42:12,2,9997,0,9999
2023-08-13T23:54:50,2,9997,0,9999
2023-08-14T00:07:31,2,9997,0,9999
2023-08-14T00:20:23,2,9997,0,9999
2023-08-14T00:33:17,2,9997,0,9999
2023-08-14T00:45:59,2,9997,0,9999
2023-08-14T00:58:39,2,9997,0,9999
2023-08-14T01:11:20,2,9997,0,9999
2023-08-14T01:24:04,2,9997,0,9999
2023-08-14T01:36:57,2,9997,0,9999
2023-08-14T01:49:39,2,9997,0,9999
2023-08-14T02:02:21,2,9997,0,9999
2023-08-14T02:15:14,2,9997,0,9999
2023-08-14T02:27:55,2,9997,0,9999
2023-08-14T02:40:35,2,9997,0,9999
2023-08-14T02:53:16,2,9997,0,9999
2023-08-14T03:05:56,2,9997,0,9999
2023-08-14T03:18:38,2,9997,0,9999
2023-08-14T03:31:19,2,9997,0,9999
2023-08-14T03:43:58,2,9997,0,9999
2023-08-14T03:56:39,2,9997,0,9999
2023-08-14T04:15:53,2,9997,0,9999
2023-08-14T04:29:03,2,9997,0,9999
2023-08-14T04:41:46,2,9997,0,9999
2023-08-14T04:54:28,2,9997,0,9999
2023-08-14T05:07:12,2,9997,0,9999
2023-08-14T05:19:53,2,9997,0,9999
2023-08-14T05:32:35,2,9997,0,9999
2023-08-14T05:45:18,2,9997,0,9999
2023-08-14T05:58:00,2,9997,0,9999
2023-08-14T06:10:41,2,9997,0,9999
2023-08-14T06:23:23,2,9997,0,9999
2023-08-14T06:36:07,2,9997,0,9999
2023-08-14T06:48:48,2,9997,0,9999
2023-08-14T07:01:29,2,9997,0,9999
2023-08-14T07:14:08,2,9997,0,9999
2023-08-14T07:26:47,2,9997,0,9999
2023-08-14T07:39:25,2,9997,0,9999
2023-08-14T07:52:15,2,9997,0,9999
2023-08-14T08:04:53,2,9997,0,9999
2023-08-14T08:17:31,2,9997,0,9999
2023-08-14T08:30:10,2,9997,0,9999
2023-08-14T08:42:48,2,9997,0,9999
2023-08-14T08:55:25,2,9997,0,9999
2023-08-14T09:08:03,2,9997,0,9999
2023-08-14T09:20:41,2,9997,0,9999
2023-08-14T09:33:19,2,9997,0,9999
2023-08-14T09:46:06,2,9997,0,9999
2023-08-14T09:58:44,2,9997,0,9999
2023-08-14T10:11:23,2,9997,0,9999
2023-08-14T10:24:01,2,9997,0,9999
2023-08-14T10:36:39,2,9997,0,9999
2023-08-14T10:49:28,2,9997,0,9999
2023-08-14T11:02:06,2,9997,0,9999
2023-08-14T11:14:45,2,9997,0,9999
2023-08-14T11:27:23,2,9997,0,9999
2023-08-14T11:40:01,2,9997,0,9999
2023-08-14T11:52:39,2,9997,0,9999
2023-08-14T12:05:27,2,9997,0,9999
2023-08-14T12:18:05,2,9997,0,9999
2023-08-14T12:30:43,2,9997,0,9999
2023-08-14T12:43:21,2,9997,0,9999
2023-08-14T12:55:58,2,9997,0,9999
2023-08-14T13:08:46,2,9997,0,9999
2023-08-14T13:21:24,2,9997,0,9999
2023-08-14T13:34:02,2,9997,0,9999
2023-08-14T13:46:40,2,9997,0,9999
2023-08-14T13:59:31,2,9997,0,9999
2023-08-14T14:12:09,2,9997,0,9999
2023-08-14T14:24:48,2,9997,0,9999
2023-08-14T14:37:27,2,9997,0,9999
2023-08-14T14:50:05,2,9997,0,9999
2023-08-14T15:02:44,2,9997,0,9999
2023-08-14T15:15:33,2,9997,0,9999
2023-08-14T15:28:12,2,9997,0,9999
2023-08-14T15:40:50,2,9997,0,9999
2023-08-14T15:53:29,2,9997,0,9999
2023-08-14T16:06:07,2,9997,0,9999
2023-08-14T16:18:46,2,9997,0,9999
2023-08-14T16:31:35,2,9997,0,9999
2023-08-14T16:44:14,2,9997,0,9999
2023-08-14T16:56:54,2,9997,0,9999
2023-08-14T17:09:33,2,9997,0,9999
2023-08-14T17:22:12,2,9997,0,9999
2023-08-14T17:34:51,2,9997,0,9999
2023-08-14T17:47:30,2,9997,0,9999
2023-08-14T18:00:09,2,9997,0,9999
2023-08-14T18:12:47,2,9997,0,9999
2023-08-14T18:25:36,2,9997,0,9999
2023-08-14T18:38:15,2,9997,0,9999
2023-08-14T18:50:53,2,9997,0,9999
2023-08-14T19:03:32,2,9997,0,9999
2023-08-14T19:16:11,2,9997,0,9999
2023-08-14T19:28:49,2,9997,0,9999
2023-08-14T19:41:38,2,9997,0,9999
2023-08-14T19:54:16,2,9997,0,9999
2023-08-14T20:06:53,2,9997,0,9999
2023-08-14T20:19:32,2,9997,0,9999
2023-08-14T20:32:10,2,9997,0,9999
2023-08-14T20:44:59,2,9997,0,9999
2023-08-14T20:57:37,2,9997,0,9999
2023-08-14T21:10:17,2,9997,0,9999
2023-08-14T21:22:55,2,9997,0,9999
2023-08-14T21:35:33,2,9997,0,9999
2023-08-14T21:48:12,2,9997,0,9999
2023-08-14T22:00:50,2,9997,0,9999
2023-08-14T22:13:39,2,9997,0,9999
2023-08-14T22:26:17,2,9997,0,9999
2023-08-14T22:38:56,2,9997,0,9999
2023-08-14T22:51:34,2,9997,0,9999
2023-08-14T23:04:14,2,9997,0,9999
2023-08-14T23:16:54,2,9997,0,9999
2023-08-14T23:29:35,2,9997,0,9999
2023-08-14T23:42:13,2,9997,0,9999
2023-08-14T23:54:52,2,9997,0,9999
2023-08-15T00:07:34,2,9997,0,9999
2023-08-15T00:20:25,2,9997,0,9999
2023-08-15T00:33:08,2,9997,0,9999
2023-08-15T00:45:50,2,9997,0,9999
2023-08-15T00:58:34,2,9997,0,9999
2023-08-15T01:11:17,2,9997,0,9999
2023-08-15T01:23:58,2,9997,0,9999
2023-08-15T01:36:41,2,9997,0,9999
2023-08-15T01:49:23,2,9997,0,9999
2023-08-15T02:02:07,2,9997,0,9999
2023-08-15T02:14:49,2,9997,0,9999
2023-08-15T02:27:29,2,9997,0,9999
2023-08-15T02:40:11,2,9997,0,9999
2023-08-15T02:52:50,2,9997,0,9999
2023-08-15T03:05:29,2,9997,0,9999
2023-08-15T03:18:10,2,9997,0,9999
2023-08-15T03:30:51,2,9997,0,9999
2023-08-15T03:43:30,2,9997,0,9999
2023-08-15T03:56:12,2,9997,0,9999
2023-08-15T04:10:38,2,9997,0,9999
2023-08-15T04:35:29,2,9997,0,9999
2023-08-15T04:48:16,2,9997,0,9999
2023-08-15T05:00:59,2,9997,0,9999
2023-08-15T05:13:40,2,9997,0,9999
2023-08-15T05:26:22,2,9997,0,9999
2023-08-15T05:39:00,2,9997,0,9999
2023-08-15T05:51:40,2,9997,0,9999
2023-08-15T06:04:18,2,9997,0,9999
2023-08-15T06:16:58,2,9997,0,9999
2023-08-15T06:29:41,2,9997,0,9999
2023-08-15T06:42:23,2,9997,0,9999
2023-08-15T06:55:05,2,9997,0,9999
2023-08-15T07:07:54,2,9997,0,9999
2023-08-15T07:20:35,2,9997,0,9999
2023-08-15T07:33:16,2,9997,0,9999
2023-08-15T07:46:04,2,9997,0,9999
2023-08-15T07:58:44,2,9997,0,9999
2023-08-15T08:11:26,2,9997,0,9999
2023-08-15T08:24:05,2,9997,0,9999
2023-08-15T08:36:46,2,9997,0,9999
2023-08-15T08:49:28,2,9997,0,9999
2023-08-15T09:02:11,2,9997,0,9999
2023-08-15T09:14:53,2,9997,0,9999
2023-08-15T09:27:36,2,9997,0,9999
2023-08-15T09:40:21,2,9997,0,9999
2023-08-15T09:53:03,2,9997,0,9999
2023-08-15T10:05:58,2,9997,0,9999
2023-08-15T10:18:40,2,9997,0,9999
2023-08-15T10:31:25,2,9997,0,9999
2023-08-15T10:44:07,2,9997,0,9999
2023-08-15T10:56:48,2,9997,0,9999
2023-08-15T11:09:28,2,9997,0,9999
2023-08-15T11:22:08,2,9997,0,9999
2023-08-15T11:34:47,2,9997,0,9999
2023-08-15T11:47:28,2,9997,0,9999
2023-08-15T12:00:06,2,9997,0,9999
2023-08-15T12:12:56,2,9997,0,9999
2023-08-15T12:25:35,2,9997,0,9999
2023-08-15T12:38:13,2,9997,0,9999
2023-08-15T12:50:52,2,9997,0,9999
2023-08-15T13:03:30,2,9997,0,9999
2023-08-15T13:16:08,2,9997,0,9999
2023-08-15T13:28:46,2,9997,0,9999
2023-08-15T13:41:36,2,9997,0,9999
2023-08-15T13:54:14,2,9997,0,9999
2023-08-15T14:06:54,2,9997,0,9999
2023-08-15T14:19:33,2,9997,0,9999
2023-08-15T14:32:13,2,9997,0,9999
2023-08-15T14:44:52,2,9997,0,9999
2023-08-15T14:57:31,2,9997,0,9999
2023-08-15T15:10:11,2,9997,0,9999
2023-08-15T15:22:59,2,9997,0,9999
2023-08-15T15:35:38,2,9997,0,9999
2023-08-15T15:48:17,2,9997,0,9999
2023-08-15T16:00:57,2,9997,0,9999
2023-08-15T16:13:36,2,9997,0,9999
2023-08-15T16:26:16,2,9997,0,9999
2023-08-15T16:38:55,2,9997,0,9999
2023-08-15T16:51:34,2,9997,0,9999
2023-08-15T17:04:25,2,9997,0,9999
2023-08-15T17:17:05,2,9997,0,9999
2023-08-15T17:29:44,2,9997,0,9999
2023-08-15T17:42:22,2,9997,0,9999
2023-08-15T17:55:01,2,9997,0,9999
2023-08-15T18:07:39,2,9997,0,9999
2023-08-15T18:20:18,2,9997,0,9999
2023-08-15T18:32:57,2,9997,0,9999
2023-08-15T18:45:36,2,9997,0,9999
2023-08-15T18:58:23,2,9997,0,9999
2023-08-15T19:11:03,2,9997,0,9999
2023-08-15T19:23:42,2,9997,0,9999
2023-08-15T19:36:21,2,9997,0,9999
2023-08-15T19:49:00,2,9997,0,9999
2023-08-15T20:01:39,2,9997,0,9999
2023-08-15T20:14:17,2,9997,0,9999
2023-08-15T20:26:56,2,9997,0,9999
2023-08-15T20:39:34,2,9997,0,9999
2023-08-15T20:52:12,2,9997,0,9999
2023-08-15T21:05:01,2,9997,0,9999
2023-08-15T21:17:39,2,9997,0,9999
2023-08-15T21:30:18,2,9997,0,9999
2023-08-15T21:42:56,2,9997,0,9999
2023-08-15T21:55:35,2,9997,0,9999
2023-08-15T22:08:15,2,9997,0,9999
2023-08-15T22:20:53,2,9997,0,9999
2023-08-15T22:33:31,2,9997,0,9999
2023-08-15T22:46:10,2,9997,0,9999
2023-08-15T22:59:00,2,9997,0,9999
2023-08-15T23:11:40,2,9997,0,9999
2023-08-15T23:24:19,2,9997,0,9999
2023-08-15T23:36:58,2,9997,0,9999
2023-08-15T23:49:38,2,9997,0,9999
2023-08-16T00:02:17,2,9997,0,9999
2023-08-16T00:15:00,2,9997,0,9999
2023-08-16T00:27:43,2,9997,0,9999
2023-08-16T00:40:26,2,9997,0,9999
2023-08-16T00:53:09,2,9997,0,9999
2023-08-16T01:06:04,2,9997,0,9999
2023-08-16T01:18:47,2,9997,0,9999
2023-08-16T01:31:30,2,9997,0,9999
2023-08-16T01:44:14,2,9997,0,9999
2023-08-16T01:56:57,2,9997,0,9999
2023-08-16T02:09:48,2,9997,0,9999
2023-08-16T02:22:28,2,9997,0,9999
2023-08-16T02:35:08,2,9997,0,9999
2023-08-16T02:47:47,2,9997,0,9999
2023-08-16T03:00:37,2,9997,0,9999
2023-08-16T03:13:16,2,9997,0,9999
2023-08-16T03:25:55,2,9997,0,9999
2023-08-16T03:38:35,2,9997,0,9999
2023-08-16T03:51:16,2,9997,0,9999
2023-08-16T04:03:58,2,9997,0,9999
2023-08-16T04:25:17,2,9997,0,9999
2023-08-16T04:38:25,2,9997,0,9999
2023-08-16T04:51:14,2,9997,0,9999
2023-08-16T05:03:57,2,9997,0,9999
2023-08-16T05:16:39,2,9997,0,9999
2023-08-16T05:29:29,2,9997,0,9999
2023-08-16T05:42:13,2,9997,0,9999
2023-08-16T05:54:56,2,9997,0,9999
2023-08-16T06:07:48,2,9997,0,9999
2023-08-16T06:20:30,2,9997,0,9999
2023-08-16T06:33:14,2,9997,0,9999
2023-08-16T06:45:56,2,9997,0,9999
2023-08-16T06:58:38,2,9997,0,9999
2023-08-16T07:11:30,2,9997,0,9999
2023-08-16T07:24:11,2,9997,0,9999
2023-08-16T07:36:51,2,9997,0,9999
2023-08-16T07:49:32,2,9997,0,9999
2023-08-16T08:02:22,2,9997,0,9999
2023-08-16T08:15:02,2,9997,0,9999
2023-08-16T08:27:43,2,9997,0,9999
2023-08-16T08:40:23,2,9997,0,9999
2023-08-16T08:53:14,2,9997,0,9999
2023-08-16T09:05:53,2,9997,0,9999
2023-08-16T09:18:35,2,9997,0,9999
2023-08-16T09:31:22,2,9997,0,9999
2023-08-16T09:44:01,2,9997,0,9999
2023-08-16T09:56:39,2,9997,0,9999
2023-08-16T10:09:18,2,9997,0,9999
2023-08-16T10:22:06,2,9997,0,9999
2023-08-16T10:34:45,2,9997,0,9999
2023-08-16T10:47:23,2,9997,0,9999
2023-08-16T11:00:10,2,9997,0,9999
2023-08-16T11:12:49,2,9997,0,9999
2023-08-16T11:25:27,2,9997,0,9999
2023-08-16T11:38:15,2,9997,0,9999
2023-08-16T11:50:53,2,9997,0,9999
2023-08-16T12:03:32,2,9997,0,9999
2023-08-16T12:16:21,2,9997,0,9999
2023-08-16T12:28:59,2,9997,0,9999
2023-08-16T12:41:37,2,9997,0,9999
2023-08-16T12:54:25,2,9997,0,9999
2023-08-16T13:07:04,2,9997,0,9999
2023-08-16T13:19:42,2,9997,0,9999
2023-08-16T13:32:20,2,9997,0,9999
2023-08-16T13:44:59,2,9997,0,9999
2023-08-16T13:57:41,2,9997,0,9999
2023-08-16T14:10:20,2,9997,0,9999
2023-08-16T14:22:58,2,9997,0,9999
2023-08-16T14:35:46,2,9997,0,9999
2023-08-16T14:48:25,2,9997,0,9999
2023-08-16T15:01:03,2,9997,0,9999
2023-08-16T15:13:42,2,9997,0,9999
2023-08-16T15:26:22,2,9997,0,9999
2023-08-16T15:39:02,2,9997,0,9999
2023-08-16T15:51:41,2,9997,0,9999
2023-08-16T16:04:20,2,9997,0,9999
2023-08-16T16:16:59,2,9997,0,9999
2023-08-16T16:29:48,2,9997,0,9999
2023-08-16T16:42:27,2,9997,0,9999
2023-08-16T16:55:06,2,9997,0,9999
2023-08-16T17:07:46,2,9997,0,9999
2023-08-16T17:20:25,2,9997,0,9999
2023-08-16T17:33:04,2,9997,0,9999
2023-08-16T17:45:43,2,9997,0,9999
2023-08-16T17:58:21,2,9997,0,9999
2023-08-16T18:11:00,2,9997,0,9999
2023-08-16T18:23:49,2,9997,0,9999
2023-08-16T18:36:28,2,9997,0,9999
2023-08-16T18:49:07,2,9997,0,9999
2023-08-16T19:01:46,2,9997,0,9999
2023-08-16T19:14:27,2,9997,0,9999
2023-08-16T19:27:06,2,9997,0,9999
2023-08-16T19:39:47,2,9997,0,9999
2023-08-16T19:52:27,2,9997,0,9999
2023-08-16T20:05:05,2,9997,0,9999
2023-08-16T20:17:45,2,9997,0,9999
2023-08-16T20:30:34,2,9997,0,9999
2023-08-16T20:43:13,2,9997,0,9999
2023-08-16T20:55:52,2,9997,0,9999
2023-08-16T21:08:32,2,9997,0,9999
2023-08-16T21:21:11,2,9997,0,9999
2023-08-16T21:33:50,2,9997,0,9999
2023-08-16T21:46:30,2,9997,0,9999
2023-08-16T21:59:09,2,9997,0,9999
2023-08-16T22:11:48,2,9997,0,9999
2023-08-16T22:24:27,2,9997,0,9999
2023-08-16T22:37:15,2,9997,0,9999
2023-08-16T22:49:54,2,9997,0,9999
2023-08-16T23:02:33,2,9997,0,9999
2023-08-16T23:15:16,2,9997,0,9999
2023-08-16T23:27:55,2,9997,0,9999
2023-08-16T23:40:35,2,9997,0,9999
2023-08-16T23:53:16,2,9997,0,9999
2023-08-17T00:05:57,2,9997,0,9999
2023-08-17T00:18:42,2,9997,0,9999
2023-08-17T00:31:26,2,9997,0,9999
2023-08-17T00:44:09,2,9997,0,9999
2023-08-17T00:57:03,2,9997,0,9999
2023-08-17T01:09:47,2,9997,0,9999
2023-08-17T01:22:30,2,9997,0,9999
2023-08-17T01:35:13,2,9997,0,9999
2023-08-17T01:47:56,2,9997,0,9999
2023-08-17T02:00:39,2,9997,0,9999
2023-08-17T02:13:21,2,9997,0,9999
2023-08-17T02:26:01,2,9997,0,9999
2023-08-17T02:38:41,2,9997,0,9999
2023-08-17T02:51:21,2,9997,0,9999
2023-08-17T03:04:05,2,9997,0,9999
2023-08-17T03:16:49,2,9997,0,9999
2023-08-17T03:29:35,2,9997,0,9999
2023-08-17T03:42:17,2,9997,0,9999
2023-08-17T03:55:00,2,9997,0,9999
2023-08-17T04:18:07,2,9997,0,9999
2023-08-17T04:31:17,2,9997,0,9999
2023-08-17T04:44:02,2,9997,0,9999
2023-08-17T04:56:46,2,9997,0,9999
2023-08-17T05:09:30,2,9997,0,9999
2023-08-17T05:22:14,2,9997,0,9999
2023-08-17T05:34:57,2,9997,0,9999
2023-08-17T05:47:41,2,9997,0,9999
2023-08-17T06:00:24,2,9997,0,9999
2023-08-17T06:13:06,2,9997,0,9999
2023-08-17T06:25:48,2,9997,0,9999
2023-08-17T06:38:32,2,9997,0,9999
2023-08-17T06:51:16,2,9997,0,9999
2023-08-17T07:03:59,2,9997,0,9999
2023-08-17T07:16:45,2,9997,0,9999
2023-08-17T07:29:40,2,9997,0,9999
2023-08-17T07:42:20,2,9997,0,9999
2023-08-17T07:55:09,2,9997,0,9999
2023-08-17T08:07:50,2,9997,0,9999
2023-08-17T08:20:28,2,9997,0,9999
2023-08-17T08:33:08,2,9997,0,9999
2023-08-17T08:45:48,2,9997,0,9999
2023-08-17T08:58:27,2,9997,0,9999
2023-08-17T09:11:07,2,9997,0,9999
2023-08-17T09:23:45,2,9997,0,9999
2023-08-17T09:36:25,2,9997,0,9999
2023-08-17T09:49:06,2,9997,0,9999
2023-08-17T10:01:47,2,9997,0,9999
2023-08-17T10:14:38,2,9997,0,9999
2023-08-17T10:27:18,2,9997,0,9999
2023-08-17T10:39:57,2,9997,0,9999
2023-08-17T10:52:36,2,9997,0,9999
2023-08-17T11:05:15,2,9997,0,9999
2023-08-17T11:17:54,2,9997,0,9999
2023-08-17T11:30:33,2,9997,0,9999
2023-08-17T11:43:13,2,9997,0,9999
2023-08-17T11:55:51,2,9997,0,9999
2023-08-17T12:08:41,2,9997,0,9999
2023-08-17T12:21:19,2,9997,0,9999
2023-08-17T12:33:58,2,9997,0,9999
2023-08-17T12:46:38,2,9997,0,9999
2023-08-17T12:59:18,2,9997,0,9999
2023-08-17T13:11:56,2,9997,0,9999
2023-08-17T13:24:35,2,9997,0,9999
2023-08-17T13:37:14,2,9997,0,9999
2023-08-17T13:50:04,2,9997,0,9999
2023-08-17T14:02:43,2,9997,0,9999
2023-08-17T14:15:21,2,9997,0,9999
2023-08-17T14:28:01,2,9997,0,9999
2023-08-17T14:40:40,2,9997,0,9999
2023-08-17T14:53:20,2,9997,0,9999
2023-08-17T15:05:59,2,9997,0,9999
2023-08-17T15:18:38,2,9997,0,9999
2023-08-17T15:31:18,2,9997,0,9999
2023-08-17T15:43:58,2,9997,0,9999
2023-08-17T15:56:49,2,9997,0,9999
2023-08-17T16:09:28,2,9997,0,9999
2023-08-17T16:22:08,2,9997,0,9999
2023-08-17T16:34:48,2,9997,0,9999
2023-08-17T16:47:28,2,9997,0,9999
2023-08-17T17:00:07,2,9997,0,9999
2023-08-17T17:12:48,2,9997,0,9999
2023-08-17T17:25:28,2,9997,0,9999
2023-08-17T17:38:18,2,9997,0,9999
2023-08-17T17:50:58,2,9997,0,9999
2023-08-17T18:03:37,2,9997,0,9999
2023-08-17T18:16:17,2,9997,0,9999
2023-08-17T18:28:57,2,9997,0,9999
2023-08-17T18:41:37,2,9997,0,9999
2023-08-17T18:54:17,2,9997,0,9999
2023-08-17T19:06:58,2,9997,0,9999
2023-08-17T19:19:38,2,9997,0,9999
2023-08-17T19:32:30,2,9997,0,9999
2023-08-17T19:45:11,2,9997,0,9999
2023-08-17T19:57:51,2,9997,0,9999
2023-08-17T20:10:31,2,9997,0,9999
2023-08-17T20:23:11,2,9997,0,9999
2023-08-17T20:35:51,2,9997,0,9999
2023-08-17T20:48:31,2,9997,0,9999
2023-08-17T21:01:11,2,9997,0,9999
2023-08-17T21:13:51,2,9997,0,9999
2023-08-17T21:26:31,2,9997,0,9999
2023-08-17T21:39:11,2,9997,0,9999
2023-08-17T21:51:51,2,9997,0,9999
2023-08-17T22:04:41,2,9997,0,9999
2023-08-17T22:17:20,2,9997,0,9999
2023-08-17T22:30:01,2,9997,0,9999
2023-08-17T22:42:42,2,9997,0,9999
2023-08-17T22:55:22,2,9997,0,9999
2023-08-17T23:08:06,2,9997,0,9999
2023-08-17T23:20:46,2,9997,0,9999
2023-08-17T23:33:28,2,9997,0,9999
2023-08-17T23:46:09,2,9997,0,9999
2023-08-17T23:58:50,2,9997,0,9999
2023-08-18T00:11:32,2,9997,0,9999
2023-08-18T00:24:26,2,9997,0,9999
2023-08-18T00:37:21,2,9997,0,9999
2023-08-18T00:50:04,2,9997,0,9999
2023-08-18T01:02:50,2,9997,0,9999
2023-08-18T01:15:34,2,9997,0,9999
2023-08-18T01:28:19,2,9997,0,9999
2023-08-18T01:41:04,2,9997,0,9999
2023-08-18T01:53:48,2,9997,0,9999
2023-08-18T02:06:35,2,9997,0,9999
2023-08-18T02:19:40,2,9997,0,9999
2023-08-18T02:32:25,2,9997,0,9999
2023-08-18T02:45:09,2,9997,0,9999
2023-08-18T02:57:53,2,9997,0,9999
2023-08-18T03:10:38,2,9997,0,9999
2023-08-18T03:23:22,2,9997,0,9999
2023-08-18T03:36:06,2,9997,0,9999
2023-08-18T03:48:50,2,9997,0,9999
2023-08-18T04:01:34,2,9997,0,9999
2023-08-18T04:21:39,2,9997,0,9999
2023-08-18T04:34:26,2,9997,0,9999
2023-08-18T04:48:50,2,9997,0,9999
2023-08-18T05:01:35,2,9997,0,9999
2023-08-18T05:14:22,2,9997,0,9999
2023-08-18T05:27:05,2,9997,0,9999
2023-08-18T05:39:49,2,9997,0,9999
2023-08-18T05:52:33,2,9997,0,9999
2023-08-18T06:05:17,2,9997,0,9999
2023-08-18T06:18:03,2,9997,0,9999
2023-08-18T06:30:47,2,9997,0,9999
2023-08-18T06:43:30,2,9997,0,9999
2023-08-18T06:56:11,2,9997,0,9999
2023-08-18T07:08:52,2,9997,0,9999
2023-08-18T07:21:33,2,9997,0,9999
2023-08-18T07:34:13,2,9997,0,9999
2023-08-18T07:46:53,2,9997,0,9999
2023-08-18T07:59:33,2,9997,0,9999
2023-08-18T08:12:14,2,9997,0,9999
2023-08-18T08:24:55,2,9997,0,9999
2023-08-18T08:37:34,2,9997,0,9999
2023-08-18T08:50:15,2,9997,0,9999
2023-08-18T09:02:54,2,9997,0,9999
2023-08-18T09:15:34,2,9997,0,9999
2023-08-18T09:28:14,2,9997,0,9999
2023-08-18T09:41:05,2,9997,0,9999
2023-08-18T09:53:44,2,9997,0,9999
2023-08-18T10:06:25,2,9997,0,9999
2023-08-18T10:19:04,2,9997,0,9999
2023-08-18T10:31:44,2,9997,0,9999
2023-08-18T10:44:23,2,9997,0,9999
2023-08-18T10:57:03,2,9997,0,9999
2023-08-18T11:09:43,2,9997,0,9999
2023-08-18T11:22:22,2,9997,0,9999
2023-08-18T11:35:13,2,9997,0,9999
2023-08-18T11:47:53,2,9997,0,9999
2023-08-18T12:00:33,2,9997,0,9999
2023-08-18T12:13:13,2,9997,0,9999
2023-08-18T12:25:52,2,9997,0,9999
2023-08-18T12:38:31,2,9997,0,9999
2023-08-18T12:51:11,2,9997,0,9999
2023-08-18T13:03:50,2,9997,0,9999
2023-08-18T13:16:29,2,9997,0,9999
2023-08-18T13:29:09,2,9997,0,9999
2023-08-18T13:42:00,2,9997,0,9999
2023-08-18T13:54:40,2,9997,0,9999
2023-08-18T14:07:20,2,9997,0,9999
2023-08-18T14:19:59,2,9997,0,9999
2023-08-18T14:32:39,2,9997,0,9999
2023-08-18T14:45:19,2,9997,0,9999
2023-08-18T14:57:58,2,9997,0,9999
2023-08-18T15:10:38,2,9997,0,9999
2023-08-18T15:23:18,2,9997,0,9999
2023-08-18T15:36:08,2,9997,0,9999
2023-08-18T15:48:48,2,9997,0,9999
2023-08-18T16:01:27,2,9997,0,9999
2023-08-18T16:14:09,2,9997,0,9999
2023-08-18T16:26:48,2,9997,0,9999
2023-08-18T16:39:28,2,9997,0,9999
2023-08-18T16:52:08,2,9997,0,9999
2023-08-18T17:04:47,2,9997,0,9999
2023-08-18T17:17:28,2,9997,0,9999
2023-08-18T17:30:07,2,9997,0,9999
2023-08-18T17:42:58,2,9997,0,9999
2023-08-18T17:55:39,2,9997,0,9999
2023-08-18T18:08:18,2,9997,0,9999
2023-08-18T18:20:57,2,9997,0,9999
2023-08-18T18:33:37,2,9997,0,9999
2023-08-18T18:46:17,2,9997,0,9999
2023-08-18T18:58:57,2,9997,0,9999
2023-08-18T19:11:37,2,9997,0,9999
2023-08-18T19:24:18,2,9997,0,9999
2023-08-18T19:36:58,2,9997,0,9999
2023-08-18T19:49:38,2,9997,0,9999
2023-08-18T20:02:17,2,9997,0,9999
2023-08-18T20:14:57,2,9997,0,9999
2023-08-18T20:27:48,2,9997,0,9999
2023-08-18T20:40:28,2,9997,0,9999
2023-08-18T20:53:09,2,9997,0,9999
2023-08-18T21:05:48,2,9997,0,9999
2023-08-18T21:18:29,2,9997,0,9999
2023-08-18T21:31:09,2,9997,0,9999
2023-08-18T21:43:48,2,9997,0,9999
2023-08-18T21:56:29,2,9997,0,9999
2023-08-18T22:09:09,2,9997,0,9999
2023-08-18T22:21:50,2,9997,0,9999
2023-08-18T22:34:29,2,9997,0,9999
2023-08-18T22:47:09,2,9997,0,9999
2023-08-18T22:59:49,2,9997,0,9999
2023-08-18T23:12:33,2,9997,0,9999
2023-08-18T23:25:13,2,9997,0,9999
2023-08-18T23:37:54,2,9997,0,9999
2023-08-18T23:50:36,2,9997,0,9999
2023-08-19T00:03:30,2,9997,0,9999
2023-08-19T00:16:15,2,9997,0,9999
2023-08-19T00:28:59,2,9997,0,9999
2023-08-19T00:41:44,2,9997,0,9999
2023-08-19T00:54:28,2,9997,0,9999
2023-08-19T01:07:13,2,9997,0,9999
2023-08-19T01:19:58,2,9997,0,9999
2023-08-19T01:32:42,2,9997,0,9999
2023-08-19T01:45:26,2,9997,0,9999
2023-08-19T01:58:13,2,9997,0,9999
2023-08-19T02:10:55,2,9997,0,9999
2023-08-19T02:23:35,2,9997,0,9999
2023-08-19T02:36:17,2,9997,0,9999
2023-08-19T02:48:59,2,9997,0,9999
2023-08-19T03:01:41,2,9997,0,9999
2023-08-19T03:14:25,2,9997,0,9999
2023-08-19T03:27:11,2,9997,0,9999
2023-08-19T03:40:14,2,9997,0,9999
2023-08-19T03:52:58,2,9997,0,9999
2023-08-19T04:05:43,2,9997,0,9999
2023-08-19T04:24:28,2,9997,0,9999
2023-08-19T04:37:40,2,9997,0,9999
2023-08-19T04:50:25,2,9997,0,9999
2023-08-19T05:03:12,2,9997,0,9999
2023-08-19T05:15:56,2,9997,0,9999
2023-08-19T05:28:39,2,9997,0,9999
2023-08-19T05:41:24,2,9997,0,9999
2023-08-19T05:54:09,2,9997,0,9999
2023-08-19T06:06:54,2,9997,0,9999
2023-08-19T06:19:40,2,9997,0,9999
2023-08-19T06:32:23,2,9997,0,9999
2023-08-19T06:45:06,2,9997,0,9999
2023-08-19T06:57:50,2,9997,0,9999
2023-08-19T07:10:34,2,9997,0,9999
2023-08-19T07:23:26,2,9997,0,9999
2023-08-19T07:36:10,2,9997,0,9999
2023-08-19T07:48:54,2,9997,0,9999
2023-08-19T08:01:38,2,9997,0,9999
2023-08-19T08:14:21,2,9997,0,9999
2023-08-19T08:27:04,2,9997,0,9999
2023-08-19T08:39:47,2,9997,0,9999
2023-08-19T08:52:30,2,9997,0,9999
2023-08-19T09:05:12,2,9997,0,9999
2023-08-19T09:18:03,2,9997,0,9999
2023-08-19T09:30:45,2,9997,0,9999
2023-08-19T09:43:27,2,9997,0,9999
2023-08-19T09:56:09,2,9997,0,9999
2023-08-19T10:08:51,2,9997,0,9999
2023-08-19T10:21:31,2,9997,0,9999
2023-08-19T10:34:11,2,9997,0,9999
2023-08-19T10:46:51,2,9997,0,9999
2023-08-19T10:59:32,2,9997,0,9999
2023-08-19T11:12:13,2,9997,0,9999
2023-08-19T11:24:53,2,9997,0,9999
2023-08-19T11:37:33,2,9997,0,9999
2023-08-19T11:50:13,2,9997,0,9999
2023-08-19T12:03:03,2,9997,0,9999
2023-08-19T12:15:43,2,9997,0,9999
2023-08-19T12:28:23,2,9997,0,9999
2023-08-19T12:41:03,2,9997,0,9999
2023-08-19T12:53:43,2,9997,0,9999
2023-08-19T13:06:24,2,9997,0,9999
2023-08-19T13:19:05,2,9997,0,9999
2023-08-19T13:31:45,2,9997,0,9999
2023-08-19T13:44:25,2,9997,0,9999
2023-08-19T13:57:05,2,9997,0,9999
2023-08-19T14:09:56,2,9997,0,9999
2023-08-19T14:22:36,2,9997,0,9999
2023-08-19T14:35:16,2,9997,0,9999
2023-08-19T14:47:56,2,9997,0,9999
2023-08-19T15:00:37,2,9997,0,9999
2023-08-19T15:13:17,2,9997,0,9999
2023-08-19T15:25:57,2,9997,0,9999
2023-08-19T15:38:37,2,9997,0,9999
2023-08-19T15:51:27,2,9997,0,9999
2023-08-19T16:04:07,2,9997,0,9999
2023-08-19T16:16:47,2,9997,0,9999
2023-08-19T16:29:28,2,9997,0,9999
2023-08-19T16:42:08,2,9997,0,9999
2023-08-19T16:54:48,2,9997,0,9999
2023-08-19T17:07:28,2,9997,0,9999
2023-08-19T17:20:09,2,9997,0,9999
2023-08-19T17:32:58,2,9997,0,9999
2023-08-19T17:45:38,2,9997,0,9999
2023-08-19T17:58:17,2,9997,0,9999
2023-08-19T18:10:57,2,9997,0,9999
2023-08-19T18:23:37,2,9997,0,9999
2023-08-19T18:36:17,2,9997,0,9999
2023-08-19T18:48:56,2,9997,0,9999
2023-08-19T19:01:36,2,9997,0,9999
2023-08-19T19:14:26,2,9997,0,9999
2023-08-19T19:27:07,2,9997,0,9999
2023-08-19T19:39:47,2,9997,0,9999
2023-08-19T19:52:28,2,9997,0,9999
2023-08-19T20:05:08,2,9997,0,9999
2023-08-19T20:17:48,2,9997,0,9999
2023-08-19T20:30:28,2,9997,0,9999
2023-08-19T20:43:08,2,9997,0,9999
2023-08-19T20:55:57,2,9997,0,9999
2023-08-19T21:08:38,2,9997,0,9999
2023-08-19T21:21:18,2,9997,0,9999
2023-08-19T21:33:59,2,9997,0,9999
2023-08-19T21:46:39,2,9997,0,9999
2023-08-19T21:59:19,2,9997,0,9999
2023-08-19T22:12:01,2,9997,0,9999
2023-08-19T22:24:41,2,9997,0,9999
2023-08-19T22:37:21,2,9997,0,9999
2023-08-19T22:50:10,2,9997,0,9999
2023-08-19T23:02:51,2,9997,0,9999
2023-08-19T23:15:34,2,9997,0,9999
2023-08-19T23:28:15,2,9997,0,9999
2023-08-19T23:40:56,2,9997,0,9999
2023-08-19T23:53:37,2,9997,0,9999
2023-08-20T00:06:18,2,9997,0,9999
2023-08-20T00:19:00,2,9997,0,9999
2023-08-20T00:31:41,2,9997,0,9999
2023-08-20T00:44:21,2,9997,0,9999
2023-08-20T00:56:41,2,9997,0,9999
2023-08-20T01:09:24,2,9997,0,9999
2023-08-20T01:22:06,2,9997,0,9999
2023-08-20T01:34:47,2,9997,0,9999
2023-08-20T01:47:27,2,9997,0,9999
2023-08-20T02:00:07,2,9997,0,9999
2023-08-20T02:12:49,2,9997,0,9999
2023-08-20T02:25:31,2,9997,0,9999
2023-08-20T02:38:11,2,9997,0,9999
2023-08-20T02:50:52,2,9997,0,9999
2023-08-20T03:03:32,2,9997,0,9999
2023-08-20T03:16:12,2,9997,0,9999
2023-08-20T03:28:55,2,9997,0,9999
2023-08-20T03:41:36,2,9997,0,9999
2023-08-20T03:54:18,2,9997,0,9999
2023-08-20T04:15:02,2,9997,0,9999
2023-08-20T04:28:12,2,9997,0,9999
2023-08-20T04:41:12,2,9997,0,9999
2023-08-20T04:55:23,2,9997,0,9999
2023-08-20T05:08:12,2,9997,0,9999
2023-08-20T05:20:57,2,9997,0,9999
2023-08-20T05:33:41,2,9997,0,9999
2023-08-20T05:46:27,2,9997,0,9999
2023-08-20T05:59:12,2,9997,0,9999
2023-08-20T06:11:57,2,9997,0,9999
2023-08-20T06:24:41,2,9997,0,9999
2023-08-20T06:37:25,2,9997,0,9999
2023-08-20T06:50:12,2,9997,0,9999
2023-08-20T07:02:56,2,9997,0,9999
2023-08-20T07:15:41,2,9997,0,9999
2023-08-20T07:28:26,2,9997,0,9999
2023-08-20T07:41:10,2,9997,0,9999
2023-08-20T07:53:54,2,9997,0,9999
2023-08-20T08:06:40,2,9997,0,9999
2023-08-20T08:19:23,2,9997,0,9999
2023-08-20T08:32:16,2,9997,0,9999
2023-08-20T08:44:59,2,9997,0,9999
2023-08-20T08:57:42,2,9997,0,9999
2023-08-20T09:10:24,2,9997,0,9999
2023-08-20T09:23:07,2,9997,0,9999
2023-08-20T09:35:48,2,9997,0,9999
2023-08-20T09:48:28,2,9997,0,9999
2023-08-20T10:01:09,2,9997,0,9999
2023-08-20T10:13:52,2,9997,0,9999
2023-08-20T10:26:32,2,9997,0,9999
2023-08-20T10:39:13,2,9997,0,9999
2023-08-20T10:51:53,2,9997,0,9999
2023-08-20T11:04:35,2,9997,0,9999
2023-08-20T11:17:16,2,9997,0,9999
2023-08-20T11:29:58,2,9997,0,9999
2023-08-20T11:42:48,2,9997,0,9999
2023-08-20T11:55:29,2,9997,0,9999
2023-08-20T12:08:11,2,9997,0,9999
2023-08-20T12:20:51,2,9997,0,9999
2023-08-20T12:33:32,2,9997,0,9999
2023-08-20T12:46:13,2,9997,0,9999
2023-08-20T12:58:54,2,9997,0,9999
2023-08-20T13:11:34,2,9997,0,9999
2023-08-20T13:24:14,2,9997,0,9999
2023-08-20T13:36:53,2,9997,0,9999
2023-08-20T13:49:33,2,9997,0,9999
2023-08-20T14:02:22,2,9997,0,9999
2023-08-20T14:15:02,2,9997,0,9999
2023-08-20T14:27:42,2,9997,0,9999
2023-08-20T14:40:22,2,9997,0,9999
2023-08-20T14:53:02,2,9997,0,9999
2023-08-20T15:05:41,2,9997,0,9999
2023-08-20T15:18:21,2,9997,0,9999
2023-08-20T15:31:00,2,9997,0,9999
2023-08-20T15:43:40,2,9997,0,9999
2023-08-20T15:56:21,2,9997,0,9999
2023-08-20T16:09:11,2,9997,0,9999
2023-08-20T16:21:53,2,9997,0,9999
2023-08-20T16:34:33,2,9997,0,9999
2023-08-20T16:47:14,2,9997,0,9999
2023-08-20T16:59:54,2,9997,0,9999
2023-08-20T17:12:35,2,9997,0,9999
2023-08-20T17:25:15,2,9997,0,9999
2023-08-20T17:37:55,2,9997,0,9999
2023-08-20T17:50:35,2,9997,0,9999
2023-08-20T18:03:15,2,9997,0,9999
2023-08-20T18:15:56,2,9997,0,9999
2023-08-20T18:28:36,2,9997,0,9999
2023-08-20T18:41:26,2,9997,0,9999
2023-08-20T18:54:05,2,9997,0,9999
2023-08-20T19:06:50,2,9997,0,9999
2023-08-20T19:19:31,2,9997,0,9999
2023-08-20T19:32:11,2,9997,0,9999
2023-08-20T19:44:51,2,9997,0,9999
2023-08-20T19:57:31,2,9997,0,9999
2023-08-20T20:10:11,2,9997,0,9999
2023-08-20T20:22:51,2,9997,0,9999
2023-08-20T20:35:32,2,9997,0,9999
2023-08-20T20:48:21,2,9997,0,9999
2023-08-20T21:01:01,2,9997,0,9999
2023-08-20T21:13:41,2,9997,0,9999
2023-08-20T21:26:21,2,9997,0,9999
2023-08-20T21:39:03,2,9997,0,9999
2023-08-20T21:51:44,2,9997,0,9999
2023-08-20T22:04:23,2,9997,0,9999
2023-08-20T22:17:03,2,9997,0,9999
2023-08-20T22:29:43,2,9997,0,9999
2023-08-20T22:42:32,2,9997,0,9999
2023-08-20T22:55:12,2,9997,0,9999
2023-08-20T23:07:55,2,9997,0,9999
2023-08-20T23:20:36,2,9997,0,9999
2023-08-20T23:33:16,2,9997,0,9999
2023-08-20T23:45:57,2,9997,0,9999
2023-08-20T23:58:37,2,9997,0,9999
2023-08-21T00:11:23,2,9997,0,9999
2023-08-21T00:24:14,2,9997,0,9999
2023-08-21T00:37:00,2,9997,0,9999
2023-08-21T00:50:02,2,9997,0,9999
2023-08-21T01:02:51,2,9997,0,9999
2023-08-21T01:15:37,2,9997,0,9999
2023-08-21T01:28:21,2,9997,0,9999
2023-08-21T01:41:05,2,9997,0,9999
2023-08-21T01:53:47,2,9997,0,9999
2023-08-21T02:06:31,2,9997,0,9999
2023-08-21T02:19:14,2,9997,0,9999
2023-08-21T02:31:56,2,9997,0,9999
2023-08-21T02:44:38,2,9997,0,9999
2023-08-21T02:57:19,2,9997,0,9999
2023-08-21T03:10:03,2,9997,0,9999
2023-08-21T03:22:47,2,9997,0,9999
2023-08-21T03:35:30,2,9997,0,9999
2023-08-21T03:48:14,2,9997,0,9999
2023-08-21T04:01:30,2,9997,0,9999
2023-08-21T04:21:54,2,9997,0,9999
2023-08-21T04:35:03,2,9997,0,9999
2023-08-21T04:47:51,2,9997,0,9999
2023-08-21T05:00:36,2,9997,0,9999
2023-08-21T05:13:21,2,9997,0,9999
2023-08-21T05:26:07,2,9997,0,9999
2023-08-21T05:38:52,2,9997,0,9999
2023-08-21T05:51:36,2,9997,0,9999
2023-08-21T06:04:19,2,9997,0,9999
2023-08-21T06:17:01,2,9997,0,9999
2023-08-21T06:29:45,2,9997,0,9999
2023-08-21T06:42:27,2,9997,0,9999
2023-08-21T06:55:09,2,9997,0,9999
2023-08-21T07:07:52,2,9997,0,9999
2023-08-21T07:20:34,2,9997,0,9999
2023-08-21T07:33:22,2,9997,0,9999
2023-08-21T07:46:01,2,9997,0,9999
2023-08-21T07:58:41,2,9997,0,9999
2023-08-21T08:11:22,2,9997,0,9999
2023-08-21T08:24:02,2,9997,0,9999
2023-08-21T08:36:44,2,9997,0,9999
2023-08-21T08:49:25,2,9997,0,9999
2023-08-21T09:02:06,2,9997,0,9999
2023-08-21T09:14:47,2,9997,0,9999
2023-08-21T09:27:29,2,9997,0,9999
2023-08-21T09:40:10,2,9997,0,9999
2023-08-21T09:53:01,2,9997,0,9999
2023-08-21T10:05:43,2,9997,0,9999
2023-08-21T10:18:24,2,9997,0,9999
2023-08-21T10:31:05,2,9997,0,9999
2023-08-21T10:43:48,2,9997,0,9999
2023-08-21T10:56:30,2,9997,0,9999
2023-08-21T11:09:12,2,9997,0,9999
2023-08-21T11:21:53,2,9997,0,9999
2023-08-21T11:34:45,2,9997,0,9999
2023-08-21T11:47:26,2,9997,0,9999
2023-08-21T12:00:08,2,9997,0,9999
2023-08-21T12:12:50,2,9997,0,9999
2023-08-21T12:25:31,2,9997,0,9999
2023-08-21T12:38:13,2,9997,0,9999
2023-08-21T12:51:06,2,9997,0,9999
2023-08-21T13:03:47,2,9997,0,9999
2023-08-21T13:16:29,2,9997,0,9999
2023-08-21T13:29:11,2,9997,0,9999
2023-08-21T13:41:52,2,9997,0,9999
2023-08-21T13:54:34,2,9997,0,9999
2023-08-21T14:07:16,2,9997,0,9999
2023-08-21T14:19:58,2,9997,0,9999
2023-08-21T14:32:50,2,9997,0,9999
2023-08-21T14:45:32,2,9997,0,9999
2023-08-21T14:58:13,2,9997,0,9999
2023-08-21T15:10:55,2,9997,0,9999
2023-08-21T15:23:37,2,9997,0,9999
2023-08-21T15:36:19,2,9997,0,9999
2023-08-21T15:49:10,2,9997,0,9999
2023-08-21T16:01:52,2,9997,0,9999
2023-08-21T16:14:35,2,9997,0,9999
2023-08-21T16:27:17,2,9997,0,9999
2023-08-21T16:40:00,2,9997,0,9999
2023-08-21T16:52:42,2,9997,0,9999
2023-08-21T17:05:25,2,9997,0,9999
2023-08-21T17:18:08,2,9997,0,9999
2023-08-21T17:30:59,2,9997,0,9999
2023-08-21T17:43:41,2,9997,0,9999
2023-08-21T17:56:23,2,9997,0,9999
2023-08-21T18:09:05,2,9997,0,9999
2023-08-21T18:21:47,2,9997,0,9999
2023-08-21T18:34:32,2,9997,0,9999
2023-08-21T18:47:13,2,9997,0,9999
2023-08-21T19:00:06,2,9997,0,9999
2023-08-21T19:12:49,2,9997,0,9999
2023-08-21T19:25:31,2,9997,0,9999
2023-08-21T19:38:14,2,9997,0,9999
2023-08-21T19:50:57,2,9997,0,9999
2023-08-21T20:03:41,2,9997,0,9999
2023-08-21T20:16:33,2,9997,0,9999
2023-08-21T20:29:15,2,9997,0,9999
2023-08-21T20:41:57,2,9997,0,9999
2023-08-21T20:54:40,2,9997,0,9999
2023-08-21T21:07:23,2,9997,0,9999
2023-08-21T21:20:06,2,9997,0,9999
2023-08-21T21:32:49,2,9997,0,9999
2023-08-21T21:45:31,2,9997,0,9999
2023-08-21T21:58:14,2,9997,0,9999
2023-08-21T22:10:56,2,9997,0,9999
2023-08-21T22:23:38,2,9997,0,9999
2023-08-21T22:36:31,2,9997,0,9999
2023-08-21T22:49:13,2,9997,0,9999
2023-08-21T23:01:55,2,9997,0,9999
2023-08-21T23:14:40,2,9997,0,9999
2023-08-21T23:27:23,2,9997,0,9999
2023-08-21T23:40:07,2,9997,0,9999
2023-08-21T23:52:50,2,9997,0,9999
2023-08-22T00:05:36,2,9997,0,9999
2023-08-22T00:18:23,2,9997,0,9999
2023-08-22T00:31:12,2,9997,0,9999
2023-08-22T00:43:59,2,9997,0,9999
2023-08-22T00:56:46,2,9997,0,9999
2023-08-22T01:09:33,2,9997,0,9999
2023-08-22T01:22:18,2,9997,0,9999
2023-08-22T01:35:05,2,9997,0,9999
2023-08-22T01:48:01,2,9997,0,9999
2023-08-22T02:00:48,2,9997,0,9999
2023-08-22T02:13:34,2,9997,0,9999
2023-08-22T02:26:19,2,9997,0,9999
2023-08-22T02:39:03,2,9997,0,9999
2023-08-22T02:51:49,2,9997,0,9999
2023-08-22T03:04:38,2,9997,0,9999
2023-08-22T03:17:25,2,9997,0,9999
2023-08-22T03:30:11,2,9997,0,9999
2023-08-22T03:42:57,2,9997,0,9999
2023-08-22T03:55:46,2,9997,0,9999
2023-08-22T04:08:33,2,9997,0,9999
2023-08-22T04:22:03,2,9997,0,9999
2023-08-22T04:35:16,2,9997,0,9999
2023-08-22T04:48:03,2,9997,0,9999
2023-08-22T05:00:50,2,9997,0,9999
2023-08-22T05:13:40,2,9997,0,9999
2023-08-22T05:26:28,2,9997,0,9999
2023-08-22T05:39:15,2,9997,0,9999
2023-08-22T05:52:02,2,9997,0,9999
2023-08-22T06:04:48,2,9997,0,9999
2023-08-22T06:17:33,2,9997,0,9999
2023-08-22T06:30:18,2,9997,0,9999
2023-08-22T06:43:04,2,9997,0,9999
2023-08-22T06:55:49,2,9997,0,9999
2023-08-22T07:08:35,2,9997,0,9999
2023-08-22T07:21:19,2,9997,0,9999
2023-08-22T07:34:02,2,9997,0,9999
2023-08-22T07:46:45,2,9997,0,9999
2023-08-22T07:59:27,2,9997,0,9999
2023-08-22T08:12:12,2,9997,0,9999
2023-08-22T08:24:54,2,9997,0,9999
2023-08-22T08:37:37,2,9997,0,9999
2023-08-22T08:50:24,2,9997,0,9999
2023-08-22T09:03:18,2,9997,0,9999
2023-08-22T09:16:00,2,9997,0,9999
2023-08-22T09:28:43,2,9997,0,9999
2023-08-22T09:41:28,2,9997,0,9999
2023-08-22T09:54:10,2,9997,0,9999
2023-08-22T10:06:53,2,9997,0,9999
2023-08-22T10:19:36,2,9997,0,9999
2023-08-22T10:32:21,2,9997,0,9999
2023-08-22T10:45:04,2,9997,0,9999
2023-08-22T10:57:48,2,9997,0,9999
2023-08-22T11:10:42,2,9997,0,9999
2023-08-22T11:23:25,2,9997,0,9999
2023-08-22T11:36:09,2,9997,0,9999
2023-08-22T11:48:52,2,9997,0,9999
2023-08-22T12:01:36,2,9997,0,9999
2023-08-22T12:14:19,2,9997,0,9999
2023-08-22T12:27:03,2,9997,0,9999
2023-08-22T12:39:48,2,9997,0,9999
2023-08-22T12:52:43,2,9997,0,9999
2023-08-22T13:05:26,2,9997,0,9999
2023-08-22T13:18:09,2,9997,0,9999
2023-08-22T13:30:52,2,9997,0,9999
2023-08-22T13:43:38,2,9997,0,9999
2023-08-22T13:56:21,2,9997,0,9999
2023-08-22T14:09:05,2,9997,0,9999
2023-08-22T14:22:00,2,9997,0,9999
2023-08-22T14:34:44,2,9997,0,9999
2023-08-22T14:47:28,2,9997,0,9999
2023-08-22T15:00:12,2,9997,0,9999
2023-08-22T15:12:56,2,9997,0,9999
2023-08-22T15:25:40,2,9997,0,9999
2023-08-22T15:38:33,2,9997,0,9999
2023-08-22T15:51:15,2,9997,0,9999
2023-08-22T16:03:59,2,9997,0,9999
2023-08-22T16:16:42,2,9997,0,9999
2023-08-22T16:29:25,2,9997,0,9999
2023-08-22T16:42:08,2,9997,0,9999
2023-08-22T16:54:52,2,9997,0,9999
2023-08-22T17:07:38,2,9997,0,9999
2023-08-22T17:20:23,2,9997,0,9999
2023-08-22T17:33:18,2,9997,0,9999
2023-08-22T17:46:01,2,9997,0,9999
2023-08-22T17:58:45,2,9997,0,9999
2023-08-22T18:11:28,2,9997,0,9999
2023-08-22T18:24:11,2,9997,0,9999
2023-08-22T18:36:55,2,9997,0,9999
2023-08-22T18:49:39,2,9997,0,9999
2023-08-22T19:02:24,2,9997,0,9999
2023-08-22T19:15:08,2,9997,0,9999
2023-08-22T19:27:51,2,9997,0,9999
2023-08-22T19:40:45,2,9997,0,9999
2023-08-22T19:53:28,2,9997,0,9999
2023-08-22T20:06:11,2,9997,0,9999
2023-08-22T20:18:54,2,9997,0,9999
2023-08-22T20:31:38,2,9997,0,9999
2023-08-22T20:44:21,2,9997,0,9999
2023-08-22T20:57:14,2,9997,0,9999
2023-08-22T21:09:58,2,9997,0,9999
2023-08-22T21:22:42,2,9997,0,9999
2023-08-22T21:35:25,2,9997,0,9999
2023-08-22T21:48:09,2,9997,0,9999
2023-08-22T22:00:52,2,9997,0,9999
2023-08-22T22:13:35,2,9997,0,9999
2023-08-22T22:26:19,2,9997,0,9999
2023-08-22T22:39:02,2,9997,0,9999
2023-08-22T22:51:56,2,9997,0,9999
2023-08-22T23:04:41,2,9997,0,9999
2023-08-22T23:17:26,2,9997,0,9999
2023-08-22T23:30:10,2,9997,0,9999
2023-08-22T23:42:54,2,9997,0,9999
2023-08-22T23:55:37,2,9997,0,9999
2023-08-23T00:08:23,2,9997,0,9999
2023-08-23T00:21:07,2,9997,0,9999
2023-08-23T00:33:54,2,9997,0,9999
2023-08-23T00:46:43,2,9997,0,9999
2023-08-23T00:59:29,2,9997,0,9999
2023-08-23T01:12:17,2,9997,0,9999
2023-08-23T01:25:11,2,9997,0,9999
2023-08-23T01:37:59,2,9997,0,9999
2023-08-23T01:50:46,2,9997,0,9999
2023-08-23T02:03:34,2,9997,0,9999
2023-08-23T02:16:29,2,9997,0,9999
2023-08-23T02:29:13,2,9997,0,9999
2023-08-23T02:42:09,2,9997,0,9999
2023-08-23T02:54:55,2,9997,0,9999
2023-08-23T03:07:49,2,9997,0,9999
2023-08-23T03:20:47,2,9997,0,9999
2023-08-23T03:33:44,2,9997,0,9999
2023-08-23T03:46:31,2,9997,0,9999
2023-08-23T03:59:18,2,9997,0,9999
2023-08-23T04:12:04,2,9997,0,9999
2023-08-23T04:24:35,2,9997,0,9999
2023-08-23T04:37:25,2,9997,0,9999
2023-08-23T04:51:32,2,9997,0,9999
2023-08-23T05:04:41,2,9997,0,9999
2023-08-23T05:17:31,2,9997,0,9999
2023-08-23T05:30:19,2,9997,0,9999
2023-08-23T05:43:13,2,9997,0,9999
2023-08-23T05:56:00,2,9997,0,9999
2023-08-23T06:08:47,2,9997,0,9999
2023-08-23T06:21:43,2,9997,0,9999
2023-08-23T06:34:29,2,9997,0,9999
2023-08-23T06:47:17,2,9997,0,9999
2023-08-23T07:00:03,2,9997,0,9999
2023-08-23T07:12:58,2,9997,0,9999
2023-08-23T07:25:41,2,9997,0,9999
2023-08-23T07:38:25,2,9997,0,9999
2023-08-23T07:51:10,2,9997,0,9999
2023-08-23T08:03:53,2,9997,0,9999
2023-08-23T08:16:35,2,9997,0,9999
2023-08-23T08:29:19,2,9997,0,9999
2023-08-23T08:42:03,2,9997,0,9999
2023-08-23T08:54:57,2,9997,0,9999
2023-08-23T09:07:41,2,9997,0,9999
2023-08-23T09:20:25,2,9997,0,9999
2023-08-23T09:33:09,2,9997,0,9999
2023-08-23T09:45:52,2,9997,0,9999
2023-08-23T09:58:35,2,9997,0,9999
2023-08-23T10:11:18,2,9997,0,9999
2023-08-23T10:24:01,2,9997,0,9999
2023-08-23T10:36:45,2,9997,0,9999
2023-08-23T10:49:28,2,9997,0,9999
2023-08-23T11:02:23,2,9997,0,9999
2023-08-23T11:15:06,2,9997,0,9999
2023-08-23T11:27:58,2,9997,0,9999
2023-08-23T11:40:42,2,9997,0,9999
2023-08-23T11:53:26,2,9997,0,9999
2023-08-23T12:06:11,2,9997,0,9999
2023-08-23T12:18:55,2,9997,0,9999
2023-08-23T12:31:38,2,9997,0,9999
2023-08-23T12:44:36,2,9997,0,9999
2023-08-23T12:57:20,2,9997,0,9999
2023-08-23T13:10:04,2,9997,0,9999
2023-08-23T13:22:48,2,9997,0,9999
2023-08-23T13:35:32,2,9997,0,9999
2023-08-23T13:48:15,2,9997,0,9999
2023-08-23T14:00:59,2,9997,0,9999
2023-08-23T14:13:44,2,9997,0,9999
2023-08-23T14:26:28,2,9997,0,9999
2023-08-23T14:39:22,2,9997,0,9999
2023-08-23T14:52:07,2,9997,0,9999
2023-08-23T15:04:50,2,9997,0,9999
2023-08-23T15:17:35,2,9997,0,9999
2023-08-23T15:30:19,2,9997,0,9999
2023-08-23T15:43:03,2,9997,0,9999
2023-08-23T15:55:48,2,9997,0,9999
2023-08-23T16:08:32,2,9997,0,9999
2023-08-23T16:21:17,2,9997,0,9999
2023-08-23T16:34:13,2,9997,0,9999
2023-08-23T16:46:58,2,9997,0,9999
2023-08-23T16:59:42,2,9997,0,9999
2023-08-23T17:12:27,2,9997,0,9999
2023-08-23T17:25:11,2,9997,0,9999
2023-08-23T17:37:55,2,9997,0,9999
2023-08-23T17:50:39,2,9997,0,9999
2023-08-23T18:03:24,2,9997,0,9999
2023-08-23T18:16:08,2,9997,0,9999
2023-08-23T18:29:02,2,9997,0,9999
2023-08-23T18:41:45,2,9997,0,9999
2023-08-23T18:54:29,2,9997,0,9999
2023-08-23T19:07:14,2,9997,0,9999
2023-08-23T19:19:58,2,9997,0,9999
2023-08-23T19:32:42,2,9997,0,9999
2023-08-23T19:45:25,2,9997,0,9999
2023-08-23T19:58:10,2,9997,0,9999
2023-08-23T20:10:54,2,9997,0,9999
2023-08-23T20:23:47,2,9997,0,9999
2023-08-23T20:36:31,2,9997,0,9999
2023-08-23T20:49:14,2,9997,0,9999
2023-08-23T21:01:58,2,9997,0,9999
2023-08-23T21:14:43,2,9997,0,9999
2023-08-23T21:27:27,2,9997,0,9999
2023-08-23T21:40:10,2,9997,0,9999
2023-08-23T21:52:54,2,9997,0,9999
2023-08-23T22:05:38,2,9997,0,9999
2023-08-23T22:18:22,2,9997,0,9999
2023-08-23T22:31:16,2,9997,0,9999
2023-08-23T22:44:00,2,9997,0,9999
2023-08-23T22:56:44,2,9997,0,9999
2023-08-23T23:09:32,2,9997,0,9999
2023-08-23T23:22:17,2,9997,0,9999
2023-08-23T23:35:03,2,9997,0,9999
2023-08-23T23:47:48,2,9997,0,9999
2023-08-24T00:00:33,2,9997,0,9999
2023-08-24T00:13:21,2,9997,0,9999
2023-08-24T00:26:11,2,9997,0,9999
2023-08-24T00:38:59,2,9997,0,9999
2023-08-24T00:51:47,2,9997,0,9999
2023-08-24T01:04:37,2,9997,0,9999
2023-08-24T01:17:25,2,9997,0,9999
2023-08-24T01:30:24,2,9997,0,9999
2023-08-24T01:43:12,2,9997,0,9999
2023-08-24T01:56:00,2,9997,0,9999
2023-08-24T02:08:47,2,9997,0,9999
2023-08-24T02:21:33,2,9997,0,9999
2023-08-24T02:34:20,2,9997,0,9999
2023-08-24T02:47:06,2,9997,0,9999
2023-08-24T03:00:03,2,9997,0,9999
2023-08-24T03:12:52,2,9997,0,9999
2023-08-24T03:25:41,2,9997,0,9999
2023-08-24T03:38:30,2,9997,0,9999
2023-08-24T03:51:17,2,9997,0,9999
2023-08-24T04:04:04,2,9997,0,9999
2023-08-24T04:20:53,2,9997,0,9999
2023-08-24T04:34:58,2,9997,0,9999
2023-08-24T04:48:05,2,9997,0,9999
2023-08-24T05:00:53,2,9997,0,9999
2023-08-24T05:13:43,2,9997,0,9999
2023-08-24T05:26:32,2,9997,0,9999
2023-08-24T05:39:21,2,9997,0,9999
2023-08-24T05:52:10,2,9997,0,9999
2023-08-24T06:04:57,2,9997,0,9999
2023-08-24T06:17:45,2,9997,0,9999
2023-08-24T06:30:32,2,9997,0,9999
2023-08-24T06:43:20,2,9997,0,9999
2023-08-24T06:56:07,2,9997,0,9999
2023-08-24T07:08:54,2,9997,0,9999
2023-08-24T07:21:40,2,9997,0,9999
2023-08-24T07:34:24,2,9997,0,9999
2023-08-24T07:47:07,2,9997,0,9999
2023-08-24T07:59:50,2,9997,0,9999
2023-08-24T08:12:35,2,9997,0,9999
2023-08-24T08:25:19,2,9997,0,9999
2023-08-24T08:38:04,2,9997,0,9999
2023-08-24T08:50:48,2,9997,0,9999
2023-08-24T09:03:41,2,9997,0,9999
2023-08-24T09:16:25,2,9997,0,9999
2023-08-24T09:29:18,2,9997,0,9999
2023-08-24T09:42:02,2,9997,0,9999
2023-08-24T09:54:46,2,9997,0,9999
2023-08-24T10:07:41,2,9997,0,9999
2023-08-24T10:20:34,2,9997,0,9999
2023-08-24T10:33:17,2,9997,0,9999
2023-08-24T10:46:09,2,9997,0,9999
2023-08-24T10:58:54,2,9997,0,9999
2023-08-24T11:11:48,2,9997,0,9999
2023-08-24T11:24:41,2,9997,0,9999
2023-08-24T11:37:26,2,9997,0,9999
2023-08-24T11:50:21,2,9997,0,9999
2023-08-24T12:03:18,2,9997,0,9999
2023-08-24T12:16:12,2,9997,0,9999
2023-08-24T12:28:56,2,9997,0,9999
2023-08-24T12:41:49,2,9997,0,9999
2023-08-24T12:54:33,2,9997,0,9999
2023-08-24T13:07:27,2,9997,0,9999
2023-08-24T13:20:11,2,9997,0,9999
2023-08-24T13:33:06,2,9997,0,9999
2023-08-24T13:45:50,2,9997,0,9999
2023-08-24T13:58:44,2,9997,0,9999
2023-08-24T14:11:29,2,9997,0,9999
2023-08-24T14:24:22,2,9997,0,9999
2023-08-24T14:37:16,2,9997,0,9999
2023-08-24T14:50:10,2,9997,0,9999
2023-08-24T15:02:56,2,9997,0,9999
2023-08-24T15:15:39,2,9997,0,9999
2023-08-24T15:28:33,2,9997,0,9999
2023-08-24T15:41:17,2,9997,0,9999
2023-08-24T15:54:03,2,9997,0,9999
2023-08-24T16:06:57,2,9997,0,9999
2023-08-24T16:19:41,2,9997,0,9999
2023-08-24T16:32:26,2,9997,0,9999
2023-08-24T16:45:09,2,9997,0,9999
2023-08-24T16:57:53,2,9997,0,9999
2023-08-24T17:10:39,2,9997,0,9999
2023-08-24T17:23:24,2,9997,0,9999
2023-08-24T17:36:09,2,9997,0,9999
2023-08-24T17:48:53,2,9997,0,9999
2023-08-24T18:01:47,2,9997,0,9999
2023-08-24T18:14:32,2,9997,0,9999
2023-08-24T18:27:17,2,9997,0,9999
2023-08-24T18:40:01,2,9997,0,9999
2023-08-24T18:52:47,2,9997,0,9999
2023-08-24T19:05:32,2,9997,0,9999
2023-08-24T19:18:16,2,9997,0,9999
2023-08-24T19:31:01,2,9997,0,9999
2023-08-24T19:43:58,2,9997,0,9999
2023-08-24T19:56:42,2,9997,0,9999
2023-08-24T20:09:25,2,9997,0,9999
2023-08-24T20:22:10,2,9997,0,9999
2023-08-24T20:34:54,2,9997,0,9999
2023-08-24T20:47:39,2,9997,0,9999
2023-08-24T21:00:24,2,9997,0,9999
2023-08-24T21:13:08,2,9997,0,9999
2023-08-24T21:25:53,2,9997,0,9999
2023-08-24T21:38:38,2,9997,0,9999
2023-08-24T21:51:32,2,9997,0,9999
2023-08-24T22:04:15,2,9997,0,9999
2023-08-24T22:17:13,2,9997,0,9999
2023-08-24T22:29:58,2,9997,0,9999
2023-08-24T22:42:42,2,9997,0,9999
2023-08-24T22:55:26,2,9997,0,9999
2023-08-24T23:08:14,2,9997,0,9999
2023-08-24T23:20:59,2,9997,0,9999
2023-08-24T23:33:43,2,9997,0,9999
2023-08-24T23:46:37,2,9997,0,9999
2023-08-24T23:59:22,2,9997,0,9999
2023-08-25T00:12:09,2,9997,0,9999
2023-08-25T00:24:59,2,9997,0,9999
2023-08-25T00:37:47,2,9997,0,9999
2023-08-25T00:50:36,2,9997,0,9999
2023-08-25T01:03:25,2,9997,0,9999
2023-08-25T01:16:15,2,9997,0,9999
2023-08-25T01:29:04,2,9997,0,9999
2023-08-25T01:41:54,2,9997,0,9999
2023-08-25T01:54:42,2,9997,0,9999
2023-08-25T02:07:30,2,9997,0,9999
2023-08-25T02:20:28,2,9997,0,9999
2023-08-25T02:33:18,2,9997,0,9999
2023-08-25T02:46:15,2,9997,0,9999
2023-08-25T02:59:02,2,9997,0,9999
2023-08-25T03:11:50,2,9997,0,9999
2023-08-25T03:24:38,2,9997,0,9999
2023-08-25T03:37:25,2,9997,0,9999
2023-08-25T03:50:13,2,9997,0,9999
2023-08-25T04:03:01,2,9997,0,9999
2023-08-25T04:15:48,2,9997,0,9999
2023-08-25T04:27:04,2,9997,0,9999
2023-08-25T04:39:55,2,9997,0,9999
2023-08-25T04:54:27,2,9997,0,9999
2023-08-25T05:07:20,2,9997,0,9999
2023-08-25T05:20:08,2,9997,0,9999
2023-08-25T05:32:57,2,9997,0,9999
2023-08-25T05:45:45,2,9997,0,9999
2023-08-25T05:58:35,2,9997,0,9999
2023-08-25T06:11:24,2,9997,0,9999
2023-08-25T06:24:12,2,9997,0,9999
2023-08-25T06:37:00,2,9997,0,9999
2023-08-25T06:49:46,2,9997,0,9999
2023-08-25T07:02:31,2,9997,0,9999
2023-08-25T07:15:15,2,9997,0,9999
2023-08-25T07:28:00,2,9997,0,9999
2023-08-25T07:40:52,2,9997,0,9999
2023-08-25T07:53:38,2,9997,0,9999
2023-08-25T08:06:23,2,9997,0,9999
2023-08-25T08:19:07,2,9997,0,9999
2023-08-25T08:31:51,2,9997,0,9999
2023-08-25T08:44:36,2,9997,0,9999
2023-08-25T08:57:20,2,9997,0,9999
2023-08-25T09:10:05,2,9997,0,9999
2023-08-25T09:22:49,2,9997,0,9999
2023-08-25T09:35:45,2,9997,0,9999
2023-08-25T09:48:29,2,9997,0,9999
2023-08-25T10:01:14,2,9997,0,9999
2023-08-25T10:13:58,2,9997,0,9999
2023-08-25T10:26:42,2,9997,0,9999
2023-08-25T10:39:26,2,9997,0,9999
2023-08-25T10:52:10,2,9997,0,9999
2023-08-25T11:04:55,2,9997,0,9999
2023-08-25T11:17:49,2,9997,0,9999
2023-08-25T11:30:34,2,9997,0,9999
2023-08-25T11:43:17,2,9997,0,9999
2023-08-25T11:56:01,2,9997,0,9999
2023-08-25T12:08:45,2,9997,0,9999
2023-08-25T12:21:30,2,9997,0,9999
2023-08-25T12:34:14,2,9997,0,9999
2023-08-25T12:47:09,2,9997,0,9999
2023-08-25T12:59:54,2,9997,0,9999
2023-08-25T13:12:39,2,9997,0,9999
2023-08-25T13:25:23,2,9997,0,9999
2023-08-25T13:38:08,2,9997,0,9999
2023-08-25T13:50:52,2,9997,0,9999
2023-08-25T14:03:37,2,9997,0,9999
2023-08-25T14:16:31,2,9997,0,9999
2023-08-25T14:29:15,2,9997,0,9999
2023-08-25T14:42:03,2,9997,0,9999
2023-08-25T14:54:46,2,9997,0,9999
2023-08-25T15:07:32,2,9997,0,9999
2023-08-25T15:20:16,2,9997,0,9999
2023-08-25T15:33:02,2,9997,0,9999
2023-08-25T15:45:46,2,9997,0,9999
2023-08-25T15:58:39,2,9997,0,9999
2023-08-25T16:11:23,2,9997,0,9999
2023-08-25T16:24:07,2,9997,0,9999
2023-08-25T16:36:51,2,9997,0,9999
2023-08-25T16:49:35,2,9997,0,9999
2023-08-25T17:02:20,2,9997,0,9999
2023-08-25T17:15:15,2,9997,0,9999
2023-08-25T17:28:00,2,9997,0,9999
2023-08-25T17:40:44,2,9997,0,9999
2023-08-25T17:53:27,2,9997,0,9999
2023-08-25T18:06:11,2,9997,0,9999
2023-08-25T18:18:54,2,9997,0,9999
2023-08-25T18:31:38,2,9997,0,9999
2023-08-25T18:44:22,2,9997,0,9999
2023-08-25T18:57:16,2,9997,0,9999
2023-08-25T19:10:01,2,9997,0,9999
2023-08-25T19:22:45,2,9997,0,9999
2023-08-25T19:35:31,2,9997,0,9999
2023-08-25T19:48:16,2,9997,0,9999
2023-08-25T20:01:00,2,9997,0,9999
2023-08-25T20:13:44,2,9997,0,9999
2023-08-25T20:26:28,2,9997,0,9999
2023-08-25T20:39:12,2,9997,0,9999
2023-08-25T20:52:06,2,9997,0,9999
2023-08-25T21:04:50,2,9997,0,9999
2023-08-25T21:17:34,2,9997,0,9999
2023-08-25T21:30:18,2,9997,0,9999
2023-08-25T21:43:02,2,9997,0,9999
2023-08-25T21:55:46,2,9997,0,9999
2023-08-25T22:08:30,2,9997,0,9999
2023-08-25T22:21:13,2,9997,0,9999
2023-08-25T22:33:58,2,9997,0,9999
2023-08-25T22:46:42,2,9997,0,9999
2023-08-25T22:59:36,2,9997,0,9999
2023-08-25T23:12:22,2,9997,0,9999
2023-08-25T23:25:07,2,9997,0,9999
2023-08-25T23:37:52,2,9997,0,9999
2023-08-25T23:50:37,2,9997,0,9999
2023-08-26T00:03:24,2,9997,0,9999
2023-08-26T00:16:14,2,9997,0,9999
2023-08-26T00:29:03,2,9997,0,9999
2023-08-26T00:41:52,2,9997,0,9999
2023-08-26T00:54:52,2,9997,0,9999
2023-08-26T01:07:40,2,9997,0,9999
2023-08-26T01:20:29,2,9997,0,9999
2023-08-26T01:33:18,2,9997,0,9999
2023-08-26T01:46:06,2,9997,0,9999
2023-08-26T01:58:54,2,9997,0,9999
2023-08-26T02:11:39,2,9997,0,9999
2023-08-26T02:24:24,2,9997,0,9999
2023-08-26T02:37:09,2,9997,0,9999
2023-08-26T02:49:54,2,9997,0,9999
2023-08-26T03:02:39,2,9997,0,9999
2023-08-26T03:15:26,2,9997,0,9999
2023-08-26T03:28:14,2,9997,0,9999
2023-08-26T03:41:13,2,9997,0,9999
2023-08-26T03:54:01,2,9997,0,9999
2023-08-26T04:06:48,2,9997,0,9999
2023-08-26T04:26:58,2,9997,0,9999
2023-08-26T04:41:23,2,9997,0,9999
2023-08-26T04:54:16,2,9997,0,9999
2023-08-26T05:07:05,2,9997,0,9999
2023-08-26T05:19:53,2,9997,0,9999
2023-08-26T05:32:42,2,9997,0,9999
2023-08-26T05:45:30,2,9997,0,9999
2023-08-26T05:58:17,2,9997,0,9999
2023-08-26T06:11:06,2,9997,0,9999
2023-08-26T06:23:53,2,9997,0,9999
2023-08-26T06:36:41,2,9997,0,9999
2023-08-26T06:49:33,2,9997,0,9999
2023-08-26T07:02:35,2,9997,0,9999
2023-08-26T07:15:22,2,9997,0,9999
2023-08-26T07:28:09,2,9997,0,9999
2023-08-26T07:40:57,2,9997,0,9999
2023-08-26T07:53:44,2,9997,0,9999
2023-08-26T08:06:31,2,9997,0,9999
2023-08-26T08:19:19,2,9997,0,9999
2023-08-26T08:32:07,2,9997,0,9999
2023-08-26T08:44:54,2,9997,0,9999
2023-08-26T08:57:41,2,9997,0,9999
2023-08-26T09:10:42,2,9997,0,9999
2023-08-26T09:23:28,2,9997,0,9999
2023-08-26T09:36:17,2,9997,0,9999
2023-08-26T09:49:03,2,9997,0,9999
2023-08-26T10:01:49,2,9997,0,9999
2023-08-26T10:14:34,2,9997,0,9999
2023-08-26T10:27:20,2,9997,0,9999
2023-08-26T10:40:05,2,9997,0,9999
2023-08-26T10:52:50,2,9997,0,9999
2023-08-26T11:05:35,2,9997,0,9999
2023-08-26T11:18:18,2,9997,0,9999
2023-08-26T11:31:02,2,9997,0,9999
2023-08-26T11:43:55,2,9997,0,9999
2023-08-26T11:56:39,2,9997,0,9999
2023-08-26T12:09:22,2,9997,0,9999
2023-08-26T12:22:05,2,9997,0,9999
2023-08-26T12:34:50,2,9997,0,9999
2023-08-26T12:47:34,2,9997,0,9999
2023-08-26T13:00:18,2,9997,0,9999
2023-08-26T13:13:02,2,9997,0,9999
2023-08-26T13:25:45,2,9997,0,9999
2023-08-26T13:38:29,2,9997,0,9999
2023-08-26T13:51:36,2,9997,0,9999
2023-08-26T14:04:20,2,9997,0,9999
2023-08-26T14:17:04,2,9997,0,9999
2023-08-26T14:29:49,2,9997,0,9999
2023-08-26T14:42:33,2,9997,0,9999
2023-08-26T14:55:17,2,9997,0,9999
2023-08-26T15:08:00,2,9997,0,9999
2023-08-26T15:20:44,2,9997,0,9999
2023-08-26T15:33:28,2,9997,0,9999
2023-08-26T15:46:11,2,9997,0,9999
2023-08-26T15:59:03,2,9997,0,9999
2023-08-26T16:11:46,2,9997,0,9999
2023-08-26T16:24:30,2,9997,0,9999
2023-08-26T16:37:14,2,9997,0,9999
2023-08-26T16:49:58,2,9997,0,9999
2023-08-26T17:02:41,2,9997,0,9999
2023-08-26T17:15:26,2,9997,0,9999
2023-08-26T17:28:10,2,9997,0,9999
2023-08-26T17:40:54,2,9997,0,9999
2023-08-26T17:53:37,2,9997,0,9999
2023-08-26T18:06:41,2,9997,0,9999
2023-08-26T18:19:25,2,9997,0,9999
2023-08-26T18:32:09,2,9997,0,9999
2023-08-26T18:44:52,2,9997,0,9999
2023-08-26T18:57:36,2,9997,0,9999
2023-08-26T19:10:21,2,9997,0,9999
2023-08-26T19:23:06,2,9997,0,9999
2023-08-26T19:35:50,2,9997,0,9999
2023-08-26T19:48:33,2,9997,0,9999
2023-08-26T20:01:26,2,9997,0,9999
2023-08-26T20:14:09,2,9997,0,9999
2023-08-26T20:26:52,2,9997,0,9999
2023-08-26T20:39:38,2,9997,0,9999
2023-08-26T20:52:21,2,9997,0,9999
2023-08-26T21:05:05,2,9997,0,9999
2023-08-26T21:17:49,2,9997,0,9999
2023-08-26T21:30:33,2,9997,0,9999
2023-08-26T21:43:33,2,9997,0,9999
2023-08-26T21:56:18,2,9997,0,9999
2023-08-26T22:09:02,2,9997,0,9999
2023-08-26T22:21:45,2,9997,0,9999
2023-08-26T22:34:28,2,9997,0,9999
2023-08-26T22:47:13,2,9997,0,9999
2023-08-26T22:59:57,2,9997,0,9999
2023-08-26T23:12:42,2,9997,0,9999
2023-08-26T23:25:27,2,9997,0,9999
2023-08-26T23:38:11,2,9997,0,9999
2023-08-26T23:51:06,2,9997,0,9999
2023-08-27T00:03:52,2,9997,0,9999
2023-08-27T00:16:42,2,9997,0,9999
2023-08-27T00:29:30,2,9997,0,9999
2023-08-27T00:42:18,2,9997,0,9999
2023-08-27T00:55:06,2,9997,0,9999
2023-08-27T01:07:53,2,9997,0,9999
2023-08-27T01:20:40,2,9997,0,9999
2023-08-27T01:33:28,2,9997,0,9999
2023-08-27T01:46:14,2,9997,0,9999
2023-08-27T01:59:02,2,9997,0,9999
2023-08-27T02:12:09,2,9997,0,9999
2023-08-27T02:24:57,2,9997,0,9999
2023-08-27T02:37:45,2,9997,0,9999
2023-08-27T02:50:32,2,9997,0,9999
2023-08-27T03:03:18,2,9997,0,9999
2023-08-27T03:16:06,2,9997,0,9999
2023-08-27T03:28:55,2,9997,0,9999
2023-08-27T03:41:42,2,9997,0,9999
2023-08-27T03:54:29,2,9997,0,9999
2023-08-27T04:07:17,2,9997,0,9999
2023-08-27T04:22:44,2,9997,0,9999
2023-08-27T04:36:56,2,9997,0,9999
2023-08-27T04:50:04,2,9997,0,9999
2023-08-27T05:02:53,2,9997,0,9999
2023-08-27T05:15:40,2,9997,0,9999
2023-08-27T05:28:29,2,9997,0,9999
2023-08-27T05:41:17,2,9997,0,9999
2023-08-27T05:54:06,2,9997,0,9999
2023-08-27T06:06:54,2,9997,0,9999
2023-08-27T06:19:41,2,9997,0,9999
2023-08-27T06:32:28,2,9997,0,9999
2023-08-27T06:45:12,2,9997,0,9999
2023-08-27T06:57:56,2,9997,0,9999
2023-08-27T07:10:44,2,9997,0,9999
2023-08-27T07:23:28,2,9997,0,9999
2023-08-27T07:36:12,2,9997,0,9999
2023-08-27T07:49:04,2,9997,0,9999
2023-08-27T08:01:48,2,9997,0,9999
2023-08-27T08:14:33,2,9997,0,9999
2023-08-27T08:27:18,2,9997,0,9999
2023-08-27T08:40:02,2,9997,0,9999
2023-08-27T08:52:47,2,9997,0,9999
2023-08-27T09:05:30,2,9997,0,9999
2023-08-27T09:18:14,2,9997,0,9999
2023-08-27T09:30:59,2,9997,0,9999
2023-08-27T09:43:43,2,9997,0,9999
2023-08-27T09:56:28,2,9997,0,9999
2023-08-27T10:09:13,2,9997,0,9999
2023-08-27T10:22:10,2,9997,0,9999
2023-08-27T10:34:54,2,9997,0,9999
2023-08-27T10:47:38,2,9997,0,9999
2023-08-27T11:00:25,2,9997,0,9999
2023-08-27T11:13:11,2,9997,0,9999
2023-08-27T11:25:57,2,9997,0,9999
2023-08-27T11:38:42,2,9997,0,9999
2023-08-27T11:51:26,2,9997,0,9999
2023-08-27T12:04:10,2,9997,0,9999
2023-08-27T12:16:53,2,9997,0,9999
2023-08-27T12:29:46,2,9997,0,9999
2023-08-27T12:42:29,2,9997,0,9999
2023-08-27T12:55:14,2,9997,0,9999
2023-08-27T13:07:58,2,9997,0,9999
2023-08-27T13:20:43,2,9997,0,9999
2023-08-27T13:33:26,2,9997,0,9999
2023-08-27T13:46:10,2,9997,0,9999
2023-08-27T13:58:54,2,9997,0,9999
2023-08-27T14:11:47,2,9997,0,9999
2023-08-27T14:24:30,2,9997,0,9999
2023-08-27T14:37:14,2,9997,0,9999
2023-08-27T14:49:59,2,9997,0,9999
2023-08-27T15:02:43,2,9997,0,9999
2023-08-27T15:15:26,2,9997,0,9999
2023-08-27T15:28:10,2,9997,0,9999
2023-08-27T15:40:53,2,9997,0,9999
2023-08-27T15:53:45,2,9997,0,9999
2023-08-27T16:06:29,2,9997,0,9999
2023-08-27T16:19:13,2,9997,0,9999
2023-08-27T16:31:57,2,9997,0,9999
2023-08-27T16:44:42,2,9997,0,9999
2023-08-27T16:57:25,2,9997,0,9999
2023-08-27T17:10:10,2,9997,0,9999
2023-08-27T17:23:12,2,9997,0,9999
2023-08-27T17:35:55,2,9997,0,9999
2023-08-27T17:48:39,2,9997,0,9999
2023-08-27T18:01:22,2,9997,0,9999
2023-08-27T18:14:07,2,9997,0,9999
2023-08-27T18:26:50,2,9997,0,9999
2023-08-27T18:39:35,2,9997,0,9999
2023-08-27T18:52:19,2,9997,0,9999
2023-08-27T19:05:16,2,9997,0,9999
2023-08-27T19:18:00,2,9997,0,9999
2023-08-27T19:30:44,2,9997,0,9999
2023-08-27T19:43:27,2,9997,0,9999
2023-08-27T19:56:12,2,9997,0,9999
2023-08-27T20:08:55,2,9997,0,9999
2023-08-27T20:21:54,2,9997,0,9999
2023-08-27T20:34:38,2,9997,0,9999
2023-08-27T20:47:21,2,9997,0,9999
2023-08-27T21:00:04,2,9997,0,9999
2023-08-27T21:12:48,2,9997,0,9999
2023-08-27T21:25:33,2,9997,0,9999
2023-08-27T21:38:18,2,9997,0,9999
2023-08-27T21:51:11,2,9997,0,9999
2023-08-27T22:03:55,2,9997,0,9999
2023-08-27T22:16:39,2,9997,0,9999
2023-08-27T22:29:22,2,9997,0,9999
2023-08-27T22:42:06,2,9997,0,9999
2023-08-27T22:48:58,2,9997,0,9999
2023-08-27T23:01:42,2,9997,0,9999
2023-08-27T23:14:37,2,9997,0,9999
2023-08-27T23:27:22,2,9997,0,9999
2023-08-27T23:40:06,2,9997,0,9999
2023-08-27T23:52:50,2,9997,0,9999
2023-08-28T00:05:37,2,9997,0,9999
2023-08-28T00:18:30,2,9997,0,9999
2023-08-28T00:31:35,2,9997,0,9999
2023-08-28T00:44:25,2,9997,0,9999
2023-08-28T00:57:12,2,9997,0,9999
2023-08-28T01:09:57,2,9997,0,9999
2023-08-28T01:22:57,2,9997,0,9999
2023-08-28T01:35:45,2,9997,0,9999
2023-08-28T01:48:42,2,9997,0,9999
2023-08-28T02:01:29,2,9997,0,9999
2023-08-28T02:14:26,2,9997,0,9999
2023-08-28T02:27:12,2,9997,0,9999
2023-08-28T02:39:58,2,9997,0,9999
2023-08-28T02:52:45,2,9997,0,9999
2023-08-28T03:05:31,2,9997,0,9999
2023-08-28T03:18:18,2,9997,0,9999
2023-08-28T03:31:06,2,9997,0,9999
2023-08-28T03:43:52,2,9997,0,9999
2023-08-28T03:56:38,2,9997,0,9999
2023-08-28T04:09:25,2,9997,0,9999
2023-08-28T04:25:45,2,9997,0,9999
2023-08-28T04:39:00,2,9997,0,9999
2023-08-28T04:51:49,2,9997,0,9999
2023-08-28T05:04:41,2,9997,0,9999
2023-08-28T05:17:29,2,9997,0,9999
2023-08-28T05:30:17,2,9997,0,9999
2023-08-28T05:43:06,2,9997,0,9999
2023-08-28T05:55:54,2,9997,0,9999
2023-08-28T06:08:43,2,9997,0,9999
2023-08-28T06:21:30,2,9997,0,9999
2023-08-28T06:34:17,2,9997,0,9999
2023-08-28T06:47:03,2,9997,0,9999
2023-08-28T06:59:50,2,9997,0,9999
2023-08-28T07:12:35,2,9997,0,9999
2023-08-28T07:25:20,2,9997,0,9999
2023-08-28T07:38:12,2,9997,0,9999
2023-08-28T07:50:57,2,9997,0,9999
2023-08-28T08:03:42,2,9997,0,9999
2023-08-28T08:16:28,2,9997,0,9999
2023-08-28T08:29:15,2,9997,0,9999
2023-08-28T08:42:04,2,9997,0,9999
2023-08-28T08:54:54,2,9997,0,9999
2023-08-28T09:07:54,2,9997,0,9999
2023-08-28T09:20:43,2,9997,0,9999
2023-08-28T09:33:39,2,9997,0,9999
2023-08-28T09:46:26,2,9997,0,9999
2023-08-28T09:59:11,2,9997,0,9999
2023-08-28T10:12:13,2,9997,0,9999
2023-08-28T10:24:59,2,9997,0,9999
2023-08-28T10:37:47,2,9997,0,9999
2023-08-28T10:50:34,2,9997,0,9999
2023-08-28T11:03:35,2,9997,0,9999
2023-08-28T11:16:20,2,9997,0,9999
2023-08-28T11:29:08,2,9997,0,9999
2023-08-28T11:42:10,2,9997,0,9999
2023-08-28T11:54:57,2,9997,0,9999
2023-08-28T12:07:43,2,9997,0,9999
2023-08-28T12:20:31,2,9997,0,9999
2023-08-28T12:33:30,2,9997,0,9999
2023-08-28T12:46:16,2,9997,0,9999
2023-08-28T12:59:02,2,9997,0,9999
2023-08-28T13:11:50,2,9997,0,9999
2023-08-28T13:24:49,2,9997,0,9999
2023-08-28T13:37:35,2,9997,0,9999
2023-08-28T13:50:21,2,9997,0,9999
2023-08-28T14:03:08,2,9997,0,9999
2023-08-28T14:16:06,2,9997,0,9999
2023-08-28T14:28:51,2,9997,0,9999
2023-08-28T14:41:35,2,9997,0,9999
2023-08-28T14:54:19,2,9997,0,9999
2023-08-28T15:07:13,2,9997,0,9999
2023-08-28T15:19:58,2,9997,0,9999
2023-08-28T15:32:45,2,9997,0,9999
2023-08-28T15:45:31,2,9997,0,9999
2023-08-28T15:58:28,2,9997,0,9999
2023-08-28T16:11:15,2,9997,0,9999
2023-08-28T16:24:02,2,9997,0,9999
2023-08-28T16:36:49,2,9997,0,9999
2023-08-28T16:49:36,2,9997,0,9999
2023-08-28T17:02:34,2,9997,0,9999
2023-08-28T17:15:23,2,9997,0,9999
2023-08-28T17:28:10,2,9997,0,9999
2023-08-28T17:40:56,2,9997,0,9999
2023-08-28T17:53:43,2,9997,0,9999
2023-08-28T18:06:43,2,9997,0,9999
2023-08-28T18:19:30,2,9997,0,9999
2023-08-28T18:32:16,2,9997,0,9999
2023-08-28T18:45:04,2,9997,0,9999
2023-08-28T18:57:50,2,9997,0,9999
2023-08-28T19:10:49,2,9997,0,9999
2023-08-28T19:23:36,2,9997,0,9999
2023-08-28T19:36:23,2,9997,0,9999
2023-08-28T19:49:11,2,9997,0,9999
2023-08-28T20:01:58,2,9997,0,9999
2023-08-28T20:14:56,2,9997,0,9999
2023-08-28T20:27:43,2,9997,0,9999
2023-08-28T20:40:30,2,9997,0,9999
2023-08-28T20:53:17,2,9997,0,9999
2023-08-28T21:06:04,2,9997,0,9999
2023-08-28T21:19:01,2,9997,0,9999
2023-08-28T21:31:48,2,9997,0,9999
2023-08-28T21:44:35,2,9997,0,9999
2023-08-28T21:57:23,2,9997,0,9999
2023-08-28T22:10:09,2,9997,0,9999
2023-08-28T22:23:06,2,9997,0,9999
2023-08-28T22:35:54,2,9997,0,9999
2023-08-28T22:48:41,2,9997,0,9999
2023-08-28T23:01:29,2,9997,0,9999
2023-08-28T23:14:17,2,9997,0,9999
2023-08-28T23:27:17,2,9997,0,9999
2023-08-28T23:40:05,2,9997,0,9999
2023-08-28T23:52:54,2,9997,0,9999
2023-08-29T00:05:43,2,9997,0,9999
2023-08-29T00:18:47,2,9997,0,9999
2023-08-29T00:31:40,2,9997,0,9999
2023-08-29T00:44:28,2,9997,0,9999
2023-08-29T00:57:27,2,9997,0,9999
2023-08-29T01:10:17,2,9997,0,9999
2023-08-29T01:23:08,2,9997,0,9999
2023-08-29T01:35:58,2,9997,0,9999
2023-08-29T01:48:48,2,9997,0,9999
2023-08-29T02:01:38,2,9997,0,9999
2023-08-29T02:14:27,2,9997,0,9999
2023-08-29T02:27:19,2,9997,0,9999
2023-08-29T02:40:08,2,9997,0,9999
2023-08-29T02:53:06,2,9997,0,9999
2023-08-29T03:05:56,2,9997,0,9999
2023-08-29T03:18:48,2,9997,0,9999
2023-08-29T03:31:39,2,9997,0,9999
2023-08-29T03:44:29,2,9997,0,9999
2023-08-29T03:57:21,2,9997,0,9999
2023-08-29T04:10:13,2,9997,0,9999
2023-08-29T04:23:07,2,9997,0,9999
2023-08-29T04:36:00,2,9997,0,9999
2023-08-29T04:50:30,2,9997,0,9999
2023-08-29T05:03:45,2,9997,0,9999
2023-08-29T05:16:38,2,9997,0,9999
2023-08-29T05:29:29,2,9997,0,9999
2023-08-29T05:42:20,2,9997,0,9999
2023-08-29T05:55:12,2,9997,0,9999
2023-08-29T06:08:02,2,9997,0,9999
2023-08-29T06:20:53,2,9997,0,9999
2023-08-29T06:33:47,2,9997,0,9999
2023-08-29T06:46:37,2,9997,0,9999
2023-08-29T06:59:31,2,9997,0,9999
2023-08-29T07:12:29,2,9997,0,9999
2023-08-29T07:25:19,2,9997,0,9999
2023-08-29T07:38:08,2,9997,0,9999
2023-08-29T07:50:57,2,9997,0,9999
2023-08-29T08:03:50,2,9997,0,9999
2023-08-29T08:16:44,2,9997,0,9999
2023-08-29T08:29:35,2,9997,0,9999
2023-08-29T08:42:30,2,9997,0,9999
2023-08-29T08:55:35,2,9997,0,9999
2023-08-29T09:08:29,2,9997,0,9999
2023-08-29T09:21:26,2,9997,0,9999
2023-08-29T09:34:19,2,9997,0,9999
2023-08-29T09:47:23,2,9997,0,9999
2023-08-29T10:00:20,2,9997,0,9999
2023-08-29T10:13:17,2,9997,0,9999
2023-08-29T10:26:12,2,9997,0,9999
2023-08-29T10:39:19,2,9997,0,9999
2023-08-29T10:52:23,2,9997,0,9999
2023-08-29T11:05:21,2,9997,0,9999
2023-08-29T11:18:26,2,9997,0,9999
2023-08-29T11:31:27,2,9997,0,9999
2023-08-29T11:44:24,2,9997,0,9999
2023-08-29T11:57:32,2,9997,0,9999
2023-08-29T12:10:35,2,9997,0,9999
2023-08-29T12:23:31,2,9997,0,9999
2023-08-29T12:36:38,2,9997,0,9999
2023-08-29T12:49:31,2,9997,0,9999
2023-08-29T13:02:32,2,9997,0,9999
2023-08-29T13:15:25,2,9997,0,9999
2023-08-29T13:28:29,2,9997,0,9999
2023-08-29T13:41:28,2,9997,0,9999
2023-08-29T13:54:24,2,9997,0,9999
2023-08-29T14:07:30,2,9997,0,9999
2023-08-29T14:20:27,2,9997,0,9999
2023-08-29T14:33:26,2,9997,0,9999
2023-08-29T14:46:34,2,9997,0,9999
2023-08-29T14:59:29,2,9997,0,9999
2023-08-29T15:12:27,2,9997,0,9999
2023-08-29T15:25:32,2,9997,0,9999
2023-08-29T15:38:26,2,9997,0,9999
2023-08-29T15:51:37,2,9997,0,9999
2023-08-29T16:04:38,2,9997,0,9999
2023-08-29T16:17:33,2,9997,0,9999
2023-08-29T16:30:32,2,9997,0,9999
2023-08-29T16:43:40,2,9997,0,9999
2023-08-29T16:56:35,2,9997,0,9999
2023-08-29T17:09:32,2,9997,0,9999
2023-08-29T17:22:44,2,9997,0,9999
2023-08-29T17:35:35,2,9997,0,9999
2023-08-29T17:48:28,2,9997,0,9999
2023-08-29T18:01:26,2,9997,0,9999
2023-08-29T18:14:40,2,9997,0,9999
2023-08-29T18:27:41,2,9997,0,9999
2023-08-29T18:40:39,2,9997,0,9999
2023-08-29T18:53:43,2,9997,0,9999
2023-08-29T19:06:37,2,9997,0,9999
2023-08-29T19:19:29,2,9997,0,9999
2023-08-29T19:32:22,2,9997,0,9999
2023-08-29T19:45:28,2,9997,0,9999
2023-08-29T19:58:19,2,9997,0,9999
2023-08-29T20:11:14,2,9997,0,9999
2023-08-29T20:24:04,2,9997,0,9999
2023-08-29T20:37:03,2,9997,0,9999
2023-08-29T20:49:50,2,9997,0,9999
2023-08-29T21:02:37,2,9997,0,9999
2023-08-29T21:15:24,2,9997,0,9999
2023-08-29T21:28:23,2,9997,0,9999
2023-08-29T21:41:10,2,9997,0,9999
2023-08-29T21:53:57,2,9997,0,9999
2023-08-29T22:06:44,2,9997,0,9999
2023-08-29T22:19:44,2,9997,0,9999
2023-08-29T22:32:32,2,9997,0,9999
2023-08-29T22:45:18,2,9997,0,9999
2023-08-29T22:58:07,2,9997,0,9999
2023-08-29T23:10:55,2,9997,0,9999
2023-08-29T23:23:55,2,9997,0,9999
2023-08-29T23:36:42,2,9997,0,9999
2023-08-29T23:49:30,2,9997,0,9999
2023-08-30T00:02:19,2,9997,0,9999
2023-08-30T00:15:10,2,9997,0,9999
2023-08-30T00:28:01,2,9997,0,9999
2023-08-30T00:41:05,2,9997,0,9999
2023-08-30T00:53:56,2,9997,0,9999
2023-08-30T01:06:49,2,9997,0,9999
2023-08-30T01:19:42,2,9997,0,9999
2023-08-30T01:32:33,2,9997,0,9999
2023-08-30T01:45:24,2,9997,0,9999
2023-08-30T01:58:15,2,9997,0,9999
2023-08-30T02:11:06,2,9997,0,9999
2023-08-30T02:24:08,2,9997,0,9999
2023-08-30T02:36:57,2,9997,0,9999
2023-08-30T02:49:46,2,9997,0,9999
2023-08-30T03:02:34,2,9997,0,9999
2023-08-30T03:15:25,2,9997,0,9999
2023-08-30T03:28:15,2,9997,0,9999
2023-08-30T03:41:07,2,9997,0,9999
2023-08-30T03:53:57,2,9997,0,9999
2023-08-30T04:06:50,2,9997,0,9999
2023-08-30T06:28:24,2,9997,0,9999
2023-08-30T06:41:15,2,9997,0,9999
2023-08-30T06:54:06,2,9997,0,9999
2023-08-30T07:06:57,2,9997,0,9999
2023-08-30T07:19:46,2,9997,0,9999
2023-08-30T07:32:35,2,9997,0,9999
2023-08-30T07:45:23,2,9997,0,9999
2023-08-30T07:58:13,2,9997,0,9999
2023-08-30T08:11:02,2,9997,0,9999
2023-08-30T08:23:52,2,9997,0,9999
2023-08-30T08:36:40,2,9997,0,9999
2023-08-30T08:49:28,2,9997,0,9999
2023-08-30T09:02:15,2,9997,0,9999
2023-08-30T09:15:12,2,9997,0,9999
2023-08-30T09:27:59,2,9997,0,9999
2023-08-30T09:40:47,2,9997,0,9999
2023-08-30T09:53:34,2,9997,0,9999
2023-08-30T10:06:22,2,9997,0,9999
2023-08-30T10:19:10,2,9997,0,9999
2023-08-30T10:31:59,2,9997,0,9999
2023-08-30T10:44:49,2,9997,0,9999
2023-08-30T10:57:47,2,9997,0,9999
2023-08-30T11:10:35,2,9997,0,9999
2023-08-30T11:23:24,2,9997,0,9999
2023-08-30T11:36:13,2,9997,0,9999
2023-08-30T11:49:01,2,9997,0,9999
2023-08-30T12:01:50,2,9997,0,9999
2023-08-30T12:14:38,2,9997,0,9999
2023-08-30T12:27:35,2,9997,0,9999
2023-08-30T12:40:23,2,9997,0,9999
2023-08-30T12:53:11,2,9997,0,9999
2023-08-30T13:05:59,2,9997,0,9999
2023-08-30T13:18:47,2,9997,0,9999
2023-08-30T13:31:36,2,9997,0,9999
2023-08-30T13:44:25,2,9997,0,9999
2023-08-30T13:57:25,2,9997,0,9999
2023-08-30T14:10:15,2,9997,0,9999
2023-08-30T14:23:03,2,9997,0,9999
2023-08-30T14:35:52,2,9997,0,9999
2023-08-30T14:48:40,2,9997,0,9999
2023-08-30T15:01:28,2,9997,0,9999
2023-08-30T15:14:26,2,9997,0,9999
2023-08-30T15:27:14,2,9997,0,9999
2023-08-30T15:40:03,2,9997,0,9999
2023-08-30T15:52:51,2,9997,0,9999
2023-08-30T16:05:39,2,9997,0,9999
2023-08-30T16:18:29,2,9997,0,9999
2023-08-30T16:31:18,2,9997,0,9999
2023-08-30T16:44:16,2,9997,0,9999
2023-08-30T16:57:05,2,9997,0,9999
2023-08-30T17:09:55,2,9997,0,9999
2023-08-30T17:22:44,2,9997,0,9999
2023-08-30T17:35:33,2,9997,0,9999
2023-08-30T17:48:22,2,9997,0,9999
2023-08-30T18:01:11,2,9997,0,9999
2023-08-30T18:14:09,2,9997,0,9999
2023-08-30T18:26:58,2,9997,0,9999
2023-08-30T18:39:47,2,9997,0,9999
2023-08-30T18:52:36,2,9997,0,9999
2023-08-30T19:05:25,2,9997,0,9999
2023-08-30T19:18:14,2,9997,0,9999
2023-08-30T19:31:03,2,9997,0,9999
2023-08-30T19:43:52,2,9997,0,9999
2023-08-30T19:56:51,2,9997,0,9999
2023-08-30T20:09:40,2,9997,0,9999
2023-08-30T20:22:29,2,9997,0,9999
2023-08-30T20:35:18,2,9997,0,9999
2023-08-30T20:48:07,2,9997,0,9999
2023-08-30T21:00:56,2,9997,0,9999
2023-08-30T21:13:44,2,9997,0,9999
2023-08-30T21:26:33,2,9997,0,9999
2023-08-30T21:39:32,2,9997,0,9999
2023-08-30T21:52:21,2,9997,0,9999
2023-08-30T22:05:09,2,9997,0,9999
2023-08-30T22:17:57,2,9997,0,9999
2023-08-30T22:30:50,2,9997,0,9999
2023-08-30T22:43:39,2,9997,0,9999
2023-08-30T22:56:27,2,9997,0,9999
2023-08-30T23:09:17,2,9997,0,9999
2023-08-30T23:22:14,2,9997,0,9999
2023-08-30T23:35:04,2,9997,0,9999
2023-08-30T23:47:54,2,9997,0,9999
2023-08-31T00:00:43,2,9997,0,9999
2023-08-31T00:13:53,2,9997,0,9999
2023-08-31T00:26:47,2,9997,0,9999
2023-08-31T00:39:38,2,9997,0,9999
2023-08-31T00:52:29,2,9997,0,9999
2023-08-31T01:05:20,2,9997,0,9999
2023-08-31T01:18:12,2,9997,0,9999
2023-08-31T01:31:04,2,9997,0,9999
2023-08-31T01:43:56,2,9997,0,9999
2023-08-31T01:56:59,2,9997,0,9999
2023-08-31T02:09:52,2,9997,0,9999
2023-08-31T02:22:43,2,9997,0,9999
2023-08-31T02:35:35,2,9997,0,9999
2023-08-31T02:48:25,2,9997,0,9999
2023-08-31T03:01:18,2,9997,0,9999
2023-08-31T03:14:16,2,9997,0,9999
2023-08-31T03:27:10,2,9997,0,9999
2023-08-31T03:40:02,2,9997,0,9999
2023-08-31T03:52:54,2,9997,0,9999
2023-08-31T04:05:46,2,9997,0,9999
2023-08-31T04:21:31,2,9997,0,9999
2023-08-31T04:35:40,2,9997,0,9999
2023-08-31T04:48:53,2,9997,0,9999
2023-08-31T05:01:48,2,9997,0,9999
2023-08-31T05:14:43,2,9997,0,9999
2023-08-31T05:27:37,2,9997,0,9999
2023-08-31T05:40:30,2,9997,0,9999
2023-08-31T05:53:24,2,9997,0,9999
2023-08-31T06:06:16,2,9997,0,9999
2023-08-31T06:19:09,2,9997,0,9999
2023-08-31T06:32:01,2,9997,0,9999
2023-08-31T06:44:53,2,9997,0,9999
2023-08-31T06:57:45,2,9997,0,9999
2023-08-31T07:10:38,2,9997,0,9999
2023-08-31T07:23:30,2,9997,0,9999
2023-08-31T07:36:20,2,9997,0,9999
2023-08-31T07:49:09,2,9997,0,9999
2023-08-31T08:02:00,2,9997,0,9999
2023-08-31T08:14:50,2,9997,0,9999
2023-08-31T08:27:49,2,9997,0,9999
2023-08-31T08:40:40,2,9997,0,9999
2023-08-31T08:53:29,2,9997,0,9999
2023-08-31T09:06:19,2,9997,0,9999
2023-08-31T09:19:08,2,9997,0,9999
2023-08-31T09:31:59,2,9997,0,9999
2023-08-31T09:44:50,2,9997,0,9999
2023-08-31T09:57:39,2,9997,0,9999
2023-08-31T10:10:43,2,9997,0,9999
2023-08-31T10:23:34,2,9997,0,9999
2023-08-31T10:36:24,2,9997,0,9999
2023-08-31T10:49:14,2,9997,0,9999
2023-08-31T11:02:07,2,9997,0,9999
2023-08-31T11:15:07,2,9997,0,9999
2023-08-31T11:27:57,2,9997,0,9999
2023-08-31T11:40:48,2,9997,0,9999
2023-08-31T11:53:39,2,9997,0,9999
2023-08-31T12:06:29,2,9997,0,9999
2023-08-31T12:19:29,2,9997,0,9999
2023-08-31T12:32:22,2,9997,0,9999
2023-08-31T12:45:13,2,9997,0,9999
2023-08-31T12:58:05,2,9997,0,9999
2023-08-31T13:10:58,2,9997,0,9999
2023-08-31T13:23:50,2,9997,0,9999
2023-08-31T13:36:51,2,9997,0,9999
2023-08-31T13:49:41,2,9997,0,9999
2023-08-31T14:02:34,2,9997,0,9999
2023-08-31T14:15:24,2,9997,0,9999
2023-08-31T14:28:14,2,9997,0,9999
2023-08-31T14:41:12,2,9997,0,9999
2023-08-31T14:54:03,2,9997,0,9999
2023-08-31T15:06:53,2,9997,0,9999
2023-08-31T15:19:43,2,9997,0,9999
2023-08-31T15:32:34,2,9997,0,9999
2023-08-31T15:45:33,2,9997,0,9999
2023-08-31T15:58:22,2,9997,0,9999
2023-08-31T16:11:12,2,9997,0,9999
2023-08-31T16:24:02,2,9997,0,9999
2023-08-31T16:36:52,2,9997,0,9999
2023-08-31T16:49:42,2,9997,0,9999
2023-08-31T17:02:40,2,9997,0,9999
2023-08-31T17:15:32,2,9997,0,9999
2023-08-31T17:28:21,2,9997,0,9999
2023-08-31T17:41:10,2,9997,0,9999
2023-08-31T17:53:59,2,9997,0,9999
2023-08-31T18:06:47,2,9997,0,9999
2023-08-31T18:19:36,2,9997,0,9999
2023-08-31T18:32:26,2,9997,0,9999
2023-08-31T18:45:26,2,9997,0,9999
2023-08-31T18:58:14,2,9997,0,9999
2023-08-31T19:11:04,2,9997,0,9999
2023-08-31T19:23:53,2,9997,0,9999
2023-08-31T19:36:42,2,9997,0,9999
2023-08-31T19:49:32,2,9997,0,9999
2023-08-31T20:02:20,2,9997,0,9999
2023-08-31T20:15:19,2,9997,0,9999
2023-08-31T20:28:08,2,9997,0,9999
2023-08-31T20:40:57,2,9997,0,9999
2023-08-31T20:53:47,2,9997,0,9999
2023-08-31T21:06:36,2,9997,0,9999
2023-08-31T21:19:26,2,9997,0,9999
2023-08-31T21:32:15,2,9997,0,9999
2023-08-31T21:45:04,2,9997,0,9999
2023-08-31T21:58:02,2,9997,0,9999
2023-08-31T22:10:51,2,9997,0,9999
2023-08-31T22:23:41,2,9997,0,9999
2023-08-31T22:36:30,2,9997,0,9999
2023-08-31T22:49:19,2,9997,0,9999
2023-08-31T23:02:08,2,9997,0,9999
2023-08-31T23:14:58,2,9997,0,9999
2023-08-31T23:27:47,2,9997,0,9999
2023-08-31T23:40:47,2,9997,0,9999
2023-08-31T23:53:36,2,9997,0,9999
2023-09-01T00:06:27,2,9997,0,9999
2023-09-01T00:19:27,2,9997,0,9999
2023-09-01T00:32:20,2,9997,0,9999
2023-09-01T00:45:13,2,9997,0,9999
2023-09-01T00:58:07,2,9997,0,9999
2023-09-01T01:11:01,2,9997,0,9999
2023-09-01T01:23:54,2,9997,0,9999
2023-09-01T01:37:00,2,9997,0,9999
2023-09-01T01:49:56,2,9997,0,9999
2023-09-01T02:02:50,2,9997,0,9999
2023-09-01T02:15:42,2,9997,0,9999
2023-09-01T02:28:34,2,9997,0,9999
2023-09-01T02:41:28,2,9997,0,9999
2023-09-01T02:54:20,2,9997,0,9999
2023-09-01T03:07:12,2,9997,0,9999
2023-09-01T03:20:06,2,9997,0,9999
2023-09-01T03:33:01,2,9997,0,9999
2023-09-01T03:45:55,2,9997,0,9999
2023-09-01T03:58:48,2,9997,0,9999
2023-09-01T04:13:55,2,9997,0,9999
2023-09-01T04:23:16,2,9997,0,9999
2023-09-01T04:36:36,2,9997,0,9999
2023-09-01T04:49:32,2,9997,0,9999
2023-09-01T05:02:27,2,9997,0,9999
2023-09-01T05:15:21,2,9997,0,9999
2023-09-01T05:28:14,2,9997,0,9999
2023-09-01T05:41:09,2,9997,0,9999
2023-09-01T05:54:04,2,9997,0,9999
2023-09-01T06:06:58,2,9997,0,9999
2023-09-01T06:19:51,2,9997,0,9999
2023-09-01T06:32:44,2,9997,0,9999
2023-09-01T06:45:37,2,9997,0,9999
2023-09-01T06:58:30,2,9997,0,9999
2023-09-01T07:11:23,2,9997,0,9999
2023-09-01T07:24:18,2,9997,0,9999
2023-09-01T07:37:09,2,9997,0,9999
2023-09-01T07:50:09,2,9997,0,9999
2023-09-01T08:03:00,2,9997,0,9999
2023-09-01T08:15:51,2,9997,0,9999
2023-09-01T08:28:43,2,9997,0,9999
2023-09-01T08:41:39,2,9997,0,9999
2023-09-01T08:54:31,2,9997,0,9999
2023-09-01T09:07:29,2,9997,0,9999
2023-09-01T09:20:38,2,9997,0,9999
2023-09-01T09:33:34,2,9997,0,9999
2023-09-01T09:46:27,2,9997,0,9999
2023-09-01T09:59:21,2,9997,0,9999
2023-09-01T10:12:19,2,9997,0,9999
2023-09-01T10:25:12,2,9997,0,9999
2023-09-01T10:38:19,2,9997,0,9999
2023-09-01T10:51:17,2,9997,0,9999
2023-09-01T11:04:13,2,9997,0,9999
2023-09-01T11:17:07,2,9997,0,9999
2023-09-01T11:30:15,2,9997,0,9999
2023-09-01T11:43:12,2,9997,0,9999
2023-09-01T11:56:06,2,9997,0,9999
2023-09-01T12:09:02,2,9997,0,9999
2023-09-01T12:22:09,2,9997,0,9999
2023-09-01T12:35:03,2,9997,0,9999
2023-09-01T12:47:55,2,9997,0,9999
2023-09-01T13:00:52,2,9997,0,9999
2023-09-01T13:13:48,2,9997,0,9999
2023-09-01T13:26:53,2,9997,0,9999
2023-09-01T13:39:49,2,9997,0,9999
2023-09-01T13:52:45,2,9997,0,9999
2023-09-01T14:05:45,2,9997,0,9999
2023-09-01T14:18:56,2,9997,0,9999
2023-09-01T14:31:52,2,9997,0,9999
2023-09-01T14:44:46,2,9997,0,9999
2023-09-01T14:57:53,2,9997,0,9999
2023-09-01T15:10:52,2,9997,0,9999
2023-09-01T15:23:53,2,9997,0,9999
2023-09-01T15:36:49,2,9997,0,9999
2023-09-01T15:49:56,2,9997,0,9999
2023-09-01T16:02:58,2,9997,0,9999
2023-09-01T16:15:52,2,9997,0,9999
2023-09-01T16:28:47,2,9997,0,9999
2023-09-01T16:41:43,2,9997,0,9999
2023-09-01T16:54:47,2,9997,0,9999
2023-09-01T17:07:43,2,9997,0,9999
2023-09-01T17:20:44,2,9997,0,9999
2023-09-01T19:20:47,2,9997,0,9999
2023-09-01T19:33:41,2,9997,0,9999
2023-09-01T19:46:34,2,9997,0,9999
2023-09-01T19:59:26,2,9997,0,9999
2023-09-01T20:12:32,2,9997,0,9999
2023-09-01T20:25:24,2,9997,0,9999
2023-09-01T20:38:15,2,9997,0,9999
2023-09-01T20:51:05,2,9997,0,9999
2023-09-01T21:04:06,2,9997,0,9999
2023-09-01T21:16:57,2,9997,0,9999
2023-09-01T21:29:47,2,9997,0,9999
2023-09-01T21:42:38,2,9997,0,9999
2023-09-01T21:55:29,2,9997,0,9999
2023-09-01T22:08:32,2,9997,0,9999
2023-09-01T22:21:22,2,9997,0,9999
2023-09-01T22:34:12,2,9997,0,9999
2023-09-01T22:47:03,2,9997,0,9999
2023-09-01T22:59:53,2,9997,0,9999
2023-09-01T23:12:46,2,9997,0,9999
2023-09-01T23:25:47,2,9997,0,9999
2023-09-01T23:38:39,2,9997,0,9999
2023-09-01T23:51:30,2,9997,0,9999
2023-09-02T00:04:24,2,9997,0,9999
2023-09-02T00:17:23,2,9997,0,9999
2023-09-02T00:30:18,2,9997,0,9999
2023-09-02T00:43:23,2,9997,0,9999
2023-09-02T00:56:17,2,9997,0,9999
2023-09-02T01:09:11,2,9997,0,9999
2023-09-02T01:22:06,2,9997,0,9999
2023-09-02T01:35:03,2,9997,0,9999
2023-09-02T01:47:59,2,9997,0,9999
2023-09-02T02:00:54,2,9997,0,9999
2023-09-02T02:13:49,2,9997,0,9999
2023-09-02T02:26:41,2,9997,0,9999
2023-09-02T02:39:44,2,9997,0,9999
2023-09-02T02:52:38,2,9997,0,9999
2023-09-02T03:05:30,2,9997,0,9999
2023-09-02T03:18:25,2,9997,0,9999
2023-09-02T03:31:18,2,9997,0,9999
2023-09-02T03:44:12,2,9997,0,9999
2023-09-02T03:57:07,2,9997,0,9999
2023-09-02T04:10:01,2,9997,0,9999
2023-09-02T04:20:32,2,9997,0,9999
2023-09-02T04:35:24,2,9997,0,9999
2023-09-02T04:48:39,2,9997,0,9999
2023-09-02T05:01:37,2,9997,0,9999
2023-09-02T05:14:33,2,9997,0,9999
2023-09-02T05:27:29,2,9997,0,9999
2023-09-02T05:40:24,2,9997,0,9999
2023-09-02T05:53:19,2,9997,0,9999
2023-09-02T06:06:14,2,9997,0,9999
2023-09-02T06:19:09,2,9997,0,9999
2023-09-02T06:32:04,2,9997,0,9999
2023-09-02T06:44:59,2,9997,0,9999
2023-09-02T06:57:54,2,9997,0,9999
2023-09-02T07:10:49,2,9997,0,9999
2023-09-02T07:23:44,2,9997,0,9999
2023-09-02T07:36:38,2,9997,0,9999
2023-09-02T07:49:32,2,9997,0,9999
2023-09-02T08:02:26,2,9997,0,9999
2023-09-02T08:15:29,2,9997,0,9999
2023-09-02T08:28:24,2,9997,0,9999
2023-09-02T08:41:19,2,9997,0,9999
2023-09-02T08:54:14,2,9997,0,9999
2023-09-02T09:07:08,2,9997,0,9999
2023-09-02T09:20:03,2,9997,0,9999
2023-09-02T09:32:56,2,9997,0,9999
2023-09-02T09:45:49,2,9997,0,9999
2023-09-02T09:58:43,2,9997,0,9999
2023-09-02T10:11:36,2,9997,0,9999
2023-09-02T10:24:30,2,9997,0,9999
2023-09-02T10:37:33,2,9997,0,9999
2023-09-02T10:50:26,2,9997,0,9999
2023-09-02T11:03:20,2,9997,0,9999
2023-09-02T11:16:11,2,9997,0,9999
2023-09-02T11:29:03,2,9997,0,9999
2023-09-02T11:41:54,2,9997,0,9999
2023-09-02T11:54:45,2,9997,0,9999
2023-09-02T12:07:36,2,9997,0,9999
2023-09-02T12:20:28,2,9997,0,9999
2023-09-02T12:33:20,2,9997,0,9999
2023-09-02T12:46:20,2,9997,0,9999
2023-09-02T12:59:12,2,9997,0,9999
2023-09-02T13:12:02,2,9997,0,9999
2023-09-02T13:24:53,2,9997,0,9999
2023-09-02T13:37:44,2,9997,0,9999
2023-09-02T13:50:36,2,9997,0,9999
2023-09-02T14:03:27,2,9997,0,9999
2023-09-02T14:16:18,2,9997,0,9999
2023-09-02T14:29:09,2,9997,0,9999
2023-09-02T14:42:12,2,9997,0,9999
2023-09-02T14:55:03,2,9997,0,9999
2023-09-02T15:07:54,2,9997,0,9999
2023-09-02T15:20:45,2,9997,0,9999
2023-09-02T15:33:36,2,9997,0,9999
2023-09-02T15:46:29,2,9997,0,9999
2023-09-02T15:59:20,2,9997,0,9999
2023-09-02T16:12:12,2,9997,0,9999
2023-09-02T16:25:03,2,9997,0,9999
2023-09-02T16:37:54,2,9997,0,9999
2023-09-02T16:50:46,2,9997,0,9999
2023-09-02T17:03:48,2,9997,0,9999
2023-09-02T17:16:40,2,9997,0,9999
2023-09-02T17:29:31,2,9997,0,9999
2023-09-02T17:42:23,2,9997,0,9999
2023-09-02T17:55:13,2,9997,0,9999
2023-09-02T18:08:06,2,9997,0,9999
2023-09-02T18:20:57,2,9997,0,9999
2023-09-02T18:33:48,2,9997,0,9999
2023-09-02T18:46:38,2,9997,0,9999
2023-09-02T18:59:29,2,9997,0,9999
2023-09-02T19:12:21,2,9997,0,9999
2023-09-02T19:25:12,2,9997,0,9999
2023-09-02T19:38:12,2,9997,0,9999
2023-09-02T19:51:03,2,9997,0,9999
2023-09-02T20:03:54,2,9997,0,9999
2023-09-02T20:16:45,2,9997,0,9999
2023-09-02T20:29:37,2,9997,0,9999
2023-09-02T20:42:27,2,9997,0,9999
2023-09-02T20:55:18,2,9997,0,9999
2023-09-02T21:08:10,2,9997,0,9999
2023-09-02T21:21:00,2,9997,0,9999
2023-09-02T21:33:51,2,9997,0,9999
2023-09-02T21:46:51,2,9997,0,9999
2023-09-02T21:59:42,2,9997,0,9999
2023-09-02T22:12:33,2,9997,0,9999
2023-09-02T22:25:24,2,9997,0,9999
2023-09-02T22:38:15,2,9997,0,9999
2023-09-02T22:51:06,2,9997,0,9999
2023-09-02T23:03:57,2,9997,0,9999
2023-09-02T23:16:51,2,9997,0,9999
2023-09-02T23:29:42,2,9997,0,9999
2023-09-02T23:42:35,2,9997,0,9999
2023-09-02T23:55:26,2,9997,0,9999
2023-09-03T00:08:19,2,9997,0,9999
2023-09-03T00:21:28,2,9997,0,9999
2023-09-03T00:34:23,2,9997,0,9999
2023-09-03T00:47:17,2,9997,0,9999
2023-09-03T01:00:12,2,9997,0,9999
2023-09-03T01:13:05,2,9997,0,9999
2023-09-03T01:25:57,2,9997,0,9999
2023-09-03T01:38:53,2,9997,0,9999
2023-09-03T01:51:46,2,9997,0,9999
2023-09-03T02:04:50,2,9997,0,9999
2023-09-03T02:17:45,2,9997,0,9999
2023-09-03T02:30:40,2,9997,0,9999
2023-09-03T02:43:35,2,9997,0,9999
2023-09-03T02:56:29,2,9997,0,9999
2023-09-03T03:09:22,2,9997,0,9999
2023-09-03T03:22:17,2,9997,0,9999
2023-09-03T03:35:12,2,9997,0,9999
2023-09-03T03:48:17,2,9997,0,9999
2023-09-03T04:01:12,2,9997,0,9999
2023-09-03T04:19:37,2,9997,0,9999
2023-09-03T04:32:35,2,9997,0,9999
2023-09-03T04:45:31,2,9997,0,9999
2023-09-03T05:00:05,2,9997,0,9999
2023-09-03T05:13:00,2,9997,0,9999
2023-09-03T05:25:55,2,9997,0,9999
2023-09-03T05:38:51,2,9997,0,9999
2023-09-03T05:51:49,2,9997,0,9999
2023-09-03T06:04:43,2,9997,0,9999
2023-09-03T06:17:37,2,9997,0,9999
2023-09-03T06:30:30,2,9997,0,9999
2023-09-03T06:43:22,2,9997,0,9999
2023-09-03T06:56:13,2,9997,0,9999
2023-09-03T07:09:06,2,9997,0,9999
2023-09-03T07:21:57,2,9997,0,9999
2023-09-03T07:34:48,2,9997,0,9999
2023-09-03T07:47:40,2,9997,0,9999
2023-09-03T08:00:32,2,9997,0,9999
2023-09-03T08:13:23,2,9997,0,9999
2023-09-03T08:26:16,2,9997,0,9999
2023-09-03T08:39:24,2,9997,0,9999
2023-09-03T08:52:14,2,9997,0,9999
2023-09-03T09:05:06,2,9997,0,9999
2023-09-03T09:17:58,2,9997,0,9999
2023-09-03T09:30:49,2,9997,0,9999
2023-09-03T09:43:41,2,9997,0,9999
2023-09-03T09:56:32,2,9997,0,9999
2023-09-03T10:09:24,2,9997,0,9999
2023-09-03T10:22:16,2,9997,0,9999
2023-09-03T10:35:10,2,9997,0,9999
2023-09-03T10:48:02,2,9997,0,9999
2023-09-03T11:00:54,2,9997,0,9999
2023-09-03T11:13:54,2,9997,0,9999
2023-09-03T11:26:46,2,9997,0,9999
2023-09-03T11:39:38,2,9997,0,9999
2023-09-03T11:52:30,2,9997,0,9999
2023-09-03T12:05:20,2,9997,0,9999
2023-09-03T12:18:11,2,9997,0,9999
2023-09-03T12:31:03,2,9997,0,9999
2023-09-03T12:43:54,2,9997,0,9999
2023-09-03T12:56:44,2,9997,0,9999
2023-09-03T13:09:35,2,9997,0,9999
2023-09-03T13:22:26,2,9997,0,9999
2023-09-03T13:35:27,2,9997,0,9999
2023-09-03T13:48:17,2,9997,0,9999
2023-09-03T14:01:08,2,9997,0,9999
2023-09-03T14:13:59,2,9997,0,9999
2023-09-03T14:26:49,2,9997,0,9999
2023-09-03T14:39:40,2,9997,0,9999
2023-09-03T14:52:31,2,9997,0,9999
2023-09-03T15:05:21,2,9997,0,9999
2023-09-03T15:18:12,2,9997,0,9999
2023-09-03T15:31:03,2,9997,0,9999
2023-09-03T15:43:54,2,9997,0,9999
2023-09-03T15:56:45,2,9997,0,9999
2023-09-03T16:09:46,2,9997,0,9999
2023-09-03T16:22:37,2,9997,0,9999
2023-09-03T16:35:28,2,9997,0,9999
2023-09-03T16:48:20,2,9997,0,9999
2023-09-03T17:01:10,2,9997,0,9999
2023-09-03T17:14:02,2,9997,0,9999
2023-09-03T17:26:53,2,9997,0,9999
2023-09-03T17:39:43,2,9997,0,9999
2023-09-03T17:52:34,2,9997,0,9999
2023-09-03T18:05:41,2,9997,0,9999
2023-09-03T18:18:32,2,9997,0,9999
2023-09-03T18:31:22,2,9997,0,9999
2023-09-03T18:44:13,2,9997,0,9999
2023-09-03T18:57:03,2,9997,0,9999
2023-09-03T19:09:58,2,9997,0,9999
2023-09-03T19:22:49,2,9997,0,9999
2023-09-03T19:35:39,2,9997,0,9999
2023-09-03T19:48:30,2,9997,0,9999
2023-09-03T20:01:20,2,9997,0,9999
2023-09-03T20:14:11,2,9997,0,9999
2023-09-03T20:27:12,2,9997,0,9999
2023-09-03T20:40:02,2,9997,0,9999
2023-09-03T20:52:52,2,9997,0,9999
2023-09-03T21:05:43,2,9997,0,9999
2023-09-03T21:18:34,2,9997,0,9999
2023-09-03T21:31:25,2,9997,0,9999
2023-09-03T21:44:17,2,9997,0,9999
2023-09-03T21:57:08,2,9997,0,9999
2023-09-03T22:10:00,2,9997,0,9999
2023-09-03T22:22:51,2,9997,0,9999
2023-09-03T22:36:00,2,9997,0,9999
2023-09-03T22:48:51,2,9997,0,9999
2023-09-03T23:01:41,2,9997,0,9999
2023-09-03T23:14:36,2,9997,0,9999
2023-09-03T23:27:28,2,9997,0,9999
2023-09-03T23:40:19,2,9997,0,9999
2023-09-03T23:53:10,2,9997,0,9999
2023-09-04T00:06:04,2,9997,0,9999
2023-09-04T00:19:04,2,9997,0,9999
2023-09-04T00:32:08,2,9997,0,9999
2023-09-04T00:45:16,2,9997,0,9999
2023-09-04T00:58:11,2,9997,0,9999
2023-09-04T01:11:04,2,9997,0,9999
2023-09-04T01:23:58,2,9997,0,9999
2023-09-04T01:36:55,2,9997,0,9999
2023-09-04T01:49:51,2,9997,0,9999
2023-09-04T02:02:50,2,9997,0,9999
2023-09-04T02:15:44,2,9997,0,9999
2023-09-04T02:28:38,2,9997,0,9999
2023-09-04T02:41:30,2,9997,0,9999
2023-09-04T02:54:22,2,9997,0,9999
2023-09-04T03:07:16,2,9997,0,9999
2023-09-04T03:20:10,2,9997,0,9999
2023-09-04T03:33:06,2,9997,0,9999
2023-09-04T03:46:00,2,9997,0,9999
2023-09-04T03:58:54,2,9997,0,9999
2023-09-04T04:11:49,2,9997,0,9999
2023-09-04T04:27:52,2,9997,0,9999
2023-09-04T04:42:00,2,9997,0,9999
2023-09-04T04:55:12,2,9997,0,9999
2023-09-04T05:08:10,2,9997,0,9999
2023-09-04T05:21:07,2,9997,0,9999
2023-09-04T05:34:03,2,9997,0,9999
2023-09-04T05:47:00,2,9997,0,9999
2023-09-04T05:59:56,2,9997,0,9999
2023-09-04T06:12:51,2,9997,0,9999
2023-09-04T06:25:43,2,9997,0,9999
2023-09-04T06:38:36,2,9997,0,9999
2023-09-04T06:51:29,2,9997,0,9999
2023-09-04T07:04:21,2,9997,0,9999
2023-09-04T07:17:13,2,9997,0,9999
2023-09-04T07:30:04,2,9997,0,9999
2023-09-04T07:42:54,2,9997,0,9999
2023-09-04T07:55:44,2,9997,0,9999
2023-09-04T08:08:35,2,9997,0,9999
2023-09-04T08:21:26,2,9997,0,9999
2023-09-04T08:34:17,2,9997,0,9999
2023-09-04T08:47:08,2,9997,0,9999
2023-09-04T08:59:59,2,9997,0,9999
2023-09-04T09:12:49,2,9997,0,9999
2023-09-04T09:25:40,2,9997,0,9999
2023-09-04T09:38:39,2,9997,0,9999
2023-09-04T09:51:30,2,9997,0,9999
2023-09-04T10:04:20,2,9997,0,9999
2023-09-04T10:17:11,2,9997,0,9999
2023-09-04T10:30:01,2,9997,0,9999
2023-09-04T10:42:52,2,9997,0,9999
2023-09-04T10:55:42,2,9997,0,9999
2023-09-04T11:08:33,2,9997,0,9999
2023-09-04T11:21:23,2,9997,0,9999
2023-09-04T11:34:15,2,9997,0,9999
2023-09-04T11:47:05,2,9997,0,9999
2023-09-04T11:59:56,2,9997,0,9999
2023-09-04T12:12:46,2,9997,0,9999
2023-09-04T12:25:47,2,9997,0,9999
2023-09-04T12:38:37,2,9997,0,9999
2023-09-04T12:51:28,2,9997,0,9999
2023-09-04T13:04:19,2,9997,0,9999
2023-09-04T13:17:10,2,9997,0,9999
2023-09-04T13:30:01,2,9997,0,9999
2023-09-04T13:42:51,2,9997,0,9999
2023-09-04T13:55:41,2,9997,0,9999
2023-09-04T14:08:32,2,9997,0,9999
2023-09-04T14:21:23,2,9997,0,9999
2023-09-04T14:34:25,2,9997,0,9999
2023-09-04T14:47:17,2,9997,0,9999
2023-09-04T15:00:08,2,9997,0,9999
2023-09-04T15:13:00,2,9997,0,9999
2023-09-04T15:25:51,2,9997,0,9999
2023-09-04T15:38:42,2,9997,0,9999
2023-09-04T15:51:33,2,9997,0,9999
2023-09-04T16:04:24,2,9997,0,9999
2023-09-04T16:17:14,2,9997,0,9999
2023-09-04T16:30:05,2,9997,0,9999
2023-09-04T16:42:56,2,9997,0,9999
2023-09-04T16:55:57,2,9997,0,9999
2023-09-04T17:08:49,2,9997,0,9999
2023-09-04T17:21:41,2,9997,0,9999
2023-09-04T17:34:32,2,9997,0,9999
2023-09-04T17:47:22,2,9997,0,9999
2023-09-04T18:00:13,2,9997,0,9999
2023-09-04T18:13:03,2,9997,0,9999
2023-09-04T18:25:53,2,9997,0,9999
2023-09-04T18:38:44,2,9997,0,9999
2023-09-04T18:51:34,2,9997,0,9999
2023-09-04T19:04:25,2,9997,0,9999
2023-09-04T19:17:27,2,9997,0,9999
2023-09-04T19:30:17,2,9997,0,9999
2023-09-04T19:43:08,2,9997,0,9999
2023-09-04T19:55:59,2,9997,0,9999
2023-09-04T20:08:49,2,9997,0,9999
2023-09-04T20:21:41,2,9997,0,9999
2023-09-04T20:34:31,2,9997,0,9999
2023-09-04T20:47:22,2,9997,0,9999
2023-09-04T21:00:13,2,9997,0,9999
2023-09-04T21:13:07,2,9997,0,9999
2023-09-04T21:26:08,2,9997,0,9999
2023-09-04T21:38:59,2,9997,0,9999
2023-09-04T21:51:49,2,9997,0,9999
2023-09-04T22:04:40,2,9997,0,9999
2023-09-04T22:17:30,2,9997,0,9999
2023-09-04T22:30:21,2,9997,0,9999
2023-09-04T22:43:11,2,9997,0,9999
2023-09-04T22:56:02,2,9997,0,9999
2023-09-04T23:08:56,2,9997,0,9999
2023-09-04T23:21:48,2,9997,0,9999
2023-09-04T23:34:50,2,9997,0,9999
2023-09-04T23:47:42,2,9997,0,9999
2023-09-05T00:00:34,2,9997,0,9999
2023-09-05T00:13:27,2,9997,0,9999
2023-09-05T00:26:24,2,9997,0,9999
2023-09-05T00:39:18,2,9997,0,9999
2023-09-05T00:52:13,2,9997,0,9999
2023-09-05T01:05:05,2,9997,0,9999
2023-09-05T01:17:59,2,9997,0,9999
2023-09-05T01:30:55,2,9997,0,9999
2023-09-05T01:43:50,2,9997,0,9999
2023-09-05T01:56:44,2,9997,0,9999
2023-09-05T02:09:40,2,9997,0,9999
2023-09-05T02:22:34,2,9997,0,9999
2023-09-05T02:35:30,2,9997,0,9999
2023-09-05T02:48:23,2,9997,0,9999
2023-09-05T03:01:27,2,9997,0,9999
2023-09-05T03:14:21,2,9997,0,9999
2023-09-05T03:27:15,2,9997,0,9999
2023-09-05T03:40:10,2,9997,0,9999
2023-09-05T03:53:03,2,9997,0,9999
2023-09-05T04:05:58,2,9997,0,9999
2023-09-05T04:20:12,2,9997,0,9999
2023-09-05T04:34:50,2,9997,0,9999
2023-09-05T04:47:47,2,9997,0,9999
2023-09-05T05:00:42,2,9997,0,9999
2023-09-05T05:13:40,2,9997,0,9999
2023-09-05T05:26:35,2,9997,0,9999
2023-09-05T05:39:30,2,9997,0,9999
2023-09-05T05:52:25,2,9997,0,9999
2023-09-05T06:05:20,2,9997,0,9999
2023-09-05T06:18:14,2,9997,0,9999
2023-09-05T06:31:08,2,9997,0,9999
2023-09-05T06:44:01,2,9997,0,9999
2023-09-05T06:56:52,2,9997,0,9999
2023-09-05T07:09:44,2,9997,0,9999
2023-09-05T07:22:35,2,9997,0,9999
2023-09-05T07:35:26,2,9997,0,9999
2023-09-05T07:48:18,2,9997,0,9999
2023-09-05T08:01:09,2,9997,0,9999
2023-09-05T08:14:01,2,9997,0,9999
2023-09-05T08:26:52,2,9997,0,9999
2023-09-05T08:39:44,2,9997,0,9999
2023-09-05T08:52:43,2,9997,0,9999
2023-09-05T09:05:35,2,9997,0,9999
2023-09-05T09:18:28,2,9997,0,9999
2023-09-05T09:31:21,2,9997,0,9999
2023-09-05T09:44:12,2,9997,0,9999
2023-09-05T09:57:05,2,9997,0,9999
2023-09-05T10:09:56,2,9997,0,9999
2023-09-05T10:22:47,2,9997,0,9999
2023-09-05T10:35:52,2,9997,0,9999
2023-09-05T10:48:44,2,9997,0,9999
2023-09-05T11:01:36,2,9997,0,9999
2023-09-05T11:14:28,2,9997,0,9999
2023-09-05T11:27:21,2,9997,0,9999
2023-09-05T11:40:13,2,9997,0,9999
2023-09-05T11:53:06,2,9997,0,9999
2023-09-05T12:06:08,2,9997,0,9999
2023-09-05T12:19:00,2,9997,0,9999
2023-09-05T12:31:53,2,9997,0,9999
2023-09-05T12:44:45,2,9997,0,9999
2023-09-05T12:57:36,2,9997,0,9999
2023-09-05T13:10:27,2,9997,0,9999
2023-09-05T13:23:19,2,9997,0,9999
2023-09-05T13:36:21,2,9997,0,9999
2023-09-05T13:49:13,2,9997,0,9999
2023-09-05T14:02:05,2,9997,0,9999
2023-09-05T14:14:58,2,9997,0,9999
2023-09-05T14:27:51,2,9997,0,9999
2023-09-05T14:40:44,2,9997,0,9999
2023-09-05T14:53:36,2,9997,0,9999
2023-09-05T15:06:38,2,9997,0,9999
2023-09-05T15:19:30,2,9997,0,9999
2023-09-05T15:32:23,2,9997,0,9999
2023-09-05T15:45:15,2,9997,0,9999
2023-09-05T15:58:11,2,9997,0,9999
2023-09-05T16:11:03,2,9997,0,9999
2023-09-05T16:23:54,2,9997,0,9999
2023-09-05T16:36:56,2,9997,0,9999
2023-09-05T16:49:50,2,9997,0,9999
2023-09-05T17:02:43,2,9997,0,9999
2023-09-05T17:15:38,2,9997,0,9999
2023-09-05T17:28:31,2,9997,0,9999
2023-09-05T17:41:34,2,9997,0,9999
2023-09-05T17:54:28,2,9997,0,9999
2023-09-05T18:07:21,2,9997,0,9999
2023-09-05T18:20:13,2,9997,0,9999
2023-09-05T18:33:06,2,9997,0,9999
2023-09-05T18:46:10,2,9997,0,9999
2023-09-05T18:59:02,2,9997,0,9999
2023-09-05T19:11:55,2,9997,0,9999
2023-09-05T19:24:47,2,9997,0,9999
2023-09-05T19:37:40,2,9997,0,9999
2023-09-05T19:50:43,2,9997,0,9999
2023-09-05T20:03:35,2,9997,0,9999
2023-09-05T20:16:28,2,9997,0,9999
2023-09-05T20:29:20,2,9997,0,9999
2023-09-05T20:42:22,2,9997,0,9999
2023-09-05T20:55:14,2,9997,0,9999
2023-09-05T21:08:07,2,9997,0,9999
2023-09-05T21:21:00,2,9997,0,9999
2023-09-05T21:34:01,2,9997,0,9999
2023-09-05T21:46:55,2,9997,0,9999
2023-09-05T21:59:48,2,9997,0,9999
2023-09-05T22:12:41,2,9997,0,9999
2023-09-05T22:25:33,2,9997,0,9999
2023-09-05T22:38:36,2,9997,0,9999
2023-09-05T22:51:30,2,9997,0,9999
2023-09-05T23:04:22,2,9997,0,9999
2023-09-05T23:17:17,2,9997,0,9999
2023-09-05T23:30:11,2,9997,0,9999
2023-09-05T23:43:06,2,9997,0,9999
2023-09-05T23:55:59,2,9997,0,9999
2023-09-06T00:08:56,2,9997,0,9999
2023-09-06T00:21:57,2,9997,0,9999
2023-09-06T00:35:05,2,9997,0,9999
2023-09-06T00:48:03,2,9997,0,9999
2023-09-06T01:01:02,2,9997,0,9999
2023-09-06T01:14:00,2,9997,0,9999
2023-09-06T01:26:57,2,9997,0,9999
2023-09-06T01:39:54,2,9997,0,9999
2023-09-06T01:52:57,2,9997,0,9999
2023-09-06T02:05:56,2,9997,0,9999
2023-09-06T02:18:51,2,9997,0,9999
2023-09-06T02:31:47,2,9997,0,9999
2023-09-06T02:44:42,2,9997,0,9999
2023-09-06T02:57:36,2,9997,0,9999
2023-09-06T03:12:06,2,9997,0,9999
2023-09-06T03:25:08,2,9997,0,9999
2023-09-06T03:38:05,2,9997,0,9999
2023-09-06T03:51:02,2,9997,0,9999
2023-09-06T04:03:59,2,9997,0,9999
2023-09-06T04:26:39,2,9997,0,9999
2023-09-06T04:40:02,2,9997,0,9999
2023-09-06T04:53:00,2,9997,0,9999
2023-09-06T05:05:57,2,9997,0,9999
2023-09-06T05:18:54,2,9997,0,9999
2023-09-06T05:31:51,2,9997,0,9999
2023-09-06T05:44:47,2,9997,0,9999
2023-09-06T05:57:43,2,9997,0,9999
2023-09-06T06:10:38,2,9997,0,9999
2023-09-06T06:23:35,2,9997,0,9999
2023-09-06T06:36:41,2,9997,0,9999
2023-09-06T06:49:40,2,9997,0,9999
2023-09-06T07:02:41,2,9997,0,9999
2023-09-06T07:15:48,2,9997,0,9999
2023-09-06T07:28:48,2,9997,0,9999
2023-09-06T07:41:45,2,9997,0,9999
2023-09-06T07:54:41,2,9997,0,9999
2023-09-06T08:07:37,2,9997,0,9999
2023-09-06T08:20:34,2,9997,0,9999
2023-09-06T08:33:30,2,9997,0,9999
2023-09-06T08:46:26,2,9997,0,9999
2023-09-06T08:59:21,2,9997,0,9999
2023-09-06T09:12:26,2,9997,0,9999
2023-09-06T09:25:22,2,9997,0,9999
2023-09-06T09:38:19,2,9997,0,9999
2023-09-06T09:51:16,2,9997,0,9999
2023-09-06T10:04:13,2,9997,0,9999
2023-09-06T10:17:21,2,9997,0,9999
2023-09-06T10:30:18,2,9997,0,9999
2023-09-06T10:43:13,2,9997,0,9999
2023-09-06T10:56:10,2,9997,0,9999
2023-09-06T11:09:16,2,9997,0,9999
2023-09-06T11:22:10,2,9997,0,9999
2023-09-06T11:35:04,2,9997,0,9999
2023-09-06T11:48:08,2,9997,0,9999
2023-09-06T12:01:03,2,9997,0,9999
2023-09-06T12:13:58,2,9997,0,9999
2023-09-06T12:26:53,2,9997,0,9999
2023-09-06T12:39:48,2,9997,0,9999
2023-09-06T12:52:53,2,9997,0,9999
2023-09-06T13:05:47,2,9997,0,9999
2023-09-06T13:18:42,2,9997,0,9999
2023-09-06T13:31:37,2,9997,0,9999
2023-09-06T13:44:31,2,9997,0,9999
2023-09-06T13:57:28,2,9997,0,9999
2023-09-06T14:10:33,2,9997,0,9999
2023-09-06T14:23:29,2,9997,0,9999
2023-09-06T14:36:24,2,9997,0,9999
2023-09-06T14:49:19,2,9997,0,9999
2023-09-06T15:02:14,2,9997,0,9999
2023-09-06T15:15:23,2,9997,0,9999
2023-09-06T15:28:17,2,9997,0,9999
2023-09-06T15:41:13,2,9997,0,9999
2023-09-06T15:54:06,2,9997,0,9999
2023-09-06T16:07:00,2,9997,0,9999
2023-09-06T16:19:54,2,9997,0,9999
2023-09-06T16:32:59,2,9997,0,9999
2023-09-06T16:45:52,2,9997,0,9999
2023-09-06T16:58:46,2,9997,0,9999
2023-09-06T17:11:42,2,9997,0,9999
2023-09-06T17:24:36,2,9997,0,9999
2023-09-06T17:37:29,2,9997,0,9999
2023-09-06T17:50:23,2,9997,0,9999
2023-09-06T18:03:27,2,9997,0,9999
2023-09-06T18:16:21,2,9997,0,9999
2023-09-06T18:29:14,2,9997,0,9999
2023-09-06T18:42:07,2,9997,0,9999
2023-09-06T18:55:00,2,9997,0,9999
2023-09-06T19:07:53,2,9997,0,9999
2023-09-06T19:20:46,2,9997,0,9999
2023-09-06T19:33:40,2,9997,0,9999
2023-09-06T19:46:44,2,9997,0,9999
2023-09-06T19:59:37,2,9997,0,9999
2023-09-06T20:12:30,2,9997,0,9999
2023-09-06T20:25:24,2,9997,0,9999
2023-09-06T20:38:18,2,9997,0,9999
2023-09-06T20:51:12,2,9997,0,9999
2023-09-06T21:04:05,2,9997,0,9999
2023-09-06T21:16:59,2,9997,0,9999
2023-09-06T21:30:04,2,9997,0,9999
2023-09-06T21:42:57,2,9997,0,9999
2023-09-06T21:55:51,2,9997,0,9999
2023-09-06T22:08:44,2,9997,0,9999
2023-09-06T22:21:37,2,9997,0,9999
2023-09-06T22:34:33,2,9997,0,9999
2023-09-06T22:47:28,2,9997,0,9999
2023-09-06T23:00:32,2,9997,0,9999
2023-09-06T23:13:28,2,9997,0,9999
2023-09-06T23:26:22,2,9997,0,9999
2023-09-06T23:39:16,2,9997,0,9999
2023-09-06T23:52:09,2,9997,0,9999
2023-09-07T00:05:05,2,9997,0,9999
2023-09-07T00:18:08,2,9997,0,9999
2023-09-07T00:31:16,2,9997,0,9999
2023-09-07T00:44:13,2,9997,0,9999
2023-09-07T00:57:10,2,9997,0,9999
2023-09-07T01:10:07,2,9997,0,9999
2023-09-07T01:23:03,2,9997,0,9999
2023-09-07T01:36:00,2,9997,0,9999
2023-09-07T01:48:57,2,9997,0,9999
2023-09-07T02:01:54,2,9997,0,9999
2023-09-07T02:14:49,2,9997,0,9999
2023-09-07T02:27:44,2,9997,0,9999
2023-09-07T02:40:51,2,9997,0,9999
2023-09-07T02:53:47,2,9997,0,9999
2023-09-07T03:06:46,2,9997,0,9999
2023-09-07T03:19:44,2,9997,0,9999
2023-09-07T03:32:39,2,9997,0,9999
2023-09-07T03:45:35,2,9997,0,9999
2023-09-07T03:58:31,2,9997,0,9999
2023-09-07T04:11:27,2,9997,0,9999
2023-09-07T04:22:42,2,9997,0,9999
2023-09-07T04:36:53,2,9997,0,9999
2023-09-07T04:50:14,2,9997,0,9999
2023-09-07T05:03:14,2,9997,0,9999
2023-09-07T05:16:14,2,9997,0,9999
2023-09-07T05:29:12,2,9997,0,9999
2023-09-07T05:42:09,2,9997,0,9999
2023-09-07T05:55:08,2,9997,0,9999
2023-09-07T06:08:06,2,9997,0,9999
2023-09-07T06:21:03,2,9997,0,9999
2023-09-07T06:34:00,2,9997,0,9999
2023-09-07T06:46:56,2,9997,0,9999
2023-09-07T06:59:54,2,9997,0,9999
2023-09-07T07:12:52,2,9997,0,9999
2023-09-07T07:25:48,2,9997,0,9999
2023-09-07T07:38:44,2,9997,0,9999
2023-09-07T07:51:40,2,9997,0,9999
2023-09-07T08:04:45,2,9997,0,9999
2023-09-07T08:17:40,2,9997,0,9999
2023-09-07T08:30:37,2,9997,0,9999
2023-09-07T08:43:33,2,9997,0,9999
2023-09-07T08:56:29,2,9997,0,9999
2023-09-07T09:09:26,2,9997,0,9999
2023-09-07T09:22:22,2,9997,0,9999
2023-09-07T09:35:18,2,9997,0,9999
2023-09-07T09:48:26,2,9997,0,9999
2023-09-07T10:01:19,2,9997,0,9999
2023-09-07T10:14:14,2,9997,0,9999
2023-09-07T10:27:09,2,9997,0,9999
2023-09-07T10:40:04,2,9997,0,9999
2023-09-07T10:52:59,2,9997,0,9999
2023-09-07T11:06:06,2,9997,0,9999
2023-09-07T11:19:00,2,9997,0,9999
2023-09-07T11:31:56,2,9997,0,9999
2023-09-07T11:44:50,2,9997,0,9999
2023-09-07T11:57:44,2,9997,0,9999
2023-09-07T12:10:49,2,9997,0,9999
2023-09-07T12:23:44,2,9997,0,9999
2023-09-07T12:36:38,2,9997,0,9999
2023-09-07T12:49:33,2,9997,0,9999
2023-09-07T13:02:29,2,9997,0,9999
2023-09-07T13:15:23,2,9997,0,9999
2023-09-07T13:28:27,2,9997,0,9999
2023-09-07T13:41:21,2,9997,0,9999
2023-09-07T13:54:16,2,9997,0,9999
2023-09-07T14:07:11,2,9997,0,9999
2023-09-07T14:20:05,2,9997,0,9999
2023-09-07T14:32:58,2,9997,0,9999
2023-09-07T14:46:03,2,9997,0,9999
2023-09-07T14:58:56,2,9997,0,9999
2023-09-07T15:11:50,2,9997,0,9999
2023-09-07T15:24:44,2,9997,0,9999
2023-09-07T15:37:39,2,9997,0,9999
2023-09-07T15:50:33,2,9997,0,9999
2023-09-07T16:03:37,2,9997,0,9999
2023-09-07T16:16:30,2,9997,0,9999
2023-09-07T16:29:23,2,9997,0,9999
2023-09-07T16:42:17,2,9997,0,9999
2023-09-07T16:55:10,2,9997,0,9999
2023-09-07T17:08:04,2,9997,0,9999
2023-09-07T17:20:58,2,9997,0,9999
2023-09-07T17:34:01,2,9997,0,9999
2023-09-07T17:46:55,2,9997,0,9999
2023-09-07T17:59:49,2,9997,0,9999
2023-09-07T18:12:42,2,9997,0,9999
2023-09-07T18:25:35,2,9997,0,9999
2023-09-07T18:38:30,2,9997,0,9999
2023-09-07T18:51:22,2,9997,0,9999
2023-09-07T19:04:27,2,9997,0,9999
2023-09-07T19:17:21,2,9997,0,9999
2023-09-07T19:30:14,2,9997,0,9999
2023-09-07T19:43:07,2,9997,0,9999
2023-09-07T19:56:01,2,9997,0,9999
2023-09-07T20:08:55,2,9997,0,9999
2023-09-07T20:21:48,2,9997,0,9999
2023-09-07T20:34:51,2,9997,0,9999
2023-09-07T20:47:43,2,9997,0,9999
2023-09-07T21:00:36,2,9997,0,9999
2023-09-07T21:13:29,2,9997,0,9999
2023-09-07T21:26:22,2,9997,0,9999
2023-09-07T21:39:16,2,9997,0,9999
2023-09-07T21:52:10,2,9997,0,9999
2023-09-07T22:05:03,2,9997,0,9999
2023-09-07T22:17:58,2,9997,0,9999
2023-09-07T22:31:03,2,9997,0,9999
2023-09-07T22:43:58,2,9997,0,9999
2023-09-07T22:56:51,2,9997,0,9999
2023-09-07T23:09:46,2,9997,0,9999
2023-09-07T23:22:40,2,9997,0,9999
2023-09-07T23:35:35,2,9997,0,9999
2023-09-07T23:48:30,2,9997,0,9999
2023-09-08T00:01:24,2,9997,0,9999
2023-09-08T00:14:44,2,9997,0,9999
2023-09-08T00:27:43,2,9997,0,9999
2023-09-08T00:40:41,2,9997,0,9999
2023-09-08T00:53:39,2,9997,0,9999
2023-09-08T01:06:37,2,9997,0,9999
2023-09-08T01:19:35,2,9997,0,9999
2023-09-08T01:32:34,2,9997,0,9999
2023-09-08T01:45:31,2,9997,0,9999
2023-09-08T01:58:29,2,9997,0,9999
2023-09-08T02:11:26,2,9997,0,9999
2023-09-08T02:24:22,2,9997,0,9999
2023-09-08T02:37:20,2,9997,0,9999
2023-09-08T02:50:15,2,9997,0,9999
2023-09-08T03:03:11,2,9997,0,9999
2023-09-08T03:16:08,2,9997,0,9999
2023-09-08T03:29:04,2,9997,0,9999
2023-09-08T03:42:11,2,9997,0,9999
2023-09-08T03:55:07,2,9997,0,9999
2023-09-08T04:08:03,2,9997,0,9999
2023-09-08T04:18:45,2,9997,0,9999
2023-09-08T04:32:09,2,9997,0,9999
2023-09-08T04:45:10,2,9997,0,9999
2023-09-08T04:58:07,2,9997,0,9999
2023-09-08T05:11:02,2,9997,0,9999
2023-09-08T05:24:00,2,9997,0,9999
2023-09-08T05:37:00,2,9997,0,9999
2023-09-08T05:49:59,2,9997,0,9999
2023-09-08T06:03:00,2,9997,0,9999
2023-09-08T06:15:57,2,9997,0,9999
2023-09-08T06:28:53,2,9997,0,9999
2023-09-08T06:41:50,2,9997,0,9999
2023-09-08T06:54:47,2,9997,0,9999
2023-09-08T07:07:47,2,9997,0,9999
2023-09-08T07:20:44,2,9997,0,9999
2023-09-08T07:33:43,2,9997,0,9999
2023-09-08T07:46:46,2,9997,0,9999
2023-09-08T07:59:42,2,9997,0,9999
2023-09-08T08:12:37,2,9997,0,9999
2023-09-08T08:25:33,2,9997,0,9999
2023-09-08T08:38:29,2,9997,0,9999
2023-09-08T08:51:26,2,9997,0,9999
2023-09-08T09:04:22,2,9997,0,9999
2023-09-08T09:17:19,2,9997,0,9999
2023-09-08T09:30:15,2,9997,0,9999
2023-09-08T09:43:12,2,9997,0,9999
2023-09-08T09:56:08,2,9997,0,9999
2023-09-08T10:09:04,2,9997,0,9999
2023-09-08T10:22:00,2,9997,0,9999
2023-09-08T10:35:07,2,9997,0,9999
2023-09-08T10:48:02,2,9997,0,9999
2023-09-08T11:00:57,2,9997,0,9999
2023-09-08T11:13:52,2,9997,0,9999
2023-09-08T11:26:47,2,9997,0,9999
2023-09-08T11:39:43,2,9997,0,9999
2023-09-08T11:52:38,2,9997,0,9999
2023-09-08T12:05:32,2,9997,0,9999
2023-09-08T12:18:38,2,9997,0,9999
2023-09-08T12:31:33,2,9997,0,9999
2023-09-08T12:44:28,2,9997,0,9999
2023-09-08T12:57:22,2,9997,0,9999
2023-09-08T13:10:17,2,9997,0,9999
2023-09-08T13:23:13,2,9997,0,9999
2023-09-08T13:36:08,2,9997,0,9999
2023-09-08T13:49:13,2,9997,0,9999
2023-09-08T14:02:08,2,9997,0,9999
2023-09-08T14:15:04,2,9997,0,9999
2023-09-08T14:27:59,2,9997,0,9999
2023-09-08T14:40:54,2,9997,0,9999
2023-09-08T14:53:49,2,9997,0,9999
2023-09-08T15:06:55,2,9997,0,9999
2023-09-08T15:19:50,2,9997,0,9999
2023-09-08T15:32:46,2,9997,0,9999
2023-09-08T15:45:41,2,9997,0,9999
2023-09-08T15:58:36,2,9997,0,9999
2023-09-08T16:11:30,2,9997,0,9999
2023-09-08T16:24:25,2,9997,0,9999
2023-09-08T16:37:31,2,9997,0,9999
2023-09-08T16:50:25,2,9997,0,9999
2023-09-08T17:03:21,2,9997,0,9999
2023-09-08T17:16:17,2,9997,0,9999
2023-09-08T17:29:12,2,9997,0,9999
2023-09-08T17:42:06,2,9997,0,9999
2023-09-08T17:55:03,2,9997,0,9999
2023-09-08T18:07:59,2,9997,0,9999
2023-09-08T18:20:56,2,9997,0,9999
2023-09-08T18:34:02,2,9997,0,9999
2023-09-08T18:46:58,2,9997,0,9999
2023-09-08T18:59:53,2,9997,0,9999
2023-09-08T19:12:50,2,9997,0,9999
2023-09-08T19:25:45,2,9997,0,9999
2023-09-08T19:38:40,2,9997,0,9999
2023-09-08T19:51:35,2,9997,0,9999
2023-09-08T20:04:30,2,9997,0,9999
2023-09-08T20:17:26,2,9997,0,9999
2023-09-08T20:30:21,2,9997,0,9999
2023-09-08T20:43:16,2,9997,0,9999
2023-09-08T20:56:23,2,9997,0,9999
2023-09-08T21:09:18,2,9997,0,9999
2023-09-08T21:22:13,2,9997,0,9999
2023-09-08T21:35:07,2,9997,0,9999
2023-09-08T21:48:02,2,9997,0,9999
2023-09-08T22:00:58,2,9997,0,9999
2023-09-08T22:13:52,2,9997,0,9999
2023-09-08T22:26:46,2,9997,0,9999
2023-09-08T22:39:52,2,9997,0,9999
2023-09-08T22:52:47,2,9997,0,9999
2023-09-08T23:05:42,2,9997,0,9999
2023-09-08T23:18:38,2,9997,0,9999
2023-09-08T23:31:33,2,9997,0,9999
2023-09-08T23:44:29,2,9997,0,9999
2023-09-08T23:57:25,2,9997,0,9999
2023-09-09T00:10:24,2,9997,0,9999
2023-09-09T00:23:26,2,9997,0,9999
2023-09-09T00:36:24,2,9997,0,9999
2023-09-09T00:49:23,2,9997,0,9999
2023-09-09T01:02:24,2,9997,0,9999
2023-09-09T01:15:22,2,9997,0,9999
2023-09-09T01:28:34,2,9997,0,9999
2023-09-09T01:41:34,2,9997,0,9999
2023-09-09T01:54:34,2,9997,0,9999
2023-09-09T02:07:33,2,9997,0,9999
2023-09-09T02:20:30,2,9997,0,9999
2023-09-09T02:33:28,2,9997,0,9999
2023-09-09T02:46:25,2,9997,0,9999
2023-09-09T02:59:19,2,9997,0,9999
2023-09-09T03:12:16,2,9997,0,9999
2023-09-09T03:25:13,2,9997,0,9999
2023-09-09T03:38:10,2,9997,0,9999
2023-09-09T03:51:07,2,9997,0,9999
2023-09-09T04:05:02,2,9997,0,9999
2023-09-09T04:21:26,2,9997,0,9999
2023-09-09T04:34:29,2,9997,0,9999
2023-09-09T04:47:31,2,9997,0,9999
2023-09-09T05:00:30,2,9997,0,9999
2023-09-09T05:13:36,2,9997,0,9999
2023-09-09T05:26:36,2,9997,0,9999
2023-09-09T05:39:35,2,9997,0,9999
2023-09-09T05:52:34,2,9997,0,9999
2023-09-09T06:05:32,2,9997,0,9999
2023-09-09T06:18:31,2,9997,0,9999
2023-09-09T06:31:31,2,9997,0,9999
2023-09-09T06:44:29,2,9997,0,9999
2023-09-09T06:57:28,2,9997,0,9999
2023-09-09T07:10:27,2,9997,0,9999
2023-09-09T07:23:26,2,9997,0,9999
2023-09-09T07:36:24,2,9997,0,9999
2023-09-09T07:49:20,2,9997,0,9999
2023-09-09T08:02:27,2,9997,0,9999
2023-09-09T08:15:26,2,9997,0,9999
2023-09-09T08:28:24,2,9997,0,9999
2023-09-09T08:41:22,2,9997,0,9999
2023-09-09T08:54:20,2,9997,0,9999
2023-09-09T09:07:20,2,9997,0,9999
2023-09-09T09:20:18,2,9997,0,9999
2023-09-09T09:33:16,2,9997,0,9999
2023-09-09T09:46:13,2,9997,0,9999
2023-09-09T09:59:12,2,9997,0,9999
2023-09-09T10:12:09,2,9997,0,9999
2023-09-09T10:25:06,2,9997,0,9999
2023-09-09T10:38:03,2,9997,0,9999
2023-09-09T10:51:12,2,9997,0,9999
2023-09-09T11:04:09,2,9997,0,9999
2023-09-09T11:17:06,2,9997,0,9999
2023-09-09T11:30:01,2,9997,0,9999
2023-09-09T11:42:56,2,9997,0,9999
2023-09-09T11:55:52,2,9997,0,9999
2023-09-09T12:08:48,2,9997,0,9999
2023-09-09T12:21:43,2,9997,0,9999
2023-09-09T12:34:38,2,9997,0,9999
2023-09-09T12:47:33,2,9997,0,9999
2023-09-09T13:00:29,2,9997,0,9999
2023-09-09T13:13:24,2,9997,0,9999
2023-09-09T13:26:19,2,9997,0,9999
2023-09-09T13:39:24,2,9997,0,9999
2023-09-09T13:52:20,2,9997,0,9999
2023-09-09T14:05:15,2,9997,0,9999
2023-09-09T14:18:11,2,9997,0,9999
2023-09-09T14:31:06,2,9997,0,9999
2023-09-09T14:44:01,2,9997,0,9999
2023-09-09T14:56:57,2,9997,0,9999
2023-09-09T15:09:52,2,9997,0,9999
2023-09-09T15:22:46,2,9997,0,9999
2023-09-09T15:35:41,2,9997,0,9999
2023-09-09T15:48:36,2,9997,0,9999
2023-09-09T16:01:31,2,9997,0,9999
2023-09-09T16:14:26,2,9997,0,9999
2023-09-09T16:27:31,2,9997,0,9999
2023-09-09T16:40:26,2,9997,0,9999
2023-09-09T16:53:22,2,9997,0,9999
2023-09-09T17:06:17,2,9997,0,9999
2023-09-09T17:19:12,2,9997,0,9999
2023-09-09T17:32:07,2,9997,0,9999
2023-09-09T17:45:02,2,9997,0,9999
2023-09-09T17:57:58,2,9997,0,9999
2023-09-09T18:10:53,2,9997,0,9999
2023-09-09T18:23:48,2,9997,0,9999
2023-09-09T18:36:44,2,9997,0,9999
2023-09-09T18:49:38,2,9997,0,9999
2023-09-09T19:02:33,2,9997,0,9999
2023-09-09T19:15:38,2,9997,0,9999
2023-09-09T19:28:33,2,9997,0,9999
2023-09-09T19:41:29,2,9997,0,9999
2023-09-09T19:54:24,2,9997,0,9999
2023-09-09T20:07:19,2,9997,0,9999
2023-09-09T20:20:15,2,9997,0,9999
2023-09-09T20:33:10,2,9997,0,9999
2023-09-09T20:46:05,2,9997,0,9999
2023-09-09T20:59:01,2,9997,0,9999
2023-09-09T21:11:56,2,9997,0,9999
2023-09-09T21:24:50,2,9997,0,9999
2023-09-09T21:37:45,2,9997,0,9999
2023-09-09T21:50:41,2,9997,0,9999
2023-09-09T22:03:46,2,9997,0,9999
2023-09-09T22:16:41,2,9997,0,9999
2023-09-09T22:29:37,2,9997,0,9999
2023-09-09T22:42:31,2,9997,0,9999
2023-09-09T22:55:27,2,9997,0,9999
2023-09-09T23:08:24,2,9997,0,9999
2023-09-09T23:21:20,2,9997,0,9999
2023-09-09T23:34:16,2,9997,0,9999
2023-09-09T23:47:11,2,9997,0,9999
2023-09-10T00:00:06,2,9997,0,9999
2023-09-10T00:13:03,2,9997,0,9999
2023-09-10T00:26:15,2,9997,0,9999
2023-09-10T00:39:12,2,9997,0,9999
2023-09-10T00:52:08,2,9997,0,9999
2023-09-10T01:05:02,2,9997,0,9999
2023-09-10T01:17:57,2,9997,0,9999
2023-09-10T01:31:02,2,9997,0,9999
2023-09-10T01:43:58,2,9997,0,9999
2023-09-10T01:56:54,2,9997,0,9999
2023-09-10T02:09:50,2,9997,0,9999
2023-09-10T02:22:47,2,9997,0,9999
2023-09-10T02:35:51,2,9997,0,9999
2023-09-10T02:48:52,2,9997,0,9999
2023-09-10T03:01:53,2,9997,0,9999
2023-09-10T03:15:17,2,9997,0,9999
2023-09-10T03:28:18,2,9997,0,9999
2023-09-10T03:41:27,2,9997,0,9999
2023-09-10T03:54:27,2,9997,0,9999
2023-09-10T04:07:27,2,9997,0,9999
2023-09-10T04:22:40,2,9997,0,9999
2023-09-10T04:36:04,2,9997,0,9999
2023-09-10T04:49:12,2,9997,0,9999
2023-09-10T05:02:16,2,9997,0,9999
2023-09-10T05:15:16,2,9997,0,9999
2023-09-10T05:28:14,2,9997,0,9999
2023-09-10T05:41:14,2,9997,0,9999
2023-09-10T05:54:14,2,9997,0,9999
2023-09-10T06:07:13,2,9997,0,9999
2023-09-10T06:20:21,2,9997,0,9999
2023-09-10T06:33:20,2,9997,0,9999
2023-09-10T06:46:21,2,9997,0,9999
2023-09-10T06:59:19,2,9997,0,9999
2023-09-10T07:12:17,2,9997,0,9999
2023-09-10T07:25:18,2,9997,0,9999
2023-09-10T07:38:16,2,9997,0,9999
2023-09-10T07:51:14,2,9997,0,9999
2023-09-10T08:04:13,2,9997,0,9999
2023-09-10T08:17:11,2,9997,0,9999
2023-09-10T08:30:14,2,9997,0,9999
2023-09-10T08:43:12,2,9997,0,9999
2023-09-10T08:56:10,2,9997,0,9999
2023-09-10T09:09:07,2,9997,0,9999
2023-09-10T09:22:08,2,9997,0,9999
2023-09-10T09:35:07,2,9997,0,9999
2023-09-10T09:48:04,2,9997,0,9999
2023-09-10T10:01:03,2,9997,0,9999
2023-09-10T10:14:00,2,9997,0,9999
2023-09-10T10:27:08,2,9997,0,9999
2023-09-10T10:40:04,2,9997,0,9999
2023-09-10T10:53:00,2,9997,0,9999
2023-09-10T11:05:55,2,9997,0,9999
2023-09-10T11:18:50,2,9997,0,9999
2023-09-10T11:31:45,2,9997,0,9999
2023-09-10T11:44:39,2,9997,0,9999
2023-09-10T11:57:35,2,9997,0,9999
2023-09-10T12:10:30,2,9997,0,9999
2023-09-10T12:23:25,2,9997,0,9999
2023-09-10T12:36:20,2,9997,0,9999
2023-09-10T12:49:15,2,9997,0,9999
2023-09-10T13:02:20,2,9997,0,9999
2023-09-10T13:15:16,2,9997,0,9999
2023-09-10T13:28:11,2,9997,0,9999
2023-09-10T13:41:07,2,9997,0,9999
2023-09-10T13:54:02,2,9997,0,9999
2023-09-10T14:06:57,2,9997,0,9999
2023-09-10T14:19:52,2,9997,0,9999
2023-09-10T14:32:46,2,9997,0,9999
2023-09-10T14:45:41,2,9997,0,9999
2023-09-10T14:58:38,2,9997,0,9999
2023-09-10T15:11:33,2,9997,0,9999
2023-09-10T15:24:27,2,9997,0,9999
2023-09-10T15:37:31,2,9997,0,9999
2023-09-10T15:50:27,2,9997,0,9999
2023-09-10T16:03:22,2,9997,0,9999
2023-09-10T16:16:18,2,9997,0,9999
2023-09-10T16:29:13,2,9997,0,9999
2023-09-10T16:42:09,2,9997,0,9999
2023-09-10T16:55:04,2,9997,0,9999
2023-09-10T17:08:00,2,9997,0,9999
2023-09-10T17:20:55,2,9997,0,9999
2023-09-10T17:33:50,2,9997,0,9999
2023-09-10T17:46:45,2,9997,0,9999
2023-09-10T17:59:41,2,9997,0,9999
2023-09-10T18:12:47,2,9997,0,9999
2023-09-10T18:25:43,2,9997,0,9999
2023-09-10T18:38:40,2,9997,0,9999
2023-09-10T18:51:36,2,9997,0,9999
2023-09-10T19:04:34,2,9997,0,9999
2023-09-10T19:17:31,2,9997,0,9999
2023-09-10T19:30:27,2,9997,0,9999
2023-09-10T19:43:23,2,9997,0,9999
2023-09-10T19:56:19,2,9997,0,9999
2023-09-10T20:09:14,2,9997,0,9999
2023-09-10T20:22:09,2,9997,0,9999
2023-09-10T20:35:05,2,9997,0,9999
2023-09-10T20:48:11,2,9997,0,9999
2023-09-10T21:01:06,2,9997,0,9999
2023-09-10T21:14:02,2,9997,0,9999
2023-09-10T21:26:58,2,9997,0,9999
2023-09-10T21:39:55,2,9997,0,9999
2023-09-10T21:52:52,2,9997,0,9999
2023-09-10T22:05:48,2,9997,0,9999
2023-09-10T22:18:44,2,9997,0,9999
2023-09-10T22:31:41,2,9997,0,9999
2023-09-10T22:44:36,2,9997,0,9999
2023-09-10T22:57:31,2,9997,0,9999
2023-09-10T23:10:29,2,9997,0,9999
2023-09-10T23:23:38,2,9997,0,9999
2023-09-10T23:36:34,2,9997,0,9999
2023-09-10T23:49:30,2,9997,0,9999
2023-09-11T00:02:26,2,9997,0,9999
2023-09-11T00:15:24,2,9997,0,9999
2023-09-11T00:28:29,2,9997,0,9999
2023-09-11T00:41:33,2,9997,0,9999
2023-09-11T00:54:37,2,9997,0,9999
2023-09-11T01:07:35,2,9997,0,9999
2023-09-11T01:20:32,2,9997,0,9999
2023-09-11T01:33:37,2,9997,0,9999
2023-09-11T01:46:37,2,9997,0,9999
2023-09-11T01:59:38,2,9997,0,9999
2023-09-11T02:12:42,2,9997,0,9999
2023-09-11T02:25:41,2,9997,0,9999
2023-09-11T02:38:40,2,9997,0,9999
2023-09-11T02:51:40,2,9997,0,9999
2023-09-11T03:04:39,2,9997,0,9999
2023-09-11T03:17:49,2,9997,0,9999
2023-09-11T03:30:49,2,9997,0,9999
2023-09-11T03:43:50,2,9997,0,9999
2023-09-11T03:56:49,2,9997,0,9999
2023-09-11T04:09:49,2,9997,0,9999
2023-09-11T04:27:43,2,9997,0,9999
2023-09-11T04:41:09,2,9997,0,9999
2023-09-11T04:54:11,2,9997,0,9999
2023-09-11T05:07:22,2,9997,0,9999
2023-09-11T05:20:22,2,9997,0,9999
2023-09-11T05:33:22,2,9997,0,9999
2023-09-11T05:46:23,2,9997,0,9999
2023-09-11T05:59:22,2,9997,0,9999
2023-09-11T06:12:23,2,9997,0,9999
2023-09-11T06:25:23,2,9997,0,9999
2023-09-11T06:38:24,2,9997,0,9999
2023-09-11T06:51:23,2,9997,0,9999
2023-09-11T07:04:22,2,9997,0,9999
2023-09-11T07:17:19,2,9997,0,9999
2023-09-11T07:30:14,2,9997,0,9999
2023-09-11T07:43:09,2,9997,0,9999
2023-09-11T07:56:05,2,9997,0,9999
2023-09-11T08:09:03,2,9997,0,9999
2023-09-11T08:21:59,2,9997,0,9999
2023-09-11T08:35:04,2,9997,0,9999
2023-09-11T08:48:01,2,9997,0,9999
2023-09-11T09:00:57,2,9997,0,9999
2023-09-11T09:13:55,2,9997,0,9999
2023-09-11T09:26:51,2,9997,0,9999
2023-09-11T09:39:47,2,9997,0,9999
2023-09-11T09:52:46,2,9997,0,9999
2023-09-11T10:05:42,2,9997,0,9999
2023-09-11T10:18:51,2,9997,0,9999
2023-09-11T10:31:47,2,9997,0,9999
2023-09-11T10:44:47,2,9997,0,9999
2023-09-11T10:57:43,2,9997,0,9999
2023-09-11T11:10:39,2,9997,0,9999
2023-09-11T11:23:46,2,9997,0,9999
2023-09-11T11:36:42,2,9997,0,9999
2023-09-11T11:49:38,2,9997,0,9999
2023-09-11T12:02:34,2,9997,0,9999
2023-09-11T12:15:30,2,9997,0,9999
2023-09-11T12:28:26,2,9997,0,9999
2023-09-11T12:41:33,2,9997,0,9999
2023-09-11T12:54:29,2,9997,0,9999
2023-09-11T13:07:25,2,9997,0,9999
2023-09-11T13:20:24,2,9997,0,9999
2023-09-11T13:33:20,2,9997,0,9999
2023-09-11T13:46:27,2,9997,0,9999
2023-09-11T13:59:23,2,9997,0,9999
2023-09-11T14:12:20,2,9997,0,9999
2023-09-11T14:25:18,2,9997,0,9999
2023-09-11T14:38:14,2,9997,0,9999
2023-09-11T14:51:12,2,9997,0,9999
2023-09-11T15:04:19,2,9997,0,9999
2023-09-11T15:17:16,2,9997,0,9999
2023-09-11T15:30:13,2,9997,0,9999
2023-09-11T15:43:10,2,9997,0,9999
2023-09-11T15:56:07,2,9997,0,9999
2023-09-11T16:09:04,2,9997,0,9999
2023-09-11T16:22:01,2,9997,0,9999
2023-09-11T16:35:09,2,9997,0,9999
2023-09-11T16:48:07,2,9997,0,9999
2023-09-11T17:01:04,2,9997,0,9999
2023-09-11T17:14:02,2,9997,0,9999
2023-09-11T17:27:12,2,9997,0,9999
2023-09-11T17:40:09,2,9997,0,9999
2023-09-11T17:53:06,2,9997,0,9999
2023-09-11T18:06:05,2,9997,0,9999
2023-09-11T18:19:02,2,9997,0,9999
2023-09-11T18:32:09,2,9997,0,9999
2023-09-11T18:45:05,2,9997,0,9999
2023-09-11T18:58:01,2,9997,0,9999
2023-09-11T19:10:59,2,9997,0,9999
2023-09-11T19:23:55,2,9997,0,9999
2023-09-11T19:36:52,2,9997,0,9999
2023-09-11T19:49:48,2,9997,0,9999
2023-09-11T20:03:02,2,9997,0,9999
2023-09-11T20:15:59,2,9997,0,9999
2023-09-11T20:28:54,2,9997,0,9999
2023-09-11T20:41:51,2,9997,0,9999
2023-09-11T20:54:47,2,9997,0,9999
2023-09-11T21:07:44,2,9997,0,9999
2023-09-11T21:20:51,2,9997,0,9999
2023-09-11T21:33:48,2,9997,0,9999
2023-09-11T21:46:44,2,9997,0,9999
2023-09-11T21:59:42,2,9997,0,9999
2023-09-11T22:12:38,2,9997,0,9999
2023-09-11T22:25:34,2,9997,0,9999
2023-09-11T22:38:31,2,9997,0,9999
2023-09-11T22:51:27,2,9997,0,9999
2023-09-11T23:04:36,2,9997,0,9999
2023-09-11T23:17:34,2,9997,0,9999
2023-09-11T23:30:30,2,9997,0,9999
2023-09-11T23:43:27,2,9997,0,9999
2023-09-11T23:56:23,2,9997,0,9999
2023-09-12T00:09:23,2,9997,0,9999
2023-09-12T00:22:28,2,9997,0,9999
2023-09-12T00:35:29,2,9997,0,9999
2023-09-12T00:48:31,2,9997,0,9999
2023-09-12T01:01:43,2,9997,0,9999
2023-09-12T01:14:44,2,9997,0,9999
2023-09-12T01:27:43,2,9997,0,9999
2023-09-12T01:40:45,2,9997,0,9999
2023-09-12T01:53:47,2,9997,0,9999
2023-09-12T02:06:48,2,9997,0,9999
2023-09-12T02:19:46,2,9997,0,9999
2023-09-12T02:32:45,2,9997,0,9999
2023-09-12T02:45:44,2,9997,0,9999
2023-09-12T02:58:40,2,9997,0,9999
2023-09-12T03:11:39,2,9997,0,9999
2023-09-12T03:24:38,2,9997,0,9999
2023-09-12T03:37:37,2,9997,0,9999
2023-09-12T03:50:37,2,9997,0,9999
2023-09-12T04:03:36,2,9997,0,9999
2023-09-12T04:16:48,2,9997,0,9999
2023-09-12T04:29:08,2,9997,0,9999
2023-09-12T04:43:33,2,9997,0,9999
2023-09-12T04:56:55,2,9997,0,9999
2023-09-12T05:09:57,2,9997,0,9999
2023-09-12T05:23:00,2,9997,0,9999
2023-09-12T05:36:01,2,9997,0,9999
2023-09-12T05:49:02,2,9997,0,9999
2023-09-12T06:02:03,2,9997,0,9999
2023-09-12T06:15:02,2,9997,0,9999
2023-09-12T06:28:02,2,9997,0,9999
2023-09-12T06:41:04,2,9997,0,9999
2023-09-12T06:54:04,2,9997,0,9999
2023-09-12T07:07:05,2,9997,0,9999
2023-09-12T07:20:06,2,9997,0,9999
2023-09-12T07:33:05,2,9997,0,9999
2023-09-12T07:46:03,2,9997,0,9999
2023-09-12T07:59:02,2,9997,0,9999
2023-09-12T08:12:02,2,9997,0,9999
2023-09-12T08:25:13,2,9997,0,9999
2023-09-12T08:38:13,2,9997,0,9999
2023-09-12T08:51:12,2,9997,0,9999
2023-09-12T09:04:11,2,9997,0,9999
2023-09-12T09:17:12,2,9997,0,9999
2023-09-12T09:30:10,2,9997,0,9999
2023-09-12T09:43:06,2,9997,0,9999
2023-09-12T09:56:03,2,9997,0,9999
2023-09-12T10:09:13,2,9997,0,9999
2023-09-12T10:22:09,2,9997,0,9999
2023-09-12T10:35:07,2,9997,0,9999
2023-09-12T10:48:05,2,9997,0,9999
2023-09-12T11:01:03,2,9997,0,9999
2023-09-12T11:14:00,2,9997,0,9999
2023-09-12T11:26:57,2,9997,0,9999
2023-09-12T11:40:05,2,9997,0,9999
2023-09-12T11:53:02,2,9997,0,9999
2023-09-12T12:06:00,2,9997,0,9999
2023-09-12T12:18:57,2,9997,0,9999
2023-09-12T12:31:55,2,9997,0,9999
2023-09-12T12:45:02,2,9997,0,9999
2023-09-12T12:57:59,2,9997,0,9999
2023-09-12T13:10:57,2,9997,0,9999
2023-09-12T13:23:53,2,9997,0,9999
2023-09-12T13:36:51,2,9997,0,9999
2023-09-12T13:49:48,2,9997,0,9999
2023-09-12T14:02:47,2,9997,0,9999
2023-09-12T14:15:56,2,9997,0,9999
2023-09-12T14:28:54,2,9997,0,9999
2023-09-12T14:41:51,2,9997,0,9999
2023-09-12T14:54:48,2,9997,0,9999
2023-09-12T15:07:47,2,9997,0,9999
2023-09-12T15:20:46,2,9997,0,9999
2023-09-12T15:33:54,2,9997,0,9999
2023-09-12T15:46:52,2,9997,0,9999
2023-09-12T15:59:49,2,9997,0,9999
2023-09-12T16:12:46,2,9997,0,9999
2023-09-12T16:25:44,2,9997,0,9999
2023-09-12T16:38:41,2,9997,0,9999
2023-09-12T16:51:49,2,9997,0,9999
2023-09-12T17:04:46,2,9997,0,9999
2023-09-12T17:17:44,2,9997,0,9999
2023-09-12T17:30:41,2,9997,0,9999
2023-09-12T17:43:39,2,9997,0,9999
2023-09-12T17:56:36,2,9997,0,9999
2023-09-12T18:09:44,2,9997,0,9999
2023-09-12T18:22:41,2,9997,0,9999
2023-09-12T18:35:38,2,9997,0,9999
2023-09-12T18:48:35,2,9997,0,9999
2023-09-12T19:01:33,2,9997,0,9999
2023-09-12T19:14:33,2,9997,0,9999
2023-09-12T19:27:41,2,9997,0,9999
2023-09-12T19:40:38,2,9997,0,9999
2023-09-12T19:53:36,2,9997,0,9999
2023-09-12T20:06:33,2,9997,0,9999
2023-09-12T20:19:30,2,9997,0,9999
2023-09-12T20:32:28,2,9997,0,9999
2023-09-12T20:45:26,2,9997,0,9999
2023-09-12T20:58:22,2,9997,0,9999
2023-09-12T21:11:32,2,9997,0,9999
2023-09-12T21:24:29,2,9997,0,9999
2023-09-12T21:37:26,2,9997,0,9999
2023-09-12T21:50:24,2,9997,0,9999
2023-09-12T22:03:20,2,9997,0,9999
2023-09-12T22:16:17,2,9997,0,9999
2023-09-12T22:29:15,2,9997,0,9999
2023-09-12T22:42:25,2,9997,0,9999
2023-09-12T22:55:21,2,9997,0,9999
2023-09-12T23:08:19,2,9997,0,9999
2023-09-12T23:21:17,2,9997,0,9999
2023-09-12T23:34:15,2,9997,0,9999
2023-09-12T23:47:13,2,9997,0,9999
2023-09-13T00:00:10,2,9997,0,9999
2023-09-13T00:13:21,2,9997,0,9999
2023-09-13T00:26:20,2,9997,0,9999
2023-09-13T00:39:22,2,9997,0,9999
2023-09-13T00:52:23,2,9997,0,9999
2023-09-13T01:05:27,2,9997,0,9999
2023-09-13T01:18:31,2,9997,0,9999
2023-09-13T01:31:34,2,9997,0,9999
2023-09-13T01:44:36,2,9997,0,9999
2023-09-13T01:57:37,2,9997,0,9999
2023-09-13T02:10:41,2,9997,0,9999
2023-09-13T02:23:42,2,9997,0,9999
2023-09-13T02:36:52,2,9997,0,9999
2023-09-13T02:49:54,2,9997,0,9999
2023-09-13T03:02:54,2,9997,0,9999
2023-09-13T03:15:58,2,9997,0,9999
2023-09-13T03:29:02,2,9997,0,9999
2023-09-13T03:42:03,2,9997,0,9999
2023-09-13T03:55:04,2,9997,0,9999
2023-09-13T04:08:09,2,9997,0,9999
2023-09-13T04:23:24,2,9997,0,9999
2023-09-13T04:36:45,2,9997,0,9999
2023-09-13T04:49:51,2,9997,0,9999
2023-09-13T05:02:56,2,9997,0,9999
2023-09-13T05:15:59,2,9997,0,9999
2023-09-13T05:29:01,2,9997,0,9999
2023-09-13T05:42:03,2,9997,0,9999
2023-09-13T05:55:04,2,9997,0,9999
2023-09-13T06:08:06,2,9997,0,9999
2023-09-13T06:21:06,2,9997,0,9999
2023-09-13T06:34:07,2,9997,0,9999
2023-09-13T06:47:08,2,9997,0,9999
2023-09-13T07:00:09,2,9997,0,9999
2023-09-13T07:13:09,2,9997,0,9999
2023-09-13T07:26:12,2,9997,0,9999
2023-09-13T07:39:13,2,9997,0,9999
2023-09-13T07:52:11,2,9997,0,9999
2023-09-13T08:05:12,2,9997,0,9999
2023-09-13T08:18:21,2,9997,0,9999
2023-09-13T08:31:22,2,9997,0,9999
2023-09-13T08:44:22,2,9997,0,9999
2023-09-13T08:57:22,2,9997,0,9999
2023-09-13T09:10:22,2,9997,0,9999
2023-09-13T09:23:22,2,9997,0,9999
2023-09-13T09:36:20,2,9997,0,9999
2023-09-13T09:49:18,2,9997,0,9999
2023-09-13T10:02:16,2,9997,0,9999
2023-09-13T10:15:13,2,9997,0,9999
2023-09-13T10:28:23,2,9997,0,9999
2023-09-13T10:41:21,2,9997,0,9999
2023-09-13T10:54:19,2,9997,0,9999
2023-09-13T11:07:17,2,9997,0,9999
2023-09-13T11:20:15,2,9997,0,9999
2023-09-13T11:36:06,2,9997,0,9999
2023-09-13T11:49:15,2,9997,0,9999
2023-09-13T12:02:12,2,9997,0,9999
2023-09-13T12:15:11,2,9997,0,9999
2023-09-13T12:28:09,2,9997,0,9999
2023-09-13T12:41:07,2,9997,0,9999
2023-09-13T12:54:04,2,9997,0,9999
2023-09-13T13:07:01,2,9997,0,9999
2023-09-13T13:20:09,2,9997,0,9999
2023-09-13T13:33:07,2,9997,0,9999
2023-09-13T13:46:04,2,9997,0,9999
2023-09-13T13:59:02,2,9997,0,9999
2023-09-13T14:12:00,2,9997,0,9999
2023-09-13T14:24:57,2,9997,0,9999
2023-09-13T14:37:54,2,9997,0,9999
2023-09-13T14:51:02,2,9997,0,9999
2023-09-13T15:03:59,2,9997,0,9999
2023-09-13T15:16:56,2,9997,0,9999
2023-09-13T15:29:53,2,9997,0,9999
2023-09-13T15:42:51,2,9997,0,9999
2023-09-13T15:55:53,2,9997,0,9999
2023-09-13T16:09:00,2,9997,0,9999
2023-09-13T16:21:58,2,9997,0,9999
2023-09-13T16:34:55,2,9997,0,9999
2023-09-13T16:47:53,2,9997,0,9999
2023-09-13T17:00:50,2,9997,0,9999
2023-09-13T17:13:49,2,9997,0,9999
2023-09-13T17:26:46,2,9997,0,9999
2023-09-13T17:39:44,2,9997,0,9999
2023-09-13T17:52:50,2,9997,0,9999
2023-09-13T18:05:46,2,9997,0,9999
2023-09-13T18:18:43,2,9997,0,9999
2023-09-13T18:31:41,2,9997,0,9999
2023-09-13T18:44:39,2,9997,0,9999
2023-09-13T18:57:36,2,9997,0,9999
2023-09-13T19:10:35,2,9997,0,9999
2023-09-13T19:23:32,2,9997,0,9999
2023-09-13T19:36:39,2,9997,0,9999
2023-09-13T19:49:36,2,9997,0,9999
2023-09-13T20:02:33,2,9997,0,9999
2023-09-13T20:15:31,2,9997,0,9999
2023-09-13T20:28:29,2,9997,0,9999
2023-09-13T20:41:26,2,9997,0,9999
2023-09-13T20:54:24,2,9997,0,9999
2023-09-13T21:07:20,2,9997,0,9999
2023-09-13T21:20:17,2,9997,0,9999
2023-09-13T21:33:25,2,9997,0,9999
2023-09-13T21:46:23,2,9997,0,9999
2023-09-13T21:59:21,2,9997,0,9999
2023-09-13T22:12:18,2,9997,0,9999
2023-09-13T22:25:16,2,9997,0,9999
2023-09-13T22:38:13,2,9997,0,9999
2023-09-13T22:51:12,2,9997,0,9999
2023-09-13T23:04:10,2,9997,0,9999
2023-09-13T23:17:17,2,9997,0,9999
2023-09-13T23:30:16,2,9997,0,9999
2023-09-13T23:43:14,2,9997,0,9999
2023-09-13T23:56:12,2,9997,0,9999
2023-09-14T00:09:10,2,9997,0,9999
2023-09-14T00:22:12,2,9997,0,9999
2023-09-14T00:35:13,2,9997,0,9999
2023-09-14T00:48:14,2,9997,0,9999
2023-09-14T01:01:17,2,9997,0,9999
2023-09-14T01:14:20,2,9997,0,9999
2023-09-14T01:27:20,2,9997,0,9999
2023-09-14T01:40:31,2,9997,0,9999
2023-09-14T01:53:33,2,9997,0,9999
2023-09-14T02:06:35,2,9997,0,9999
2023-09-14T02:19:35,2,9997,0,9999
2023-09-14T02:32:33,2,9997,0,9999
2023-09-14T02:45:34,2,9997,0,9999
2023-09-14T02:58:31,2,9997,0,9999
2023-09-14T03:11:30,2,9997,0,9999
2023-09-14T03:24:30,2,9997,0,9999
2023-09-14T03:37:30,2,9997,0,9999
2023-09-14T03:50:30,2,9997,0,9999
2023-09-14T04:03:34,2,9997,0,9999
2023-09-14T04:16:45,2,9997,0,9999
2023-09-14T04:28:11,2,9997,0,9999
2023-09-14T04:42:27,2,9997,0,9999
2023-09-14T04:55:46,2,9997,0,9999
2023-09-14T05:08:50,2,9997,0,9999
2023-09-14T05:21:52,2,9997,0,9999
2023-09-14T05:34:56,2,9997,0,9999
2023-09-14T05:47:58,2,9997,0,9999
2023-09-14T06:00:59,2,9997,0,9999
2023-09-14T06:14:01,2,9997,0,9999
2023-09-14T06:27:03,2,9997,0,9999
2023-09-14T06:40:04,2,9997,0,9999
2023-09-14T06:53:04,2,9997,0,9999
2023-09-14T07:06:06,2,9997,0,9999
2023-09-14T07:19:07,2,9997,0,9999
2023-09-14T07:32:10,2,9997,0,9999
2023-09-14T07:45:09,2,9997,0,9999
2023-09-14T07:58:09,2,9997,0,9999
2023-09-14T08:11:09,2,9997,0,9999
2023-09-14T08:24:10,2,9997,0,9999
2023-09-14T08:37:20,2,9997,0,9999
2023-09-14T08:50:20,2,9997,0,9999
2023-09-14T09:03:21,2,9997,0,9999
2023-09-14T09:16:19,2,9997,0,9999
2023-09-14T09:29:18,2,9997,0,9999
2023-09-14T09:42:16,2,9997,0,9999
2023-09-14T09:55:15,2,9997,0,9999
2023-09-14T10:08:14,2,9997,0,9999
2023-09-14T10:21:11,2,9997,0,9999
2023-09-14T10:34:20,2,9997,0,9999
2023-09-14T10:47:18,2,9997,0,9999
2023-09-14T11:00:16,2,9997,0,9999
2023-09-14T11:13:16,2,9997,0,9999
2023-09-14T11:26:16,2,9997,0,9999
2023-09-14T11:39:15,2,9997,0,9999
2023-09-14T11:52:14,2,9997,0,9999
2023-09-14T12:05:24,2,9997,0,9999
2023-09-14T12:18:22,2,9997,0,9999
2023-09-14T12:31:21,2,9997,0,9999
2023-09-14T12:44:20,2,9997,0,9999
2023-09-14T12:57:18,2,9997,0,9999
2023-09-14T13:10:17,2,9997,0,9999
2023-09-14T13:23:15,2,9997,0,9999
2023-09-14T13:36:24,2,9997,0,9999
2023-09-14T13:49:23,2,9997,0,9999
2023-09-14T14:02:22,2,9997,0,9999
2023-09-14T14:15:21,2,9997,0,9999
2023-09-14T14:28:19,2,9997,0,9999
2023-09-14T14:41:21,2,9997,0,9999
2023-09-14T14:54:20,2,9997,0,9999
2023-09-14T15:07:30,2,9997,0,9999
2023-09-14T15:20:28,2,9997,0,9999
2023-09-14T15:33:26,2,9997,0,9999
2023-09-14T15:46:25,2,9997,0,9999
2023-09-14T15:59:24,2,9997,0,9999
2023-09-14T16:12:22,2,9997,0,9999
2023-09-14T16:25:31,2,9997,0,9999
2023-09-14T16:38:30,2,9997,0,9999
2023-09-14T16:51:29,2,9997,0,9999
2023-09-14T17:04:27,2,9997,0,9999
2023-09-14T17:17:26,2,9997,0,9999
2023-09-14T17:30:25,2,9997,0,9999
2023-09-14T17:43:23,2,9997,0,9999
2023-09-14T17:56:22,2,9997,0,9999
2023-09-14T18:09:31,2,9997,0,9999
2023-09-14T18:22:28,2,9997,0,9999
2023-09-14T18:35:27,2,9997,0,9999
2023-09-14T18:48:25,2,9997,0,9999
2023-09-14T19:01:24,2,9997,0,9999
2023-09-14T19:14:22,2,9997,0,9999
2023-09-14T19:27:21,2,9997,0,9999
2023-09-14T19:40:21,2,9997,0,9999
2023-09-14T19:53:19,2,9997,0,9999
2023-09-14T20:06:28,2,9997,0,9999
2023-09-14T20:19:26,2,9997,0,9999
2023-09-14T20:32:25,2,9997,0,9999
2023-09-14T20:45:23,2,9997,0,9999
2023-09-14T20:58:22,2,9997,0,9999
2023-09-14T21:11:20,2,9997,0,9999
2023-09-14T21:24:18,2,9997,0,9999
2023-09-14T21:37:17,2,9997,0,9999
2023-09-14T21:50:26,2,9997,0,9999
2023-09-14T22:03:25,2,9997,0,9999
2023-09-14T22:16:23,2,9997,0,9999
2023-09-14T22:29:22,2,9997,0,9999
2023-09-14T22:42:19,2,9997,0,9999
2023-09-14T22:55:17,2,9997,0,9999
2023-09-14T23:08:16,2,9997,0,9999
2023-09-14T23:21:14,2,9997,0,9999
2023-09-14T23:34:23,2,9997,0,9999
2023-09-14T23:47:22,2,9997,0,9999
2023-09-15T00:00:21,2,9997,0,9999
2023-09-15T00:13:23,2,9997,0,9999
2023-09-15T00:26:26,2,9997,0,9999
2023-09-15T00:39:29,2,9997,0,9999
2023-09-15T00:52:32,2,9997,0,9999
2023-09-15T01:05:35,2,9997,0,9999
2023-09-15T01:18:38,2,9997,0,9999
2023-09-15T01:31:41,2,9997,0,9999
2023-09-15T01:45:23,2,9997,0,9999
2023-09-15T01:58:25,2,9997,0,9999
2023-09-15T02:11:28,2,9997,0,9999
2023-09-15T02:24:39,2,9997,0,9999
2023-09-15T02:37:40,2,9997,0,9999
2023-09-15T02:50:40,2,9997,0,9999
2023-09-15T03:03:40,2,9997,0,9999
2023-09-15T03:16:42,2,9997,0,9999
2023-09-15T03:29:46,2,9997,0,9999
2023-09-15T03:42:49,2,9997,0,9999
2023-09-15T03:55:51,2,9997,0,9999
2023-09-15T04:08:54,2,9997,0,9999
2023-09-15T04:21:31,2,9997,0,9999
2023-09-15T04:34:53,2,9997,0,9999
2023-09-15T04:47:56,2,9997,0,9999
2023-09-15T05:00:58,2,9997,0,9999
2023-09-15T05:14:05,2,9997,0,9999
2023-09-15T05:27:07,2,9997,0,9999
2023-09-15T05:40:10,2,9997,0,9999
2023-09-15T05:53:12,2,9997,0,9999
2023-09-15T06:06:14,2,9997,0,9999
2023-09-15T06:19:19,2,9997,0,9999
2023-09-15T06:32:21,2,9997,0,9999
2023-09-15T06:45:23,2,9997,0,9999
2023-09-15T06:58:24,2,9997,0,9999
2023-09-15T07:11:27,2,9997,0,9999
2023-09-15T07:24:31,2,9997,0,9999
2023-09-15T07:37:31,2,9997,0,9999
2023-09-15T07:50:35,2,9997,0,9999
2023-09-15T08:03:44,2,9997,0,9999
2023-09-15T08:16:45,2,9997,0,9999
2023-09-15T08:29:46,2,9997,0,9999
2023-09-15T08:42:46,2,9997,0,9999
2023-09-15T08:55:44,2,9997,0,9999
2023-09-15T09:08:42,2,9997,0,9999
2023-09-15T09:21:41,2,9997,0,9999
2023-09-15T09:34:39,2,9997,0,9999
2023-09-15T09:47:38,2,9997,0,9999
2023-09-15T10:00:36,2,9997,0,9999
2023-09-15T10:13:35,2,9997,0,9999
2023-09-15T10:26:44,2,9997,0,9999
2023-09-15T10:39:43,2,9997,0,9999
2023-09-15T10:52:41,2,9997,0,9999
2023-09-15T11:05:40,2,9997,0,9999
2023-09-15T11:18:40,2,9997,0,9999
2023-09-15T11:31:39,2,9997,0,9999
2023-09-15T11:44:39,2,9997,0,9999
2023-09-15T11:57:49,2,9997,0,9999
2023-09-15T12:10:49,2,9997,0,9999
2023-09-15T12:23:48,2,9997,0,9999
2023-09-15T12:36:47,2,9997,0,9999
2023-09-15T12:49:47,2,9997,0,9999
2023-09-15T13:02:46,2,9997,0,9999
2023-09-15T13:15:45,2,9997,0,9999
2023-09-15T13:28:55,2,9997,0,9999
2023-09-15T13:41:54,2,9997,0,9999
2023-09-15T13:54:53,2,9997,0,9999
2023-09-15T14:07:53,2,9997,0,9999
2023-09-15T14:20:53,2,9997,0,9999
2023-09-15T14:33:52,2,9997,0,9999
2023-09-15T14:46:52,2,9997,0,9999
2023-09-15T15:00:01,2,9997,0,9999
2023-09-15T15:13:00,2,9997,0,9999
2023-09-15T15:25:59,2,9997,0,9999
2023-09-15T15:39:00,2,9997,0,9999
2023-09-15T15:51:59,2,9997,0,9999
2023-09-15T16:04:59,2,9997,0,9999
2023-09-15T16:17:58,2,9997,0,9999
2023-09-15T16:31:08,2,9997,0,9999
2023-09-15T16:44:06,2,9997,0,9999
2023-09-15T16:57:05,2,9997,0,9999
2023-09-15T17:10:06,2,9997,0,9999
2023-09-15T17:23:05,2,9997,0,9999
2023-09-15T17:36:04,2,9997,0,9999
2023-09-15T17:49:04,2,9997,0,9999
2023-09-15T18:02:03,2,9997,0,9999
2023-09-15T18:15:11,2,9997,0,9999
2023-09-15T18:28:10,2,9997,0,9999
2023-09-15T18:41:08,2,9997,0,9999
2023-09-15T18:54:07,2,9997,0,9999
2023-09-15T19:07:06,2,9997,0,9999
2023-09-15T19:20:05,2,9997,0,9999
2023-09-15T19:33:05,2,9997,0,9999
2023-09-15T19:46:04,2,9997,0,9999
2023-09-15T19:59:02,2,9997,0,9999
2023-09-15T20:12:11,2,9997,0,9999
2023-09-15T20:25:10,2,9997,0,9999
2023-09-15T20:38:10,2,9997,0,9999
2023-09-15T20:51:09,2,9997,0,9999
2023-09-15T21:04:08,2,9997,0,9999
2023-09-15T21:17:08,2,9997,0,9999
2023-09-15T21:30:06,2,9997,0,9999
2023-09-15T21:43:05,2,9997,0,9999
2023-09-15T21:56:04,2,9997,0,9999
2023-09-15T22:09:13,2,9997,0,9999
2023-09-15T22:22:12,2,9997,0,9999
2023-09-15T22:35:10,2,9997,0,9999
2023-09-15T22:48:09,2,9997,0,9999
2023-09-15T23:01:07,2,9997,0,9999
2023-09-15T23:14:07,2,9997,0,9999
2023-09-15T23:27:07,2,9997,0,9999
2023-09-15T23:40:06,2,9997,0,9999
2023-09-15T23:53:07,2,9997,0,9999
2023-09-16T00:06:08,2,9997,0,9999
2023-09-16T00:19:23,2,9997,0,9999
2023-09-16T00:32:27,2,9997,0,9999
2023-09-16T00:45:31,2,9997,0,9999
2023-09-16T00:58:36,2,9997,0,9999
2023-09-16T01:11:40,2,9997,0,9999
2023-09-16T01:24:43,2,9997,0,9999
2023-09-16T01:37:47,2,9997,0,9999
2023-09-16T01:50:52,2,9997,0,9999
2023-09-16T02:03:58,2,9997,0,9999
2023-09-16T02:16:59,2,9997,0,9999
2023-09-16T02:29:59,2,9997,0,9999
2023-09-16T02:43:01,2,9997,0,9999
2023-09-16T02:56:01,2,9997,0,9999
2023-09-16T03:09:01,2,9997,0,9999
2023-09-16T03:22:14,2,9997,0,9999
2023-09-16T03:35:16,2,9997,0,9999
2023-09-16T03:48:19,2,9997,0,9999
2023-09-16T04:01:23,2,9997,0,9999
2023-09-16T04:14:31,2,9997,0,9999
2023-09-16T04:28:58,2,9997,0,9999
2023-09-16T04:42:21,2,9997,0,9999
2023-09-16T04:55:27,2,9997,0,9999
2023-09-16T05:08:31,2,9997,0,9999
2023-09-16T05:21:34,2,9997,0,9999
2023-09-16T05:34:36,2,9997,0,9999
2023-09-16T05:47:39,2,9997,0,9999
2023-09-16T06:00:42,2,9997,0,9999
2023-09-16T06:13:45,2,9997,0,9999
2023-09-16T06:26:47,2,9997,0,9999
2023-09-16T06:39:49,2,9997,0,9999
2023-09-16T06:52:54,2,9997,0,9999
2023-09-16T07:05:57,2,9997,0,9999
2023-09-16T07:18:58,2,9997,0,9999
2023-09-16T07:32:03,2,9997,0,9999
2023-09-16T07:45:04,2,9997,0,9999
2023-09-16T07:58:15,2,9997,0,9999
2023-09-16T08:11:17,2,9997,0,9999
2023-09-16T08:24:20,2,9997,0,9999
2023-09-16T08:37:23,2,9997,0,9999
2023-09-16T08:50:35,2,9997,0,9999
2023-09-16T09:03:37,2,9997,0,9999
2023-09-16T09:16:39,2,9997,0,9999
2023-09-16T09:29:41,2,9997,0,9999
2023-09-16T09:42:44,2,9997,0,9999
2023-09-16T09:55:55,2,9997,0,9999
2023-09-16T10:08:58,2,9997,0,9999
2023-09-16T10:22:00,2,9997,0,9999
2023-09-16T10:35:12,2,9997,0,9999
2023-09-16T10:48:14,2,9997,0,9999
2023-09-16T11:01:16,2,9997,0,9999
2023-09-16T11:14:17,2,9997,0,9999
2023-09-16T11:27:18,2,9997,0,9999
2023-09-16T11:40:17,2,9997,0,9999
2023-09-16T11:53:16,2,9997,0,9999
2023-09-16T12:06:14,2,9997,0,9999
2023-09-16T12:19:15,2,9997,0,9999
2023-09-16T12:32:14,2,9997,0,9999
2023-09-16T12:45:21,2,9997,0,9999
2023-09-16T12:58:21,2,9997,0,9999
2023-09-16T13:11:20,2,9997,0,9999
2023-09-16T13:24:19,2,9997,0,9999
2023-09-16T13:37:18,2,9997,0,9999
2023-09-16T13:50:17,2,9997,0,9999
2023-09-16T14:03:16,2,9997,0,9999
2023-09-16T14:16:16,2,9997,0,9999
2023-09-16T14:29:15,2,9997,0,9999
2023-09-16T14:42:25,2,9997,0,9999
2023-09-16T14:55:23,2,9997,0,9999
2023-09-16T15:08:24,2,9997,0,9999
2023-09-16T15:21:23,2,9997,0,9999
2023-09-16T15:34:22,2,9997,0,9999
2023-09-16T15:47:21,2,9997,0,9999
2023-09-16T16:00:21,2,9997,0,9999
2023-09-16T16:13:19,2,9997,0,9999
2023-09-16T16:26:18,2,9997,0,9999
2023-09-16T16:39:16,2,9997,0,9999
2023-09-16T16:52:15,2,9997,0,9999
2023-09-16T17:05:14,2,9997,0,9999
2023-09-16T17:18:24,2,9997,0,9999
2023-09-16T17:31:23,2,9997,0,9999
2023-09-16T17:44:22,2,9997,0,9999
2023-09-16T17:57:22,2,9997,0,9999
2023-09-16T18:10:20,2,9997,0,9999
2023-09-16T18:23:19,2,9997,0,9999
2023-09-16T18:36:18,2,9997,0,9999
2023-09-16T18:49:17,2,9997,0,9999
2023-09-16T19:02:17,2,9997,0,9999
2023-09-16T19:15:16,2,9997,0,9999
2023-09-16T19:28:16,2,9997,0,9999
2023-09-16T19:41:25,2,9997,0,9999
2023-09-16T19:54:25,2,9997,0,9999
2023-09-16T20:07:24,2,9997,0,9999
2023-09-16T20:20:23,2,9997,0,9999
2023-09-16T20:33:22,2,9997,0,9999
2023-09-16T20:46:21,2,9997,0,9999
2023-09-16T20:59:20,2,9997,0,9999
2023-09-16T21:12:19,2,9997,0,9999
2023-09-16T21:25:19,2,9997,0,9999
2023-09-16T21:38:17,2,9997,0,9999
2023-09-16T21:51:16,2,9997,0,9999
2023-09-16T22:04:15,2,9997,0,9999
2023-09-16T22:17:15,2,9997,0,9999
2023-09-16T22:30:25,2,9997,0,9999
2023-09-16T22:43:23,2,9997,0,9999
2023-09-16T22:56:21,2,9997,0,9999
2023-09-16T23:09:21,2,9997,0,9999
2023-09-16T23:22:20,2,9997,0,9999
2023-09-16T23:35:19,2,9997,0,9999
2023-09-16T23:48:17,2,9997,0,9999
2023-09-17T00:01:17,2,9997,0,9999
2023-09-17T00:14:18,2,9997,0,9999
2023-09-17T00:27:18,2,9997,0,9999
2023-09-17T00:53:15,2,9997,0,9999
2023-09-17T01:06:15,2,9997,0,9999
2023-09-17T01:19:14,2,9997,0,9999
2023-09-17T01:32:12,2,9997,0,9999
2023-09-17T01:45:13,2,9997,0,9999
2023-09-17T01:58:17,2,9997,0,9999
2023-09-17T02:11:22,2,9997,0,9999
2023-09-17T02:24:42,2,9997,0,9999
2023-09-17T02:37:48,2,9997,0,9999
2023-09-17T02:51:11,2,9997,0,9999
2023-09-17T03:04:13,2,9997,0,9999
2023-09-17T03:17:16,2,9997,0,9999
2023-09-17T03:30:19,2,9997,0,9999
2023-09-17T03:43:22,2,9997,0,9999
2023-09-17T03:56:26,2,9997,0,9999
2023-09-17T04:09:29,2,9997,0,9999
2023-09-17T04:18:59,2,9997,0,9999
2023-09-17T04:32:04,2,9997,0,9999
2023-09-17T04:46:45,2,9997,0,9999
2023-09-17T04:59:49,2,9997,0,9999
2023-09-17T05:12:56,2,9997,0,9999
2023-09-17T05:25:59,2,9997,0,9999
2023-09-17T05:39:01,2,9997,0,9999
2023-09-17T05:52:02,2,9997,0,9999
2023-09-17T06:05:04,2,9997,0,9999
2023-09-17T06:18:08,2,9997,0,9999
2023-09-17T06:31:10,2,9997,0,9999
2023-09-17T06:44:11,2,9997,0,9999
2023-09-17T06:57:10,2,9997,0,9999
2023-09-17T07:10:09,2,9997,0,9999
2023-09-17T07:23:08,2,9997,0,9999
2023-09-17T07:36:07,2,9997,0,9999
2023-09-17T07:49:06,2,9997,0,9999
2023-09-17T08:02:06,2,9997,0,9999
2023-09-17T08:15:08,2,9997,0,9999
2023-09-17T08:28:10,2,9997,0,9999
2023-09-17T08:41:19,2,9997,0,9999
2023-09-17T08:54:30,2,9997,0,9999
2023-09-17T09:07:33,2,9997,0,9999
2023-09-17T09:20:38,2,9997,0,9999
2023-09-17T09:33:53,2,9997,0,9999
2023-09-17T09:46:59,2,9997,0,9999
2023-09-17T10:00:09,2,9997,0,9999
2023-09-17T10:13:14,2,9997,0,9999
2023-09-17T10:26:17,2,9997,0,9999
2023-09-17T10:39:30,2,9997,0,9999
2023-09-17T10:52:29,2,9997,0,9999
2023-09-17T11:05:28,2,9997,0,9999
2023-09-17T11:18:28,2,9997,0,9999
2023-09-17T11:31:27,2,9997,0,9999
2023-09-17T11:44:26,2,9997,0,9999
2023-09-17T11:57:24,2,9997,0,9999
2023-09-17T12:10:22,2,9997,0,9999
2023-09-17T12:23:21,2,9997,0,9999
2023-09-17T12:36:19,2,9997,0,9999
2023-09-17T12:49:27,2,9997,0,9999
2023-09-17T13:02:25,2,9997,0,9999
2023-09-17T13:15:24,2,9997,0,9999
2023-09-17T13:28:22,2,9997,0,9999
2023-09-17T13:41:21,2,9997,0,9999
2023-09-17T13:54:20,2,9997,0,9999
2023-09-17T14:07:19,2,9997,0,9999
2023-09-17T14:20:18,2,9997,0,9999
2023-09-17T14:33:16,2,9997,0,9999
2023-09-17T14:46:14,2,9997,0,9999
2023-09-17T14:59:23,2,9997,0,9999
2023-09-17T15:12:21,2,9997,0,9999
2023-09-17T15:25:19,2,9997,0,9999
2023-09-17T15:38:18,2,9997,0,9999
2023-09-17T15:51:17,2,9997,0,9999
2023-09-17T16:04:15,2,9997,0,9999
2023-09-17T16:17:14,2,9997,0,9999
2023-09-17T16:30:13,2,9997,0,9999
2023-09-17T16:43:13,2,9997,0,9999
2023-09-17T16:56:12,2,9997,0,9999
2023-09-17T17:09:21,2,9997,0,9999
2023-09-17T17:22:20,2,9997,0,9999
2023-09-17T17:35:21,2,9997,0,9999
2023-09-17T17:48:20,2,9997,0,9999
2023-09-17T18:01:18,2,9997,0,9999
2023-09-17T18:14:16,2,9997,0,9999
2023-09-17T18:27:15,2,9997,0,9999
2023-09-17T18:40:15,2,9997,0,9999
2023-09-17T18:53:14,2,9997,0,9999
2023-09-17T19:06:14,2,9997,0,9999
2023-09-17T19:19:15,2,9997,0,9999
2023-09-17T19:32:16,2,9997,0,9999
2023-09-17T19:45:25,2,9997,0,9999
2023-09-17T19:58:24,2,9997,0,9999
2023-09-17T20:11:24,2,9997,0,9999
2023-09-17T20:24:23,2,9997,0,9999
2023-09-17T20:37:22,2,9997,0,9999
2023-09-17T20:50:21,2,9997,0,9999
2023-09-17T21:03:20,2,9997,0,9999
2023-09-17T21:16:19,2,9997,0,9999
2023-09-17T21:29:31,2,9997,0,9999
2023-09-17T21:42:33,2,9997,0,9999
2023-09-17T21:55:33,2,9997,0,9999
2023-09-17T22:08:33,2,9997,0,9999
2023-09-17T22:21:32,2,9997,0,9999
2023-09-17T22:34:32,2,9997,0,9999
2023-09-17T22:47:31,2,9997,0,9999
2023-09-17T23:00:30,2,9997,0,9999
2023-09-17T23:13:30,2,9997,0,9999
2023-09-17T23:26:30,2,9997,0,9999
2023-09-17T23:39:30,2,9997,0,9999
2023-09-17T23:52:41,2,9997,0,9999
2023-09-18T00:05:42,2,9997,0,9999
2023-09-18T00:18:47,2,9997,0,9999
2023-09-18T00:32:01,2,9997,0,9999
2023-09-18T00:45:10,2,9997,0,9999
2023-09-18T00:58:16,2,9997,0,9999
2023-09-18T01:11:18,2,9997,0,9999
2023-09-18T01:24:34,2,9997,0,9999
2023-09-18T01:37:39,2,9997,0,9999
2023-09-18T01:50:43,2,9997,0,9999
2023-09-18T02:03:50,2,9997,0,9999
2023-09-18T02:16:53,2,9997,0,9999
2023-09-18T02:30:02,2,9997,0,9999
2023-09-18T02:43:03,2,9997,0,9999
2023-09-18T02:56:06,2,9997,0,9999
2023-09-18T03:09:10,2,9997,0,9999
2023-09-18T03:22:14,2,9997,0,9999
2023-09-18T03:35:18,2,9997,0,9999
2023-09-18T03:48:20,2,9997,0,9999
2023-09-18T04:01:23,2,9997,0,9999
2023-09-18T04:16:16,2,9997,0,9999
2023-09-18T04:27:24,2,9997,0,9999
2023-09-18T04:40:59,2,9997,0,9999
2023-09-18T04:54:05,2,9997,0,9999
2023-09-18T05:07:14,2,9997,0,9999
2023-09-18T05:20:18,2,9997,0,9999
2023-09-18T05:33:22,2,9997,0,9999
2023-09-18T05:46:26,2,9997,0,9999
2023-09-18T05:59:30,2,9997,0,9999
2023-09-18T06:12:34,2,9997,0,9999
2023-09-18T06:25:40,2,9997,0,9999
2023-09-18T06:38:42,2,9997,0,9999
2023-09-18T06:51:46,2,9997,0,9999
2023-09-18T07:04:47,2,9997,0,9999
2023-09-18T07:17:50,2,9997,0,9999
2023-09-18T07:30:52,2,9997,0,9999
2023-09-18T07:43:52,2,9997,0,9999
2023-09-18T07:56:53,2,9997,0,9999
2023-09-18T08:09:55,2,9997,0,9999
2023-09-18T08:22:59,2,9997,0,9999
2023-09-18T08:36:01,2,9997,0,9999
2023-09-18T08:49:23,2,9997,0,9999
2023-09-18T09:02:22,2,9997,0,9999
2023-09-18T09:15:21,2,9997,0,9999
2023-09-18T09:28:21,2,9997,0,9999
2023-09-18T09:41:20,2,9997,0,9999
2023-09-18T09:54:20,2,9997,0,9999
2023-09-18T10:07:21,2,9997,0,9999
2023-09-18T10:20:21,2,9997,0,9999
2023-09-18T10:33:38,2,9997,0,9999
2023-09-18T10:46:38,2,9997,0,9999
2023-09-18T10:59:37,2,9997,0,9999
2023-09-18T11:12:37,2,9997,0,9999
2023-09-18T11:25:36,2,9997,0,9999
2023-09-18T11:38:36,2,9997,0,9999
2023-09-18T11:51:36,2,9997,0,9999
2023-09-18T12:04:45,2,9997,0,9999
2023-09-18T12:17:45,2,9997,0,9999
2023-09-18T12:30:46,2,9997,0,9999
2023-09-18T12:43:46,2,9997,0,9999
2023-09-18T12:56:45,2,9997,0,9999
2023-09-18T13:09:56,2,9997,0,9999
2023-09-18T13:22:57,2,9997,0,9999
2023-09-18T13:35:56,2,9997,0,9999
2023-09-18T13:48:56,2,9997,0,9999
2023-09-18T14:01:56,2,9997,0,9999
2023-09-18T14:14:55,2,9997,0,9999
2023-09-18T14:28:13,2,9997,0,9999
2023-09-18T14:41:13,2,9997,0,9999
2023-09-18T14:54:13,2,9997,0,9999
2023-09-18T15:07:14,2,9997,0,9999
2023-09-18T15:20:14,2,9997,0,9999
2023-09-18T15:33:25,2,9997,0,9999
2023-09-18T15:46:25,2,9997,0,9999
2023-09-18T15:59:25,2,9997,0,9999
2023-09-18T16:12:25,2,9997,0,9999
2023-09-18T16:25:45,2,9997,0,9999
2023-09-18T16:38:44,2,9997,0,9999
2023-09-18T16:51:43,2,9997,0,9999
2023-09-18T17:04:43,2,9997,0,9999
2023-09-18T17:17:43,2,9997,0,9999
2023-09-18T17:30:43,2,9997,0,9999
2023-09-18T17:43:42,2,9997,0,9999
2023-09-18T17:56:43,2,9997,0,9999
2023-09-18T18:09:54,2,9997,0,9999
2023-09-18T18:22:54,2,9997,0,9999
2023-09-18T18:35:54,2,9997,0,9999
2023-09-18T18:48:54,2,9997,0,9999
2023-09-18T19:01:54,2,9997,0,9999
2023-09-18T19:14:54,2,9997,0,9999
2023-09-18T19:27:54,2,9997,0,9999
2023-09-18T19:40:53,2,9997,0,9999
2023-09-18T19:54:03,2,9997,0,9999
2023-09-18T20:07:04,2,9997,0,9999
2023-09-18T20:20:03,2,9997,0,9999
2023-09-18T20:33:05,2,9997,0,9999
2023-09-18T20:46:04,2,9997,0,9999
2023-09-18T20:59:04,2,9997,0,9999
2023-09-18T21:12:04,2,9997,0,9999
2023-09-18T21:25:03,2,9997,0,9999
2023-09-18T21:38:14,2,9997,0,9999
2023-09-18T21:51:14,2,9997,0,9999
2023-09-18T22:04:14,2,9997,0,9999
2023-09-18T22:17:13,2,9997,0,9999
2023-09-18T22:30:14,2,9997,0,9999
2023-09-18T22:43:15,2,9997,0,9999
2023-09-18T22:56:14,2,9997,0,9999
2023-09-18T23:09:16,2,9997,0,9999
2023-09-18T23:22:51,2,9997,0,9999
2023-09-18T23:35:51,2,9997,0,9999
2023-09-18T23:48:51,2,9997,0,9999
2023-09-19T00:01:53,2,9997,0,9999
2023-09-19T00:14:57,2,9997,0,9999
2023-09-19T00:28:06,2,9997,0,9999
2023-09-19T00:41:10,2,9997,0,9999
2023-09-19T00:54:15,2,9997,0,9999
2023-09-19T01:07:20,2,9997,0,9999
2023-09-19T01:20:25,2,9997,0,9999
2023-09-19T01:33:45,2,9997,0,9999
2023-09-19T01:46:49,2,9997,0,9999
2023-09-19T01:59:53,2,9997,0,9999
2023-09-19T02:13:08,2,9997,0,9999
2023-09-19T02:26:11,2,9997,0,9999
2023-09-19T02:39:13,2,9997,0,9999
2023-09-19T02:52:16,2,9997,0,9999
2023-09-19T03:05:17,2,9997,0,9999
2023-09-19T03:18:19,2,9997,0,9999
2023-09-19T03:31:22,2,9997,0,9999
2023-09-19T03:44:25,2,9997,0,9999
2023-09-19T03:57:29,2,9997,0,9999
2023-09-19T04:10:33,2,9997,0,9999
2023-09-19T04:29:05,2,9997,0,9999
2023-09-19T04:43:33,2,9997,0,9999
2023-09-19T04:56:58,2,9997,0,9999
2023-09-19T05:10:07,2,9997,0,9999
2023-09-19T05:23:13,2,9997,0,9999
2023-09-19T05:36:18,2,9997,0,9999
2023-09-19T05:49:22,2,9997,0,9999
2023-09-19T06:02:26,2,9997,0,9999
2023-09-19T06:15:30,2,9997,0,9999
2023-09-19T06:28:34,2,9997,0,9999
2023-09-19T06:41:37,2,9997,0,9999
2023-09-19T06:54:40,2,9997,0,9999
2023-09-19T07:07:44,2,9997,0,9999
2023-09-19T07:20:48,2,9997,0,9999
2023-09-19T07:33:52,2,9997,0,9999
2023-09-19T07:46:54,2,9997,0,9999
2023-09-19T07:59:56,2,9997,0,9999
2023-09-19T08:12:58,2,9997,0,9999
2023-09-19T08:26:00,2,9997,0,9999
2023-09-19T08:39:03,2,9997,0,9999
2023-09-19T08:52:06,2,9997,0,9999
2023-09-19T09:05:08,2,9997,0,9999
2023-09-19T09:18:26,2,9997,0,9999
2023-09-19T09:31:28,2,9997,0,9999
2023-09-19T09:44:30,2,9997,0,9999
2023-09-19T09:57:31,2,9997,0,9999
2023-09-19T10:10:32,2,9997,0,9999
2023-09-19T10:23:33,2,9997,0,9999
2023-09-19T10:36:34,2,9997,0,9999
2023-09-19T10:49:35,2,9997,0,9999
2023-09-19T11:02:35,2,9997,0,9999
2023-09-19T11:15:50,2,9997,0,9999
2023-09-19T11:28:50,2,9997,0,9999
2023-09-19T11:41:50,2,9997,0,9999
2023-09-19T11:54:50,2,9997,0,9999
2023-09-19T12:07:50,2,9997,0,9999
2023-09-19T12:21:12,2,9997,0,9999
2023-09-19T12:34:13,2,9997,0,9999
2023-09-19T12:47:12,2,9997,0,9999
2023-09-19T13:00:12,2,9997,0,9999
2023-09-19T13:13:11,2,9997,0,9999
2023-09-19T13:26:11,2,9997,0,9999
2023-09-19T13:39:11,2,9997,0,9999
2023-09-19T13:52:20,2,9997,0,9999
2023-09-19T14:05:20,2,9997,0,9999
2023-09-19T14:18:21,2,9997,0,9999
2023-09-19T14:31:20,2,9997,0,9999
2023-09-19T14:44:21,2,9997,0,9999
2023-09-19T14:57:43,2,9997,0,9999
2023-09-19T15:10:44,2,9997,0,9999
2023-09-19T15:23:44,2,9997,0,9999
2023-09-19T15:36:44,2,9997,0,9999
2023-09-19T15:49:44,2,9997,0,9999
2023-09-19T16:02:44,2,9997,0,9999
2023-09-19T16:15:54,2,9997,0,9999
2023-09-19T16:28:53,2,9997,0,9999
2023-09-19T16:41:53,2,9997,0,9999
2023-09-19T16:54:52,2,9997,0,9999
2023-09-19T17:07:52,2,9997,0,9999
2023-09-19T17:20:52,2,9997,0,9999
2023-09-19T17:33:52,2,9997,0,9999
2023-09-19T17:47:13,2,9997,0,9999
2023-09-19T18:00:12,2,9997,0,9999
2023-09-19T18:13:11,2,9997,0,9999
2023-09-19T18:26:11,2,9997,0,9999
2023-09-19T18:39:10,2,9997,0,9999
2023-09-19T18:52:11,2,9997,0,9999
2023-09-19T19:05:11,2,9997,0,9999
2023-09-19T19:18:21,2,9997,0,9999
2023-09-19T19:31:22,2,9997,0,9999
2023-09-19T19:44:22,2,9997,0,9999
2023-09-19T19:57:22,2,9997,0,9999
2023-09-19T20:10:23,2,9997,0,9999
2023-09-19T20:23:24,2,9997,0,9999
2023-09-19T20:36:26,2,9997,0,9999
2023-09-19T20:49:44,2,9997,0,9999
2023-09-19T21:02:44,2,9997,0,9999
2023-09-19T21:15:43,2,9997,0,9999
2023-09-19T21:28:44,2,9997,0,9999
2023-09-19T21:41:44,2,9997,0,9999
2023-09-19T21:54:43,2,9997,0,9999
2023-09-19T22:07:54,2,9997,0,9999
2023-09-19T22:20:53,2,9997,0,9999
2023-09-19T22:33:53,2,9997,0,9999
2023-09-19T22:46:52,2,9997,0,9999
2023-09-19T22:59:51,2,9997,0,9999
2023-09-19T23:12:52,2,9997,0,9999
2023-09-19T23:25:53,2,9997,0,9999
2023-09-19T23:39:13,2,9997,0,9999
2023-09-19T23:52:14,2,9997,0,9999
2023-09-20T00:05:15,2,9997,0,9999
2023-09-20T00:18:18,2,9997,0,9999
2023-09-20T00:31:21,2,9997,0,9999
2023-09-20T00:44:29,2,9997,0,9999
2023-09-20T00:57:33,2,9997,0,9999
2023-09-20T01:10:38,2,9997,0,9999
2023-09-20T01:23:43,2,9997,0,9999
2023-09-20T01:36:48,2,9997,0,9999
2023-09-20T01:49:54,2,9997,0,9999
2023-09-20T02:03:11,2,9997,0,9999
2023-09-20T02:16:16,2,9997,0,9999
2023-09-20T02:29:18,2,9997,0,9999
2023-09-20T02:42:22,2,9997,0,9999
2023-09-20T02:55:24,2,9997,0,9999
2023-09-20T03:08:26,2,9997,0,9999
2023-09-20T03:21:54,2,9997,0,9999
2023-09-20T03:35:16,2,9997,0,9999
2023-09-20T03:48:20,2,9997,0,9999
2023-09-20T04:01:33,2,9997,0,9999
2023-09-20T04:25:51,2,9997,0,9999
2023-09-20T04:39:19,2,9997,0,9999
2023-09-20T04:52:23,2,9997,0,9999
2023-09-20T05:05:38,2,9997,0,9999
2023-09-20T05:18:44,2,9997,0,9999
2023-09-20T05:31:48,2,9997,0,9999
2023-09-20T05:45:02,2,9997,0,9999
2023-09-20T05:58:08,2,9997,0,9999
2023-09-20T06:11:12,2,9997,0,9999
2023-09-20T06:24:17,2,9997,0,9999
2023-09-20T06:37:20,2,9997,0,9999
2023-09-20T06:50:23,2,9997,0,9999
2023-09-20T07:03:27,2,9997,0,9999
2023-09-20T07:16:30,2,9997,0,9999
2023-09-20T07:29:32,2,9997,0,9999
2023-09-20T07:42:35,2,9997,0,9999
2023-09-20T07:55:37,2,9997,0,9999
2023-09-20T08:08:39,2,9997,0,9999
2023-09-20T08:21:41,2,9997,0,9999
2023-09-20T08:34:51,2,9997,0,9999
2023-09-20T08:47:50,2,9997,0,9999
2023-09-20T09:00:50,2,9997,0,9999
2023-09-20T09:13:54,2,9997,0,9999
2023-09-20T09:26:54,2,9997,0,9999
2023-09-20T09:39:54,2,9997,0,9999
2023-09-20T09:52:54,2,9997,0,9999
2023-09-20T10:05:54,2,9997,0,9999
2023-09-20T10:19:03,2,9997,0,9999
2023-09-20T10:32:03,2,9997,0,9999
2023-09-20T10:45:03,2,9997,0,9999
2023-09-20T10:58:03,2,9997,0,9999
2023-09-20T11:11:03,2,9997,0,9999
2023-09-20T11:24:03,2,9997,0,9999
2023-09-20T11:37:13,2,9997,0,9999
2023-09-20T11:50:13,2,9997,0,9999
2023-09-20T12:03:13,2,9997,0,9999
2023-09-20T12:16:13,2,9997,0,9999
2023-09-20T12:29:14,2,9997,0,9999
2023-09-20T12:42:13,2,9997,0,9999
2023-09-20T12:55:24,2,9997,0,9999
2023-09-20T13:08:24,2,9997,0,9999
2023-09-20T13:21:23,2,9997,0,9999
2023-09-20T13:34:23,2,9997,0,9999
2023-09-20T13:47:23,2,9997,0,9999
2023-09-20T14:00:25,2,9997,0,9999
2023-09-20T14:13:36,2,9997,0,9999
2023-09-20T14:26:36,2,9997,0,9999
2023-09-20T14:39:37,2,9997,0,9999
2023-09-20T14:52:37,2,9997,0,9999
2023-09-20T15:05:38,2,9997,0,9999
2023-09-20T15:18:41,2,9997,0,9999
2023-09-20T15:31:41,2,9997,0,9999
2023-09-20T15:44:52,2,9997,0,9999
2023-09-20T15:57:51,2,9997,0,9999
2023-09-20T16:10:51,2,9997,0,9999
2023-09-20T16:23:51,2,9997,0,9999
2023-09-20T16:36:52,2,9997,0,9999
2023-09-20T16:49:52,2,9997,0,9999
2023-09-20T17:03:03,2,9997,0,9999
2023-09-20T17:16:07,2,9997,0,9999
2023-09-20T17:29:07,2,9997,0,9999
2023-09-20T17:42:07,2,9997,0,9999
2023-09-20T17:55:08,2,9997,0,9999
2023-09-20T18:08:08,2,9997,0,9999
2023-09-20T18:21:09,2,9997,0,9999
2023-09-20T18:34:18,2,9997,0,9999
2023-09-20T18:47:18,2,9997,0,9999
2023-09-20T19:00:18,2,9997,0,9999
2023-09-20T19:13:19,2,9997,0,9999
2023-09-20T19:26:21,2,9997,0,9999
2023-09-20T19:39:21,2,9997,0,9999
2023-09-20T19:52:21,2,9997,0,9999
2023-09-20T20:05:22,2,9997,0,9999
2023-09-20T20:18:34,2,9997,0,9999
2023-09-20T20:31:33,2,9997,0,9999
2023-09-20T20:44:34,2,9997,0,9999
2023-09-20T20:57:34,2,9997,0,9999
2023-09-20T21:10:34,2,9997,0,9999
2023-09-20T21:23:33,2,9997,0,9999
2023-09-20T21:36:46,2,9997,0,9999
2023-09-20T21:49:46,2,9997,0,9999
2023-09-20T22:02:46,2,9997,0,9999
2023-09-20T22:15:46,2,9997,0,9999
2023-09-20T22:28:46,2,9997,0,9999
2023-09-20T22:41:47,2,9997,0,9999
2023-09-20T22:54:58,2,9997,0,9999
2023-09-20T23:07:58,2,9997,0,9999
2023-09-20T23:20:59,2,9997,0,9999
2023-09-20T23:34:00,2,9997,0,9999
2023-09-20T23:47:00,2,9997,0,9999
2023-09-21T00:00:00,2,9997,0,9999
2023-09-21T00:13:05,2,9997,0,9999
2023-09-21T00:26:11,2,9997,0,9999
2023-09-21T00:39:15,2,9997,0,9999
2023-09-21T00:52:31,2,9997,0,9999
2023-09-21T01:05:37,2,9997,0,9999
2023-09-21T01:18:41,2,9997,0,9999
2023-09-21T01:31:44,2,9997,0,9999
2023-09-21T01:44:48,2,9997,0,9999
2023-09-21T01:57:53,2,9997,0,9999
2023-09-21T02:10:57,2,9997,0,9999
2023-09-21T02:24:01,2,9997,0,9999
2023-09-21T02:37:03,2,9997,0,9999
2023-09-21T02:50:05,2,9997,0,9999
2023-09-21T03:03:07,2,9997,0,9999
2023-09-21T03:16:10,2,9997,0,9999
2023-09-21T03:29:14,2,9997,0,9999
2023-09-21T03:42:18,2,9997,0,9999
2023-09-21T03:55:23,2,9997,0,9999
2023-09-21T04:08:29,2,9997,0,9999
2023-09-21T04:24:45,2,9997,0,9999
2023-09-21T04:37:52,2,9997,0,9999
2023-09-21T04:52:35,2,9997,0,9999
2023-09-21T05:05:42,2,9997,0,9999
2023-09-21T05:18:47,2,9997,0,9999
2023-09-21T05:31:51,2,9997,0,9999
2023-09-21T05:44:55,2,9997,0,9999
2023-09-21T05:57:59,2,9997,0,9999
2023-09-21T06:11:02,2,9997,0,9999
2023-09-21T06:24:07,2,9997,0,9999
2023-09-21T06:37:13,2,9997,0,9999
2023-09-21T06:50:18,2,9997,0,9999
2023-09-21T07:03:22,2,9997,0,9999
2023-09-21T07:16:26,2,9997,0,9999
2023-09-21T07:29:29,2,9997,0,9999
2023-09-21T07:42:32,2,9997,0,9999
2023-09-21T07:55:36,2,9997,0,9999
2023-09-21T08:08:40,2,9997,0,9999
2023-09-21T08:21:46,2,9997,0,9999
2023-09-21T08:35:04,2,9997,0,9999
2023-09-21T08:48:06,2,9997,0,9999
2023-09-21T09:01:08,2,9997,0,9999
2023-09-21T09:14:10,2,9997,0,9999
2023-09-21T09:27:11,2,9997,0,9999
2023-09-21T09:40:10,2,9997,0,9999
2023-09-21T09:53:11,2,9997,0,9999
2023-09-21T10:06:12,2,9997,0,9999
2023-09-21T10:19:12,2,9997,0,9999
2023-09-21T10:32:23,2,9997,0,9999
2023-09-21T10:45:23,2,9997,0,9999
2023-09-21T10:58:23,2,9997,0,9999
2023-09-21T11:11:23,2,9997,0,9999
2023-09-21T11:24:23,2,9997,0,9999
2023-09-21T11:37:24,2,9997,0,9999
2023-09-21T11:50:44,2,9997,0,9999
2023-09-21T12:03:45,2,9997,0,9999
2023-09-21T12:16:45,2,9997,0,9999
2023-09-21T12:29:45,2,9997,0,9999
2023-09-21T12:42:47,2,9997,0,9999
2023-09-21T12:55:47,2,9997,0,9999
2023-09-21T13:08:59,2,9997,0,9999
2023-09-21T13:21:59,2,9997,0,9999
2023-09-21T13:35:02,2,9997,0,9999
2023-09-21T13:48:02,2,9997,0,9999
2023-09-21T14:01:03,2,9997,0,9999
2023-09-21T14:14:14,2,9997,0,9999
2023-09-21T14:27:14,2,9997,0,9999
2023-09-21T14:40:15,2,9997,0,9999
2023-09-21T14:53:17,2,9997,0,9999
2023-09-21T15:06:18,2,9997,0,9999
2023-09-21T15:19:18,2,9997,0,9999
2023-09-21T15:32:31,2,9997,0,9999
2023-09-21T15:45:32,2,9997,0,9999
2023-09-21T15:58:34,2,9997,0,9999
2023-09-21T16:11:34,2,9997,0,9999
2023-09-21T16:24:36,2,9997,0,9999
2023-09-21T16:37:39,2,9997,0,9999
2023-09-21T16:50:50,2,9997,0,9999
2023-09-21T17:03:50,2,9997,0,9999
2023-09-21T17:16:53,2,9997,0,9999
2023-09-21T17:29:53,2,9997,0,9999
2023-09-21T17:42:54,2,9997,0,9999
2023-09-21T17:55:55,2,9997,0,9999
2023-09-21T18:08:55,2,9997,0,9999
2023-09-21T18:22:09,2,9997,0,9999
2023-09-21T18:35:10,2,9997,0,9999
2023-09-21T18:48:10,2,9997,0,9999
2023-09-21T19:01:11,2,9997,0,9999
2023-09-21T19:14:12,2,9997,0,9999
2023-09-21T19:27:14,2,9997,0,9999
2023-09-21T19:40:15,2,9997,0,9999
2023-09-21T19:53:15,2,9997,0,9999
2023-09-21T20:06:34,2,9997,0,9999
2023-09-21T20:19:35,2,9997,0,9999
2023-09-21T20:32:37,2,9997,0,9999
2023-09-21T20:45:37,2,9997,0,9999
2023-09-21T20:58:37,2,9997,0,9999
2023-09-21T21:11:38,2,9997,0,9999
2023-09-21T21:24:41,2,9997,0,9999
2023-09-21T21:37:53,2,9997,0,9999
2023-09-21T21:50:54,2,9997,0,9999
2023-09-21T22:03:54,2,9997,0,9999
2023-09-21T22:16:56,2,9997,0,9999
2023-09-21T22:29:56,2,9997,0,9999
2023-09-21T22:42:57,2,9997,0,9999
2023-09-21T22:55:57,2,9997,0,9999
2023-09-21T23:09:18,2,9997,0,9999
2023-09-21T23:22:19,2,9997,0,9999
2023-09-21T23:35:21,2,9997,0,9999
2023-09-21T23:48:23,2,9997,0,9999
2023-09-22T00:01:25,2,9997,0,9999
2023-09-22T00:14:28,2,9997,0,9999
2023-09-22T00:27:34,2,9997,0,9999
2023-09-22T00:40:41,2,9997,0,9999
2023-09-22T00:53:46,2,9997,0,9999
2023-09-22T01:07:03,2,9997,0,9999
2023-09-22T01:20:08,2,9997,0,9999
2023-09-22T01:33:15,2,9997,0,9999
2023-09-22T01:46:21,2,9997,0,9999
2023-09-22T01:59:27,2,9997,0,9999
2023-09-22T02:12:35,2,9997,0,9999
2023-09-22T02:25:37,2,9997,0,9999
2023-09-22T02:38:42,2,9997,0,9999
2023-09-22T02:51:46,2,9997,0,9999
2023-09-22T03:04:49,2,9997,0,9999
2023-09-22T03:17:55,2,9997,0,9999
2023-09-22T03:31:19,2,9997,0,9999
2023-09-22T03:44:25,2,9997,0,9999
2023-09-22T03:57:30,2,9997,0,9999
2023-09-22T07:02:47,2,9997,0,9999
2023-09-22T07:15:52,2,9997,0,9999
2023-09-22T07:28:57,2,9997,0,9999
2023-09-22T07:42:03,2,9997,0,9999
2023-09-22T07:55:07,2,9997,0,9999
2023-09-22T08:08:18,2,9997,0,9999
2023-09-22T08:21:22,2,9997,0,9999
2023-09-22T08:34:24,2,9997,0,9999
2023-09-22T08:47:27,2,9997,0,9999
2023-09-22T09:00:29,2,9997,0,9999
2023-09-22T09:13:31,2,9997,0,9999
2023-09-22T09:26:33,2,9997,0,9999
2023-09-22T09:39:35,2,9997,0,9999
2023-09-22T09:52:37,2,9997,0,9999
2023-09-22T10:05:50,2,9997,0,9999
2023-09-22T10:18:53,2,9997,0,9999
2023-09-22T10:31:55,2,9997,0,9999
2023-09-22T10:44:57,2,9997,0,9999
2023-09-22T10:57:59,2,9997,0,9999
2023-09-22T11:11:00,2,9997,0,9999
2023-09-22T11:24:01,2,9997,0,9999
2023-09-22T11:37:14,2,9997,0,9999
2023-09-22T11:50:15,2,9997,0,9999
2023-09-22T12:03:16,2,9997,0,9999
2023-09-22T12:16:18,2,9997,0,9999
2023-09-22T12:29:19,2,9997,0,9999
2023-09-22T12:42:41,2,9997,0,9999
2023-09-22T12:55:42,2,9997,0,9999
2023-09-22T13:08:45,2,9997,0,9999
2023-09-22T13:21:46,2,9997,0,9999
2023-09-22T13:34:47,2,9997,0,9999
2023-09-22T13:47:49,2,9997,0,9999
2023-09-22T14:00:52,2,9997,0,9999
2023-09-22T14:14:05,2,9997,0,9999
2023-09-22T14:27:11,2,9997,0,9999
2023-09-22T14:40:16,2,9997,0,9999
2023-09-22T14:53:19,2,9997,0,9999
2023-09-22T15:06:24,2,9997,0,9999
2023-09-22T15:19:28,2,9997,0,9999
2023-09-22T15:32:43,2,9997,0,9999
2023-09-22T15:45:46,2,9997,0,9999
2023-09-22T15:58:47,2,9997,0,9999
2023-09-22T16:11:48,2,9997,0,9999
2023-09-22T16:24:49,2,9997,0,9999
2023-09-22T16:37:50,2,9997,0,9999
2023-09-22T16:51:10,2,9997,0,9999
2023-09-22T17:04:12,2,9997,0,9999
2023-09-22T17:17:14,2,9997,0,9999
2023-09-22T17:30:14,2,9997,0,9999
2023-09-22T17:43:15,2,9997,0,9999
2023-09-22T17:56:16,2,9997,0,9999
2023-09-22T18:09:27,2,9997,0,9999
2023-09-22T18:22:29,2,9997,0,9999
2023-09-22T18:35:32,2,9997,0,9999
2023-09-22T18:48:33,2,9997,0,9999
2023-09-22T19:01:35,2,9997,0,9999
2023-09-22T19:14:37,2,9997,0,9999
2023-09-22T19:27:39,2,9997,0,9999
2023-09-22T19:40:50,2,9997,0,9999
2023-09-22T19:53:50,2,9997,0,9999
2023-09-22T20:06:51,2,9997,0,9999
2023-09-22T20:19:53,2,9997,0,9999
2023-09-22T20:32:55,2,9997,0,9999
2023-09-22T20:45:56,2,9997,0,9999
2023-09-22T20:52:49,2,9997,0,9999
2023-09-22T21:05:50,2,9997,0,9999
2023-09-22T21:18:51,2,9997,0,9999
2023-09-22T21:31:51,2,9997,0,9999
2023-09-22T21:44:51,2,9997,0,9999
2023-09-22T21:57:53,2,9997,0,9999
2023-09-22T22:10:54,2,9997,0,9999
2023-09-22T22:24:06,2,9997,0,9999
2023-09-22T22:37:06,2,9997,0,9999
2023-09-22T22:50:06,2,9997,0,9999
2023-09-22T23:03:07,2,9997,0,9999
2023-09-22T23:16:10,2,9997,0,9999
2023-09-22T23:29:12,2,9997,0,9999
2023-09-22T23:42:13,2,9997,0,9999
2023-09-22T23:55:15,2,9997,0,9999
2023-09-23T00:08:18,2,9997,0,9999
2023-09-23T00:21:37,2,9997,0,9999
2023-09-23T00:34:42,2,9997,0,9999
2023-09-23T00:47:49,2,9997,0,9999
2023-09-23T00:56:03,2,9997,0,9999
2023-09-23T01:09:09,2,9997,0,9999
2023-09-23T01:22:16,2,9997,0,9999
2023-09-23T01:35:22,2,9997,0,9999
2023-09-23T01:48:29,2,9997,0,9999
2023-09-23T02:01:36,2,9997,0,9999
2023-09-23T02:14:41,2,9997,0,9999
2023-09-23T02:27:45,2,9997,0,9999
2023-09-23T02:40:51,2,9997,0,9999
2023-09-23T02:53:53,2,9997,0,9999
2023-09-23T03:06:56,2,9997,0,9999
2023-09-23T03:20:00,2,9997,0,9999
2023-09-23T03:33:04,2,9997,0,9999
2023-09-23T03:46:10,2,9997,0,9999
2023-09-23T04:01:16,2,9997,0,9999
2023-09-23T04:19:03,2,9997,0,9999
2023-09-23T04:32:37,2,9997,0,9999
2023-09-23T04:45:46,2,9997,0,9999
2023-09-23T04:58:52,2,9997,0,9999
2023-09-23T05:11:59,2,9997,0,9999
2023-09-23T05:25:04,2,9997,0,9999
2023-09-23T05:38:11,2,9997,0,9999
2023-09-23T05:51:17,2,9997,0,9999
2023-09-23T06:04:22,2,9997,0,9999
2023-09-23T06:17:29,2,9997,0,9999
2023-09-23T06:30:34,2,9997,0,9999
2023-09-23T06:43:39,2,9997,0,9999
2023-09-23T06:56:44,2,9997,0,9999
2023-09-23T07:09:49,2,9997,0,9999
2023-09-23T07:22:53,2,9997,0,9999
2023-09-23T07:35:57,2,9997,0,9999
2023-09-23T07:49:02,2,9997,0,9999
2023-09-23T08:02:14,2,9997,0,9999
2023-09-23T08:15:18,2,9997,0,9999
2023-09-23T08:28:23,2,9997,0,9999
2023-09-23T08:41:28,2,9997,0,9999
2023-09-23T08:54:32,2,9997,0,9999
2023-09-23T09:07:36,2,9997,0,9999
2023-09-23T09:20:40,2,9997,0,9999
2023-09-23T09:33:43,2,9997,0,9999
2023-09-23T09:46:46,2,9997,0,9999
2023-09-23T09:59:49,2,9997,0,9999
2023-09-23T10:12:51,2,9997,0,9999
2023-09-23T10:25:54,2,9997,0,9999
2023-09-23T10:39:07,2,9997,0,9999
2023-09-23T10:52:09,2,9997,0,9999
2023-09-23T11:05:11,2,9997,0,9999
2023-09-23T11:18:11,2,9997,0,9999
2023-09-23T11:31:12,2,9997,0,9999
2023-09-23T11:44:14,2,9997,0,9999
2023-09-23T11:57:15,2,9997,0,9999
2023-09-23T12:10:16,2,9997,0,9999
2023-09-23T12:23:19,2,9997,0,9999
2023-09-23T12:36:31,2,9997,0,9999
2023-09-23T12:49:32,2,9997,0,9999
2023-09-23T13:02:33,2,9997,0,9999
2023-09-23T13:15:33,2,9997,0,9999
2023-09-23T13:28:34,2,9997,0,9999
2023-09-23T13:41:35,2,9997,0,9999
2023-09-23T13:54:36,2,9997,0,9999
2023-09-23T14:07:46,2,9997,0,9999
2023-09-23T14:20:47,2,9997,0,9999
2023-09-23T14:33:53,2,9997,0,9999
2023-09-23T14:46:55,2,9997,0,9999
2023-09-23T14:59:56,2,9997,0,9999
2023-09-23T15:12:57,2,9997,0,9999
2023-09-23T15:25:58,2,9997,0,9999
2023-09-23T15:38:59,2,9997,0,9999
2023-09-23T15:52:10,2,9997,0,9999
2023-09-23T16:05:10,2,9997,0,9999
2023-09-23T16:18:11,2,9997,0,9999
2023-09-23T16:31:11,2,9997,0,9999
2023-09-23T16:44:13,2,9997,0,9999
2023-09-23T16:57:13,2,9997,0,9999
2023-09-23T17:10:15,2,9997,0,9999
2023-09-23T17:23:16,2,9997,0,9999
2023-09-23T17:36:17,2,9997,0,9999
2023-09-23T17:49:18,2,9997,0,9999
2023-09-23T18:02:29,2,9997,0,9999
2023-09-23T18:15:30,2,9997,0,9999
2023-09-23T18:28:31,2,9997,0,9999
2023-09-23T18:41:32,2,9997,0,9999
2023-09-23T18:54:32,2,9997,0,9999
2023-09-23T19:07:34,2,9997,0,9999
2023-09-23T19:20:36,2,9997,0,9999
2023-09-23T19:33:37,2,9997,0,9999
2023-09-23T19:46:38,2,9997,0,9999
2023-09-23T19:59:48,2,9997,0,9999
2023-09-23T20:12:49,2,9997,0,9999
2023-09-23T20:25:50,2,9997,0,9999
2023-09-23T20:38:51,2,9997,0,9999
2023-09-23T20:51:52,2,9997,0,9999
2023-09-23T21:04:53,2,9997,0,9999
2023-09-23T21:17:54,2,9997,0,9999
2023-09-23T21:30:56,2,9997,0,9999
2023-09-23T21:43:56,2,9997,0,9999
2023-09-23T21:56:58,2,9997,0,9999
2023-09-23T22:10:08,2,9997,0,9999
2023-09-23T22:23:08,2,9997,0,9999
2023-09-23T22:36:10,2,9997,0,9999
2023-09-23T22:49:10,2,9997,0,9999
2023-09-23T23:02:11,2,9997,0,9999
2023-09-23T23:15:13,2,9997,0,9999
2023-09-23T23:28:14,2,9997,0,9999
2023-09-23T23:41:14,2,9997,0,9999
2023-09-23T23:54:15,2,9997,0,9999
2023-09-24T00:07:27,2,9997,0,9999
2023-09-24T00:20:34,2,9997,0,9999
2023-09-24T00:33:37,2,9997,0,9999
2023-09-24T00:46:38,2,9997,0,9999
2023-09-24T00:59:40,2,9997,0,9999
2023-09-24T01:12:40,2,9997,0,9999
2023-09-24T01:25:41,2,9997,0,9999
2023-09-24T01:38:41,2,9997,0,9999
2023-09-24T01:51:44,2,9997,0,9999
2023-09-24T02:04:45,2,9997,0,9999
2023-09-24T02:17:46,2,9997,0,9999
2023-09-24T02:30:48,2,9997,0,9999
2023-09-24T02:43:52,2,9997,0,9999
2023-09-24T02:56:53,2,9997,0,9999
2023-09-24T03:09:54,2,9997,0,9999
2023-09-24T03:22:57,2,9997,0,9999
2023-09-24T03:35:59,2,9997,0,9999
2023-09-24T03:49:28,2,9997,0,9999
2023-09-24T04:02:37,2,9997,0,9999
2023-09-24T04:19:49,2,9997,0,9999
2023-09-24T04:33:21,2,9997,0,9999
2023-09-24T04:46:29,2,9997,0,9999
2023-09-24T04:59:36,2,9997,0,9999
2023-09-24T05:12:44,2,9997,0,9999
2023-09-24T05:25:50,2,9997,0,9999
2023-09-24T05:38:56,2,9997,0,9999
2023-09-24T05:52:04,2,9997,0,9999
2023-09-24T06:05:10,2,9997,0,9999
2023-09-24T06:18:16,2,9997,0,9999
2023-09-24T06:31:21,2,9997,0,9999
2023-09-24T06:44:26,2,9997,0,9999
2023-09-24T06:57:31,2,9997,0,9999
2023-09-24T07:10:54,2,9997,0,9999
2023-09-24T07:23:59,2,9997,0,9999
2023-09-24T07:37:02,2,9997,0,9999
2023-09-24T07:50:06,2,9997,0,9999
2023-09-24T08:03:11,2,9997,0,9999
2023-09-24T08:16:15,2,9997,0,9999
2023-09-24T08:29:18,2,9997,0,9999
2023-09-24T08:42:26,2,9997,0,9999
2023-09-24T08:55:29,2,9997,0,9999
2023-09-24T09:08:33,2,9997,0,9999
2023-09-24T09:21:38,2,9997,0,9999
2023-09-24T09:34:53,2,9997,0,9999
2023-09-24T09:48:00,2,9997,0,9999
2023-09-24T10:01:05,2,9997,0,9999
2023-09-24T10:14:10,2,9997,0,9999
2023-09-24T10:27:18,2,9997,0,9999
2023-09-24T10:40:27,2,9997,0,9999
2023-09-24T10:53:37,2,9997,0,9999
2023-09-24T11:06:43,2,9997,0,9999
2023-09-24T11:19:47,2,9997,0,9999
2023-09-24T11:32:59,2,9997,0,9999
2023-09-24T11:46:01,2,9997,0,9999
2023-09-24T11:59:01,2,9997,0,9999
2023-09-24T12:12:03,2,9997,0,9999
2023-09-24T12:25:05,2,9997,0,9999
2023-09-24T12:38:06,2,9997,0,9999
2023-09-24T12:51:18,2,9997,0,9999
2023-09-24T13:04:19,2,9997,0,9999
2023-09-24T13:17:19,2,9997,0,9999
2023-09-24T13:30:20,2,9997,0,9999
2023-09-24T13:43:20,3,9996,0,9999
2023-09-24T13:56:21,3,9996,0,9999
2023-09-24T14:09:23,3,9996,0,9999
2023-09-24T14:22:23,3,9996,0,9999
2023-09-24T14:35:34,3,9996,0,9999
2023-09-24T14:48:35,3,9996,0,9999
2023-09-24T15:01:36,3,9996,0,9999
2023-09-24T15:14:37,3,9996,0,9999
2023-09-24T15:27:39,3,9996,0,9999
2023-09-24T15:40:40,3,9996,0,9999
2023-09-24T15:53:41,3,9996,0,9999
2023-09-24T16:06:52,3,9996,0,9999
2023-09-24T16:19:53,3,9996,0,9999
2023-09-24T16:32:55,3,9996,0,9999
2023-09-24T16:45:57,3,9996,0,9999
2023-09-24T16:58:57,3,9996,0,9999
2023-09-24T17:11:58,3,9996,0,9999
2023-09-24T17:24:59,3,9996,0,9999
2023-09-24T17:38:09,3,9996,0,9999
2023-09-24T17:51:10,3,9996,0,9999
2023-09-24T18:04:11,3,9996,0,9999
2023-09-24T18:17:12,3,9996,0,9999
2023-09-24T18:30:13,3,9996,0,9999
2023-09-24T18:43:23,3,9996,0,9999
2023-09-24T18:56:24,3,9996,0,9999
2023-09-24T19:09:28,3,9996,0,9999
2023-09-24T19:22:30,3,9996,0,9999
2023-09-24T19:35:31,3,9996,0,9999
2023-09-24T19:48:32,3,9996,0,9999
2023-09-24T20:01:32,3,9996,0,9999
2023-09-24T20:14:43,3,9996,0,9999
2023-09-24T20:27:44,3,9996,0,9999
2023-09-24T20:40:44,3,9996,0,9999
2023-09-24T20:53:45,3,9996,0,9999
2023-09-24T21:06:46,3,9996,0,9999
2023-09-24T21:19:47,3,9996,0,9999
2023-09-24T21:32:49,3,9996,0,9999
2023-09-24T21:46:00,3,9996,0,9999
2023-09-24T21:59:02,3,9996,0,9999
2023-09-24T22:12:05,3,9996,0,9999
2023-09-24T22:25:06,3,9996,0,9999
2023-09-24T22:38:06,3,9996,0,9999
2023-09-24T22:51:08,3,9996,0,9999
2023-09-24T23:04:18,3,9996,0,9999
2023-09-24T23:17:19,3,9996,0,9999
2023-09-24T23:30:22,3,9996,0,9999
2023-09-24T23:43:25,3,9996,0,9999
2023-09-24T23:56:26,3,9996,0,9999
2023-09-25T00:09:29,3,9996,0,9999
2023-09-25T00:22:46,3,9996,0,9999
2023-09-25T00:36:13,3,9996,0,9999
2023-09-25T00:49:19,3,9996,0,9999
2023-09-25T01:02:23,3,9996,0,9999
2023-09-25T01:15:31,3,9996,0,9999
2023-09-25T01:28:40,3,9996,0,9999
2023-09-25T01:41:46,3,9996,0,9999
2023-09-25T01:54:55,3,9996,0,9999
2023-09-25T02:08:13,3,9996,0,9999
2023-09-25T02:21:18,3,9996,0,9999
2023-09-25T02:34:23,3,9996,0,9999
2023-09-25T02:47:27,3,9996,0,9999
2023-09-25T03:00:30,3,9996,0,9999
2023-09-25T03:13:35,3,9996,0,9999
2023-09-25T03:26:50,3,9996,0,9999
2023-09-25T03:39:54,3,9996,0,9999
2023-09-25T03:53:00,3,9996,0,9999
2023-09-25T04:06:05,3,9996,0,9999
2023-09-25T04:20:04,3,9996,0,9999
2023-09-25T04:33:13,3,9996,0,9999
2023-09-25T04:46:19,3,9996,0,9999
2023-09-25T05:01:11,3,9996,0,9999
2023-09-25T05:14:29,3,9996,0,9999
2023-09-25T05:27:43,3,9996,0,9999
2023-09-25T05:40:49,3,9996,0,9999
2023-09-25T05:53:55,3,9996,0,9999
2023-09-25T06:07:00,3,9996,0,9999
2023-09-25T06:20:14,3,9996,0,9999
2023-09-25T06:33:19,3,9996,0,9999
2023-09-25T06:46:24,3,9996,0,9999
2023-09-25T06:59:29,3,9996,0,9999
2023-09-25T07:12:34,3,9996,0,9999
2023-09-25T07:25:37,3,9996,0,9999
2023-09-25T07:38:39,3,9996,0,9999
2023-09-25T07:51:39,3,9996,0,9999
2023-09-25T08:04:40,3,9996,0,9999
2023-09-25T08:17:50,3,9996,0,9999
2023-09-25T08:30:51,3,9996,0,9999
2023-09-25T08:43:52,3,9996,0,9999
2023-09-25T08:56:53,3,9996,0,9999
2023-09-25T09:10:08,3,9996,0,9999
2023-09-25T09:23:10,3,9996,0,9999
2023-09-25T09:36:16,3,9996,0,9999
2023-09-25T09:49:17,3,9996,0,9999
2023-09-25T10:02:17,3,9996,0,9999
2023-09-25T10:15:30,3,9996,0,9999
2023-09-25T10:28:30,3,9996,0,9999
2023-09-25T10:41:31,3,9996,0,9999
2023-09-25T10:54:44,3,9996,0,9999
2023-09-25T11:07:46,3,9996,0,9999
2023-09-25T11:20:48,3,9996,0,9999
2023-09-25T11:33:49,3,9996,0,9999
2023-09-25T11:47:00,3,9996,0,9999
2023-09-25T12:00:01,3,9996,0,9999
2023-09-25T12:13:02,3,9996,0,9999
2023-09-25T12:26:03,3,9996,0,9999
2023-09-25T12:39:14,3,9996,0,9999
2023-09-25T12:52:16,3,9996,0,9999
2023-09-25T13:05:17,3,9996,0,9999
2023-09-25T13:18:18,3,9996,0,9999
2023-09-25T13:31:30,3,9996,0,9999
2023-09-25T13:44:31,3,9996,0,9999
2023-09-25T13:57:33,3,9996,0,9999
2023-09-25T14:10:35,3,9996,0,9999
2023-09-25T14:23:37,3,9996,0,9999
2023-09-25T14:36:49,3,9996,0,9999
2023-09-25T14:49:51,3,9996,0,9999
2023-09-25T15:02:53,3,9996,0,9999
2023-09-25T15:15:55,3,9996,0,9999
2023-09-25T15:29:07,3,9996,0,9999
2023-09-25T15:42:09,3,9996,0,9999
2023-09-25T15:55:11,3,9996,0,9999
2023-09-25T16:08:13,3,9996,0,9999
2023-09-25T16:21:24,3,9996,0,9999
2023-09-25T16:34:26,3,9996,0,9999
2023-09-25T16:47:27,3,9996,0,9999
2023-09-25T17:00:41,3,9996,0,9999
2023-09-25T17:13:44,3,9996,0,9999
2023-09-25T17:26:45,3,9996,0,9999
2023-09-25T17:39:47,3,9996,0,9999
2023-09-25T17:52:49,3,9996,0,9999
2023-09-25T18:06:00,3,9996,0,9999
2023-09-25T18:19:01,3,9996,0,9999
2023-09-25T18:32:02,3,9996,0,9999
2023-09-25T18:45:04,3,9996,0,9999
2023-09-25T18:58:05,3,9996,0,9999
2023-09-25T19:11:17,3,9996,0,9999
2023-09-25T19:24:19,3,9996,0,9999
2023-09-25T19:37:20,3,9996,0,9999
2023-09-25T19:50:21,3,9996,0,9999
2023-09-25T20:03:22,3,9996,0,9999
2023-09-25T20:16:34,3,9996,0,9999
2023-09-25T20:29:35,3,9996,0,9999
2023-09-25T20:42:36,3,9996,0,9999
2023-09-25T20:55:37,3,9996,0,9999
2023-09-25T21:08:49,3,9996,0,9999
2023-09-25T21:21:51,3,9996,0,9999
2023-09-25T21:34:52,3,9996,0,9999
2023-09-25T21:47:53,3,9996,0,9999
2023-09-25T22:00:54,3,9996,0,9999
2023-09-25T22:13:55,3,9996,0,9999
2023-09-25T22:27:07,3,9996,0,9999
2023-09-25T22:40:09,3,9996,0,9999
2023-09-25T22:53:10,3,9996,0,9999
2023-09-25T23:06:11,3,9996,0,9999
2023-09-25T23:19:13,3,9996,0,9999
2023-09-25T23:32:26,3,9996,0,9999
2023-09-25T23:45:28,3,9996,0,9999
2023-09-25T23:58:30,3,9996,0,9999
2023-09-26T00:11:33,3,9996,0,9999
2023-09-26T00:24:42,3,9996,0,9999
2023-09-26T00:37:47,3,9996,0,9999
2023-09-26T00:51:08,3,9996,0,9999
2023-09-26T01:04:14,3,9996,0,9999
2023-09-26T01:17:20,3,9996,0,9999
2023-09-26T01:30:26,3,9996,0,9999
2023-09-26T01:43:31,3,9996,0,9999
2023-09-26T01:56:39,3,9996,0,9999
2023-09-26T02:09:43,3,9996,0,9999
2023-09-26T02:22:48,3,9996,0,9999
2023-09-26T02:35:51,3,9996,0,9999
2023-09-26T02:48:55,3,9996,0,9999
2023-09-26T03:01:57,3,9996,0,9999
2023-09-26T03:15:02,3,9996,0,9999
2023-09-26T03:28:07,3,9996,0,9999
2023-09-26T03:41:14,3,9996,0,9999
2023-09-26T03:54:33,3,9996,0,9999
2023-09-26T04:07:39,3,9996,0,9999
2023-09-26T04:20:55,3,9996,0,9999
2023-09-26T04:35:35,3,9996,0,9999
2023-09-26T04:48:44,3,9996,0,9999
2023-09-26T05:01:51,3,9996,0,9999
2023-09-26T05:14:59,3,9996,0,9999
2023-09-26T05:28:05,3,9996,0,9999
2023-09-26T05:41:14,3,9996,0,9999
2023-09-26T05:54:24,3,9996,0,9999
2023-09-26T06:07:32,3,9996,0,9999
2023-09-26T06:20:37,3,9996,0,9999
2023-09-26T06:33:43,3,9996,0,9999
2023-09-26T06:46:48,3,9996,0,9999
2023-09-26T06:59:53,3,9996,0,9999
2023-09-26T07:13:01,3,9996,0,9999
2023-09-26T07:26:04,3,9996,0,9999
2023-09-26T07:39:08,3,9996,0,9999
2023-09-26T07:52:11,3,9996,0,9999
2023-09-26T08:05:15,3,9996,0,9999
2023-09-26T08:18:18,3,9996,0,9999
2023-09-26T08:31:35,3,9996,0,9999
2023-09-26T08:44:38,3,9996,0,9999
2023-09-26T08:57:40,3,9996,0,9999
2023-09-26T09:10:42,3,9996,0,9999
2023-09-26T09:23:43,3,9996,0,9999
2023-09-26T09:36:44,3,9996,0,9999
2023-09-26T09:49:46,3,9996,0,9999
2023-09-26T10:02:59,3,9996,0,9999
2023-09-26T10:16:01,3,9996,0,9999
2023-09-26T10:29:02,3,9996,0,9999
2023-09-26T10:42:05,3,9996,0,9999
2023-09-26T10:55:08,3,9996,0,9999
2023-09-26T11:08:21,3,9996,0,9999
2023-09-26T11:21:23,3,9996,0,9999
2023-09-26T11:34:25,3,9996,0,9999
2023-09-26T11:47:41,3,9996,0,9999
2023-09-26T12:00:43,3,9996,0,9999
2023-09-26T12:13:45,3,9996,0,9999
2023-09-26T12:26:57,3,9996,0,9999
2023-09-26T12:39:59,3,9996,0,9999
2023-09-26T12:53:00,3,9996,0,9999
2023-09-26T13:06:01,3,9996,0,9999
2023-09-26T13:19:14,3,9996,0,9999
2023-09-26T13:32:16,3,9996,0,9999
2023-09-26T13:45:18,3,9996,0,9999
2023-09-26T13:58:21,3,9996,0,9999
2023-09-26T14:11:33,3,9996,0,9999
2023-09-26T14:24:35,3,9996,0,9999
2023-09-26T14:37:37,3,9996,0,9999
2023-09-26T14:50:39,3,9996,0,9999
2023-09-26T15:03:52,3,9996,0,9999
2023-09-26T15:16:54,3,9996,0,9999
2023-09-26T15:29:56,3,9996,0,9999
2023-09-26T15:42:59,3,9996,0,9999
2023-09-26T15:56:11,3,9996,0,9999
2023-09-26T16:09:14,3,9996,0,9999
2023-09-26T16:22:16,3,9996,0,9999
2023-09-26T16:35:18,3,9996,0,9999
2023-09-26T16:48:33,3,9996,0,9999
2023-09-26T17:01:35,3,9996,0,9999
2023-09-26T17:14:39,3,9996,0,9999
2023-09-26T17:27:41,3,9996,0,9999
2023-09-26T17:40:43,3,9996,0,9999
2023-09-26T17:53:57,3,9996,0,9999
2023-09-26T18:06:59,3,9996,0,9999
2023-09-26T18:20:00,3,9996,0,9999
2023-09-26T18:33:02,3,9996,0,9999
2023-09-26T18:46:04,3,9996,0,9999
2023-09-26T18:59:17,3,9996,0,9999
2023-09-26T19:12:20,3,9996,0,9999
2023-09-26T19:25:22,3,9996,0,9999
2023-09-26T19:38:24,3,9996,0,9999
2023-09-26T19:51:25,3,9996,0,9999
2023-09-26T20:04:39,3,9996,0,9999
2023-09-26T20:17:41,3,9996,0,9999
2023-09-26T20:30:44,3,9996,0,9999
2023-09-26T20:43:46,3,9996,0,9999
2023-09-26T20:56:47,3,9996,0,9999
2023-09-26T21:09:49,3,9996,0,9999
2023-09-26T21:23:03,3,9996,0,9999
2023-09-26T21:36:04,3,9996,0,9999
2023-09-26T21:49:07,3,9996,0,9999
2023-09-26T22:02:08,3,9996,0,9999
2023-09-26T22:15:10,3,9996,0,9999
2023-09-26T22:28:23,3,9996,0,9999
2023-09-26T22:41:26,3,9996,0,9999
2023-09-26T22:54:28,3,9996,0,9999
2023-09-26T23:07:31,3,9996,0,9999
2023-09-26T23:20:34,3,9996,0,9999
2023-09-26T23:33:36,3,9996,0,9999
2023-09-26T23:46:49,3,9996,0,9999
2023-09-26T23:59:56,3,9996,0,9999
2023-09-27T00:13:07,3,9996,0,9999
2023-09-27T00:26:16,3,9996,0,9999
2023-09-27T00:39:22,3,9996,0,9999
2023-09-27T00:52:29,3,9996,0,9999
2023-09-27T01:05:37,3,9996,0,9999
2023-09-27T01:18:55,3,9996,0,9999
2023-09-27T01:32:02,3,9996,0,9999
2023-09-27T01:45:09,3,9996,0,9999
2023-09-27T01:58:18,3,9996,0,9999
2023-09-27T02:11:28,3,9996,0,9999
2023-09-27T02:24:34,3,9996,0,9999
2023-09-27T02:37:38,3,9996,0,9999
2023-09-27T02:50:43,3,9996,0,9999
2023-09-27T03:03:50,3,9996,0,9999
2023-09-27T03:16:59,3,9996,0,9999
2023-09-27T03:30:06,3,9996,0,9999
2023-09-27T03:43:14,3,9996,0,9999
2023-09-27T03:56:21,3,9996,0,9999
2023-09-27T04:09:29,3,9996,0,9999
2023-09-27T04:23:38,3,9996,0,9999
2023-09-27T04:36:47,3,9996,0,9999
2023-09-27T04:51:13,3,9996,0,9999
2023-09-27T05:04:37,3,9996,0,9999
2023-09-27T05:17:45,3,9996,0,9999
2023-09-27T05:30:52,3,9996,0,9999
2023-09-27T05:43:59,3,9996,0,9999
2023-09-27T05:57:06,3,9996,0,9999
2023-09-27T06:10:12,3,9996,0,9999
2023-09-27T06:23:17,3,9996,0,9999
2023-09-27T06:36:23,3,9996,0,9999
2023-09-27T06:49:30,3,9996,0,9999
2023-09-27T07:02:38,3,9996,0,9999
2023-09-27T07:15:44,3,9996,0,9999
2023-09-27T07:28:49,3,9996,0,9999
2023-09-27T07:41:53,3,9996,0,9999
2023-09-27T07:54:56,3,9996,0,9999
2023-09-27T08:08:00,3,9996,0,9999
2023-09-27T08:21:13,3,9996,0,9999
2023-09-27T08:34:17,3,9996,0,9999
2023-09-27T08:47:20,3,9996,0,9999
2023-09-27T09:00:22,3,9996,0,9999
2023-09-27T09:13:28,3,9996,0,9999
2023-09-27T09:26:30,3,9996,0,9999
2023-09-27T09:39:32,3,9996,0,9999
2023-09-27T09:52:45,3,9996,0,9999
2023-09-27T10:05:47,3,9996,0,9999
2023-09-27T10:18:49,3,9996,0,9999
2023-09-27T10:31:54,3,9996,0,9999
2023-09-27T10:45:08,3,9996,0,9999
2023-09-27T10:58:10,3,9996,0,9999
2023-09-27T11:11:13,3,9996,0,9999
2023-09-27T11:24:27,3,9996,0,9999
2023-09-27T11:37:30,3,9996,0,9999
2023-09-27T11:50:33,3,9996,0,9999
2023-09-27T12:03:49,3,9996,0,9999
2023-09-27T12:16:51,3,9996,0,9999
2023-09-27T12:29:54,3,9996,0,9999
2023-09-27T12:42:58,3,9996,0,9999
2023-09-27T12:56:12,3,9996,0,9999
2023-09-27T13:09:15,3,9996,0,9999
2023-09-27T13:22:30,3,9996,0,9999
2023-09-27T13:35:34,3,9996,0,9999
2023-09-27T13:48:37,3,9996,0,9999
2023-09-27T14:01:50,3,9996,0,9999
2023-09-27T14:14:53,3,9996,0,9999
2023-09-27T14:27:56,3,9996,0,9999
2023-09-27T14:41:11,3,9996,0,9999
2023-09-27T14:54:14,3,9996,0,9999
2023-09-27T15:07:16,3,9996,0,9999
2023-09-27T15:20:30,3,9996,0,9999
2023-09-27T15:33:33,3,9996,0,9999
2023-09-27T15:46:36,3,9996,0,9999
2023-09-27T15:59:50,3,9996,0,9999
2023-09-27T16:12:53,3,9996,0,9999
2023-09-27T16:25:55,3,9996,0,9999
2023-09-27T16:39:10,3,9996,0,9999
2023-09-27T16:52:14,3,9996,0,9999
2023-09-27T17:05:19,3,9996,0,9999
2023-09-27T17:18:23,3,9996,0,9999
2023-09-27T17:31:38,3,9996,0,9999
2023-09-27T17:44:41,3,9996,0,9999
2023-09-27T17:57:43,3,9996,0,9999
2023-09-27T18:10:57,3,9996,0,9999
2023-09-27T18:24:00,3,9996,0,9999
2023-09-27T18:37:02,3,9996,0,9999
2023-09-27T18:50:15,3,9996,0,9999
2023-09-27T19:03:18,3,9996,0,9999
2023-09-27T19:16:21,3,9996,0,9999
2023-09-27T19:29:39,3,9996,0,9999
2023-09-27T19:42:41,3,9996,0,9999
2023-09-27T19:55:44,3,9996,0,9999
2023-09-27T20:08:46,3,9996,0,9999
2023-09-27T20:22:00,3,9996,0,9999
2023-09-27T20:35:02,3,9996,0,9999
2023-09-27T20:48:04,3,9996,0,9999
2023-09-27T21:01:19,3,9996,0,9999
2023-09-27T21:14:21,3,9996,0,9999
2023-09-27T21:27:24,3,9996,0,9999
2023-09-27T21:40:38,3,9996,0,9999
2023-09-27T21:53:41,3,9996,0,9999
2023-09-27T22:06:56,3,9996,0,9999
2023-09-27T22:19:59,3,9996,0,9999
2023-09-27T22:33:02,3,9996,0,9999
2023-09-27T22:46:17,3,9996,0,9999
2023-09-27T22:59:19,3,9996,0,9999
2023-09-27T23:12:24,3,9996,0,9999
2023-09-27T23:25:38,3,9996,0,9999
2023-09-27T23:38:45,3,9996,0,9999
2023-09-27T23:51:49,3,9996,0,9999
2023-09-28T00:06:20,3,9996,0,9999
2023-09-28T00:19:32,3,9996,0,9999
2023-09-28T00:32:40,3,9996,0,9999
2023-09-28T00:45:59,3,9996,0,9999
2023-09-28T00:59:05,3,9996,0,9999
2023-09-28T01:12:11,3,9996,0,9999
2023-09-28T01:25:17,3,9996,0,9999
2023-09-28T01:38:22,3,9996,0,9999
2023-09-28T01:51:30,3,9996,0,9999
2023-09-28T02:04:38,3,9996,0,9999
2023-09-28T02:17:54,3,9996,0,9999
2023-09-28T02:30:59,3,9996,0,9999
2023-09-28T02:44:06,3,9996,0,9999
2023-09-28T02:57:11,3,9996,0,9999
2023-09-28T03:10:15,3,9996,0,9999
2023-09-28T03:23:23,3,9996,0,9999
2023-09-28T03:36:29,3,9996,0,9999
2023-09-28T03:49:34,3,9996,0,9999
2023-09-28T04:02:42,3,9996,0,9999
2023-09-28T04:15:18,3,9996,0,9999
2023-09-28T04:29:43,3,9996,0,9999
2023-09-28T04:43:11,3,9996,0,9999
2023-09-28T04:56:19,3,9996,0,9999
2023-09-28T05:09:26,3,9996,0,9999
2023-09-28T05:22:33,3,9996,0,9999
2023-09-28T05:35:39,3,9996,0,9999
2023-09-28T05:48:46,3,9996,0,9999
2023-09-28T06:01:51,3,9996,0,9999
2023-09-28T06:14:57,3,9996,0,9999
2023-09-28T06:28:03,3,9996,0,9999
2023-09-28T06:41:09,3,9996,0,9999
2023-09-28T06:54:15,3,9996,0,9999
2023-09-28T07:07:21,3,9996,0,9999
2023-09-28T07:20:33,3,9996,0,9999
2023-09-28T07:33:38,3,9996,0,9999
2023-09-28T07:46:42,3,9996,0,9999
2023-09-28T07:59:48,3,9996,0,9999
2023-09-28T08:13:12,3,9996,0,9999
2023-09-28T08:26:16,3,9996,0,9999
2023-09-28T08:39:20,3,9996,0,9999
2023-09-28T08:52:34,3,9996,0,9999
2023-09-28T09:05:38,3,9996,0,9999
2023-09-28T09:18:53,3,9996,0,9999
2023-09-28T09:32:15,3,9996,0,9999
2023-09-28T09:45:22,3,9996,0,9999
2023-09-28T09:58:35,3,9996,0,9999
2023-09-28T10:11:55,3,9996,0,9999
2023-09-28T10:24:58,3,9996,0,9999
2023-09-28T10:38:12,3,9996,0,9999
2023-09-28T10:51:15,3,9996,0,9999
2023-09-28T11:04:28,3,9996,0,9999
2023-09-28T11:17:40,3,9996,0,9999
2023-09-28T11:30:54,3,9996,0,9999
2023-09-28T11:43:57,3,9996,0,9999
2023-09-28T11:57:10,3,9996,0,9999
2023-09-28T12:10:29,3,9996,0,9999
2023-09-28T12:23:31,3,9996,0,9999
2023-09-28T12:36:45,3,9996,0,9999
2023-09-28T12:50:07,3,9996,0,9999
2023-09-28T13:03:10,3,9996,0,9999
2023-09-28T13:16:24,3,9996,0,9999
2023-09-28T13:29:26,3,9996,0,9999
2023-09-28T13:42:48,3,9996,0,9999
2023-09-28T13:55:50,3,9996,0,9999
2023-09-28T14:09:04,3,9996,0,9999
2023-09-28T14:22:24,3,9996,0,9999
2023-09-28T14:35:27,3,9996,0,9999
2023-09-28T14:48:41,3,9996,0,9999
2023-09-28T15:01:43,3,9996,0,9999
2023-09-28T15:14:57,3,9996,0,9999
2023-09-28T15:28:00,3,9996,0,9999
2023-09-28T15:41:23,3,9996,0,9999
2023-09-28T15:54:25,3,9996,0,9999
2023-09-28T16:07:38,3,9996,0,9999
2023-09-28T16:20:41,3,9996,0,9999
2023-09-28T16:34:04,3,9996,0,9999
2023-09-28T16:47:07,3,9996,0,9999
2023-09-28T17:00:23,3,9996,0,9999
2023-09-28T17:13:28,3,9996,0,9999
2023-09-28T17:26:49,3,9996,0,9999
2023-09-28T17:39:51,3,9996,0,9999
2023-09-28T17:52:53,3,9996,0,9999
2023-09-28T18:06:19,3,9996,0,9999
2023-09-28T18:19:21,3,9996,0,9999
2023-09-28T18:32:23,3,9996,0,9999
2023-09-28T18:45:25,3,9996,0,9999
2023-09-28T18:58:39,3,9996,0,9999
2023-09-28T19:11:41,3,9996,0,9999
2023-09-28T19:24:42,3,9996,0,9999
2023-09-28T19:37:44,3,9996,0,9999
2023-09-28T19:50:56,3,9996,0,9999
2023-09-28T20:03:58,3,9996,0,9999
2023-09-28T20:16:59,3,9996,0,9999
2023-09-28T20:30:01,3,9996,0,9999
2023-09-28T20:43:13,3,9996,0,9999
2023-09-28T20:56:14,3,9996,0,9999
2023-09-28T21:09:16,3,9996,0,9999
2023-09-28T21:22:18,3,9996,0,9999
2023-09-28T21:35:31,3,9996,0,9999
2023-09-28T21:48:33,3,9996,0,9999
2023-09-28T22:01:35,3,9996,0,9999
2023-09-28T22:14:37,3,9996,0,9999
2023-09-28T22:27:49,3,9996,0,9999
2023-09-28T22:40:52,3,9996,0,9999
2023-09-28T22:53:54,3,9996,0,9999
2023-09-28T23:06:57,3,9996,0,9999
2023-09-28T23:19:59,3,9996,0,9999
2023-09-28T23:33:11,3,9996,0,9999
2023-09-28T23:46:14,3,9996,0,9999
2023-09-28T23:59:16,3,9996,0,9999
2023-09-29T00:12:26,3,9996,0,9999
2023-09-29T00:25:32,3,9996,0,9999
2023-09-29T00:38:47,3,9996,0,9999
2023-09-29T00:51:55,3,9996,0,9999
2023-09-29T01:05:01,3,9996,0,9999
2023-09-29T01:18:09,3,9996,0,9999
2023-09-29T01:31:15,3,9996,0,9999
2023-09-29T01:45:12,3,9996,0,9999
2023-09-29T01:58:20,3,9996,0,9999
2023-09-29T02:11:27,3,9996,0,9999
2023-09-29T02:24:31,3,9996,0,9999
2023-09-29T02:37:35,3,9996,0,9999
2023-09-29T02:50:40,3,9996,0,9999
2023-09-29T03:04:07,3,9996,0,9999
2023-09-29T03:17:15,3,9996,0,9999
2023-09-29T03:30:23,3,9996,0,9999
2023-09-29T03:43:31,3,9996,0,9999
2023-09-29T03:56:37,3,9996,0,9999
2023-09-29T04:09:45,3,9996,0,9999
2023-09-29T04:29:22,3,9996,0,9999
2023-09-29T04:42:54,3,9996,0,9999
2023-09-29T04:56:01,3,9996,0,9999
2023-09-29T05:09:11,3,9996,0,9999
2023-09-29T05:22:17,3,9996,0,9999
2023-09-29T05:35:23,3,9996,0,9999
2023-09-29T05:48:30,3,9996,0,9999
2023-09-29T06:01:38,3,9996,0,9999
2023-09-29T06:14:43,3,9996,0,9999
2023-09-29T06:27:47,3,9996,0,9999
2023-09-29T06:40:53,3,9996,0,9999
2023-09-29T06:53:58,3,9996,0,9999
2023-09-29T07:07:04,3,9996,0,9999
2023-09-29T07:20:08,3,9996,0,9999
2023-09-29T07:33:12,3,9996,0,9999
2023-09-29T07:46:31,3,9996,0,9999
2023-09-29T07:59:34,3,9996,0,9999
2023-09-29T08:12:38,3,9996,0,9999
2023-09-29T08:25:40,3,9996,0,9999
2023-09-29T08:38:42,3,9996,0,9999
2023-09-29T08:51:53,3,9996,0,9999
2023-09-29T09:04:55,3,9996,0,9999
2023-09-29T09:17:57,3,9996,0,9999
2023-09-29T09:31:08,3,9996,0,9999
2023-09-29T09:44:11,3,9996,0,9999
2023-09-29T09:57:13,3,9996,0,9999
2023-09-29T10:10:24,3,9996,0,9999
2023-09-29T10:23:26,3,9996,0,9999
2023-09-29T10:36:37,3,9996,0,9999
2023-09-29T10:49:40,3,9996,0,9999
2023-09-29T11:02:51,3,9996,0,9999
2023-09-29T11:15:54,3,9996,0,9999
2023-09-29T11:29:15,3,9996,0,9999
2023-09-29T11:42:16,3,9996,0,9999
2023-09-29T11:55:28,3,9996,0,9999
2023-09-29T12:08:30,3,9996,0,9999
2023-09-29T12:21:50,3,9996,0,9999
2023-09-29T12:34:52,3,9996,0,9999
2023-09-29T12:48:06,3,9996,0,9999
2023-09-29T13:01:07,3,9996,0,9999
2023-09-29T13:14:09,3,9996,0,9999
2023-09-29T13:27:29,3,9996,0,9999
2023-09-29T13:40:32,3,9996,0,9999
2023-09-29T13:53:44,3,9996,0,9999
2023-09-29T14:06:46,3,9996,0,9999
2023-09-29T14:20:05,3,9996,0,9999
2023-09-29T14:33:07,3,9996,0,9999
2023-09-29T14:46:09,3,9996,0,9999
2023-09-29T14:59:22,3,9996,0,9999
2023-09-29T15:12:24,3,9996,0,9999
2023-09-29T15:25:44,3,9996,0,9999
2023-09-29T15:38:46,3,9996,0,9999
2023-09-29T15:51:48,3,9996,0,9999
2023-09-29T16:05:01,3,9996,0,9999
2023-09-29T16:18:03,3,9996,0,9999
2023-09-29T16:31:07,3,9996,0,9999
2023-09-29T16:44:27,3,9996,0,9999
2023-09-29T16:57:30,3,9996,0,9999
2023-09-29T17:10:33,3,9996,0,9999
2023-09-29T17:23:37,3,9996,0,9999
2023-09-29T17:36:49,3,9996,0,9999
2023-09-29T17:49:51,3,9996,0,9999
2023-09-29T18:02:54,3,9996,0,9999
2023-09-29T18:16:15,3,9996,0,9999
2023-09-29T18:29:18,3,9996,0,9999
2023-09-29T18:42:20,3,9996,0,9999
2023-09-29T18:56:33,3,9996,0,9999
2023-09-29T19:09:35,3,9996,0,9999
2023-09-29T19:22:38,3,9996,0,9999
2023-09-29T19:35:40,3,9996,0,9999
2023-09-29T19:48:53,3,9996,0,9999
2023-09-29T20:01:56,3,9996,0,9999
2023-09-29T20:14:58,3,9996,0,9999
2023-09-29T20:28:01,3,9996,0,9999
2023-09-29T20:41:03,3,9996,0,9999
2023-09-29T20:54:24,3,9996,0,9999
2023-09-29T21:07:27,3,9996,0,9999
2023-09-29T21:20:29,3,9996,0,9999
2023-09-29T21:33:32,3,9996,0,9999
2023-09-29T21:46:44,3,9996,0,9999
2023-09-29T21:59:47,3,9996,0,9999
2023-09-29T22:12:52,3,9996,0,9999
2023-09-29T22:25:54,3,9996,0,9999
2023-09-29T22:38:57,3,9996,0,9999
2023-09-29T22:52:16,3,9996,0,9999
2023-09-29T23:05:19,3,9996,0,9999
2023-09-29T23:18:23,3,9996,0,9999
2023-09-29T23:31:26,3,9996,0,9999
2023-09-29T23:44:29,3,9996,0,9999
2023-09-29T23:57:42,3,9996,0,9999
2023-09-30T00:10:47,3,9996,0,9999
2023-09-30T00:23:57,3,9996,0,9999
2023-09-30T00:37:05,3,9996,0,9999
2023-09-30T00:50:14,3,9996,0,9999
2023-09-30T01:03:22,3,9996,0,9999
2023-09-30T01:16:30,3,9996,0,9999
2023-09-30T01:29:58,3,9996,0,9999
2023-09-30T01:43:06,3,9996,0,9999
2023-09-30T01:56:17,3,9996,0,9999
2023-09-30T02:09:25,3,9996,0,9999
2023-09-30T02:22:29,3,9996,0,9999
2023-09-30T02:35:33,3,9996,0,9999
2023-09-30T02:48:37,3,9996,0,9999
2023-09-30T03:01:40,3,9996,0,9999
2023-09-30T03:14:49,3,9996,0,9999
2023-09-30T03:29:00,3,9996,0,9999
2023-09-30T03:42:09,3,9996,0,9999
2023-09-30T03:55:18,3,9996,0,9999
2023-09-30T04:08:27,3,9996,0,9999
2023-09-30T04:19:38,3,9996,0,9999
2023-09-30T04:34:13,3,9996,0,9999
2023-09-30T04:47:43,3,9996,0,9999
2023-09-30T05:00:52,3,9996,0,9999
2023-09-30T05:14:00,3,9996,0,9999
2023-09-30T05:27:07,3,9996,0,9999
2023-09-30T05:40:15,3,9996,0,9999
2023-09-30T05:53:23,3,9996,0,9999
2023-09-30T06:06:30,3,9996,0,9999
2023-09-30T06:19:38,3,9996,0,9999
2023-09-30T06:32:45,3,9996,0,9999
2023-09-30T06:45:51,3,9996,0,9999
2023-09-30T06:58:58,3,9996,0,9999
2023-09-30T07:12:06,3,9996,0,9999
2023-09-30T07:25:12,3,9996,0,9999
2023-09-30T07:38:18,3,9996,0,9999
2023-09-30T07:51:24,3,9996,0,9999
2023-09-30T08:04:31,3,9996,0,9999
2023-09-30T08:17:40,3,9996,0,9999
2023-09-30T08:30:54,3,9996,0,9999
2023-09-30T08:44:00,3,9996,0,9999
2023-09-30T08:57:06,3,9996,0,9999
2023-09-30T09:10:10,3,9996,0,9999
2023-09-30T09:23:14,3,9996,0,9999
2023-09-30T09:36:18,3,9996,0,9999
2023-09-30T09:49:22,3,9996,0,9999
2023-09-30T10:02:25,3,9996,0,9999
2023-09-30T10:15:30,3,9996,0,9999
2023-09-30T10:28:34,3,9996,0,9999
2023-09-30T10:41:49,3,9996,0,9999
2023-09-30T10:54:51,3,9996,0,9999
2023-09-30T11:07:53,3,9996,0,9999
2023-09-30T11:20:55,3,9996,0,9999
2023-09-30T11:33:56,3,9996,0,9999
2023-09-30T11:46:59,3,9996,0,9999
2023-09-30T12:00:01,3,9996,0,9999
2023-09-30T12:13:05,3,9996,0,9999
2023-09-30T12:26:07,3,9996,0,9999
2023-09-30T12:39:20,3,9996,0,9999
2023-09-30T12:52:22,3,9996,0,9999
2023-09-30T13:05:24,3,9996,0,9999
2023-09-30T13:18:27,3,9996,0,9999
2023-09-30T13:31:32,3,9996,0,9999
2023-09-30T13:44:44,3,9996,0,9999
2023-09-30T13:57:46,3,9996,0,9999
2023-09-30T14:10:48,3,9996,0,9999
2023-09-30T14:23:50,3,9996,0,9999
2023-09-30T14:36:53,3,9996,0,9999
2023-09-30T14:49:55,3,9996,0,9999
2023-09-30T15:02:58,3,9996,0,9999
2023-09-30T15:16:00,3,9996,0,9999
2023-09-30T15:29:03,3,9996,0,9999
2023-09-30T15:42:17,3,9996,0,9999
2023-09-30T15:55:19,3,9996,0,9999
2023-09-30T16:08:22,3,9996,0,9999
2023-09-30T16:21:24,3,9996,0,9999
2023-09-30T16:34:26,3,9996,0,9999
2023-09-30T16:47:29,3,9996,0,9999
2023-09-30T17:00:31,3,9996,0,9999
2023-09-30T17:13:44,3,9996,0,9999
2023-09-30T17:26:46,3,9996,0,9999
2023-09-30T17:39:48,3,9996,0,9999
2023-09-30T17:52:51,3,9996,0,9999
2023-09-30T18:05:54,3,9996,0,9999
2023-09-30T18:18:56,3,9996,0,9999
2023-09-30T18:31:58,3,9996,0,9999
2023-09-30T18:45:10,3,9996,0,9999
2023-09-30T18:58:13,3,9996,0,9999
2023-09-30T19:11:15,3,9996,0,9999
2023-09-30T19:24:18,3,9996,0,9999
2023-09-30T19:37:21,3,9996,0,9999
2023-09-30T19:50:23,3,9996,0,9999
2023-09-30T20:03:26,3,9996,0,9999
2023-09-30T20:16:29,3,9996,0,9999
2023-09-30T20:29:31,3,9996,0,9999
2023-09-30T20:42:34,3,9996,0,9999
2023-09-30T20:55:47,3,9996,0,9999
2023-09-30T21:08:49,3,9996,0,9999
2023-09-30T21:21:52,3,9996,0,9999
2023-09-30T21:34:54,3,9996,0,9999
2023-09-30T21:47:58,3,9996,0,9999
2023-09-30T22:01:00,3,9996,0,9999
2023-09-30T22:14:03,3,9996,0,9999
2023-09-30T22:27:05,3,9996,0,9999
2023-09-30T22:40:08,3,9996,0,9999
2023-09-30T22:53:21,3,9996,0,9999
2023-09-30T23:06:25,3,9996,0,9999
2023-09-30T23:19:28,3,9996,0,9999
2023-09-30T23:32:32,3,9996,0,9999
2023-09-30T23:45:36,3,9996,0,9999
2023-09-30T23:58:39,3,9996,0,9999
2023-10-01T00:11:45,3,9996,0,9999
2023-10-01T00:24:56,3,9996,0,9999
2023-10-01T00:38:04,3,9996,0,9999
2023-10-01T00:51:11,3,9996,0,9999
2023-10-01T01:04:18,3,9996,0,9999
2023-10-01T01:17:24,3,9996,0,9999
2023-10-01T01:30:30,3,9996,0,9999
2023-10-01T01:43:47,3,9996,0,9999
2023-10-01T01:56:57,3,9996,0,9999
2023-10-01T02:10:05,3,9996,0,9999
2023-10-01T02:23:12,3,9996,0,9999
2023-10-01T02:36:19,3,9996,0,9999
2023-10-01T02:49:26,3,9996,0,9999
2023-10-01T03:02:31,3,9996,0,9999
2023-10-01T03:15:37,3,9996,0,9999
2023-10-01T03:28:44,3,9996,0,9999
2023-10-01T03:41:50,3,9996,0,9999
2023-10-01T03:54:57,3,9996,0,9999
2023-10-01T04:09:22,3,9996,0,9999
2023-10-01T04:27:41,3,9996,0,9999
2023-10-01T04:41:14,3,9996,0,9999
2023-10-01T04:54:24,3,9996,0,9999
2023-10-01T05:07:32,3,9996,0,9999
2023-10-01T05:20:38,3,9996,0,9999
2023-10-01T05:33:45,3,9996,0,9999
2023-10-01T05:46:54,3,9996,0,9999
2023-10-01T06:00:01,3,9996,0,9999
2023-10-01T06:13:08,3,9996,0,9999
2023-10-01T06:26:16,3,9996,0,9999
2023-10-01T06:39:22,3,9996,0,9999
2023-10-01T06:52:27,3,9996,0,9999
2023-10-01T07:05:31,3,9996,0,9999
2023-10-01T07:18:33,3,9996,0,9999
2023-10-01T07:31:36,3,9996,0,9999
2023-10-01T07:44:39,3,9996,0,9999
2023-10-01T07:57:43,3,9996,0,9999
2023-10-01T08:10:45,3,9996,0,9999
2023-10-01T08:23:48,3,9996,0,9999
2023-10-01T08:36:52,3,9996,0,9999
2023-10-01T08:49:54,3,9996,0,9999
2023-10-01T09:02:57,3,9996,0,9999
2023-10-01T09:15:59,3,9996,0,9999
2023-10-01T09:29:02,3,9996,0,9999
2023-10-01T09:42:15,3,9996,0,9999
2023-10-01T09:55:18,3,9996,0,9999
2023-10-01T10:08:21,3,9996,0,9999
2023-10-01T10:21:23,3,9996,0,9999
2023-10-01T10:34:26,3,9996,0,9999
2023-10-01T10:47:31,3,9996,0,9999
2023-10-01T11:00:37,3,9996,0,9999
2023-10-01T11:13:42,3,9996,0,9999
2023-10-01T11:26:45,3,9996,0,9999
2023-10-01T11:39:47,3,9996,0,9999
2023-10-01T11:53:00,3,9996,0,9999
2023-10-01T12:06:03,3,9996,0,9999
2023-10-01T12:19:06,3,9996,0,9999
2023-10-01T12:32:08,3,9996,0,9999
2023-10-01T12:45:10,3,9996,0,9999
2023-10-01T12:58:12,3,9996,0,9999
2023-10-01T13:11:14,3,9996,0,9999
2023-10-01T13:24:27,3,9996,0,9999
2023-10-01T13:37:30,3,9996,0,9999
2023-10-01T13:50:32,3,9996,0,9999
2023-10-01T14:03:34,3,9996,0,9999
2023-10-01T14:16:37,3,9996,0,9999
2023-10-01T14:29:39,3,9996,0,9999
2023-10-01T14:42:41,3,9996,0,9999
2023-10-01T14:55:55,3,9996,0,9999
2023-10-01T15:08:58,3,9996,0,9999
2023-10-01T15:22:00,3,9996,0,9999
2023-10-01T15:35:02,3,9996,0,9999
2023-10-01T15:48:05,3,9996,0,9999
2023-10-01T16:01:07,3,9996,0,9999
2023-10-01T16:14:10,3,9996,0,9999
2023-10-01T16:27:23,3,9996,0,9999
2023-10-01T16:40:26,3,9996,0,9999
2023-10-01T16:53:28,3,9996,0,9999
2023-10-01T17:06:31,3,9996,0,9999
2023-10-01T17:19:34,3,9996,0,9999
2023-10-01T17:32:36,3,9996,0,9999
2023-10-01T17:45:49,3,9996,0,9999
2023-10-01T17:58:52,3,9996,0,9999
2023-10-01T18:11:54,3,9996,0,9999
2023-10-01T18:24:57,3,9996,0,9999
2023-10-01T18:38:09,3,9996,0,9999
2023-10-01T18:46:51,3,9996,0,9999
2023-10-01T18:59:53,3,9996,0,9999
2023-10-01T19:12:57,3,9996,0,9999
2023-10-01T19:25:59,3,9996,0,9999
2023-10-01T19:39:02,3,9996,0,9999
2023-10-01T19:52:17,3,9996,0,9999
2023-10-01T20:05:19,3,9996,0,9999
2023-10-01T20:18:23,3,9996,0,9999
2023-10-01T20:31:26,3,9996,0,9999
2023-10-01T20:44:29,3,9996,0,9999
2023-10-01T20:57:31,3,9996,0,9999
2023-10-01T21:10:44,3,9996,0,9999
2023-10-01T21:23:47,3,9996,0,9999
2023-10-01T21:36:49,3,9996,0,9999
2023-10-01T21:49:53,3,9996,0,9999
2023-10-01T22:02:56,3,9996,0,9999
2023-10-01T22:16:09,3,9996,0,9999
2023-10-01T22:29:12,3,9996,0,9999
2023-10-01T22:42:14,3,9996,0,9999
2023-10-01T22:55:20,3,9996,0,9999
2023-10-01T23:08:23,3,9996,0,9999
2023-10-01T23:21:36,3,9996,0,9999
2023-10-01T23:34:40,3,9996,0,9999
2023-10-01T23:47:43,3,9996,0,9999
2023-10-02T00:00:47,3,9996,0,9999
2023-10-02T00:13:57,3,9996,0,9999
2023-10-02T00:27:23,3,9996,0,9999
2023-10-02T00:40:35,3,9996,0,9999
2023-10-02T00:54:12,3,9996,0,9999
2023-10-02T01:07:18,3,9996,0,9999
2023-10-02T01:20:32,3,9996,0,9999
2023-10-02T01:33:40,3,9996,0,9999
2023-10-02T01:46:48,3,9996,0,9999
2023-10-02T01:59:57,3,9996,0,9999
2023-10-02T02:13:05,3,9996,0,9999
2023-10-02T02:26:12,3,9996,0,9999
2023-10-02T02:39:26,3,9996,0,9999
2023-10-02T02:52:32,3,9996,0,9999
2023-10-02T03:05:37,3,9996,0,9999
2023-10-02T03:18:44,3,9996,0,9999
2023-10-02T03:31:51,3,9996,0,9999
2023-10-02T03:44:58,3,9996,0,9999
2023-10-02T03:58:04,3,9996,0,9999
2023-10-02T04:18:00,3,9996,0,9999
2023-10-02T04:32:30,3,9996,0,9999
2023-10-02T04:45:59,3,9996,0,9999
2023-10-02T04:59:07,3,9996,0,9999
2023-10-02T05:12:21,3,9996,0,9999
2023-10-02T05:25:27,3,9996,0,9999
2023-10-02T05:38:36,3,9996,0,9999
2023-10-02T05:51:45,3,9996,0,9999
2023-10-02T06:04:52,3,9996,0,9999
2023-10-02T06:17:59,3,9996,0,9999
2023-10-02T06:31:05,3,9996,0,9999
2023-10-02T06:44:11,3,9996,0,9999
2023-10-02T06:57:17,3,9996,0,9999
2023-10-02T07:10:22,3,9996,0,9999
2023-10-02T07:23:25,3,9996,0,9999
2023-10-02T07:36:28,3,9996,0,9999
2023-10-02T07:49:31,3,9996,0,9999
2023-10-02T08:02:46,3,9996,0,9999
2023-10-02T08:15:49,3,9996,0,9999
2023-10-02T08:28:52,3,9996,0,9999
2023-10-02T08:41:56,3,9996,0,9999
2023-10-02T08:54:59,3,9996,0,9999
2023-10-02T09:08:13,3,9996,0,9999
2023-10-02T09:21:16,3,9996,0,9999
2023-10-02T09:34:19,3,9996,0,9999
2023-10-02T09:47:32,3,9996,0,9999
2023-10-02T10:00:36,3,9996,0,9999
2023-10-02T10:13:40,3,9996,0,9999
2023-10-02T10:26:54,3,9996,0,9999
2023-10-02T10:39:57,3,9996,0,9999
2023-10-02T10:53:00,3,9996,0,9999
2023-10-02T11:06:14,3,9996,0,9999
2023-10-02T11:19:26,3,9996,0,9999
2023-10-02T11:32:41,3,9996,0,9999
2023-10-02T11:45:45,3,9996,0,9999
2023-10-02T11:58:59,3,9996,0,9999
2023-10-02T12:12:03,3,9996,0,9999
2023-10-02T12:25:06,3,9996,0,9999
2023-10-02T12:38:20,3,9996,0,9999
2023-10-02T12:51:23,3,9996,0,9999
2023-10-02T13:04:27,3,9996,0,9999
2023-10-02T13:17:43,3,9996,0,9999
2023-10-02T13:30:47,3,9996,0,9999
2023-10-02T13:44:01,3,9996,0,9999
2023-10-02T13:57:04,3,9996,0,9999
2023-10-02T14:10:08,3,9996,0,9999
2023-10-02T14:23:29,3,9996,0,9999
2023-10-02T14:36:32,3,9996,0,9999
2023-10-02T14:49:48,3,9996,0,9999
2023-10-02T15:02:51,3,9996,0,9999
2023-10-02T15:15:54,3,9996,0,9999
2023-10-02T15:29:09,3,9996,0,9999
2023-10-02T15:42:13,3,9996,0,9999
2023-10-02T15:55:28,3,9996,0,9999
2023-10-02T16:08:31,3,9996,0,9999
2023-10-02T16:21:35,3,9996,0,9999
2023-10-02T16:34:50,3,9996,0,9999
2023-10-02T16:47:53,3,9996,0,9999
2023-10-02T17:01:07,3,9996,0,9999
2023-10-02T17:14:13,3,9996,0,9999
2023-10-02T17:27:27,3,9996,0,9999
2023-10-02T17:40:30,3,9996,0,9999
2023-10-02T17:53:32,3,9996,0,9999
2023-10-02T18:06:46,3,9996,0,9999
2023-10-02T18:19:49,3,9996,0,9999
2023-10-02T18:32:52,3,9996,0,9999
2023-10-02T18:46:06,3,9996,0,9999
2023-10-02T18:59:09,3,9996,0,9999
2023-10-02T19:12:12,3,9996,0,9999
2023-10-02T19:25:15,3,9996,0,9999
2023-10-02T19:38:28,3,9996,0,9999
2023-10-02T19:51:31,3,9996,0,9999
2023-10-02T20:04:34,3,9996,0,9999
2023-10-02T20:17:37,3,9996,0,9999
2023-10-02T20:30:51,3,9996,0,9999
2023-10-02T20:43:54,3,9996,0,9999
2023-10-02T20:56:57,3,9996,0,9999
2023-10-02T21:10:00,3,9996,0,9999
2023-10-02T21:23:03,3,9996,0,9999
2023-10-02T21:36:16,3,9996,0,9999
2023-10-02T21:49:19,3,9996,0,9999
2023-10-02T22:02:22,3,9996,0,9999
2023-10-02T22:15:24,3,9996,0,9999
2023-10-02T22:28:38,3,9996,0,9999
2023-10-02T22:41:41,3,9996,0,9999
2023-10-02T22:54:43,3,9996,0,9999
2023-10-02T23:07:47,3,9996,0,9999
2023-10-02T23:20:51,3,9996,0,9999
2023-10-02T23:34:06,3,9996,0,9999
2023-10-02T23:47:09,3,9996,0,9999
2023-10-03T00:00:11,3,9996,0,9999
2023-10-03T00:13:18,3,9996,0,9999
2023-10-03T00:26:26,3,9996,0,9999
2023-10-03T00:39:34,3,9996,0,9999
2023-10-03T00:52:42,3,9996,0,9999
2023-10-03T01:06:03,3,9996,0,9999
2023-10-03T01:19:10,3,9996,0,9999
2023-10-03T01:32:17,3,9996,0,9999
2023-10-03T01:45:40,3,9996,0,9999
2023-10-03T01:58:50,3,9996,0,9999
2023-10-03T02:11:57,3,9996,0,9999
2023-10-03T02:25:03,3,9996,0,9999
2023-10-03T02:38:07,3,9996,0,9999
2023-10-03T02:51:11,3,9996,0,9999
2023-10-03T03:04:14,3,9996,0,9999
2023-10-03T03:17:20,3,9996,0,9999
2023-10-03T03:30:26,3,9996,0,9999
2023-10-03T03:43:32,3,9996,0,9999
2023-10-03T03:56:39,3,9996,0,9999
2023-10-03T04:18:12,3,9996,0,9999
2023-10-03T04:31:23,3,9996,0,9999
2023-10-03T04:46:07,3,9996,0,9999
2023-10-03T04:59:16,3,9996,0,9999
2023-10-03T05:12:24,3,9996,0,9999
2023-10-03T05:25:32,3,9996,0,9999
2023-10-03T05:38:40,3,9996,0,9999
2023-10-03T05:51:48,3,9996,0,9999
2023-10-03T06:04:56,3,9996,0,9999
2023-10-03T06:18:02,3,9996,0,9999
2023-10-03T06:31:08,3,9996,0,9999
2023-10-03T06:44:14,3,9996,0,9999
2023-10-03T06:57:20,3,9996,0,9999
2023-10-03T07:10:26,3,9996,0,9999
2023-10-03T07:23:34,3,9996,0,9999
2023-10-03T07:36:37,3,9996,0,9999
2023-10-03T07:49:42,3,9996,0,9999
2023-10-03T08:02:49,3,9996,0,9999
2023-10-03T08:16:18,3,9996,0,9999
2023-10-03T08:29:29,3,9996,0,9999
2023-10-03T08:42:38,3,9996,0,9999
2023-10-03T08:55:46,3,9996,0,9999
2023-10-03T09:08:54,3,9996,0,9999
2023-10-03T09:22:11,3,9996,0,9999
2023-10-03T09:35:15,3,9996,0,9999
2023-10-03T09:48:20,3,9996,0,9999
2023-10-03T10:01:35,3,9996,0,9999
2023-10-03T10:14:42,3,9996,0,9999
2023-10-03T10:27:52,3,9996,0,9999
2023-10-03T10:41:02,3,9996,0,9999
2023-10-03T10:54:21,3,9996,0,9999
2023-10-03T11:07:31,3,9996,0,9999
2023-10-03T11:20:36,3,9996,0,9999
2023-10-03T11:33:51,3,9996,0,9999
2023-10-03T11:46:56,3,9996,0,9999
2023-10-03T11:59:59,3,9996,0,9999
2023-10-03T12:13:13,3,9996,0,9999
2023-10-03T12:26:16,3,9996,0,9999
2023-10-03T12:39:19,3,9996,0,9999
2023-10-03T12:52:32,3,9996,0,9999
2023-10-03T13:05:35,3,9996,0,9999
2023-10-03T13:18:39,3,9996,0,9999
2023-10-03T13:31:53,3,9996,0,9999
2023-10-03T13:44:57,3,9996,0,9999
2023-10-03T13:58:00,3,9996,0,9999
2023-10-03T14:11:16,3,9996,0,9999
2023-10-03T14:24:21,3,9996,0,9999
2023-10-03T14:37:46,3,9996,0,9999
2023-10-03T14:51:02,3,9996,0,9999
2023-10-03T15:04:08,3,9996,0,9999
2023-10-03T15:17:23,3,9996,0,9999
2023-10-03T15:30:47,3,9996,0,9999
2023-10-03T15:43:50,3,9996,0,9999
2023-10-03T15:57:05,3,9996,0,9999
2023-10-03T16:10:09,3,9996,0,9999
2023-10-03T16:23:12,3,9996,0,9999
2023-10-03T16:36:35,3,9996,0,9999
2023-10-03T16:49:37,3,9996,0,9999
2023-10-03T17:02:40,3,9996,0,9999
2023-10-03T17:15:55,3,9996,0,9999
2023-10-03T17:28:58,3,9996,0,9999
2023-10-03T17:42:01,3,9996,0,9999
2023-10-03T17:55:04,3,9996,0,9999
2023-10-03T18:08:19,3,9996,0,9999
2023-10-03T18:21:23,3,9996,0,9999
2023-10-03T18:34:27,3,9996,0,9999
2023-10-03T18:47:52,3,9996,0,9999
2023-10-03T19:00:56,3,9996,0,9999
2023-10-03T19:14:02,3,9996,0,9999
2023-10-03T19:27:04,3,9996,0,9999
2023-10-03T19:40:07,3,9996,0,9999
2023-10-03T19:53:22,3,9996,0,9999
2023-10-03T20:06:25,3,9996,0,9999
2023-10-03T20:19:27,3,9996,0,9999
2023-10-03T20:32:41,3,9996,0,9999
2023-10-03T20:45:44,3,9996,0,9999
2023-10-03T20:58:47,3,9996,0,9999
2023-10-03T21:11:50,3,9996,0,9999
2023-10-03T21:25:04,3,9996,0,9999
2023-10-03T21:38:07,3,9996,0,9999
2023-10-03T21:51:10,3,9996,0,9999
2023-10-03T22:04:13,3,9996,0,9999
2023-10-03T22:17:16,3,9996,0,9999
2023-10-03T22:30:22,3,9996,0,9999
2023-10-03T22:43:38,3,9996,0,9999
2023-10-03T22:56:40,3,9996,0,9999
2023-10-03T23:09:43,3,9996,0,9999
2023-10-03T23:22:48,3,9996,0,9999
2023-10-03T23:35:52,3,9996,0,9999
2023-10-03T23:49:06,3,9996,0,9999
2023-10-04T00:02:09,3,9996,0,9999
2023-10-04T00:15:16,3,9996,0,9999
2023-10-04T00:28:23,3,9996,0,9999
2023-10-04T00:41:30,3,9996,0,9999
2023-10-04T00:54:38,3,9996,0,9999
2023-10-04T01:07:46,3,9996,0,9999
2023-10-04T01:20:54,3,9996,0,9999
2023-10-04T01:34:11,3,9996,0,9999
2023-10-04T01:47:17,3,9996,0,9999
2023-10-04T02:00:24,3,9996,0,9999
2023-10-04T02:13:31,3,9996,0,9999
2023-10-04T02:26:35,3,9996,0,9999
2023-10-04T02:39:40,3,9996,0,9999
2023-10-04T02:52:48,3,9996,0,9999
2023-10-04T03:05:56,3,9996,0,9999
2023-10-04T03:19:04,3,9996,0,9999
2023-10-04T03:32:11,3,9996,0,9999
2023-10-04T03:45:17,3,9996,0,9999
2023-10-04T03:58:24,3,9996,0,9999
2023-10-04T04:12:05,3,9996,0,9999
2023-10-04T04:23:18,3,9996,0,9999
2023-10-04T04:36:52,3,9996,0,9999
2023-10-04T04:50:01,3,9996,0,9999
2023-10-04T05:03:12,3,9996,0,9999
2023-10-04T05:16:21,3,9996,0,9999
2023-10-04T05:29:28,3,9996,0,9999
2023-10-04T05:42:37,3,9996,0,9999
2023-10-04T05:55:44,3,9996,0,9999
2023-10-04T06:08:49,3,9996,0,9999
2023-10-04T06:21:55,3,9996,0,9999
2023-10-04T06:35:02,3,9996,0,9999
2023-10-04T06:48:10,3,9996,0,9999
2023-10-04T07:01:18,3,9996,0,9999
2023-10-04T07:14:26,3,9996,0,9999
2023-10-04T07:27:31,3,9996,0,9999
2023-10-04T07:40:35,3,9996,0,9999
2023-10-04T07:53:41,3,9996,0,9999
2023-10-04T08:06:56,3,9996,0,9999
2023-10-04T08:20:01,3,9996,0,9999
2023-10-04T08:33:07,3,9996,0,9999
2023-10-04T08:46:13,3,9996,0,9999
2023-10-04T08:59:18,3,9996,0,9999
2023-10-04T09:12:22,3,9996,0,9999
2023-10-04T09:25:36,3,9996,0,9999
2023-10-04T09:41:25,3,9996,0,9999
2023-10-04T09:54:21,3,9996,0,9999
2023-10-04T10:07:17,3,9996,0,9999
2023-10-04T10:20:25,3,9996,0,9999
2023-10-04T10:33:20,3,9996,0,9999
2023-10-04T10:46:17,3,9996,0,9999
2023-10-04T10:59:14,3,9996,0,9999
2023-10-04T11:12:21,3,9996,0,9999
2023-10-04T11:25:17,3,9996,0,9999
2023-10-04T11:38:13,3,9996,0,9999
2023-10-04T11:51:19,3,9996,0,9999
2023-10-04T12:04:15,3,9996,0,9999
2023-10-04T12:17:12,3,9996,0,9999
2023-10-04T12:30:08,3,9996,0,9999
2023-10-04T12:43:14,3,9996,0,9999
2023-10-04T12:56:09,3,9996,0,9999
2023-10-04T13:09:05,3,9996,0,9999
2023-10-04T13:22:12,3,9996,0,9999
2023-10-04T13:35:08,3,9996,0,9999
2023-10-04T13:48:04,3,9996,0,9999
2023-10-04T14:01:00,3,9996,0,9999
2023-10-04T14:14:06,3,9996,0,9999
2023-10-04T14:27:01,3,9996,0,9999
2023-10-04T14:39:57,3,9996,0,9999
2023-10-04T14:53:05,3,9996,0,9999
2023-10-04T15:06:01,3,9996,0,9999
2023-10-04T15:18:58,3,9996,0,9999
2023-10-04T15:31:56,3,9996,0,9999
2023-10-04T15:45:05,3,9996,0,9999
2023-10-04T15:58:02,3,9996,0,9999
2023-10-04T16:11:00,3,9996,0,9999
2023-10-04T16:24:11,3,9996,0,9999
2023-10-04T16:37:08,3,9996,0,9999
2023-10-04T16:50:05,3,9996,0,9999
2023-10-04T17:03:02,3,9996,0,9999
2023-10-04T17:16:09,3,9996,0,9999
2023-10-04T17:29:06,3,9996,0,9999
2023-10-04T17:42:02,3,9996,0,9999
2023-10-04T17:54:58,3,9996,0,9999
2023-10-04T18:08:08,3,9996,0,9999
2023-10-04T18:21:04,3,9996,0,9999
2023-10-04T18:34:01,3,9996,0,9999
2023-10-04T18:46:57,3,9996,0,9999
2023-10-04T18:59:53,3,9996,0,9999
2023-10-04T19:13:00,3,9996,0,9999
2023-10-04T19:25:56,3,9996,0,9999
2023-10-04T19:38:52,3,9996,0,9999
2023-10-04T19:51:47,3,9996,0,9999
2023-10-04T20:04:54,3,9996,0,9999
2023-10-04T20:17:50,3,9996,0,9999
2023-10-04T20:30:46,3,9996,0,9999
2023-10-04T20:43:42,3,9996,0,9999
2023-10-04T20:56:43,3,9996,0,9999
2023-10-04T21:09:39,3,9996,0,9999
2023-10-04T21:22:46,3,9996,0,9999
2023-10-04T21:35:42,3,9996,0,9999
2023-10-04T21:48:38,3,9996,0,9999
2023-10-04T22:01:34,3,9996,0,9999
2023-10-04T22:14:41,3,9996,0,9999
2023-10-04T22:27:37,3,9996,0,9999
2023-10-04T22:40:33,3,9996,0,9999
2023-10-04T22:53:30,3,9996,0,9999
2023-10-04T23:06:27,3,9996,0,9999
2023-10-04T23:19:24,3,9996,0,9999
2023-10-04T23:32:32,3,9996,0,9999
2023-10-04T23:45:29,3,9996,0,9999
2023-10-04T23:58:26,3,9996,0,9999
2023-10-05T00:11:25,3,9996,0,9999
2023-10-05T00:24:30,3,9996,0,9999
2023-10-05T00:37:31,3,9996,0,9999
2023-10-05T00:50:32,3,9996,0,9999
2023-10-05T01:03:33,3,9996,0,9999
2023-10-05T01:16:35,3,9996,0,9999
2023-10-05T01:29:45,3,9996,0,9999
2023-10-05T01:42:45,3,9996,0,9999
2023-10-05T01:55:51,3,9996,0,9999
2023-10-05T02:08:54,3,9996,0,9999
2023-10-05T02:21:52,3,9996,0,9999
2023-10-05T02:34:50,3,9996,0,9999
2023-10-05T02:47:47,3,9996,0,9999
2023-10-05T03:00:43,3,9996,0,9999
2023-10-05T03:13:42,3,9996,0,9999
2023-10-05T03:26:43,3,9996,0,9999
2023-10-05T03:39:44,3,9996,0,9999
2023-10-05T03:52:47,3,9996,0,9999
2023-10-05T04:05:49,3,9996,0,9999
2023-10-05T04:18:31,3,9996,0,9999
2023-10-05T04:31:36,3,9996,0,9999
2023-10-05T04:46:12,3,9996,0,9999
2023-10-05T04:59:15,3,9996,0,9999
2023-10-05T05:12:24,3,9996,0,9999
2023-10-05T05:25:26,3,9996,0,9999
2023-10-05T05:38:26,3,9996,0,9999
2023-10-05T05:51:35,3,9996,0,9999
2023-10-05T06:05:13,3,9996,0,9999
2023-10-05T06:18:23,3,9996,0,9999
2023-10-05T06:31:31,3,9996,0,9999
2023-10-05T06:44:39,3,9996,0,9999
2023-10-05T06:57:46,3,9996,0,9999
2023-10-05T07:10:58,3,9996,0,9999
2023-10-05T07:24:07,3,9996,0,9999
2023-10-05T07:37:14,3,9996,0,9999
2023-10-05T07:50:20,3,9996,0,9999
2023-10-05T08:03:27,3,9996,0,9999
2023-10-05T08:16:33,3,9996,0,9999
2023-10-05T08:29:50,3,9996,0,9999
2023-10-05T08:42:57,3,9996,0,9999
2023-10-05T08:56:02,3,9996,0,9999
2023-10-05T09:09:07,3,9996,0,9999
2023-10-05T09:22:11,3,9996,0,9999
2023-10-05T09:35:16,3,9996,0,9999
2023-10-05T09:48:30,3,9996,0,9999
2023-10-05T10:01:34,3,9996,0,9999
2023-10-05T10:14:40,3,9996,0,9999
2023-10-05T10:27:46,3,9996,0,9999
2023-10-05T10:41:01,3,9996,0,9999
2023-10-05T10:54:07,3,9996,0,9999
2023-10-05T11:07:12,3,9996,0,9999
2023-10-05T11:20:17,3,9996,0,9999
2023-10-05T11:33:22,3,9996,0,9999
2023-10-05T11:46:36,3,9996,0,9999
2023-10-05T11:59:40,3,9996,0,9999
2023-10-05T12:12:45,3,9996,0,9999
2023-10-05T12:25:51,3,9996,0,9999
2023-10-05T12:39:05,3,9996,0,9999
2023-10-05T12:52:10,3,9996,0,9999
2023-10-05T13:05:14,3,9996,0,9999
2023-10-05T13:18:30,3,9996,0,9999
2023-10-05T13:31:35,3,9996,0,9999
2023-10-05T13:44:40,3,9996,0,9999
2023-10-05T13:57:57,3,9996,0,9999
2023-10-05T14:11:02,3,9996,0,9999
2023-10-05T14:24:07,3,9996,0,9999
2023-10-05T14:37:23,3,9996,0,9999
2023-10-05T14:50:28,3,9996,0,9999
2023-10-05T15:03:33,3,9996,0,9999
2023-10-05T15:16:37,3,9996,0,9999
2023-10-05T15:29:42,3,9996,0,9999
2023-10-05T15:42:57,3,9996,0,9999
2023-10-05T15:56:01,3,9996,0,9999
2023-10-05T16:09:05,3,9996,0,9999
2023-10-05T16:22:09,3,9996,0,9999
2023-10-05T16:35:23,3,9996,0,9999
2023-10-05T16:48:28,3,9996,0,9999
2023-10-05T17:01:44,3,9996,0,9999
2023-10-05T17:14:51,3,9996,0,9999
2023-10-05T17:27:54,3,9996,0,9999
2023-10-05T17:40:59,3,9996,0,9999
2023-10-05T17:54:13,3,9996,0,9999
2023-10-05T18:07:17,3,9996,0,9999
2023-10-05T18:20:21,3,9996,0,9999
2023-10-05T18:33:25,3,9996,0,9999
2023-10-05T18:46:29,3,9996,0,9999
2023-10-05T18:59:44,3,9996,0,9999
2023-10-05T19:12:47,3,9996,0,9999
2023-10-05T19:25:55,3,9996,0,9999
2023-10-05T19:39:00,3,9996,0,9999
2023-10-05T19:52:04,3,9996,0,9999
2023-10-05T20:05:09,3,9996,0,9999
2023-10-05T20:18:24,3,9996,0,9999
2023-10-05T20:31:28,3,9996,0,9999
2023-10-05T20:44:32,3,9996,0,9999
2023-10-05T20:57:37,3,9996,0,9999
2023-10-05T21:10:41,3,9996,0,9999
2023-10-05T21:23:46,3,9996,0,9999
2023-10-05T21:36:50,3,9996,0,9999
2023-10-05T21:50:05,3,9996,0,9999
2023-10-05T22:03:09,3,9996,0,9999
2023-10-05T22:16:13,3,9996,0,9999
2023-10-05T22:29:16,3,9996,0,9999
2023-10-05T22:42:22,3,9996,0,9999
2023-10-05T22:55:27,3,9996,0,9999
2023-10-05T23:08:43,3,9996,0,9999
2023-10-05T23:21:49,3,9996,0,9999
2023-10-05T23:34:53,3,9996,0,9999
2023-10-05T23:47:58,3,9996,0,9999
2023-10-06T00:01:04,3,9996,0,9999
2023-10-06T00:14:13,3,9996,0,9999
2023-10-06T00:27:34,3,9996,0,9999
2023-10-06T00:40:42,3,9996,0,9999
2023-10-06T00:53:52,3,9996,0,9999
2023-10-06T01:07:02,3,9996,0,9999
2023-10-06T01:20:12,3,9996,0,9999
2023-10-06T01:33:31,3,9996,0,9999
2023-10-06T01:46:40,3,9996,0,9999
2023-10-06T01:59:53,3,9996,0,9999
2023-10-06T02:13:04,3,9996,0,9999
2023-10-06T02:26:12,3,9996,0,9999
2023-10-06T02:39:19,3,9996,0,9999
2023-10-06T02:52:27,3,9996,0,9999
2023-10-06T03:05:37,3,9996,0,9999
2023-10-06T03:18:59,3,9996,0,9999
2023-10-06T03:32:08,3,9996,0,9999
2023-10-06T03:45:18,3,9996,0,9999
2023-10-06T03:58:27,3,9996,0,9999
2023-10-06T04:11:37,3,9996,0,9999
2023-10-06T04:27:18,3,9996,0,9999
2023-10-06T04:41:57,3,9996,0,9999
2023-10-06T04:55:12,3,9996,0,9999
2023-10-06T05:08:25,3,9996,0,9999
2023-10-06T05:21:34,3,9996,0,9999
2023-10-06T05:34:45,3,9996,0,9999
2023-10-06T05:47:55,3,9996,0,9999
2023-10-06T06:01:05,3,9996,0,9999
2023-10-06T06:14:12,3,9996,0,9999
2023-10-06T06:27:21,3,9996,0,9999
2023-10-06T06:40:31,3,9996,0,9999
2023-10-06T06:53:39,3,9996,0,9999
2023-10-06T07:06:47,3,9996,0,9999
2023-10-06T07:20:00,3,9996,0,9999
2023-10-06T07:33:07,3,9996,0,9999
2023-10-06T07:46:24,3,9996,0,9999
2023-10-06T07:59:30,3,9996,0,9999
2023-10-06T08:12:34,3,9996,0,9999
2023-10-06T08:25:44,3,9996,0,9999
2023-10-06T08:38:48,3,9996,0,9999
2023-10-06T08:51:53,3,9996,0,9999
2023-10-06T09:05:00,3,9996,0,9999
2023-10-06T09:18:05,3,9996,0,9999
2023-10-06T09:31:21,3,9996,0,9999
2023-10-06T09:44:26,3,9996,0,9999
2023-10-06T09:57:31,3,9996,0,9999
2023-10-06T10:10:35,3,9996,0,9999
2023-10-06T10:23:39,3,9996,0,9999
2023-10-06T10:37:10,3,9996,0,9999
2023-10-06T10:50:14,3,9996,0,9999
2023-10-06T11:03:21,3,9996,0,9999
2023-10-06T11:16:29,3,9996,0,9999
2023-10-06T11:29:45,3,9996,0,9999
2023-10-06T11:42:50,3,9996,0,9999
2023-10-06T11:55:56,3,9996,0,9999
2023-10-06T12:09:00,3,9996,0,9999
2023-10-06T12:22:05,3,9996,0,9999
2023-10-06T12:35:28,3,9996,0,9999
2023-10-06T12:48:33,3,9996,0,9999
2023-10-06T13:01:38,3,9996,0,9999
2023-10-06T13:14:53,3,9996,0,9999
2023-10-06T13:27:58,3,9996,0,9999
2023-10-06T13:41:02,3,9996,0,9999
2023-10-06T13:54:08,3,9996,0,9999
2023-10-06T14:07:13,3,9996,0,9999
2023-10-06T14:20:46,3,9996,0,9999
2023-10-06T14:33:50,3,9996,0,9999
2023-10-06T14:46:55,3,9996,0,9999
2023-10-06T14:59:59,3,9996,0,9999
2023-10-06T15:13:03,3,9996,0,9999
2023-10-06T15:26:07,3,9996,0,9999
2023-10-06T15:39:20,3,9996,0,9999
2023-10-06T15:52:25,3,9996,0,9999
2023-10-06T16:05:30,3,9996,0,9999
2023-10-06T16:18:35,3,9996,0,9999
2023-10-06T16:31:39,3,9996,0,9999
2023-10-06T16:45:06,3,9996,0,9999
2023-10-06T16:58:10,3,9996,0,9999
2023-10-06T17:11:15,3,9996,0,9999
2023-10-06T17:24:22,3,9996,0,9999
2023-10-06T17:37:26,3,9996,0,9999
2023-10-06T17:50:31,3,9996,0,9999
2023-10-06T18:03:35,3,9996,0,9999
2023-10-06T18:16:59,3,9996,0,9999
2023-10-06T18:30:05,3,9996,0,9999
2023-10-06T18:43:09,3,9996,0,9999
2023-10-06T18:56:14,3,9996,0,9999
2023-10-06T19:09:20,3,9996,0,9999
2023-10-06T19:22:25,3,9996,0,9999
2023-10-06T19:35:30,3,9996,0,9999
2023-10-06T19:48:35,3,9996,0,9999
2023-10-06T20:01:50,3,9996,0,9999
2023-10-06T20:14:55,3,9996,0,9999
2023-10-06T20:28:00,3,9996,0,9999
2023-10-06T20:41:05,3,9996,0,9999
2023-10-06T20:54:10,3,9996,0,9999
2023-10-06T21:07:15,3,9996,0,9999
2023-10-06T21:20:20,3,9996,0,9999
2023-10-06T21:33:25,3,9996,0,9999
2023-10-06T21:46:30,3,9996,0,9999
2023-10-06T21:59:55,3,9996,0,9999
2023-10-06T22:12:59,3,9996,0,9999
2023-10-06T22:26:04,3,9996,0,9999
2023-10-06T22:39:09,3,9996,0,9999
2023-10-06T22:52:15,3,9996,0,9999
2023-10-06T23:05:21,3,9996,0,9999
2023-10-06T23:18:28,3,9996,0,9999
2023-10-06T23:31:36,3,9996,0,9999
2023-10-06T23:44:43,3,9996,0,9999
2023-10-06T23:57:49,3,9996,0,9999
2023-10-07T00:11:10,3,9996,0,9999
2023-10-07T00:24:26,3,9996,0,9999
2023-10-07T00:37:35,3,9996,0,9999
2023-10-07T00:50:55,3,9996,0,9999
2023-10-07T01:04:06,3,9996,0,9999
2023-10-07T01:17:16,3,9996,0,9999
2023-10-07T01:30:27,3,9996,0,9999
2023-10-07T01:43:37,3,9996,0,9999
2023-10-07T01:56:48,3,9996,0,9999
2023-10-07T02:09:59,3,9996,0,9999
2023-10-07T02:23:10,3,9996,0,9999
2023-10-07T02:36:20,3,9996,0,9999
2023-10-07T02:49:41,3,9996,0,9999
2023-10-07T03:03:41,3,9996,0,9999
2023-10-07T03:16:50,3,9996,0,9999
2023-10-07T03:30:01,3,9996,0,9999
2023-10-07T03:43:12,3,9996,0,9999
2023-10-07T03:56:23,3,9996,0,9999
2023-10-07T04:18:58,3,9996,0,9999
2023-10-07T04:32:35,3,9996,0,9999
2023-10-07T04:45:46,3,9996,0,9999
2023-10-07T04:58:55,3,9996,0,9999
2023-10-07T05:12:04,3,9996,0,9999
2023-10-07T05:26:57,3,9996,0,9999
2023-10-07T05:40:09,3,9996,0,9999
2023-10-07T05:53:19,3,9996,0,9999
2023-10-07T06:06:31,3,9996,0,9999
2023-10-07T06:19:40,3,9996,0,9999
2023-10-07T06:32:50,3,9996,0,9999
2023-10-07T06:45:59,3,9996,0,9999
2023-10-07T06:59:08,3,9996,0,9999
2023-10-07T07:12:18,3,9996,0,9999
2023-10-07T07:25:34,3,9996,0,9999
2023-10-07T07:38:40,3,9996,0,9999
2023-10-07T07:51:47,3,9996,0,9999
2023-10-07T08:04:55,3,9996,0,9999
2023-10-07T08:18:04,3,9996,0,9999
2023-10-07T08:31:13,3,9996,0,9999
2023-10-07T08:44:20,3,9996,0,9999
2023-10-07T08:57:27,3,9996,0,9999
2023-10-07T09:10:34,3,9996,0,9999
2023-10-07T09:23:41,3,9996,0,9999
2023-10-07T09:36:48,3,9996,0,9999
2023-10-07T09:49:55,3,9996,0,9999
2023-10-07T10:03:01,3,9996,0,9999
2023-10-07T10:16:07,3,9996,0,9999
2023-10-07T10:29:13,3,9996,0,9999
2023-10-07T10:42:30,3,9996,0,9999
2023-10-07T10:55:34,3,9996,0,9999
2023-10-07T11:08:38,3,9996,0,9999
2023-10-07T11:21:43,3,9996,0,9999
2023-10-07T11:34:47,3,9996,0,9999
2023-10-07T11:47:51,3,9996,0,9999
2023-10-07T12:00:55,3,9996,0,9999
2023-10-07T12:14:00,3,9996,0,9999
2023-10-07T12:27:04,3,9996,0,9999
2023-10-07T12:40:09,3,9996,0,9999
2023-10-07T12:53:13,3,9996,0,9999
2023-10-07T13:06:19,3,9996,0,9999
2023-10-07T13:19:36,3,9996,0,9999
2023-10-07T13:32:41,3,9996,0,9999
2023-10-07T13:45:45,3,9996,0,9999
2023-10-07T13:58:50,3,9996,0,9999
2023-10-07T14:11:54,3,9996,0,9999
2023-10-07T14:24:58,3,9996,0,9999
2023-10-07T14:38:03,3,9996,0,9999
2023-10-07T14:51:08,3,9996,0,9999
2023-10-07T15:04:13,3,9996,0,9999
2023-10-07T15:17:17,3,9996,0,9999
2023-10-07T15:30:21,3,9996,0,9999
2023-10-07T15:43:35,3,9996,0,9999
2023-10-07T15:56:40,3,9996,0,9999
2023-10-07T16:09:45,3,9996,0,9999
2023-10-07T16:22:49,3,9996,0,9999
2023-10-07T16:35:54,3,9996,0,9999
2023-10-07T16:48:59,3,9996,0,9999
2023-10-07T17:02:03,3,9996,0,9999
2023-10-07T17:15:10,3,9996,0,9999
2023-10-07T17:28:14,3,9996,0,9999
2023-10-07T17:41:20,3,9996,0,9999
2023-10-07T17:54:25,3,9996,0,9999
2023-10-07T18:07:29,3,9996,0,9999
2023-10-07T18:20:44,3,9996,0,9999
2023-10-07T18:33:49,3,9996,0,9999
2023-10-07T18:46:55,3,9996,0,9999
2023-10-07T19:00:04,3,9996,0,9999
2023-10-07T19:13:10,3,9996,0,9999
2023-10-07T19:26:14,3,9996,0,9999
2023-10-07T19:39:19,3,9996,0,9999
2023-10-07T19:52:23,3,9996,0,9999
2023-10-07T20:05:28,3,9996,0,9999
2023-10-07T20:18:32,3,9996,0,9999
2023-10-07T20:31:38,3,9996,0,9999
2023-10-07T20:44:43,3,9996,0,9999
2023-10-07T20:57:47,3,9996,0,9999
2023-10-07T21:11:00,3,9996,0,9999
2023-10-07T21:24:05,3,9996,0,9999
2023-10-07T21:37:11,3,9996,0,9999
2023-10-07T21:50:16,3,9996,0,9999
2023-10-07T22:03:21,3,9996,0,9999
2023-10-07T22:16:26,3,9996,0,9999
2023-10-07T22:29:34,3,9996,0,9999
2023-10-07T22:42:39,3,9996,0,9999
2023-10-07T22:55:44,3,9996,0,9999
2023-10-07T23:08:51,3,9996,0,9999
2023-10-07T23:21:57,3,9996,0,9999
2023-10-07T23:35:01,3,9996,0,9999
2023-10-07T23:48:06,3,9996,0,9999
2023-10-08T00:01:11,3,9996,0,9999
2023-10-08T00:14:18,3,9996,0,9999
2023-10-08T00:27:42,3,9996,0,9999
2023-10-08T00:40:50,3,9996,0,9999
2023-10-08T00:53:56,3,9996,0,9999
2023-10-08T01:07:01,3,9996,0,9999
2023-10-08T01:20:06,3,9996,0,9999
2023-10-08T01:33:11,3,9996,0,9999
2023-10-08T01:46:15,3,9996,0,9999
2023-10-08T01:59:20,3,9996,0,9999
2023-10-08T02:12:27,3,9996,0,9999
2023-10-08T02:25:31,3,9996,0,9999
2023-10-08T02:38:36,3,9996,0,9999
2023-10-08T02:51:42,3,9996,0,9999
2023-10-08T03:04:54,3,9996,0,9999
2023-10-08T03:18:08,3,9996,0,9999
2023-10-08T03:31:19,3,9996,0,9999
2023-10-08T03:44:30,3,9996,0,9999
2023-10-08T03:57:40,3,9996,0,9999
2023-10-08T04:16:16,3,9996,0,9999
2023-10-08T04:30:46,3,9996,0,9999
2023-10-08T04:44:21,3,9996,0,9999
2023-10-08T04:57:35,3,9996,0,9999
2023-10-08T05:10:48,3,9996,0,9999
2023-10-08T05:23:57,3,9996,0,9999
2023-10-08T05:37:07,3,9996,0,9999
2023-10-08T05:50:17,3,9996,0,9999
2023-10-08T06:03:26,3,9996,0,9999
2023-10-08T06:16:37,3,9996,0,9999
2023-10-08T06:29:46,3,9996,0,9999
2023-10-08T06:42:56,3,9996,0,9999
2023-10-08T06:56:03,3,9996,0,9999
2023-10-08T07:09:10,3,9996,0,9999
2023-10-08T07:22:18,3,9996,0,9999
2023-10-08T07:35:26,3,9996,0,9999
2023-10-08T07:48:33,3,9996,0,9999
2023-10-08T08:01:42,3,9996,0,9999
