time,enrolled,available,waitlisted,total
2023-05-25T01:17:44,0,20,0,20
2023-05-25T01:29:20,0,20,0,20
2023-05-25T01:41:05,0,20,0,20
2023-05-25T01:52:40,0,20,0,20
2023-05-25T02:04:15,0,20,0,20
2023-05-25T02:15:51,0,20,0,20
2023-05-25T02:27:27,0,20,0,20
2023-05-25T02:39:00,0,20,0,20
2023-05-25T02:50:34,0,20,0,20
2023-05-25T03:02:07,0,20,0,20
2023-05-25T03:13:44,0,20,0,20
2023-05-25T03:25:43,0,20,0,20
2023-05-25T03:37:20,0,20,0,20
2023-05-25T03:48:56,0,20,0,20
2023-05-25T04:00:32,0,20,0,20
2023-05-25T04:19:55,0,20,0,20
2023-05-25T04:31:55,0,20,0,20
2023-05-25T04:43:32,0,20,0,20
2023-05-25T04:55:08,0,20,0,20
2023-05-25T05:06:45,0,20,0,20
2023-05-25T05:18:21,0,20,0,20
2023-05-25T05:29:57,0,20,0,20
2023-05-25T05:41:33,0,20,0,20
2023-05-25T05:53:09,0,20,0,20
2023-05-25T06:04:46,0,20,0,20
2023-05-25T06:16:22,0,20,0,20
2023-05-25T06:27:56,0,20,0,20
2023-05-25T06:39:31,0,20,0,20
2023-05-25T06:51:07,0,20,0,20
2023-05-25T07:02:42,0,20,0,20
2023-05-25T07:14:17,0,20,0,20
2023-05-25T07:25:52,0,20,0,20
2023-05-25T07:37:25,0,20,0,20
2023-05-25T07:49:03,0,20,0,20
2023-05-25T08:00:38,0,20,0,20
2023-05-25T08:12:12,0,20,0,20
2023-05-25T08:23:57,0,20,0,20
2023-05-25T08:35:31,0,20,0,20
2023-05-25T08:47:03,0,20,0,20
2023-05-25T08:58:36,0,20,0,20
2023-05-25T09:10:09,0,20,0,20
2023-05-25T09:21:42,0,20,0,20
2023-05-25T09:33:15,0,20,0,20
2023-05-25T09:44:47,0,20,0,20
2023-05-25T09:56:21,0,20,0,20
2023-05-25T10:07:54,0,20,0,20
2023-05-25T10:19:38,0,20,0,20
2023-05-25T10:31:11,0,20,0,20
2023-05-25T10:42:43,0,20,0,20
2023-05-25T10:54:26,0,20,0,20
2023-05-25T11:05:59,0,20,0,20
2023-05-25T11:17:32,0,20,0,20
2023-05-25T11:29:04,0,20,0,20
2023-05-25T11:40:37,0,20,0,20
2023-05-25T11:52:10,0,20,0,20
2023-05-25T12:03:54,0,20,0,20
2023-05-25T12:15:27,0,20,0,20
2023-05-25T12:27:00,0,20,0,20
2023-05-25T12:38:33,0,20,0,20
2023-05-25T12:50:05,0,20,0,20
2023-05-25T13:01:49,0,20,0,20
2023-05-25T13:13:21,0,20,0,20
2023-05-25T13:24:54,0,20,0,20
2023-05-25T13:36:28,0,20,0,20
2023-05-25T13:48:01,0,20,0,20
2023-05-25T13:59:34,0,20,0,20
2023-05-25T14:11:19,0,20,0,20
2023-05-25T14:22:52,0,20,0,20
2023-05-25T14:34:25,0,20,0,20
2023-05-25T14:45:58,0,20,0,20
2023-05-25T14:57:31,0,20,0,20
2023-05-25T15:09:15,0,20,0,20
2023-05-25T15:20:50,0,20,0,20
2023-05-25T15:32:24,0,20,0,20
2023-05-25T15:43:59,0,20,0,20
2023-05-25T15:55:34,0,20,0,20
2023-05-25T16:07:19,0,20,0,20
2023-05-25T16:18:54,0,20,0,20
2023-05-25T16:30:29,0,20,0,20
2023-05-25T16:42:04,0,20,0,20
2023-05-25T16:53:39,0,20,0,20
2023-05-25T17:05:16,0,20,0,20
2023-05-25T17:17:03,0,20,0,20
2023-05-25T17:28:39,0,20,0,20
2023-05-25T17:40:14,0,20,0,20
2023-05-25T17:51:50,0,20,0,20
2023-05-25T18:03:27,0,20,0,20
2023-05-25T18:15:03,0,20,0,20
2023-05-25T18:26:38,0,20,0,20
2023-05-25T18:38:23,0,20,0,20
2023-05-25T18:49:59,0,20,0,20
2023-05-25T19:01:35,0,20,0,20
2023-05-25T19:13:12,0,20,0,20
2023-05-25T19:24:47,0,20,0,20
2023-05-25T19:36:23,0,20,0,20
2023-05-25T19:47:59,0,20,0,20
2023-05-25T19:59:44,0,20,0,20
2023-05-25T20:11:20,0,20,0,20
2023-05-25T20:22:56,0,20,0,20
2023-05-25T20:34:32,0,20,0,20
2023-05-25T20:46:07,0,20,0,20
2023-05-25T20:57:43,0,20,0,20
2023-05-25T21:09:19,0,20,0,20
2023-05-25T21:21:06,0,20,0,20
2023-05-25T21:32:42,0,20,0,20
2023-05-25T21:44:18,0,20,0,20
2023-05-25T21:55:53,0,20,0,20
2023-05-25T22:07:29,0,20,0,20
2023-05-25T22:19:04,0,20,0,20
2023-05-25T22:30:39,0,20,0,20
2023-05-25T22:42:26,0,20,0,20
2023-05-25T22:54:01,0,20,0,20
2023-05-25T23:05:39,0,20,0,20
2023-05-25T23:17:15,0,20,0,20
2023-05-25T23:28:51,0,20,0,20
2023-05-25T23:40:27,0,20,0,20
2023-05-25T23:52:04,0,20,0,20
2023-05-26T00:03:47,0,20,0,20
2023-05-26T00:15:38,0,20,0,20
2023-05-26T00:27:18,0,20,0,20
2023-05-26T00:38:56,0,20,0,20
2023-05-26T00:50:35,0,20,0,20
2023-05-26T01:02:14,0,20,0,20
2023-05-26T01:13:53,0,20,0,20
2023-05-26T01:25:31,0,20,0,20
2023-05-26T01:37:09,0,20,0,20
2023-05-26T01:48:57,0,20,0,20
2023-05-26T02:00:38,0,20,0,20
2023-05-26T02:12:18,0,20,0,20
2023-05-26T02:23:55,0,20,0,20
2023-05-26T02:35:33,0,20,0,20
2023-05-26T02:47:22,0,20,0,20
2023-05-26T02:59:02,0,20,0,20
2023-05-26T03:10:42,0,20,0,20
2023-05-26T03:22:23,0,20,0,20
2023-05-26T03:34:01,0,20,0,20
2023-05-26T03:45:40,0,20,0,20
2023-05-26T03:57:18,0,20,0,20
2023-05-26T04:09:07,0,20,0,20
2023-05-26T04:31:06,0,20,0,20
2023-05-26T04:43:10,0,20,0,20
2023-05-26T04:54:51,0,20,0,20
2023-05-26T05:06:32,0,20,0,20
2023-05-26T05:18:12,0,20,0,20
2023-05-26T05:29:51,0,20,0,20
2023-05-26T05:41:30,0,20,0,20
2023-05-26T05:53:09,0,20,0,20
2023-05-26T06:04:47,0,20,0,20
2023-05-26T06:16:27,0,20,0,20
2023-05-26T06:28:06,0,20,0,20
2023-05-26T06:39:44,0,20,0,20
2023-05-26T06:51:23,0,20,0,20
2023-05-26T07:03:01,0,20,0,20
2023-05-26T07:14:39,0,20,0,20
2023-05-26T07:26:18,0,20,0,20
2023-05-26T07:38:03,0,20,0,20
2023-05-26T07:49:40,0,20,0,20
2023-05-26T08:01:17,0,20,0,20
2023-05-26T08:12:53,0,20,0,20
2023-05-26T08:24:29,0,20,0,20
2023-05-26T08:36:05,0,20,0,20
2023-05-26T08:47:41,0,20,0,20
2023-05-26T08:59:17,0,20,0,20
2023-05-26T09:10:54,0,20,0,20
2023-05-26T09:22:30,0,20,0,20
2023-05-26T09:34:18,0,20,0,20
2023-05-26T09:45:54,0,20,0,20
2023-05-26T09:57:30,0,20,0,20
2023-05-26T10:09:06,0,20,0,20
2023-05-26T10:20:43,0,20,0,20
2023-05-26T10:32:19,0,20,0,20
2023-05-26T10:44:07,0,20,0,20
2023-05-26T10:55:43,0,20,0,20
2023-05-26T11:07:19,0,20,0,20
2023-05-26T11:18:56,0,20,0,20
2023-05-26T11:30:32,0,20,0,20
2023-05-26T11:42:19,0,20,0,20
2023-05-26T11:53:55,0,20,0,20
2023-05-26T12:05:31,0,20,0,20
2023-05-26T12:17:07,0,20,0,20
2023-05-26T12:28:43,0,20,0,20
2023-05-26T12:40:31,0,20,0,20
2023-05-26T12:52:06,0,20,0,20
2023-05-26T13:03:43,0,20,0,20
2023-05-26T13:15:18,0,20,0,20
2023-05-26T13:26:54,0,20,0,20
2023-05-26T13:38:41,0,20,0,20
2023-05-26T13:50:16,0,20,0,20
2023-05-26T14:01:52,0,20,0,20
2023-05-26T14:13:28,0,20,0,20
2023-05-26T14:25:15,0,20,0,20
2023-05-26T14:36:51,0,20,0,20
2023-05-26T14:48:27,0,20,0,20
2023-05-26T15:00:03,0,20,0,20
2023-05-26T15:11:42,0,20,0,20
2023-05-26T15:23:17,0,20,0,20
2023-05-26T15:35:04,0,20,0,20
2023-05-26T15:46:39,0,20,0,20
2023-05-26T15:58:16,0,20,0,20
2023-05-26T16:09:51,0,20,0,20
2023-05-26T16:21:27,0,20,0,20
2023-05-26T16:33:13,0,20,0,20
2023-05-26T16:44:48,0,20,0,20
2023-05-26T16:56:24,0,20,0,20
2023-05-26T17:08:00,0,20,0,20
2023-05-26T17:19:37,0,20,0,20
2023-05-26T17:31:13,0,20,0,20
2023-05-26T17:42:58,0,20,0,20
2023-05-26T17:54:34,0,20,0,20
2023-05-26T18:06:10,0,20,0,20
2023-05-26T18:17:45,0,20,0,20
2023-05-26T18:29:21,0,20,0,20
2023-05-26T18:40:57,0,20,0,20
2023-05-26T18:52:43,0,20,0,20
2023-05-26T19:04:19,0,20,0,20
2023-05-26T19:15:55,0,20,0,20
2023-05-26T19:27:31,0,20,0,20
2023-05-26T19:39:07,0,20,0,20
2023-05-26T19:50:42,0,20,0,20
2023-05-26T20:02:18,0,20,0,20
2023-05-26T20:14:03,0,20,0,20
2023-05-26T20:25:39,0,20,0,20
2023-05-26T20:37:15,0,20,0,20
2023-05-26T20:48:50,0,20,0,20
2023-05-26T21:00:25,0,20,0,20
2023-05-26T21:12:02,0,20,0,20
2023-05-26T21:23:39,0,20,0,20
2023-05-26T21:35:14,0,20,0,20
2023-05-26T21:47:01,0,20,0,20
2023-05-26T21:58:37,0,20,0,20
2023-05-26T22:10:13,0,20,0,20
2023-05-26T22:21:49,0,20,0,20
2023-05-26T22:33:25,0,20,0,20
2023-05-26T22:45:01,0,20,0,20
2023-05-26T22:56:36,0,20,0,20
2023-05-26T23:08:16,0,20,0,20
2023-05-26T23:20:02,0,20,0,20
2023-05-26T23:31:38,0,20,0,20
2023-05-26T23:43:15,0,20,0,20
2023-05-26T23:54:51,0,20,0,20
2023-05-27T00:06:28,0,20,0,20
2023-05-27T00:18:09,0,20,0,20
2023-05-27T00:29:47,0,20,0,20
2023-05-27T00:41:26,0,20,0,20
2023-05-27T00:53:05,0,20,0,20
2023-05-27T01:04:44,0,20,0,20
2023-05-27T01:16:33,0,20,0,20
2023-05-27T01:28:12,0,20,0,20
2023-05-27T01:39:51,0,20,0,20
2023-05-27T01:51:30,0,20,0,20
2023-05-27T02:03:08,0,20,0,20
2023-05-27T02:14:46,0,20,0,20
2023-05-27T02:26:24,0,20,0,20
2023-05-27T02:38:01,0,20,0,20
2023-05-27T02:49:36,0,20,0,20
2023-05-27T03:01:12,0,20,0,20
2023-05-27T03:12:50,0,20,0,20
2023-05-27T03:24:29,0,20,0,20
2023-05-27T03:36:05,0,20,0,20
2023-05-27T03:47:43,0,20,0,20
2023-05-27T03:59:21,0,20,0,20
2023-05-27T04:11:15,0,20,0,20
2023-05-27T04:32:35,0,20,0,20
2023-05-27T04:45:47,0,20,0,20
2023-05-27T04:57:27,0,20,0,20
2023-05-27T05:09:05,0,20,0,20
2023-05-27T05:20:45,0,20,0,20
2023-05-27T05:32:24,0,20,0,20
2023-05-27T05:44:04,0,20,0,20
2023-05-27T05:55:42,0,20,0,20
2023-05-27T06:07:20,0,20,0,20
2023-05-27T06:18:58,0,20,0,20
2023-05-27T06:30:40,0,20,0,20
2023-05-27T06:42:19,0,20,0,20
2023-05-27T06:53:57,0,20,0,20
2023-05-27T07:05:35,0,20,0,20
2023-05-27T07:17:13,0,20,0,20
2023-05-27T07:28:51,0,20,0,20
2023-05-27T07:40:28,0,20,0,20
2023-05-27T07:52:07,0,20,0,20
2023-05-27T08:03:57,0,20,0,20
2023-05-27T08:15:34,0,20,0,20
2023-05-27T08:27:12,0,20,0,20
2023-05-27T08:38:50,0,20,0,20
2023-05-27T08:50:29,0,20,0,20
2023-05-27T09:02:06,0,20,0,20
2023-05-27T09:13:44,0,20,0,20
2023-05-27T09:25:21,0,20,0,20
2023-05-27T09:37:01,0,20,0,20
2023-05-27T09:48:40,0,20,0,20
2023-05-27T10:00:16,0,20,0,20
2023-05-27T10:12:11,0,20,0,20
2023-05-27T10:23:47,0,20,0,20
2023-05-27T10:35:25,0,20,0,20
2023-05-27T10:47:02,0,20,0,20
2023-05-27T10:58:39,0,20,0,20
2023-05-27T11:10:14,0,20,0,20
2023-05-27T11:21:50,0,20,0,20
2023-05-27T11:33:25,0,20,0,20
2023-05-27T11:45:00,0,20,0,20
2023-05-27T11:56:34,0,20,0,20
2023-05-27T12:08:19,0,20,0,20
2023-05-27T12:19:54,0,20,0,20
2023-05-27T12:31:30,0,20,0,20
2023-05-27T12:43:05,0,20,0,20
2023-05-27T12:54:40,0,20,0,20
2023-05-27T13:06:16,0,20,0,20
2023-05-27T13:17:51,0,20,0,20
2023-05-27T13:29:26,0,20,0,20
2023-05-27T13:41:21,0,20,0,20
2023-05-27T13:52:56,0,20,0,20
2023-05-27T14:04:32,0,20,0,20
2023-05-27T14:16:07,0,20,0,20
2023-05-27T14:27:43,0,20,0,20
2023-05-27T14:39:18,0,20,0,20
2023-05-27T14:50:53,0,20,0,20
2023-05-27T15:02:39,0,20,0,20
2023-05-27T15:14:14,0,20,0,20
2023-05-27T15:25:49,0,20,0,20
2023-05-27T15:37:24,0,20,0,20
2023-05-27T15:48:59,0,20,0,20
2023-05-27T16:00:34,0,20,0,20
2023-05-27T16:12:09,0,20,0,20
2023-05-27T16:23:44,0,20,0,20
2023-05-27T16:35:29,0,20,0,20
2023-05-27T16:47:05,0,20,0,20
2023-05-27T16:58:40,0,20,0,20
2023-05-27T17:10:18,0,20,0,20
2023-05-27T17:21:54,0,20,0,20
2023-05-27T17:33:30,0,20,0,20
2023-05-27T17:45:15,0,20,0,20
2023-05-27T17:56:50,0,20,0,20
2023-05-27T18:08:26,0,20,0,20
2023-05-27T18:20:01,0,20,0,20
2023-05-27T18:31:37,0,20,0,20
2023-05-27T18:43:11,0,20,0,20
2023-05-27T18:54:46,0,20,0,20
2023-05-27T19:06:23,0,20,0,20
2023-05-27T19:18:18,0,20,0,20
2023-05-27T19:29:54,0,20,0,20
2023-05-27T19:41:30,0,20,0,20
2023-05-27T19:53:05,0,20,0,20
2023-05-27T20:04:40,0,20,0,20
2023-05-27T20:16:15,0,20,0,20
2023-05-27T20:27:51,0,20,0,20
2023-05-27T20:39:26,0,20,0,20
2023-05-27T20:51:10,0,20,0,20
2023-05-27T21:02:45,0,20,0,20
2023-05-27T21:14:21,0,20,0,20
2023-05-27T21:25:56,0,20,0,20
2023-05-27T21:37:32,0,20,0,20
2023-05-27T21:49:07,0,20,0,20
2023-05-27T22:00:43,0,20,0,20
2023-05-27T22:12:27,0,20,0,20
2023-05-27T22:24:03,0,20,0,20
2023-05-27T22:35:38,0,20,0,20
2023-05-27T22:47:14,0,20,0,20
2023-05-27T22:58:49,0,20,0,20
2023-05-27T23:10:29,0,20,0,20
2023-05-27T23:22:05,0,20,0,20
2023-05-27T23:33:41,0,20,0,20
2023-05-27T23:45:32,0,20,0,20
2023-05-27T23:57:07,0,20,0,20
2023-05-28T00:08:45,0,20,0,20
2023-05-28T00:20:26,0,20,0,20
2023-05-28T00:32:02,0,20,0,20
2023-05-28T00:43:41,0,20,0,20
2023-05-28T00:55:17,0,20,0,20
2023-05-28T01:06:54,0,20,0,20
2023-05-28T01:18:30,0,20,0,20
2023-05-28T01:30:15,0,20,0,20
2023-05-28T01:41:51,0,20,0,20
2023-05-28T01:53:27,0,20,0,20
2023-05-28T02:05:02,0,20,0,20
2023-05-28T02:16:38,0,20,0,20
2023-05-28T02:28:15,0,20,0,20
2023-05-28T02:39:55,0,20,0,20
2023-05-28T02:51:35,0,20,0,20
2023-05-28T03:03:16,0,20,0,20
2023-05-28T03:14:56,0,20,0,20
2023-05-28T03:26:36,0,20,0,20
2023-05-28T03:38:16,0,20,0,20
2023-05-28T03:51:01,0,20,0,20
2023-05-28T04:03:01,0,20,0,20
2023-05-28T04:14:40,0,20,0,20
2023-05-28T04:28:40,0,20,0,20
2023-05-28T04:41:53,0,20,0,20
2023-05-28T04:53:34,0,20,0,20
2023-05-28T05:05:14,0,20,0,20
2023-05-28T05:16:51,0,20,0,20
2023-05-28T05:28:30,0,20,0,20
2023-05-28T05:40:13,0,20,0,20
2023-05-28T05:51:53,0,20,0,20
2023-05-28T06:03:33,0,20,0,20
2023-05-28T06:15:11,0,20,0,20
2023-05-28T06:26:50,0,20,0,20
2023-05-28T06:38:28,0,20,0,20
2023-05-28T06:50:06,0,20,0,20
2023-05-28T07:01:44,0,20,0,20
2023-05-28T07:13:21,0,20,0,20
2023-05-28T07:25:00,0,20,0,20
2023-05-28T07:36:39,0,20,0,20
2023-05-28T07:48:17,0,20,0,20
2023-05-28T07:59:59,0,20,0,20
2023-05-28T08:11:38,0,20,0,20
2023-05-28T08:23:17,0,20,0,20
2023-05-28T08:34:54,0,20,0,20
2023-05-28T08:46:33,0,20,0,20
2023-05-28T08:58:12,0,20,0,20
2023-05-28T09:09:49,0,20,0,20
2023-05-28T09:21:33,0,20,0,20
2023-05-28T09:33:09,0,20,0,20
2023-05-28T09:44:45,0,20,0,20
2023-05-28T09:56:21,0,20,0,20
2023-05-28T10:07:57,0,20,0,20
2023-05-28T10:19:33,0,20,0,20
2023-05-28T10:31:09,0,20,0,20
2023-05-28T10:42:44,0,20,0,20
2023-05-28T10:54:20,0,20,0,20
2023-05-28T11:05:56,0,20,0,20
2023-05-28T11:17:32,0,20,0,20
2023-05-28T11:29:08,0,20,0,20
2023-05-28T11:40:44,0,20,0,20
2023-05-28T11:52:19,0,20,0,20
2023-05-28T12:04:04,0,20,0,20
2023-05-28T12:15:40,0,20,0,20
2023-05-28T12:27:16,0,20,0,20
2023-05-28T12:38:52,0,20,0,20
2023-05-28T12:50:27,0,20,0,20
2023-05-28T13:02:04,0,20,0,20
2023-05-28T13:13:39,0,20,0,20
2023-05-28T13:25:15,0,20,0,20
2023-05-28T13:36:50,0,20,0,20
2023-05-28T13:48:26,0,20,0,20
2023-05-28T14:00:01,0,20,0,20
2023-05-28T14:11:45,0,20,0,20
2023-05-28T14:23:21,0,20,0,20
2023-05-28T14:34:56,0,20,0,20
2023-05-28T14:46:32,0,20,0,20
2023-05-28T14:58:07,0,20,0,20
2023-05-28T15:09:43,0,20,0,20
2023-05-28T15:21:19,0,20,0,20
2023-05-28T15:32:54,0,20,0,20
2023-05-28T15:44:30,0,20,0,20
2023-05-28T15:56:06,0,20,0,20
2023-05-28T16:07:41,0,20,0,20
2023-05-28T16:19:27,0,20,0,20
2023-05-28T16:31:03,0,20,0,20
2023-05-28T16:42:38,0,20,0,20
2023-05-28T16:54:13,0,20,0,20
2023-05-28T17:05:49,0,20,0,20
2023-05-28T17:17:25,0,20,0,20
2023-05-28T17:29:00,0,20,0,20
2023-05-28T17:40:36,0,20,0,20
2023-05-28T17:52:20,0,20,0,20
2023-05-28T18:03:56,0,20,0,20
2023-05-28T18:15:32,0,20,0,20
2023-05-28T18:27:07,0,20,0,20
2023-05-28T18:38:43,0,20,0,20
2023-05-28T18:50:18,0,20,0,20
2023-05-28T19:01:54,0,20,0,20
2023-05-28T19:13:31,0,20,0,20
2023-05-28T19:25:06,0,20,0,20
2023-05-28T19:36:42,0,20,0,20
2023-05-28T19:48:27,0,20,0,20
2023-05-28T20:00:02,1,19,0,20
2023-05-28T20:11:37,1,19,0,20
2023-05-28T20:23:13,1,19,0,20
2023-05-28T20:34:48,1,19,0,20
2023-05-28T20:46:23,1,19,0,20
2023-05-28T20:57:58,1,19,0,20
2023-05-28T21:09:34,1,19,0,20
2023-05-28T21:21:09,1,19,0,20
2023-05-28T21:32:54,1,19,0,20
2023-05-28T21:44:30,1,19,0,20
2023-05-28T21:56:06,1,19,0,20
2023-05-28T22:07:40,1,19,0,20
2023-05-28T22:19:16,1,19,0,20
2023-05-28T22:30:52,1,19,0,20
2023-05-28T22:42:28,1,19,0,20
2023-05-28T22:54:04,1,19,0,20
2023-05-28T23:05:52,1,19,0,20
2023-05-28T23:17:28,1,19,0,20
2023-05-28T23:29:05,1,19,0,20
2023-05-28T23:40:42,1,19,0,20
2023-05-28T23:52:18,1,19,0,20
2023-05-29T00:03:55,1,19,0,20
2023-05-29T00:15:42,1,19,0,20
2023-05-29T00:27:25,1,19,0,20
2023-05-29T00:39:06,1,19,0,20
2023-05-29T00:50:44,1,19,0,20
2023-05-29T01:02:32,1,19,0,20
2023-05-29T01:14:14,1,19,0,20
2023-05-29T01:25:52,1,19,0,20
2023-05-29T01:37:31,1,19,0,20
2023-05-29T01:49:09,1,19,0,20
2023-05-29T02:00:46,1,19,0,20
2023-05-29T02:12:33,1,19,0,20
2023-05-29T02:24:10,1,19,0,20
2023-05-29T02:35:47,1,19,0,20
2023-05-29T02:47:24,1,19,0,20
2023-05-29T02:59:00,1,19,0,20
2023-05-29T03:10:37,1,19,0,20
2023-05-29T03:22:15,1,19,0,20
2023-05-29T03:33:52,1,19,0,20
2023-05-29T03:45:39,1,19,0,20
2023-05-29T03:57:17,1,19,0,20
2023-05-29T04:08:57,1,19,0,20
2023-05-29T04:31:40,1,19,0,20
2023-05-29T04:43:19,1,19,0,20
2023-05-29T04:56:29,1,19,0,20
2023-05-29T05:08:09,1,19,0,20
2023-05-29T05:19:47,1,19,0,20
2023-05-29T05:31:26,1,19,0,20
2023-05-29T05:43:05,1,19,0,20
2023-05-29T05:54:44,1,19,0,20
2023-05-29T06:06:22,1,19,0,20
2023-05-29T06:18:01,1,19,0,20
2023-05-29T06:29:39,1,19,0,20
2023-05-29T06:41:16,1,19,0,20
2023-05-29T06:52:53,1,19,0,20
2023-05-29T07:04:34,1,19,0,20
2023-05-29T07:16:09,1,19,0,20
2023-05-29T07:27:53,1,19,0,20
2023-05-29T07:39:27,1,19,0,20
2023-05-29T07:51:03,1,19,0,20
2023-05-29T08:02:38,1,19,0,20
2023-05-29T08:14:13,1,19,0,20
2023-05-29T08:25:48,1,19,0,20
2023-05-29T08:37:24,1,19,0,20
2023-05-29T08:48:59,1,19,0,20
2023-05-29T09:00:34,1,19,0,20
2023-05-29T09:12:09,1,19,0,20
2023-05-29T09:23:45,1,19,0,20
2023-05-29T09:35:20,1,19,0,20
2023-05-29T09:47:05,1,19,0,20
2023-05-29T09:58:41,1,19,0,20
2023-05-29T10:10:16,1,19,0,20
2023-05-29T10:21:52,1,19,0,20
2023-05-29T10:33:27,1,19,0,20
2023-05-29T10:45:02,1,19,0,20
2023-05-29T10:56:37,1,19,0,20
2023-05-29T11:08:12,1,19,0,20
2023-05-29T11:19:57,1,19,0,20
2023-05-29T11:31:32,1,19,0,20
2023-05-29T11:43:07,1,19,0,20
2023-05-29T11:54:42,1,19,0,20
2023-05-29T12:06:17,1,19,0,20
2023-05-29T12:17:53,1,19,0,20
2023-05-29T12:29:38,1,19,0,20
2023-05-29T12:41:14,1,19,0,20
2023-05-29T12:52:50,1,19,0,20
2023-05-29T13:04:26,1,19,0,20
2023-05-29T13:16:01,1,19,0,20
2023-05-29T13:27:46,1,19,0,20
2023-05-29T13:39:23,1,19,0,20
2023-05-29T13:50:59,1,19,0,20
2023-05-29T14:02:35,1,19,0,20
2023-05-29T14:14:21,1,19,0,20
2023-05-29T14:25:57,1,19,0,20
2023-05-29T14:37:34,1,19,0,20
2023-05-29T14:49:11,1,19,0,20
2023-05-29T15:00:58,1,19,0,20
2023-05-29T15:12:35,1,19,0,20
2023-05-29T15:24:10,1,19,0,20
2023-05-29T15:35:46,1,19,0,20
2023-05-29T15:47:22,1,19,0,20
2023-05-29T15:59:09,1,19,0,20
2023-05-29T16:10:46,1,19,0,20
2023-05-29T16:22:25,1,19,0,20
2023-05-29T16:34:01,1,19,0,20
2023-05-29T16:45:46,1,19,0,20
2023-05-29T16:57:23,1,19,0,20
2023-05-29T17:09:01,1,19,0,20
2023-05-29T17:20:39,1,19,0,20
2023-05-29T17:32:16,1,19,0,20
2023-05-29T17:44:01,1,19,0,20
2023-05-29T17:55:39,1,19,0,20
2023-05-29T18:07:17,1,19,0,20
2023-05-29T18:18:53,1,19,0,20
2023-05-29T18:30:30,1,19,0,20
2023-05-29T18:42:21,1,19,0,20
2023-05-29T18:53:57,1,19,0,20
2023-05-29T19:05:33,1,19,0,20
2023-05-29T19:17:10,1,19,0,20
2023-05-29T19:28:46,1,19,0,20
2023-05-29T19:40:31,1,19,0,20
2023-05-29T19:52:09,1,19,0,20
2023-05-29T20:03:46,1,19,0,20
2023-05-29T20:15:24,1,19,0,20
2023-05-29T20:27:00,1,19,0,20
2023-05-29T20:38:47,1,19,0,20
2023-05-29T20:50:22,1,19,0,20
2023-05-29T21:01:59,1,19,0,20
2023-05-29T21:13:36,1,19,0,20
2023-05-29T21:25:13,1,19,0,20
2023-05-29T21:37:02,1,19,0,20
2023-05-29T21:48:39,1,19,0,20
2023-05-29T22:00:17,1,19,0,20
2023-05-29T22:11:52,1,19,0,20
2023-05-29T22:23:28,1,19,0,20
2023-05-29T22:35:13,1,19,0,20
2023-05-29T22:46:49,1,19,0,20
2023-05-29T22:58:25,1,19,0,20
2023-05-29T23:10:02,1,19,0,20
2023-05-29T23:21:38,1,19,0,20
2023-05-29T23:33:14,1,19,0,20
2023-05-29T23:45:01,1,19,0,20
2023-05-29T23:56:37,1,19,0,20
2023-05-30T00:08:14,1,19,0,20
2023-05-30T00:19:52,1,19,0,20
2023-05-30T00:31:29,1,19,0,20
2023-05-30T00:43:07,1,19,0,20
2023-05-30T00:54:54,1,19,0,20
2023-05-30T01:06:32,1,19,0,20
2023-05-30T01:18:10,1,19,0,20
2023-05-30T01:29:47,1,19,0,20
2023-05-30T01:41:23,1,19,0,20
2023-05-30T01:52:59,1,19,0,20
2023-05-30T02:04:36,1,19,0,20
2023-05-30T02:16:14,1,19,0,20
2023-05-30T02:27:58,1,19,0,20
2023-05-30T02:39:36,1,19,0,20
2023-05-30T02:51:22,1,19,0,20
2023-05-30T03:03:00,1,19,0,20
2023-05-30T03:14:38,1,19,0,20
2023-05-30T03:26:17,1,19,0,20
2023-05-30T03:37:55,1,19,0,20
2023-05-30T03:49:33,1,19,0,20
2023-05-30T04:01:10,1,19,0,20
2023-05-30T04:12:48,1,19,0,20
2023-05-30T04:34:56,1,19,0,20
2023-05-30T04:46:37,1,19,0,20
2023-05-30T04:58:17,1,19,0,20
2023-05-30T05:09:57,1,19,0,20
2023-05-30T05:21:35,1,19,0,20
2023-05-30T05:33:13,1,19,0,20
2023-05-30T05:44:53,1,19,0,20
2023-05-30T05:56:31,1,19,0,20
2023-05-30T06:08:10,1,19,0,20
2023-05-30T06:19:49,1,19,0,20
2023-05-30T06:31:27,1,19,0,20
2023-05-30T06:43:06,1,19,0,20
2023-05-30T06:54:44,1,19,0,20
2023-05-30T07:06:22,1,19,0,20
2023-05-30T07:17:59,1,19,0,20
2023-05-30T07:29:35,1,19,0,20
2023-05-30T07:41:13,1,19,0,20
2023-05-30T07:52:49,1,19,0,20
2023-05-30T08:04:25,1,19,0,20
2023-05-30T08:16:11,1,19,0,20
2023-05-30T08:27:48,1,19,0,20
2023-05-30T08:39:24,1,19,0,20
2023-05-30T08:51:01,1,19,0,20
2023-05-30T09:02:37,1,19,0,20
2023-05-30T09:14:14,1,19,0,20
2023-05-30T09:25:52,1,19,0,20
2023-05-30T09:37:41,1,19,0,20
2023-05-30T09:49:18,1,19,0,20
2023-05-30T10:00:56,1,19,0,20
2023-05-30T10:12:37,1,19,0,20
2023-05-30T10:24:14,1,19,0,20
2023-05-30T10:36:05,1,19,0,20
2023-05-30T10:47:47,1,19,0,20
2023-05-30T10:59:26,1,19,0,20
2023-05-30T11:11:23,1,19,0,20
2023-05-30T11:23:04,1,19,0,20
2023-05-30T11:34:55,1,19,0,20
2023-05-30T11:46:33,1,19,0,20
2023-05-30T11:58:13,1,19,0,20
2023-05-30T12:09:54,1,19,0,20
2023-05-30T12:21:43,1,19,0,20
2023-05-30T12:33:22,1,19,0,20
2023-05-30T12:45:05,1,19,0,20
2023-05-30T12:56:58,1,19,0,20
2023-05-30T13:08:41,1,19,0,20
2023-05-30T13:20:22,1,19,0,20
2023-05-30T13:32:14,1,19,0,20
2023-05-30T13:43:56,1,19,0,20
2023-05-30T13:55:36,1,19,0,20
2023-05-30T14:07:26,1,19,0,20
2023-05-30T14:19:09,1,19,0,20
2023-05-30T14:30:51,1,19,0,20
2023-05-30T14:42:43,1,19,0,20
2023-05-30T14:54:22,1,19,0,20
2023-05-30T15:06:02,1,19,0,20
2023-05-30T15:17:54,1,19,0,20
2023-05-30T15:29:33,1,19,0,20
2023-05-30T15:41:17,1,19,0,20
2023-05-30T15:53:09,1,19,0,20
2023-05-30T16:04:53,1,19,0,20
2023-05-30T16:16:44,1,19,0,20
2023-05-30T16:28:23,1,19,0,20
2023-05-30T16:40:04,1,19,0,20
2023-05-30T16:51:44,1,19,0,20
2023-05-30T17:03:34,1,19,0,20
2023-05-30T17:15:15,1,19,0,20
2023-05-30T17:26:53,1,19,0,20
2023-05-30T17:38:43,1,19,0,20
2023-05-30T17:50:21,1,19,0,20
2023-05-30T18:02:08,1,19,0,20
2023-05-30T18:13:48,1,19,0,20
2023-05-30T18:25:38,1,19,0,20
2023-05-30T18:37:18,1,19,0,20
2023-05-30T18:48:55,1,19,0,20
2023-05-30T19:00:34,1,19,0,20
2023-05-30T19:12:25,1,19,0,20
2023-05-30T19:24:06,1,19,0,20
2023-05-30T19:35:45,1,19,0,20
2023-05-30T19:47:24,1,19,0,20
2023-05-30T19:59:12,1,19,0,20
2023-05-30T20:10:51,1,19,0,20
2023-05-30T20:22:30,1,19,0,20
2023-05-30T20:34:08,1,19,0,20
2023-05-30T20:45:58,1,19,0,20
2023-05-30T20:57:37,1,19,0,20
2023-05-30T21:09:16,1,19,0,20
2023-05-30T21:20:56,1,19,0,20
2023-05-30T21:32:35,1,19,0,20
2023-05-30T21:44:24,1,19,0,20
2023-05-30T21:56:01,1,19,0,20
2023-05-30T22:07:41,1,19,0,20
2023-05-30T22:19:17,1,19,0,20
2023-05-30T22:30:54,1,19,0,20
2023-05-30T22:42:41,1,19,0,20
2023-05-30T22:54:17,1,19,0,20
2023-05-30T23:05:53,1,19,0,20
2023-05-30T23:17:32,1,19,0,20
2023-05-30T23:29:09,1,19,0,20
2023-05-30T23:40:57,1,19,0,20
2023-05-30T23:52:33,1,19,0,20
2023-05-31T00:04:10,1,19,0,20
2023-05-31T00:15:51,1,19,0,20
2023-05-31T00:27:30,1,19,0,20
2023-05-31T00:39:09,1,19,0,20
2023-05-31T00:50:48,1,19,0,20
2023-05-31T01:02:26,1,19,0,20
2023-05-31T01:14:16,1,19,0,20
2023-05-31T01:25:56,1,19,0,20
2023-05-31T01:37:35,1,19,0,20
2023-05-31T01:49:13,1,19,0,20
2023-05-31T02:00:52,1,19,0,20
2023-05-31T02:12:31,1,19,0,20
2023-05-31T02:24:09,1,19,0,20
2023-05-31T02:35:48,1,19,0,20
2023-05-31T02:47:25,1,19,0,20
2023-05-31T02:59:03,1,19,0,20
2023-05-31T03:10:53,1,19,0,20
2023-05-31T03:22:33,1,19,0,20
2023-05-31T03:34:12,1,19,0,20
2023-05-31T03:45:52,1,19,0,20
2023-05-31T03:57:41,1,19,0,20
2023-05-31T04:09:26,1,19,0,20
2023-05-31T04:32:43,1,19,0,20
2023-05-31T04:44:41,1,19,0,20
2023-05-31T04:56:22,1,19,0,20
2023-05-31T05:08:04,1,19,0,20
2023-05-31T05:19:44,1,19,0,20
2023-05-31T05:31:23,1,19,0,20
2023-05-31T05:43:05,1,19,0,20
2023-05-31T05:54:45,1,19,0,20
2023-05-31T06:06:24,1,19,0,20
2023-05-31T06:18:02,1,19,0,20
2023-05-31T06:29:41,1,19,0,20
2023-05-31T06:41:20,1,19,0,20
2023-05-31T06:53:00,1,19,0,20
2023-05-31T07:04:38,1,19,0,20
2023-05-31T07:16:16,1,19,0,20
2023-05-31T07:27:53,1,19,0,20
2023-05-31T07:39:35,1,19,0,20
2023-05-31T07:51:12,1,19,0,20
2023-05-31T08:02:50,1,19,0,20
2023-05-31T08:14:38,1,19,0,20
2023-05-31T08:26:16,1,19,0,20
2023-05-31T08:37:55,1,19,0,20
2023-05-31T08:49:34,1,19,0,20
2023-05-31T09:01:15,1,19,0,20
2023-05-31T09:12:55,1,19,0,20
2023-05-31T09:24:36,1,19,0,20
2023-05-31T09:36:14,1,19,0,20
2023-05-31T09:48:03,1,19,0,20
2023-05-31T09:59:42,1,19,0,20
2023-05-31T10:11:23,1,19,0,20
2023-05-31T10:23:02,1,19,0,20
2023-05-31T10:34:53,1,19,0,20
2023-05-31T10:46:33,1,19,0,20
2023-05-31T10:58:15,1,19,0,20
2023-05-31T11:09:54,1,19,0,20
2023-05-31T11:21:34,1,19,0,20
2023-05-31T11:33:26,1,19,0,20
2023-05-31T11:45:05,1,19,0,20
2023-05-31T11:56:44,1,19,0,20
2023-05-31T12:08:33,1,19,0,20
2023-05-31T12:20:13,1,19,0,20
2023-05-31T12:31:52,1,19,0,20
2023-05-31T12:43:30,1,19,0,20
2023-05-31T12:55:19,1,19,0,20
2023-05-31T13:06:57,1,19,0,20
2023-05-31T13:18:34,1,19,0,20
2023-05-31T13:30:12,1,19,0,20
2023-05-31T13:42:02,1,19,0,20
2023-05-31T13:53:40,1,19,0,20
2023-05-31T14:05:18,1,19,0,20
2023-05-31T14:16:56,1,19,0,20
2023-05-31T14:28:33,1,19,0,20
2023-05-31T14:40:22,1,19,0,20
2023-05-31T14:52:01,1,19,0,20
2023-05-31T15:03:41,1,19,0,20
2023-05-31T15:15:21,1,19,0,20
2023-05-31T15:26:59,1,19,0,20
2023-05-31T15:38:48,1,19,0,20
2023-05-31T15:50:26,1,19,0,20
2023-05-31T16:02:04,1,19,0,20
2023-05-31T16:13:42,1,19,0,20
2023-05-31T16:25:20,1,19,0,20
2023-05-31T16:36:58,1,19,0,20
2023-05-31T16:48:47,1,19,0,20
2023-05-31T17:00:25,1,19,0,20
2023-05-31T17:12:04,1,19,0,20
2023-05-31T17:23:43,1,19,0,20
2023-05-31T17:35:21,1,19,0,20
2023-05-31T17:47:01,1,19,0,20
2023-05-31T17:58:49,1,19,0,20
2023-05-31T18:10:27,1,19,0,20
2023-05-31T18:22:05,1,19,0,20
2023-05-31T18:33:44,1,19,0,20
2023-05-31T18:45:21,1,19,0,20
2023-05-31T18:56:59,1,19,0,20
2023-05-31T19:08:39,1,19,0,20
2023-05-31T19:20:27,1,19,0,20
2023-05-31T19:32:05,1,19,0,20
2023-05-31T19:43:43,1,19,0,20
2023-05-31T19:55:21,1,19,0,20
2023-05-31T20:06:59,1,19,0,20
2023-05-31T20:18:37,1,19,0,20
2023-05-31T20:30:15,1,19,0,20
2023-05-31T20:41:53,1,19,0,20
2023-05-31T20:53:41,1,19,0,20
2023-05-31T21:05:19,1,19,0,20
2023-05-31T21:16:57,1,19,0,20
2023-05-31T21:28:35,1,19,0,20
2023-05-31T21:40:13,1,19,0,20
2023-05-31T21:51:51,1,19,0,20
2023-05-31T22:03:29,1,19,0,20
2023-05-31T22:15:17,1,19,0,20
2023-05-31T22:26:55,1,19,0,20
2023-05-31T22:38:33,1,19,0,20
2023-05-31T22:50:12,1,19,0,20
2023-05-31T23:01:50,1,19,0,20
2023-05-31T23:13:28,1,19,0,20
2023-05-31T23:25:07,1,19,0,20
2023-05-31T23:36:57,1,19,0,20
2023-05-31T23:48:35,1,19,0,20
2023-06-01T00:00:14,1,19,0,20
2023-06-01T00:11:57,1,19,0,20
2023-06-01T00:23:41,1,19,0,20
2023-06-01T00:35:22,1,19,0,20
2023-06-01T00:47:03,1,19,0,20
2023-06-01T00:58:45,1,19,0,20
2023-06-01T01:10:26,1,19,0,20
2023-06-01T01:22:07,1,19,0,20
2023-06-01T01:33:59,1,19,0,20
2023-06-01T01:45:38,1,19,0,20
2023-06-01T01:57:18,1,19,0,20
2023-06-01T02:08:56,1,19,0,20
2023-06-01T02:20:35,1,19,0,20
2023-06-01T02:32:14,1,19,0,20
2023-06-01T02:43:54,1,19,0,20
2023-06-01T02:55:33,1,19,0,20
2023-06-01T03:07:14,1,19,0,20
2023-06-01T03:18:56,1,19,0,20
2023-06-01T03:30:37,1,19,0,20
2023-06-01T03:42:18,1,19,0,20
2023-06-01T03:54:00,1,19,0,20
2023-06-01T04:05:40,1,19,0,20
2023-06-01T04:17:22,1,19,0,20
2023-06-01T04:31:18,1,19,0,20
2023-06-01T04:43:02,1,19,0,20
2023-06-01T04:56:20,1,19,0,20
2023-06-01T05:08:04,1,19,0,20
2023-06-01T05:19:45,1,19,0,20
2023-06-01T05:31:27,1,19,0,20
2023-06-01T05:43:08,1,19,0,20
2023-06-01T05:54:49,1,19,0,20
2023-06-01T06:06:31,1,19,0,20
2023-06-01T06:18:12,1,19,0,20
2023-06-01T06:29:53,1,19,0,20
2023-06-01T06:41:34,1,19,0,20
2023-06-01T06:53:15,1,19,0,20
2023-06-01T07:04:56,1,19,0,20
2023-06-01T07:16:37,1,19,0,20
2023-06-01T07:28:17,1,19,0,20
2023-06-01T07:39:57,1,19,0,20
2023-06-01T07:51:36,1,19,0,20
2023-06-01T08:03:20,1,19,0,20
2023-06-01T08:15:01,1,19,0,20
2023-06-01T08:26:41,1,19,0,20
2023-06-01T08:38:21,1,19,0,20
2023-06-01T08:50:11,1,19,0,20
2023-06-01T09:01:51,1,19,0,20
2023-06-01T09:13:31,1,19,0,20
2023-06-01T09:25:10,1,19,0,20
2023-06-01T09:36:49,1,19,0,20
2023-06-01T09:48:28,1,19,0,20
2023-06-01T10:00:10,1,19,0,20
2023-06-01T10:11:48,1,19,0,20
2023-06-01T10:23:26,1,19,0,20
2023-06-01T10:35:16,1,19,0,20
2023-06-01T10:46:54,1,19,0,20
2023-06-01T10:58:32,1,19,0,20
2023-06-01T11:10:10,1,19,0,20
2023-06-01T11:21:48,1,19,0,20
2023-06-01T11:33:26,1,19,0,20
2023-06-01T11:45:04,1,19,0,20
2023-06-01T11:56:52,1,19,0,20
2023-06-01T12:08:31,1,19,0,20
2023-06-01T12:20:09,1,19,0,20
2023-06-01T12:31:46,1,19,0,20
2023-06-01T12:43:25,1,19,0,20
2023-06-01T12:55:04,1,19,0,20
2023-06-01T13:06:53,1,19,0,20
2023-06-01T13:18:31,1,19,0,20
2023-06-01T13:30:10,1,19,0,20
2023-06-01T13:41:48,1,19,0,20
2023-06-01T13:53:27,1,19,0,20
2023-06-01T14:05:06,1,19,0,20
2023-06-01T14:16:56,1,19,0,20
2023-06-01T14:28:34,1,19,0,20
2023-06-01T14:40:13,1,19,0,20
2023-06-01T14:51:51,1,19,0,20
2023-06-01T15:03:30,1,19,0,20
2023-06-01T15:15:22,1,19,0,20
2023-06-01T15:27:01,1,19,0,20
2023-06-01T15:38:41,1,19,0,20
2023-06-01T15:50:19,1,19,0,20
2023-06-01T16:01:58,1,19,0,20
2023-06-01T16:13:37,1,19,0,20
2023-06-01T16:25:15,1,19,0,20
2023-06-01T16:37:05,1,19,0,20
2023-06-01T16:48:44,1,19,0,20
2023-06-01T17:00:23,1,19,0,20
2023-06-01T17:12:03,1,19,0,20
2023-06-01T17:23:42,1,19,0,20
2023-06-01T17:35:21,1,19,0,20
2023-06-01T17:47:00,1,19,0,20
2023-06-01T17:58:38,1,19,0,20
2023-06-01T18:10:28,1,19,0,20
2023-06-01T18:22:08,1,19,0,20
2023-06-01T18:33:49,1,19,0,20
2023-06-01T18:45:29,1,19,0,20
2023-06-01T18:57:09,1,19,0,20
2023-06-01T19:08:50,1,19,0,20
2023-06-01T19:20:31,1,19,0,20
2023-06-01T19:32:11,1,19,0,20
2023-06-01T19:43:52,1,19,0,20
2023-06-01T19:55:44,1,19,0,20
2023-06-01T20:07:24,1,19,0,20
2023-06-01T20:19:05,1,19,0,20
2023-06-01T20:30:46,1,19,0,20
2023-06-01T20:42:26,1,19,0,20
2023-06-01T20:54:06,1,19,0,20
2023-06-01T21:05:47,1,19,0,20
2023-06-01T21:17:27,1,19,0,20
2023-06-01T21:29:08,1,19,0,20
2023-06-01T21:40:59,1,19,0,20
2023-06-01T21:52:40,1,19,0,20
2023-06-01T22:04:20,1,19,0,20
2023-06-01T22:16:01,1,19,0,20
2023-06-01T22:27:41,1,19,0,20
2023-06-01T22:39:32,1,19,0,20
2023-06-01T22:51:12,1,19,0,20
2023-06-01T23:02:53,1,19,0,20
2023-06-01T23:14:34,1,19,0,20
2023-06-01T23:26:15,1,19,0,20
2023-06-01T23:37:56,1,19,0,20
2023-06-01T23:49:36,1,19,0,20
2023-06-02T00:01:17,1,19,0,20
2023-06-02T00:13:11,1,19,0,20
2023-06-02T00:24:57,1,19,0,20
2023-06-02T00:36:41,1,19,0,20
2023-06-02T00:48:26,1,19,0,20
2023-06-02T01:00:12,1,19,0,20
2023-06-02T01:11:56,1,19,0,20
2023-06-02T01:23:42,1,19,0,20
2023-06-02T01:35:26,1,19,0,20
2023-06-02T01:47:10,1,19,0,20
2023-06-02T01:58:55,1,19,0,20
2023-06-02T02:10:38,1,19,0,20
2023-06-02T02:22:21,1,19,0,20
2023-06-02T02:34:03,1,19,0,20
2023-06-02T02:45:46,1,19,0,20
2023-06-02T02:57:40,1,19,0,20
2023-06-02T03:09:23,1,19,0,20
2023-06-02T03:21:07,1,19,0,20
2023-06-02T03:32:50,1,19,0,20
2023-06-02T03:44:34,1,19,0,20
2023-06-02T03:56:17,1,19,0,20
2023-06-02T04:08:01,1,19,0,20
2023-06-02T04:28:35,1,19,0,20
2023-06-02T04:41:49,1,19,0,20
2023-06-02T04:53:33,1,19,0,20
2023-06-02T05:05:18,1,19,0,20
2023-06-02T05:17:01,1,19,0,20
2023-06-02T05:28:46,1,19,0,20
2023-06-02T05:40:48,1,19,0,20
2023-06-02T05:52:32,1,19,0,20
2023-06-02T06:04:16,1,19,0,20
2023-06-02T06:16:00,1,19,0,20
2023-06-02T06:27:41,1,19,0,20
2023-06-02T06:39:26,1,19,0,20
2023-06-02T06:51:07,1,19,0,20
2023-06-02T07:02:50,1,19,0,20
2023-06-02T07:14:32,1,19,0,20
2023-06-02T07:26:14,1,19,0,20
2023-06-02T07:37:56,1,19,0,20
2023-06-02T07:49:38,1,19,0,20
2023-06-02T08:01:21,1,19,0,20
2023-06-02T08:13:14,1,19,0,20
2023-06-02T08:24:56,1,19,0,20
2023-06-02T08:36:39,1,19,0,20
2023-06-02T08:48:21,1,19,0,20
2023-06-02T09:00:04,1,19,0,20
2023-06-02T09:11:46,1,19,0,20
2023-06-02T09:23:29,1,19,0,20
2023-06-02T09:35:11,1,19,0,20
2023-06-02T09:46:54,1,19,0,20
2023-06-02T09:58:36,1,19,0,20
2023-06-02T10:10:17,1,19,0,20
2023-06-02T10:22:11,1,19,0,20
2023-06-02T10:33:51,1,19,0,20
2023-06-02T10:45:32,1,19,0,20
2023-06-02T10:57:12,1,19,0,20
2023-06-02T11:08:53,1,19,0,20
2023-06-02T11:20:34,1,19,0,20
2023-06-02T11:32:15,1,19,0,20
2023-06-02T11:44:06,1,19,0,20
2023-06-02T11:55:46,1,19,0,20
2023-06-02T12:07:27,1,19,0,20
2023-06-02T12:19:07,1,19,0,20
2023-06-02T12:30:47,1,19,0,20
2023-06-02T12:42:28,1,19,0,20
2023-06-02T12:54:08,1,19,0,20
2023-06-02T13:06:01,1,19,0,20
2023-06-02T13:17:41,1,19,0,20
2023-06-02T13:29:21,1,19,0,20
2023-06-02T13:41:02,1,19,0,20
2023-06-02T13:52:43,1,19,0,20
2023-06-02T14:04:23,1,19,0,20
2023-06-02T14:16:04,1,19,0,20
2023-06-02T14:27:56,1,19,0,20
2023-06-02T14:39:36,1,19,0,20
2023-06-02T14:51:17,1,19,0,20
2023-06-02T15:02:58,1,19,0,20
2023-06-02T15:14:39,1,19,0,20
2023-06-02T15:26:20,1,19,0,20
2023-06-02T15:38:03,1,19,0,20
2023-06-02T15:49:55,1,19,0,20
2023-06-02T16:01:37,1,19,0,20
2023-06-02T16:13:19,1,19,0,20
2023-06-02T16:25:00,1,19,0,20
2023-06-02T16:36:42,1,19,0,20
2023-06-02T16:48:24,1,19,0,20
2023-06-02T17:00:06,1,19,0,20
2023-06-02T17:11:48,1,19,0,20
2023-06-02T17:23:41,1,19,0,20
2023-06-02T17:35:21,1,19,0,20
2023-06-02T17:47:02,1,19,0,20
2023-06-02T17:58:43,1,19,0,20
2023-06-02T18:10:24,1,19,0,20
2023-06-02T18:22:05,1,19,0,20
2023-06-02T18:33:46,1,19,0,20
2023-06-02T18:45:27,1,19,0,20
2023-06-02T18:57:08,1,19,0,20
2023-06-02T19:08:49,1,19,0,20
2023-06-02T19:20:42,1,19,0,20
2023-06-02T19:32:23,1,19,0,20
2023-06-02T19:44:04,1,19,0,20
2023-06-02T19:55:46,1,19,0,20
2023-06-02T20:07:27,1,19,0,20
2023-06-02T20:19:08,1,19,0,20
2023-06-02T20:30:50,1,19,0,20
2023-06-02T20:42:31,1,19,0,20
2023-06-02T20:54:12,1,19,0,20
2023-06-02T21:05:53,1,19,0,20
2023-06-02T21:17:34,1,19,0,20
2023-06-02T21:29:26,1,19,0,20
2023-06-02T21:41:07,1,19,0,20
2023-06-02T21:52:48,1,19,0,20
2023-06-02T22:04:29,1,19,0,20
2023-06-02T22:16:10,1,19,0,20
2023-06-02T22:27:51,1,19,0,20
2023-06-02T22:39:32,1,19,0,20
2023-06-02T22:51:13,1,19,0,20
2023-06-02T23:02:54,1,19,0,20
2023-06-02T23:14:37,1,19,0,20
2023-06-02T23:26:18,1,19,0,20
2023-06-02T23:38:10,1,19,0,20
2023-06-02T23:49:52,1,19,0,20
2023-06-03T00:02:05,1,19,0,20
2023-06-03T00:13:56,1,19,0,20
2023-06-03T00:25:44,1,19,0,20
2023-06-03T00:37:28,1,19,0,20
2023-06-03T00:49:12,1,19,0,20
2023-06-03T01:00:56,1,19,0,20
2023-06-03T01:12:40,1,19,0,20
2023-06-03T01:24:26,1,19,0,20
2023-06-03T01:36:10,1,19,0,20
2023-06-03T01:48:05,1,19,0,20
2023-06-03T01:59:48,1,19,0,20
2023-06-03T02:11:32,1,19,0,20
2023-06-03T02:23:15,1,19,0,20
2023-06-03T02:34:58,1,19,0,20
2023-06-03T02:46:40,1,19,0,20
2023-06-03T02:58:22,1,19,0,20
2023-06-03T03:10:05,1,19,0,20
2023-06-03T03:21:48,1,19,0,20
2023-06-03T03:33:30,1,19,0,20
2023-06-03T03:45:13,1,19,0,20
2023-06-03T03:56:57,1,19,0,20
2023-06-03T04:08:52,1,19,0,20
2023-06-03T04:23:51,1,19,0,20
2023-06-03T04:36:03,1,19,0,20
2023-06-03T04:47:48,1,19,0,20
2023-06-03T04:59:33,1,19,0,20
2023-06-03T05:11:17,1,19,0,20
2023-06-03T05:23:03,1,19,0,20
2023-06-03T05:34:48,1,19,0,20
2023-06-03T05:46:32,1,19,0,20
2023-06-03T05:58:16,1,19,0,20
2023-06-03T06:10:01,1,19,0,20
2023-06-03T06:21:46,1,19,0,20
2023-06-03T06:33:31,1,19,0,20
2023-06-03T06:45:19,1,19,0,20
2023-06-03T06:57:04,1,19,0,20
2023-06-03T07:08:48,1,19,0,20
2023-06-03T07:20:31,1,19,0,20
2023-06-03T07:32:24,1,19,0,20
2023-06-03T07:44:06,1,19,0,20
2023-06-03T07:55:50,1,19,0,20
2023-06-03T08:07:33,1,19,0,20
2023-06-03T08:19:17,1,19,0,20
2023-06-03T08:31:02,1,19,0,20
2023-06-03T08:42:47,1,19,0,20
2023-06-03T08:54:31,1,19,0,20
2023-06-03T09:06:14,1,19,0,20
2023-06-03T09:17:57,1,19,0,20
2023-06-03T09:29:51,1,19,0,20
2023-06-03T09:41:34,1,19,0,20
2023-06-03T09:53:16,1,19,0,20
2023-06-03T10:04:58,1,19,0,20
2023-06-03T10:16:40,1,19,0,20
2023-06-03T10:28:22,1,19,0,20
2023-06-03T10:40:04,1,19,0,20
2023-06-03T10:51:45,1,19,0,20
2023-06-03T11:03:26,1,19,0,20
2023-06-03T11:15:07,1,19,0,20
2023-06-03T11:26:47,1,19,0,20
2023-06-03T11:38:39,1,19,0,20
2023-06-03T11:50:19,1,19,0,20
2023-06-03T12:02:00,1,19,0,20
2023-06-03T12:13:40,1,19,0,20
2023-06-03T12:25:21,1,19,0,20
2023-06-03T12:37:02,1,19,0,20
2023-06-03T12:48:42,1,19,0,20
2023-06-03T13:00:23,1,19,0,20
2023-06-03T13:12:03,1,19,0,20
2023-06-03T13:23:44,1,19,0,20
2023-06-03T13:35:35,1,19,0,20
2023-06-03T13:47:16,1,19,0,20
2023-06-03T13:58:57,1,19,0,20
2023-06-03T14:10:37,1,19,0,20
2023-06-03T14:22:18,1,19,0,20
2023-06-03T14:33:59,1,19,0,20
2023-06-03T14:45:49,1,19,0,20
2023-06-03T14:57:30,1,19,0,20
2023-06-03T15:09:10,1,19,0,20
2023-06-03T15:20:51,1,19,0,20
2023-06-03T15:32:32,1,19,0,20
2023-06-03T15:44:12,1,19,0,20
2023-06-03T15:55:53,1,19,0,20
2023-06-03T16:07:34,1,19,0,20
2023-06-03T16:19:14,1,19,0,20
2023-06-03T16:30:55,1,19,0,20
2023-06-03T16:42:45,1,19,0,20
2023-06-03T16:54:26,1,19,0,20
2023-06-03T17:06:07,1,19,0,20
2023-06-03T17:17:50,1,19,0,20
2023-06-03T17:29:31,1,19,0,20
2023-06-03T17:41:11,1,19,0,20
2023-06-03T17:52:52,1,19,0,20
2023-06-03T18:04:32,1,19,0,20
2023-06-03T18:16:13,1,19,0,20
2023-06-03T18:27:54,1,19,0,20
2023-06-03T18:39:44,1,19,0,20
2023-06-03T18:51:24,1,19,0,20
2023-06-03T19:03:05,1,19,0,20
2023-06-03T19:14:46,1,19,0,20
2023-06-03T19:26:27,1,19,0,20
2023-06-03T19:38:08,1,19,0,20
2023-06-03T19:49:49,1,19,0,20
2023-06-03T20:01:29,1,19,0,20
2023-06-03T20:13:10,1,19,0,20
2023-06-03T20:24:51,1,19,0,20
2023-06-03T20:36:32,1,19,0,20
2023-06-03T20:48:22,1,19,0,20
2023-06-03T21:00:03,1,19,0,20
2023-06-03T21:11:44,1,19,0,20
2023-06-03T21:23:26,1,19,0,20
2023-06-03T21:35:07,1,19,0,20
2023-06-03T21:46:48,1,19,0,20
2023-06-03T21:58:29,1,19,0,20
2023-06-03T22:10:10,1,19,0,20
2023-06-03T22:21:51,1,19,0,20
2023-06-03T22:33:32,1,19,0,20
2023-06-03T22:45:13,1,19,0,20
2023-06-03T22:57:03,1,19,0,20
2023-06-03T23:08:45,1,19,0,20
2023-06-03T23:20:27,1,19,0,20
2023-06-03T23:32:08,1,19,0,20
2023-06-03T23:43:49,1,19,0,20
2023-06-03T23:55:31,1,19,0,20
2023-06-04T00:07:14,1,19,0,20
2023-06-04T00:19:03,1,19,0,20
2023-06-04T00:30:46,1,19,0,20
2023-06-04T00:42:30,1,19,0,20
2023-06-04T00:54:14,1,19,0,20
2023-06-04T01:05:58,1,19,0,20
2023-06-04T01:17:41,1,19,0,20
2023-06-04T01:29:35,1,19,0,20
2023-06-04T01:41:20,1,19,0,20
2023-06-04T01:53:03,1,19,0,20
2023-06-04T02:04:48,1,19,0,20
2023-06-04T02:16:48,1,19,0,20
2023-06-04T02:28:31,1,19,0,20
2023-06-04T02:40:16,1,19,0,20
2023-06-04T02:51:59,1,19,0,20
2023-06-04T03:03:43,1,19,0,20
2023-06-04T03:15:27,1,19,0,20
2023-06-04T03:27:11,1,19,0,20
2023-06-04T03:38:55,1,19,0,20
2023-06-04T03:50:38,1,19,0,20
2023-06-04T04:02:22,1,19,0,20
2023-06-04T04:14:07,1,19,0,20
2023-06-04T04:30:05,1,19,0,20
2023-06-04T04:42:12,1,19,0,20
2023-06-04T04:53:58,1,19,0,20
2023-06-04T05:05:44,1,19,0,20
2023-06-04T05:17:28,1,19,0,20
2023-06-04T05:29:12,1,19,0,20
2023-06-04T05:40:56,1,19,0,20
2023-06-04T05:52:40,1,19,0,20
2023-06-04T06:04:24,1,19,0,20
2023-06-04T06:16:08,1,19,0,20
2023-06-04T06:27:51,1,19,0,20
2023-06-04T06:39:36,1,19,0,20
2023-06-04T06:51:19,1,19,0,20
2023-06-04T07:03:02,1,19,0,20
2023-06-04T07:14:45,1,19,0,20
2023-06-04T07:26:27,1,19,0,20
2023-06-04T07:38:08,1,19,0,20
2023-06-04T07:49:49,1,19,0,20
2023-06-04T08:01:30,1,19,0,20
2023-06-04T08:13:23,1,19,0,20
2023-06-04T08:25:05,1,19,0,20
2023-06-04T08:36:48,1,19,0,20
2023-06-04T08:48:28,1,19,0,20
2023-06-04T09:00:10,1,19,0,20
2023-06-04T09:11:52,1,19,0,20
2023-06-04T09:23:34,1,19,0,20
2023-06-04T09:35:15,1,19,0,20
2023-06-04T09:46:56,1,19,0,20
2023-06-04T09:58:37,1,19,0,20
2023-06-04T10:10:19,1,19,0,20
2023-06-04T10:22:00,1,19,0,20
2023-06-04T10:33:41,1,19,0,20
2023-06-04T10:45:22,1,19,0,20
2023-06-04T10:57:03,1,19,0,20
2023-06-04T11:08:45,1,19,0,20
2023-06-04T11:20:27,1,19,0,20
2023-06-04T11:32:20,1,19,0,20
2023-06-04T11:44:01,1,19,0,20
2023-06-04T11:55:42,1,19,0,20
2023-06-04T12:07:23,1,19,0,20
2023-06-04T12:19:04,1,19,0,20
2023-06-04T12:30:44,1,19,0,20
2023-06-04T12:42:25,1,19,0,20
2023-06-04T12:54:06,1,19,0,20
2023-06-04T13:05:46,1,19,0,20
2023-06-04T13:17:27,1,19,0,20
2023-06-04T13:29:08,1,19,0,20
2023-06-04T13:40:58,1,19,0,20
2023-06-04T13:52:39,1,19,0,20
2023-06-04T14:04:20,1,19,0,20
2023-06-04T14:16:00,1,19,0,20
2023-06-04T14:27:41,1,19,0,20
2023-06-04T14:39:21,1,19,0,20
2023-06-04T14:51:01,1,19,0,20
2023-06-04T15:02:42,1,19,0,20
2023-06-04T15:14:22,1,19,0,20
2023-06-04T15:26:03,1,19,0,20
2023-06-04T15:37:55,1,19,0,20
2023-06-04T15:49:35,1,19,0,20
2023-06-04T16:01:16,1,19,0,20
2023-06-04T16:12:57,1,19,0,20
2023-06-04T16:24:39,1,19,0,20
2023-06-04T16:36:20,1,19,0,20
2023-06-04T16:48:02,1,19,0,20
2023-06-04T16:59:43,1,19,0,20
2023-06-04T17:11:24,1,19,0,20
2023-06-04T17:23:06,1,19,0,20
2023-06-04T17:34:57,1,19,0,20
2023-06-04T17:46:38,1,19,0,20
2023-06-04T17:58:18,1,19,0,20
2023-06-04T18:09:59,1,19,0,20
2023-06-04T18:21:40,1,19,0,20
2023-06-04T18:33:22,1,19,0,20
2023-06-04T18:45:02,1,19,0,20
2023-06-04T18:56:43,1,19,0,20
2023-06-04T19:08:27,1,19,0,20
2023-06-04T19:20:09,1,19,0,20
2023-06-04T19:31:59,1,19,0,20
2023-06-04T19:43:40,1,19,0,20
2023-06-04T19:55:21,1,19,0,20
2023-06-04T20:07:02,1,19,0,20
2023-06-04T20:18:44,1,19,0,20
2023-06-04T20:30:25,1,19,0,20
2023-06-04T20:42:05,1,19,0,20
2023-06-04T20:53:46,1,19,0,20
2023-06-04T21:05:27,1,19,0,20
2023-06-04T21:17:09,1,19,0,20
2023-06-04T21:29:01,1,19,0,20
2023-06-04T21:40:42,1,19,0,20
2023-06-04T21:52:24,1,19,0,20
2023-06-04T22:04:05,1,19,0,20
2023-06-04T22:15:46,1,19,0,20
2023-06-04T22:27:27,1,19,0,20
2023-06-04T22:39:08,1,19,0,20
2023-06-04T22:50:49,1,19,0,20
2023-06-04T23:02:30,1,19,0,20
2023-06-04T23:14:21,1,19,0,20
2023-06-04T23:26:03,1,19,0,20
2023-06-04T23:37:45,1,19,0,20
2023-06-04T23:49:26,1,19,0,20
2023-06-05T00:01:08,1,19,0,20
2023-06-05T00:12:54,1,19,0,20
2023-06-05T00:24:42,1,19,0,20
2023-06-05T00:36:38,1,19,0,20
2023-06-05T00:48:22,1,19,0,20
2023-06-05T01:00:04,1,19,0,20
2023-06-05T01:11:59,1,19,0,20
2023-06-05T01:23:47,1,19,0,20
2023-06-05T01:35:31,1,19,0,20
2023-06-05T01:47:15,1,19,0,20
2023-06-05T01:58:59,1,19,0,20
2023-06-05T02:10:48,1,19,0,20
2023-06-05T02:22:32,1,19,0,20
2023-06-05T02:34:14,1,19,0,20
2023-06-05T02:45:58,1,19,0,20
2023-06-05T02:57:40,1,19,0,20
2023-06-05T03:09:23,1,19,0,20
2023-06-05T03:21:07,1,19,0,20
2023-06-05T03:32:51,1,19,0,20
2023-06-05T03:44:35,1,19,0,20
2023-06-05T03:56:20,1,19,0,20
2023-06-05T04:08:05,1,19,0,20
2023-06-05T04:33:21,1,19,0,20
2023-06-05T04:46:06,1,19,0,20
2023-06-05T04:57:52,1,19,0,20
2023-06-05T05:09:37,1,19,0,20
2023-06-05T05:21:22,1,19,0,20
2023-06-05T05:33:07,1,19,0,20
2023-06-05T05:44:51,1,19,0,20
2023-06-05T05:56:36,1,19,0,20
2023-06-05T06:08:24,1,19,0,20
2023-06-05T06:20:08,1,19,0,20
2023-06-05T06:31:52,1,19,0,20
2023-06-05T06:43:37,1,19,0,20
2023-06-05T06:55:20,1,19,0,20
2023-06-05T07:07:05,1,19,0,20
2023-06-05T07:18:48,1,19,0,20
2023-06-05T07:30:30,1,19,0,20
2023-06-05T07:42:11,1,19,0,20
2023-06-05T07:53:52,1,19,0,20
2023-06-05T08:05:33,1,19,0,20
2023-06-05T08:17:15,1,19,0,20
2023-06-05T08:28:57,1,19,0,20
2023-06-05T08:40:48,1,19,0,20
2023-06-05T08:52:29,1,19,0,20
2023-06-05T09:04:10,1,19,0,20
2023-06-05T09:15:52,1,19,0,20
2023-06-05T09:27:33,1,19,0,20
2023-06-05T09:39:14,1,19,0,20
2023-06-05T09:50:55,1,19,0,20
2023-06-05T10:02:37,1,19,0,20
2023-06-05T10:14:18,1,19,0,20
2023-06-05T10:26:10,1,19,0,20
2023-06-05T10:37:51,1,19,0,20
2023-06-05T10:49:33,1,19,0,20
2023-06-05T11:01:14,1,19,0,20
2023-06-05T11:12:56,1,19,0,20
2023-06-05T11:24:47,1,19,0,20
2023-06-05T11:36:29,1,19,0,20
2023-06-05T11:48:11,1,19,0,20
2023-06-05T11:59:52,1,19,0,20
2023-06-05T12:11:33,1,19,0,20
2023-06-05T12:23:26,1,19,0,20
2023-06-05T12:35:09,1,19,0,20
2023-06-05T12:46:51,2,18,0,20
2023-06-05T12:58:33,2,18,0,20
2023-06-05T13:10:15,2,18,0,20
2023-06-05T13:22:08,2,18,0,20
2023-06-05T13:33:50,2,18,0,20
2023-06-05T13:45:31,2,18,0,20
2023-06-05T13:57:12,2,18,0,20
2023-06-05T14:09:03,2,18,0,20
2023-06-05T14:20:45,2,18,0,20
2023-06-05T14:32:29,2,18,0,20
2023-06-05T14:44:11,2,18,0,20
2023-06-05T14:56:04,2,18,0,20
2023-06-05T15:07:46,2,18,0,20
2023-06-05T15:19:28,2,18,0,20
2023-06-05T15:31:10,2,18,0,20
2023-06-05T15:42:51,2,18,0,20
2023-06-05T15:54:43,2,18,0,20
2023-06-05T16:06:24,2,18,0,20
2023-06-05T16:18:06,2,18,0,20
2023-06-05T16:29:47,2,18,0,20
2023-06-05T16:41:30,2,18,0,20
2023-06-05T16:53:22,2,18,0,20
2023-06-05T17:05:03,2,18,0,20
2023-06-05T17:16:46,2,18,0,20
2023-06-05T17:28:27,2,18,0,20
2023-06-05T17:40:11,2,18,0,20
2023-06-05T17:51:52,2,18,0,20
2023-06-05T18:03:43,2,18,0,20
2023-06-05T18:15:24,2,18,0,20
2023-06-05T18:27:05,2,18,0,20
2023-06-05T18:38:46,2,18,0,20
2023-06-05T18:50:27,2,18,0,20
2023-06-05T19:02:09,2,18,0,20
2023-06-05T19:13:51,2,18,0,20
2023-06-05T19:25:42,2,18,0,20
2023-06-05T19:37:24,2,18,0,20
2023-06-05T19:49:05,2,18,0,20
2023-06-05T20:00:47,2,18,0,20
2023-06-05T20:12:28,2,18,0,20
2023-06-05T20:24:10,2,18,0,20
2023-06-05T20:35:51,2,18,0,20
2023-06-05T20:47:45,2,18,0,20
2023-06-05T20:59:26,2,18,0,20
2023-06-05T21:11:08,2,18,0,20
2023-06-05T21:22:49,2,18,0,20
2023-06-05T21:34:31,2,18,0,20
2023-06-05T21:46:12,2,18,0,20
2023-06-05T21:58:05,2,18,0,20
2023-06-05T22:09:47,2,18,0,20
2023-06-05T22:21:28,2,18,0,20
2023-06-05T22:33:09,2,18,0,20
2023-06-05T22:44:51,2,18,0,20
2023-06-05T22:56:33,2,18,0,20
2023-06-05T23:08:15,2,18,0,20
2023-06-05T23:20:08,2,18,0,20
2023-06-05T23:31:50,2,18,0,20
2023-06-05T23:43:32,2,18,0,20
2023-06-05T23:55:14,2,18,0,20
2023-06-06T00:06:57,2,18,0,20
2023-06-06T00:18:41,2,18,0,20
2023-06-06T00:30:25,2,18,0,20
2023-06-06T00:42:09,2,18,0,20
2023-06-06T00:54:06,2,18,0,20
2023-06-06T01:05:51,2,18,0,20
2023-06-06T01:17:35,2,18,0,20
2023-06-06T01:29:19,2,18,0,20
2023-06-06T01:41:04,2,18,0,20
2023-06-06T01:52:48,2,18,0,20
2023-06-06T02:04:33,2,18,0,20
2023-06-06T02:16:17,2,18,0,20
2023-06-06T02:28:00,2,18,0,20
2023-06-06T02:39:43,2,18,0,20
2023-06-06T02:51:26,2,18,0,20
2023-06-06T03:03:08,2,18,0,20
2023-06-06T03:14:51,2,18,0,20
2023-06-06T03:26:35,2,18,0,20
2023-06-06T03:38:18,2,18,0,20
2023-06-06T03:50:02,2,18,0,20
2023-06-06T04:01:46,2,18,0,20
2023-06-06T04:13:30,2,18,0,20
2023-06-06T04:29:33,2,18,0,20
2023-06-06T04:41:19,2,18,0,20
2023-06-06T04:54:46,2,18,0,20
2023-06-06T05:06:32,2,18,0,20
2023-06-06T05:18:16,2,18,0,20
2023-06-06T05:30:01,2,18,0,20
2023-06-06T05:41:46,2,18,0,20
2023-06-06T05:53:30,2,18,0,20
2023-06-06T06:05:17,2,18,0,20
2023-06-06T06:17:03,2,18,0,20
2023-06-06T06:28:47,2,18,0,20
2023-06-06T06:40:32,2,18,0,20
2023-06-06T06:52:16,2,18,0,20
2023-06-06T07:04:00,2,18,0,20
2023-06-06T07:15:44,2,18,0,20
2023-06-06T07:27:28,2,18,0,20
2023-06-06T07:39:11,2,18,0,20
2023-06-06T07:50:55,2,18,0,20
2023-06-06T08:02:37,2,18,0,20
2023-06-06T08:14:21,2,18,0,20
2023-06-06T08:26:04,2,18,0,20
2023-06-06T08:37:47,2,18,0,20
2023-06-06T08:49:30,2,18,0,20
2023-06-06T09:01:23,2,18,0,20
2023-06-06T09:13:07,2,18,0,20
2023-06-06T09:24:50,2,18,0,20
2023-06-06T09:36:32,2,18,0,20
2023-06-06T09:48:16,2,18,0,20
2023-06-06T09:59:57,2,18,0,20
2023-06-06T10:11:39,2,18,0,20
2023-06-06T10:23:32,2,18,0,20
2023-06-06T10:35:14,2,18,0,20
2023-06-06T10:46:56,2,18,0,20
2023-06-06T10:58:37,2,18,0,20
2023-06-06T11:10:21,2,18,0,20
2023-06-06T11:22:03,2,18,0,20
2023-06-06T11:33:56,2,18,0,20
2023-06-06T11:45:38,2,18,0,20
2023-06-06T11:57:20,2,18,0,20
2023-06-06T12:09:13,2,18,0,20
2023-06-06T12:20:55,2,18,0,20
2023-06-06T12:32:37,2,18,0,20
2023-06-06T12:44:19,2,18,0,20
2023-06-06T12:56:01,2,18,0,20
2023-06-06T13:07:53,2,18,0,20
2023-06-06T13:19:36,2,18,0,20
2023-06-06T13:31:18,2,18,0,20
2023-06-06T13:43:02,2,18,0,20
2023-06-06T13:54:56,2,18,0,20
2023-06-06T14:06:40,2,18,0,20
2023-06-06T14:18:22,2,18,0,20
2023-06-06T14:30:07,2,18,0,20
2023-06-06T14:42:00,2,18,0,20
2023-06-06T14:53:42,2,18,0,20
2023-06-06T15:05:24,2,18,0,20
2023-06-06T15:17:09,2,18,0,20
2023-06-06T15:29:03,2,18,0,20
2023-06-06T15:40:46,2,18,0,20
2023-06-06T15:52:28,2,18,0,20
2023-06-06T16:04:11,2,18,0,20
2023-06-06T16:16:05,2,18,0,20
2023-06-06T16:27:48,2,18,0,20
2023-06-06T16:39:30,2,18,0,20
2023-06-06T16:51:13,2,18,0,20
2023-06-06T17:02:57,2,18,0,20
2023-06-06T17:14:52,2,18,0,20
2023-06-06T17:26:34,2,18,0,20
2023-06-06T17:38:17,2,18,0,20
2023-06-06T17:49:59,2,18,0,20
2023-06-06T18:01:56,2,18,0,20
2023-06-06T18:13:39,2,18,0,20
2023-06-06T18:25:21,2,18,0,20
2023-06-06T18:37:04,2,18,0,20
2023-06-06T18:48:46,2,18,0,20
2023-06-06T19:00:40,2,18,0,20
2023-06-06T19:12:21,2,18,0,20
2023-06-06T19:24:00,2,18,0,20
2023-06-06T19:35:40,2,18,0,20
2023-06-06T19:47:18,2,18,0,20
2023-06-06T19:59:09,2,18,0,20
2023-06-06T20:10:49,2,18,0,20
2023-06-06T20:22:29,2,18,0,20
2023-06-06T20:34:08,2,18,0,20
2023-06-06T20:45:47,2,18,0,20
2023-06-06T20:57:25,2,18,0,20
2023-06-06T21:09:16,2,18,0,20
2023-06-06T21:20:54,2,18,0,20
2023-06-06T21:32:34,2,18,0,20
2023-06-06T21:44:12,2,18,0,20
2023-06-06T21:55:51,2,18,0,20
2023-06-06T22:07:29,2,18,0,20
2023-06-06T22:19:19,2,18,0,20
2023-06-06T22:30:57,2,18,0,20
2023-06-06T22:42:36,3,17,0,20
2023-06-06T22:54:14,3,17,0,20
2023-06-06T23:05:53,3,17,0,20
2023-06-06T23:17:33,3,17,0,20
2023-06-06T23:29:12,3,17,0,20
2023-06-06T23:41:03,3,17,0,20
2023-06-06T23:52:41,3,17,0,20
2023-06-07T00:04:21,3,17,0,20
2023-06-07T00:16:06,3,17,0,20
2023-06-07T00:27:48,3,17,0,20
2023-06-07T00:39:29,3,17,0,20
2023-06-07T00:51:10,3,17,0,20
2023-06-07T01:02:52,3,17,0,20
2023-06-07T01:14:35,3,17,0,20
2023-06-07T01:26:28,3,17,0,20
2023-06-07T01:38:10,3,17,0,20
2023-06-07T01:49:52,3,17,0,20
2023-06-07T02:01:33,3,17,0,20
2023-06-07T02:13:14,3,17,0,20
2023-06-07T02:24:54,3,17,0,20
2023-06-07T02:36:34,3,17,0,20
2023-06-07T02:48:17,3,17,0,20
2023-06-07T02:59:59,3,17,0,20
2023-06-07T03:11:42,3,17,0,20
2023-06-07T03:23:24,3,17,0,20
2023-06-07T03:35:06,3,17,0,20
2023-06-07T03:46:49,3,17,0,20
2023-06-07T03:58:31,3,17,0,20
2023-06-07T04:20:54,3,17,0,20
2023-06-07T04:32:39,3,17,0,20
2023-06-07T04:45:52,3,17,0,20
2023-06-07T04:57:58,3,17,0,20
2023-06-07T05:09:45,3,17,0,20
2023-06-07T05:21:31,3,17,0,20
2023-06-07T05:33:16,3,17,0,20
2023-06-07T05:45:01,3,17,0,20
2023-06-07T05:56:46,3,17,0,20
2023-06-07T06:08:31,3,17,0,20
2023-06-07T06:20:15,3,17,0,20
2023-06-07T06:32:01,3,17,0,20
2023-06-07T06:43:46,3,17,0,20
2023-06-07T06:55:30,3,17,0,20
2023-06-07T07:07:18,3,17,0,20
2023-06-07T07:19:02,3,17,0,20
2023-06-07T07:30:46,3,17,0,20
2023-06-07T07:42:29,3,17,0,20
2023-06-07T07:54:12,3,17,0,20
2023-06-07T08:05:55,3,17,0,20
2023-06-07T08:17:37,3,17,0,20
2023-06-07T08:29:20,3,17,0,20
2023-06-07T08:41:12,3,17,0,20
2023-06-07T08:52:55,3,17,0,20
2023-06-07T09:04:38,3,17,0,20
2023-06-07T09:16:21,3,17,0,20
2023-06-07T09:28:04,3,17,0,20
2023-06-07T09:39:46,3,17,0,20
2023-06-07T09:51:29,3,17,0,20
2023-06-07T10:03:24,3,17,0,20
2023-06-07T10:15:07,3,17,0,20
2023-06-07T10:26:50,3,17,0,20
2023-06-07T10:38:33,3,17,0,20
2023-06-07T10:50:16,3,17,0,20
2023-06-07T11:02:11,3,17,0,20
2023-06-07T11:13:54,3,17,0,20
2023-06-07T11:25:39,3,17,0,20
2023-06-07T11:37:22,3,17,0,20
2023-06-07T11:49:28,3,17,0,20
2023-06-07T12:01:11,3,17,0,20
2023-06-07T12:12:55,3,17,0,20
2023-06-07T12:24:38,3,17,0,20
2023-06-07T12:36:31,3,17,0,20
2023-06-07T12:48:13,3,17,0,20
2023-06-07T12:59:55,3,17,0,20
2023-06-07T13:11:38,3,17,0,20
2023-06-07T13:23:30,3,17,0,20
2023-06-07T13:35:13,3,17,0,20
2023-06-07T13:46:55,3,17,0,20
2023-06-07T13:58:38,3,17,0,20
2023-06-07T14:10:37,3,17,0,20
2023-06-07T14:22:20,3,17,0,20
2023-06-07T14:34:02,3,17,0,20
2023-06-07T14:45:44,3,17,0,20
2023-06-07T14:57:36,3,17,0,20
2023-06-07T15:09:20,3,17,0,20
2023-06-07T15:21:03,3,17,0,20
2023-06-07T15:32:47,3,17,0,20
2023-06-07T15:44:51,3,17,0,20
2023-06-07T15:56:34,3,17,0,20
2023-06-07T16:08:17,3,17,0,20
2023-06-07T16:20:01,3,17,0,20
2023-06-07T16:31:55,3,17,0,20
2023-06-07T16:43:38,3,17,0,20
2023-06-07T16:55:21,3,17,0,20
2023-06-07T17:07:06,3,17,0,20
2023-06-07T17:19:10,3,17,0,20
2023-06-07T17:30:52,3,17,0,20
2023-06-07T17:42:34,3,17,0,20
2023-06-07T17:54:18,3,17,0,20
2023-06-07T18:06:03,3,17,0,20
2023-06-07T18:17:59,3,17,0,20
2023-06-07T18:29:42,3,17,0,20
2023-06-07T18:41:25,3,17,0,20
2023-06-07T18:53:08,3,17,0,20
2023-06-07T19:04:51,3,17,0,20
2023-06-07T19:16:45,3,17,0,20
2023-06-07T19:28:27,3,17,0,20
2023-06-07T19:40:11,3,17,0,20
2023-06-07T19:51:54,3,17,0,20
2023-06-07T20:03:37,3,17,0,20
2023-06-07T20:15:31,3,17,0,20
2023-06-07T20:27:13,3,17,0,20
2023-06-07T20:38:55,3,17,0,20
2023-06-07T20:50:37,3,17,0,20
2023-06-07T21:02:19,3,17,0,20
2023-06-07T21:14:01,3,17,0,20
2023-06-07T21:26:03,3,17,0,20
2023-06-07T21:37:46,3,17,0,20
2023-06-07T21:49:29,3,17,0,20
2023-06-07T22:01:11,3,17,0,20
2023-06-07T22:12:53,3,17,0,20
2023-06-07T22:24:46,3,17,0,20
2023-06-07T22:36:28,3,17,0,20
2023-06-07T22:48:11,3,17,0,20
2023-06-07T22:59:53,3,17,0,20
2023-06-07T23:11:36,3,17,0,20
2023-06-07T23:23:18,3,17,0,20
2023-06-07T23:35:11,3,17,0,20
2023-06-07T23:46:54,3,17,0,20
2023-06-07T23:58:37,3,17,0,20
2023-06-08T00:10:21,3,17,0,20
2023-06-08T00:22:08,3,17,0,20
2023-06-08T00:33:53,3,17,0,20
2023-06-08T00:45:40,3,17,0,20
2023-06-08T00:57:47,3,17,0,20
2023-06-08T01:09:32,3,17,0,20
2023-06-08T01:21:17,3,17,0,20
2023-06-08T01:33:02,3,17,0,20
2023-06-08T01:44:46,3,17,0,20
2023-06-08T01:56:34,3,17,0,20
2023-06-08T02:08:19,3,17,0,20
2023-06-08T02:20:04,3,17,0,20
2023-06-08T02:31:48,3,17,0,20
2023-06-08T02:43:31,3,17,0,20
2023-06-08T02:55:14,3,17,0,20
2023-06-08T03:06:56,3,17,0,20
2023-06-08T03:18:41,3,17,0,20
2023-06-08T03:30:37,3,17,0,20
2023-06-08T03:42:21,3,17,0,20
2023-06-08T03:54:05,3,17,0,20
2023-06-08T04:05:51,3,17,0,20
2023-06-08T04:17:39,3,17,0,20
2023-06-08T04:34:19,3,17,0,20
2023-06-08T04:46:31,3,17,0,20
2023-06-08T04:58:19,3,17,0,20
2023-06-08T05:10:06,3,17,0,20
2023-06-08T05:21:51,3,17,0,20
2023-06-08T05:33:36,3,17,0,20
2023-06-08T05:45:20,3,17,0,20
2023-06-08T05:59:03,3,17,0,20
2023-06-08T06:10:49,3,17,0,20
2023-06-08T06:22:34,3,17,0,20
2023-06-08T06:34:19,3,17,0,20
2023-06-08T06:46:05,3,17,0,20
2023-06-08T06:57:49,3,17,0,20
2023-06-08T07:09:35,3,17,0,20
2023-06-08T07:21:19,3,17,0,20
2023-06-08T07:33:06,3,17,0,20
2023-06-08T07:44:49,3,17,0,20
2023-06-08T07:56:34,3,17,0,20
2023-06-08T08:08:18,3,17,0,20
2023-06-08T08:20:02,3,17,0,20
2023-06-08T08:31:47,3,17,0,20
2023-06-08T08:43:47,3,17,0,20
2023-06-08T08:55:31,3,17,0,20
2023-06-08T09:07:15,3,17,0,20
2023-06-08T09:18:58,3,17,0,20
2023-06-08T09:30:41,3,17,0,20
2023-06-08T09:42:24,3,17,0,20
2023-06-08T09:54:08,3,17,0,20
2023-06-08T10:06:02,3,17,0,20
2023-06-08T10:17:45,3,17,0,20
2023-06-08T10:29:27,3,17,0,20
2023-06-08T10:41:10,3,17,0,20
2023-06-08T10:52:54,3,17,0,20
2023-06-08T11:04:37,3,17,0,20
2023-06-08T11:16:31,3,17,0,20
2023-06-08T11:28:15,3,17,0,20
2023-06-08T11:39:58,3,17,0,20
2023-06-08T11:51:42,3,17,0,20
2023-06-08T12:03:26,3,17,0,20
2023-06-08T12:15:20,3,17,0,20
2023-06-08T12:27:03,3,17,0,20
2023-06-08T12:38:46,3,17,0,20
2023-06-08T12:50:29,3,17,0,20
2023-06-08T13:02:12,3,17,0,20
2023-06-08T13:14:04,3,17,0,20
2023-06-08T13:25:47,3,17,0,20
2023-06-08T13:37:29,3,17,0,20
2023-06-08T13:49:11,3,17,0,20
2023-06-08T14:00:54,3,17,0,20
2023-06-08T14:12:38,3,17,0,20
2023-06-08T14:24:30,3,17,0,20
2023-06-08T14:36:13,3,17,0,20
2023-06-08T14:47:55,3,17,0,20
2023-06-08T14:59:38,3,17,0,20
2023-06-08T15:11:20,3,17,0,20
2023-06-08T15:23:03,3,17,0,20
2023-06-08T15:35:03,3,17,0,20
2023-06-08T15:46:46,3,17,0,20
2023-06-08T15:58:28,3,17,0,20
2023-06-08T16:10:10,3,17,0,20
2023-06-08T16:21:53,3,17,0,20
2023-06-08T16:33:35,3,17,0,20
2023-06-08T16:45:17,3,17,0,20
2023-06-08T16:57:10,3,17,0,20
2023-06-08T17:08:53,3,17,0,20
2023-06-08T17:20:37,3,17,0,20
2023-06-08T17:32:19,3,17,0,20
2023-06-08T17:44:02,3,17,0,20
2023-06-08T17:55:44,3,17,0,20
2023-06-08T18:07:26,3,17,0,20
2023-06-08T18:19:19,3,17,0,20
2023-06-08T18:31:02,3,17,0,20
2023-06-08T18:42:44,3,17,0,20
2023-06-08T18:54:26,3,17,0,20
2023-06-08T19:06:09,3,17,0,20
2023-06-08T19:17:51,3,17,0,20
2023-06-08T19:29:33,3,17,0,20
2023-06-08T19:41:16,3,17,0,20
2023-06-08T20:00:56,3,17,0,20
2023-06-08T20:12:38,3,17,0,20
2023-06-08T20:24:21,3,17,0,20
2023-06-08T20:36:03,3,17,0,20
2023-06-08T20:47:46,3,17,0,20
2023-06-08T20:59:28,3,17,0,20
2023-06-08T21:11:10,3,17,0,20
2023-06-08T21:22:52,3,17,0,20
2023-06-08T21:34:35,3,17,0,20
2023-06-08T21:46:17,3,17,0,20
2023-06-08T21:58:00,3,17,0,20
2023-06-08T22:09:52,3,17,0,20
2023-06-08T22:21:35,3,17,0,20
2023-06-08T22:33:17,3,17,0,20
2023-06-08T22:44:59,3,17,0,20
2023-06-08T22:56:41,3,17,0,20
2023-06-08T23:08:24,3,17,0,20
2023-06-08T23:20:07,3,17,0,20
2023-06-08T23:31:50,3,17,0,20
2023-06-08T23:43:33,3,17,0,20
2023-06-08T23:55:16,3,17,0,20
2023-06-09T00:07:00,3,17,0,20
2023-06-09T00:19:03,3,17,0,20
2023-06-09T00:30:48,3,17,0,20
2023-06-09T00:42:34,3,17,0,20
2023-06-09T00:54:20,3,17,0,20
2023-06-09T01:06:06,3,17,0,20
2023-06-09T01:17:52,3,17,0,20
2023-06-09T01:29:38,3,17,0,20
2023-06-09T01:41:25,3,17,0,20
2023-06-09T01:53:11,3,17,0,20
2023-06-09T02:04:58,3,17,0,20
2023-06-09T02:16:42,3,17,0,20
2023-06-09T02:28:26,3,17,0,20
2023-06-09T02:40:21,3,17,0,20
2023-06-09T02:52:29,3,17,0,20
2023-06-09T03:04:16,3,17,0,20
2023-06-09T03:16:02,3,17,0,20
2023-06-09T03:27:48,3,17,0,20
2023-06-09T03:39:34,3,17,0,20
2023-06-09T03:51:19,3,17,0,20
2023-06-09T04:03:04,3,17,0,20
2023-06-09T04:27:22,3,17,0,20
2023-06-09T04:39:34,3,17,0,20
2023-06-09T04:51:22,3,17,0,20
2023-06-09T05:03:11,3,17,0,20
2023-06-09T05:14:58,3,17,0,20
2023-06-09T05:26:44,3,17,0,20
2023-06-09T05:38:30,3,17,0,20
2023-06-09T05:50:17,3,17,0,20
2023-06-09T06:02:02,3,17,0,20
2023-06-09T06:13:48,3,17,0,20
2023-06-09T06:25:35,3,17,0,20
2023-06-09T06:37:21,3,17,0,20
2023-06-09T06:49:06,3,17,0,20
2023-06-09T07:00:51,3,17,0,20
2023-06-09T07:12:37,3,17,0,20
2023-06-09T07:24:22,3,17,0,20
2023-06-09T07:36:09,3,17,0,20
2023-06-09T07:47:52,3,17,0,20
2023-06-09T07:59:37,3,17,0,20
2023-06-09T08:11:20,3,17,0,20
2023-06-09T08:23:03,3,17,0,20
2023-06-09T08:34:47,3,17,0,20
2023-06-09T08:46:29,3,17,0,20
2023-06-09T08:58:12,3,17,0,20
2023-06-09T09:10:05,3,17,0,20
2023-06-09T09:21:48,3,17,0,20
2023-06-09T09:33:32,3,17,0,20
2023-06-09T09:45:14,3,17,0,20
2023-06-09T09:57:00,3,17,0,20
2023-06-09T10:08:42,3,17,0,20
2023-06-09T10:20:25,3,17,0,20
2023-06-09T10:32:07,3,17,0,20
2023-06-09T10:43:50,3,17,0,20
2023-06-09T10:55:32,3,17,0,20
2023-06-09T11:07:15,3,17,0,20
2023-06-09T11:19:16,3,17,0,20
2023-06-09T11:30:59,3,17,0,20
2023-06-09T11:42:41,3,17,0,20
2023-06-09T11:54:23,3,17,0,20
2023-06-09T12:06:06,3,17,0,20
2023-06-09T12:17:49,3,17,0,20
2023-06-09T12:29:33,3,17,0,20
2023-06-09T12:41:18,3,17,0,20
2023-06-09T12:53:12,3,17,0,20
2023-06-09T13:04:56,3,17,0,20
2023-06-09T13:16:40,3,17,0,20
2023-06-09T13:28:24,3,17,0,20
2023-06-09T13:40:08,3,17,0,20
2023-06-09T13:51:52,3,17,0,20
2023-06-09T14:03:36,3,17,0,20
2023-06-09T14:15:37,3,17,0,20
2023-06-09T14:27:21,3,17,0,20
2023-06-09T14:39:05,3,17,0,20
2023-06-09T14:50:50,3,17,0,20
2023-06-09T15:02:34,3,17,0,20
2023-06-09T15:14:18,3,17,0,20
2023-06-09T15:26:02,3,17,0,20
2023-06-09T15:37:46,3,17,0,20
2023-06-09T15:49:41,3,17,0,20
2023-06-09T16:01:26,3,17,0,20
2023-06-09T16:13:11,3,17,0,20
2023-06-09T16:24:55,3,17,0,20
2023-06-09T16:36:41,3,17,0,20
2023-06-09T16:48:26,3,17,0,20
2023-06-09T17:00:11,3,17,0,20
2023-06-09T17:12:08,3,17,0,20
2023-06-09T17:23:53,3,17,0,20
2023-06-09T17:35:38,3,17,0,20
2023-06-09T17:47:23,3,17,0,20
2023-06-09T17:59:09,3,17,0,20
2023-06-09T18:10:54,3,17,0,20
2023-06-09T18:22:39,3,17,0,20
2023-06-09T18:34:24,3,17,0,20
2023-06-09T18:46:09,3,17,0,20
2023-06-09T18:58:04,3,17,0,20
2023-06-09T19:09:50,3,17,0,20
2023-06-09T19:21:35,3,17,0,20
2023-06-09T19:33:20,3,17,0,20
2023-06-09T19:45:05,3,17,0,20
2023-06-09T19:56:51,3,17,0,20
2023-06-09T20:08:36,3,17,0,20
2023-06-09T20:20:21,3,17,0,20
2023-06-09T20:32:25,3,17,0,20
2023-06-09T20:44:10,3,17,0,20
2023-06-09T20:55:55,3,17,0,20
2023-06-09T21:07:40,3,17,0,20
2023-06-09T21:19:25,3,17,0,20
2023-06-09T21:31:11,3,17,0,20
2023-06-09T21:42:56,3,17,0,20
2023-06-09T21:54:41,3,17,0,20
2023-06-09T22:06:27,3,17,0,20
2023-06-09T22:18:12,3,17,0,20
2023-06-09T22:29:57,3,17,0,20
2023-06-09T22:41:42,3,17,0,20
2023-06-09T22:53:38,3,17,0,20
2023-06-09T23:05:25,3,17,0,20
2023-06-09T23:17:11,3,17,0,20
2023-06-09T23:28:56,3,17,0,20
2023-06-09T23:40:43,3,17,0,20
2023-06-09T23:52:28,3,17,0,20
2023-06-10T00:04:15,3,17,0,20
2023-06-10T00:16:05,3,17,0,20
2023-06-10T00:27:54,3,17,0,20
2023-06-10T00:39:43,3,17,0,20
2023-06-10T00:51:32,3,17,0,20
2023-06-10T01:03:41,3,17,0,20
2023-06-10T01:15:29,3,17,0,20
2023-06-10T01:27:19,3,17,0,20
2023-06-10T01:39:09,3,17,0,20
2023-06-10T01:50:58,3,17,0,20
2023-06-10T02:02:49,3,17,0,20
2023-06-10T02:14:37,3,17,0,20
2023-06-10T02:26:24,3,17,0,20
2023-06-10T02:38:11,3,17,0,20
2023-06-10T02:49:56,3,17,0,20
2023-06-10T03:01:42,3,17,0,20
2023-06-10T03:13:29,3,17,0,20
2023-06-10T03:25:16,3,17,0,20
2023-06-10T03:37:03,3,17,0,20
2023-06-10T03:48:51,3,17,0,20
2023-06-10T04:00:39,3,17,0,20
2023-06-10T04:13:10,3,17,0,20
2023-06-10T04:30:59,3,17,0,20
2023-06-10T04:44:04,3,17,0,20
2023-06-10T04:56:14,3,17,0,20
2023-06-10T05:08:04,3,17,0,20
2023-06-10T05:19:52,3,17,0,20
2023-06-10T05:31:41,3,17,0,20
2023-06-10T05:43:29,3,17,0,20
2023-06-10T05:55:18,3,17,0,20
2023-06-10T06:07:06,3,17,0,20
2023-06-10T06:18:54,3,17,0,20
2023-06-10T06:30:42,3,17,0,20
2023-06-10T06:42:30,3,17,0,20
2023-06-10T06:54:19,3,17,0,20
2023-06-10T07:06:09,3,17,0,20
2023-06-10T07:17:57,3,17,0,20
2023-06-10T07:29:45,3,17,0,20
2023-06-10T07:41:35,3,17,0,20
2023-06-10T07:53:22,3,17,0,20
2023-06-10T08:05:10,3,17,0,20
2023-06-10T08:17:06,3,17,0,20
2023-06-10T08:28:55,3,17,0,20
2023-06-10T08:40:43,3,17,0,20
2023-06-10T08:52:32,3,17,0,20
2023-06-10T09:04:20,3,17,0,20
2023-06-10T09:16:07,3,17,0,20
2023-06-10T09:27:55,3,17,0,20
2023-06-10T09:39:43,3,17,0,20
2023-06-10T09:51:31,3,17,0,20
2023-06-10T10:03:18,3,17,0,20
2023-06-10T10:15:04,3,17,0,20
2023-06-10T10:26:50,3,17,0,20
2023-06-10T10:38:36,3,17,0,20
2023-06-10T10:50:22,3,17,0,20
2023-06-10T11:02:20,3,17,0,20
2023-06-10T11:14:06,3,17,0,20
2023-06-10T11:25:51,3,17,0,20
2023-06-10T11:37:35,3,17,0,20
2023-06-10T11:49:20,3,17,0,20
2023-06-10T12:01:05,3,17,0,20
2023-06-10T12:12:50,3,17,0,20
2023-06-10T12:24:35,3,17,0,20
2023-06-10T12:36:20,3,17,0,20
2023-06-10T12:48:05,3,17,0,20
2023-06-10T12:59:50,3,17,0,20
2023-06-10T13:11:35,3,17,0,20
2023-06-10T13:23:19,3,17,0,20
2023-06-10T13:35:13,3,17,0,20
2023-06-10T13:46:59,3,17,0,20
2023-06-10T13:58:43,3,17,0,20
2023-06-10T14:10:28,3,17,0,20
2023-06-10T14:22:13,3,17,0,20
2023-06-10T14:33:58,3,17,0,20
2023-06-10T14:45:43,3,17,0,20
2023-06-10T14:57:28,3,17,0,20
2023-06-10T15:09:13,3,17,0,20
2023-06-10T15:20:57,3,17,0,20
2023-06-10T15:32:42,3,17,0,20
2023-06-10T15:44:27,3,17,0,20
2023-06-10T15:56:22,3,17,0,20
2023-06-10T16:08:07,3,17,0,20
2023-06-10T16:19:51,3,17,0,20
2023-06-10T16:31:36,3,17,0,20
2023-06-10T16:43:21,3,17,0,20
2023-06-10T16:55:06,3,17,0,20
2023-06-10T17:06:51,3,17,0,20
2023-06-10T17:18:38,3,17,0,20
2023-06-10T17:30:22,3,17,0,20
2023-06-10T17:42:08,3,17,0,20
2023-06-10T17:53:53,3,17,0,20
2023-06-10T18:05:48,3,17,0,20
2023-06-10T18:17:33,3,17,0,20
2023-06-10T18:29:18,3,17,0,20
2023-06-10T18:41:03,3,17,0,20
2023-06-10T18:52:48,3,17,0,20
2023-06-10T19:04:33,3,17,0,20
2023-06-10T19:16:18,3,17,0,20
2023-06-10T19:28:03,3,17,0,20
2023-06-10T19:39:48,3,17,0,20
2023-06-10T19:51:33,3,17,0,20
2023-06-10T20:03:18,3,17,0,20
2023-06-10T20:15:04,3,17,0,20
2023-06-10T20:26:48,3,17,0,20
2023-06-10T20:38:33,3,17,0,20
2023-06-10T20:50:28,3,17,0,20
2023-06-10T21:02:14,3,17,0,20
2023-06-10T21:13:59,3,17,0,20
2023-06-10T21:25:43,3,17,0,20
2023-06-10T21:37:28,3,17,0,20
2023-06-10T21:49:14,3,17,0,20
2023-06-10T22:00:59,3,17,0,20
2023-06-10T22:12:43,3,17,0,20
2023-06-10T22:24:29,3,17,0,20
2023-06-10T22:36:14,3,17,0,20
2023-06-10T22:47:58,3,17,0,20
2023-06-10T22:59:43,3,17,0,20
2023-06-10T23:11:28,3,17,0,20
2023-06-10T23:23:14,3,17,0,20
2023-06-10T23:35:09,3,17,0,20
2023-06-10T23:46:54,3,17,0,20
2023-06-10T23:58:39,3,17,0,20
2023-06-11T00:10:26,3,17,0,20
2023-06-11T00:22:23,3,17,0,20
2023-06-11T00:34:11,3,17,0,20
2023-06-11T00:45:59,3,17,0,20
2023-06-11T00:57:49,3,17,0,20
2023-06-11T01:09:36,3,17,0,20
2023-06-11T01:21:22,3,17,0,20
2023-06-11T01:33:11,3,17,0,20
2023-06-11T01:44:59,3,17,0,20
2023-06-11T01:56:48,3,17,0,20
2023-06-11T02:08:36,3,17,0,20
2023-06-11T02:20:25,3,17,0,20
2023-06-11T02:32:14,3,17,0,20
2023-06-11T02:44:01,3,17,0,20
2023-06-11T02:55:48,3,17,0,20
2023-06-11T03:07:36,3,17,0,20
2023-06-11T03:19:24,3,17,0,20
2023-06-11T03:31:23,3,17,0,20
2023-06-11T03:43:11,3,17,0,20
2023-06-11T03:54:59,3,17,0,20
2023-06-11T04:06:48,3,17,0,20
2023-06-11T04:32:55,3,17,0,20
2023-06-11T04:44:45,3,17,0,20
2023-06-11T04:58:08,3,17,0,20
2023-06-11T05:09:58,3,17,0,20
2023-06-11T05:21:46,3,17,0,20
2023-06-11T05:33:33,3,17,0,20
2023-06-11T05:45:23,3,17,0,20
2023-06-11T05:57:11,3,17,0,20
2023-06-11T06:08:58,3,17,0,20
2023-06-11T06:20:46,3,17,0,20
2023-06-11T06:32:36,3,17,0,20
2023-06-11T06:44:24,3,17,0,20
2023-06-11T06:56:11,3,17,0,20
2023-06-11T07:07:58,3,17,0,20
2023-06-11T07:19:45,3,17,0,20
2023-06-11T07:31:30,3,17,0,20
2023-06-11T07:43:15,3,17,0,20
2023-06-11T07:55:00,3,17,0,20
2023-06-11T08:06:46,3,17,0,20
2023-06-11T08:18:35,3,17,0,20
2023-06-11T08:30:21,3,17,0,20
2023-06-11T08:42:07,3,17,0,20
2023-06-11T08:53:52,3,17,0,20
2023-06-11T09:05:37,3,17,0,20
2023-06-11T09:17:22,3,17,0,20
2023-06-11T09:29:07,3,17,0,20
2023-06-11T09:41:00,3,17,0,20
2023-06-11T09:52:45,3,17,0,20
2023-06-11T10:04:30,3,17,0,20
2023-06-11T10:16:16,3,17,0,20
2023-06-11T10:28:01,3,17,0,20
2023-06-11T10:39:45,3,17,0,20
2023-06-11T10:51:31,3,17,0,20
2023-06-11T11:03:17,3,17,0,20
2023-06-11T11:15:02,3,17,0,20
2023-06-11T11:26:49,3,17,0,20
2023-06-11T11:38:36,3,17,0,20
2023-06-11T11:50:22,3,17,0,20
2023-06-11T12:02:08,3,17,0,20
2023-06-11T12:13:54,3,17,0,20
2023-06-11T12:25:40,3,17,0,20
2023-06-11T12:37:34,3,17,0,20
2023-06-11T12:49:19,3,17,0,20
2023-06-11T13:01:04,3,17,0,20
2023-06-11T13:12:49,3,17,0,20
2023-06-11T13:24:34,3,17,0,20
2023-06-11T13:36:20,3,17,0,20
2023-06-11T13:48:05,3,17,0,20
2023-06-11T13:59:49,3,17,0,20
2023-06-11T14:11:34,3,17,0,20
2023-06-11T14:23:19,3,17,0,20
2023-06-11T14:35:03,3,17,0,20
2023-06-11T14:46:59,3,17,0,20
2023-06-11T14:58:44,3,17,0,20
2023-06-11T15:10:28,3,17,0,20
2023-06-11T15:22:13,3,17,0,20
2023-06-11T15:33:58,3,17,0,20
2023-06-11T15:45:42,3,17,0,20
2023-06-11T15:57:27,3,17,0,20
2023-06-11T16:09:13,3,17,0,20
2023-06-11T16:20:58,3,17,0,20
2023-06-11T16:32:54,3,17,0,20
2023-06-11T16:44:39,3,17,0,20
2023-06-11T16:56:24,3,17,0,20
2023-06-11T17:08:09,3,17,0,20
2023-06-11T17:19:54,3,17,0,20
2023-06-11T17:31:40,3,17,0,20
2023-06-11T17:43:25,3,17,0,20
2023-06-11T17:55:09,3,17,0,20
2023-06-11T18:06:54,3,17,0,20
2023-06-11T18:18:39,3,17,0,20
2023-06-11T18:30:24,3,17,0,20
2023-06-11T18:42:18,3,17,0,20
2023-06-11T18:54:03,3,17,0,20
2023-06-11T19:05:50,3,17,0,20
2023-06-11T19:17:36,3,17,0,20
2023-06-11T19:29:21,3,17,0,20
2023-06-11T19:41:06,3,17,0,20
2023-06-11T19:52:51,3,17,0,20
2023-06-11T20:04:36,3,17,0,20
2023-06-11T20:16:20,3,17,0,20
2023-06-11T20:28:05,3,17,0,20
2023-06-11T20:39:50,3,17,0,20
2023-06-11T20:51:44,3,17,0,20
2023-06-11T21:03:30,3,17,0,20
2023-06-11T21:15:15,3,17,0,20
2023-06-11T21:27:01,3,17,0,20
2023-06-11T21:38:47,3,17,0,20
2023-06-11T21:50:33,3,17,0,20
2023-06-11T22:02:18,3,17,0,20
2023-06-11T22:14:03,3,17,0,20
2023-06-11T22:25:47,3,17,0,20
2023-06-11T22:37:32,3,17,0,20
2023-06-11T22:49:28,3,17,0,20
2023-06-11T23:01:15,3,17,0,20
2023-06-11T23:13:00,3,17,0,20
2023-06-11T23:24:45,3,17,0,20
2023-06-11T23:36:31,3,17,0,20
2023-06-11T23:48:18,3,17,0,20
2023-06-12T00:00:03,3,17,0,20
2023-06-12T00:11:50,3,17,0,20
2023-06-12T00:23:45,3,17,0,20
2023-06-12T00:35:39,3,17,0,20
2023-06-12T00:47:39,3,17,0,20
2023-06-12T00:59:26,3,17,0,20
2023-06-12T01:11:13,3,17,0,20
2023-06-12T01:23:03,3,17,0,20
2023-06-12T01:34:52,3,17,0,20
2023-06-12T01:46:40,3,17,0,20
2023-06-12T01:58:28,3,17,0,20
2023-06-12T02:10:16,3,17,0,20
2023-06-12T02:22:03,3,17,0,20
2023-06-12T02:33:50,3,17,0,20
2023-06-12T02:45:37,3,17,0,20
2023-06-12T02:57:24,3,17,0,20
2023-06-12T03:09:11,3,17,0,20
2023-06-12T03:20:59,3,17,0,20
2023-06-12T03:32:50,3,17,0,20
2023-06-12T03:44:40,3,17,0,20
2023-06-12T03:56:28,3,17,0,20
2023-06-12T04:08:17,3,17,0,20
2023-06-12T04:29:31,3,17,0,20
2023-06-12T04:41:21,3,17,0,20
2023-06-12T04:54:49,3,17,0,20
2023-06-12T05:06:41,3,17,0,20
2023-06-12T05:18:31,3,17,0,20
2023-06-12T05:30:17,3,17,0,20
2023-06-12T05:42:03,3,17,0,20
2023-06-12T05:53:52,3,17,0,20
2023-06-12T06:05:41,3,17,0,20
2023-06-12T06:17:30,3,17,0,20
2023-06-12T06:29:19,3,17,0,20
2023-06-12T06:41:08,3,17,0,20
2023-06-12T06:52:56,3,17,0,20
2023-06-12T07:04:46,3,17,0,20
2023-06-12T07:16:36,3,17,0,20
2023-06-12T07:28:23,3,17,0,20
2023-06-12T07:40:10,3,17,0,20
2023-06-12T07:51:56,3,17,0,20
2023-06-12T08:03:44,3,17,0,20
2023-06-12T08:15:31,3,17,0,20
2023-06-12T08:27:18,3,17,0,20
2023-06-12T08:39:05,3,17,0,20
2023-06-12T08:50:51,3,17,0,20
2023-06-12T09:02:46,3,17,0,20
2023-06-12T09:14:31,3,17,0,20
2023-06-12T09:26:16,3,17,0,20
2023-06-12T09:38:01,3,17,0,20
2023-06-12T09:49:47,3,17,0,20
2023-06-12T10:01:32,3,17,0,20
2023-06-12T10:13:18,3,17,0,20
2023-06-12T10:25:03,3,17,0,20
2023-06-12T10:36:48,3,17,0,20
2023-06-12T10:48:33,3,17,0,20
2023-06-12T11:00:28,3,17,0,20
2023-06-12T11:12:14,3,17,0,20
2023-06-12T11:24:00,3,17,0,20
2023-06-12T11:35:44,3,17,0,20
2023-06-12T11:47:30,3,17,0,20
2023-06-12T11:59:17,3,17,0,20
2023-06-12T12:11:03,3,17,0,20
2023-06-12T12:22:49,3,17,0,20
2023-06-12T12:34:34,3,17,0,20
2023-06-12T12:46:30,3,17,0,20
2023-06-12T12:58:15,3,17,0,20
2023-06-12T13:10:01,3,17,0,20
2023-06-12T13:21:46,3,17,0,20
2023-06-12T13:33:32,3,17,0,20
2023-06-12T13:45:18,3,17,0,20
2023-06-12T13:57:03,3,17,0,20
2023-06-12T14:08:58,3,17,0,20
2023-06-12T14:20:44,3,17,0,20
2023-06-12T14:32:29,3,17,0,20
2023-06-12T14:44:14,3,17,0,20
2023-06-12T14:56:00,3,17,0,20
2023-06-12T15:07:45,3,17,0,20
2023-06-12T15:19:30,3,17,0,20
2023-06-12T15:31:26,3,17,0,20
2023-06-12T15:43:12,3,17,0,20
2023-06-12T15:54:57,3,17,0,20
2023-06-12T16:06:42,3,17,0,20
2023-06-12T16:18:28,3,17,0,20
2023-06-12T16:30:13,3,17,0,20
2023-06-12T16:41:58,3,17,0,20
2023-06-12T16:53:54,3,17,0,20
2023-06-12T17:05:40,3,17,0,20
2023-06-12T17:17:27,3,17,0,20
2023-06-12T17:29:12,3,17,0,20
2023-06-12T17:40:58,3,17,0,20
2023-06-12T17:52:43,3,17,0,20
2023-06-12T18:04:28,3,17,0,20
2023-06-12T18:16:24,3,17,0,20
2023-06-12T18:28:09,3,17,0,20
2023-06-12T18:39:54,3,17,0,20
2023-06-12T18:51:38,3,17,0,20
2023-06-12T19:03:24,3,17,0,20
2023-06-12T19:15:10,3,17,0,20
2023-06-12T19:26:54,3,17,0,20
2023-06-12T19:38:40,3,17,0,20
2023-06-12T19:50:25,3,17,0,20
2023-06-12T20:02:21,3,17,0,20
2023-06-12T20:14:06,3,17,0,20
2023-06-12T20:25:51,3,17,0,20
2023-06-12T20:37:36,3,17,0,20
2023-06-12T20:49:21,3,17,0,20
2023-06-12T21:01:06,3,17,0,20
2023-06-12T21:13:02,3,17,0,20
2023-06-12T21:24:47,3,17,0,20
2023-06-12T21:36:33,3,17,0,20
2023-06-12T21:48:18,3,17,0,20
2023-06-12T22:00:04,3,17,0,20
2023-06-12T22:11:50,3,17,0,20
2023-06-12T22:23:36,3,17,0,20
2023-06-12T22:35:21,3,17,0,20
2023-06-12T22:47:07,3,17,0,20
2023-06-12T22:58:52,3,17,0,20
2023-06-12T23:10:39,3,17,0,20
2023-06-12T23:22:34,3,17,0,20
2023-06-12T23:34:21,3,17,0,20
2023-06-12T23:46:07,3,17,0,20
2023-06-12T23:57:52,3,17,0,20
2023-06-13T00:09:40,3,17,0,20
2023-06-13T00:21:31,3,17,0,20
2023-06-13T00:33:20,3,17,0,20
2023-06-13T00:45:09,3,17,0,20
2023-06-13T00:56:57,3,17,0,20
2023-06-13T01:08:47,3,17,0,20
2023-06-13T01:20:35,3,17,0,20
2023-06-13T01:32:25,3,17,0,20
2023-06-13T01:44:13,3,17,0,20
2023-06-13T01:56:11,3,17,0,20
2023-06-13T02:07:57,3,17,0,20
2023-06-13T02:19:42,3,17,0,20
2023-06-13T02:31:27,3,17,0,20
2023-06-13T02:43:14,3,17,0,20
2023-06-13T02:55:00,3,17,0,20
2023-06-13T03:06:48,3,17,0,20
2023-06-13T03:18:37,3,17,0,20
2023-06-13T03:30:24,3,17,0,20
2023-06-13T03:42:12,3,17,0,20
2023-06-13T03:53:59,3,17,0,20
2023-06-13T04:05:47,3,17,0,20
2023-06-13T04:23:20,3,17,0,20
2023-06-13T04:35:09,3,17,0,20
2023-06-13T04:48:21,3,17,0,20
2023-06-13T05:00:30,3,17,0,20
2023-06-13T05:12:17,3,17,0,20
2023-06-13T05:24:09,3,17,0,20
2023-06-13T05:36:05,3,17,0,20
2023-06-13T05:47:55,3,17,0,20
2023-06-13T05:59:44,3,17,0,20
2023-06-13T06:11:33,3,17,0,20
2023-06-13T06:23:21,3,17,0,20
2023-06-13T06:35:09,3,17,0,20
2023-06-13T06:46:58,3,17,0,20
2023-06-13T06:58:46,3,17,0,20
2023-06-13T07:10:34,3,17,0,20
2023-06-13T07:22:23,3,17,0,20
2023-06-13T07:34:09,3,17,0,20
2023-06-13T07:45:55,3,17,0,20
2023-06-13T07:57:42,3,17,0,20
2023-06-13T08:09:30,3,17,0,20
2023-06-13T08:21:18,3,17,0,20
2023-06-13T08:33:04,3,17,0,20
2023-06-13T08:45:00,3,17,0,20
2023-06-13T08:56:46,3,17,0,20
2023-06-13T09:08:34,3,17,0,20
2023-06-13T09:20:22,3,17,0,20
2023-06-13T09:32:09,3,17,0,20
2023-06-13T09:43:56,3,17,0,20
2023-06-13T09:55:43,3,17,0,20
2023-06-13T10:07:30,3,17,0,20
2023-06-13T10:19:17,3,17,0,20
2023-06-13T10:31:20,3,17,0,20
2023-06-13T10:43:06,3,17,0,20
2023-06-13T10:54:52,3,17,0,20
2023-06-13T11:06:37,3,17,0,20
2023-06-13T11:18:23,3,17,0,20
2023-06-13T11:30:10,3,17,0,20
2023-06-13T11:41:55,3,17,0,20
2023-06-13T11:53:41,3,17,0,20
2023-06-13T12:05:38,3,17,0,20
2023-06-13T12:17:25,3,17,0,20
2023-06-13T12:29:11,3,17,0,20
2023-06-13T12:40:57,3,17,0,20
2023-06-13T12:52:43,3,17,0,20
2023-06-13T13:04:28,3,17,0,20
2023-06-13T13:16:14,3,17,0,20
2023-06-13T13:27:59,3,17,0,20
2023-06-13T13:39:46,3,17,0,20
2023-06-13T13:51:44,3,17,0,20
2023-06-13T14:03:31,3,17,0,20
2023-06-13T14:15:19,3,17,0,20
2023-06-13T14:27:07,3,17,0,20
2023-06-13T14:38:54,3,17,0,20
2023-06-13T14:50:41,3,17,0,20
2023-06-13T15:02:28,3,17,0,20
2023-06-13T15:14:16,3,17,0,20
2023-06-13T15:26:15,3,17,0,20
2023-06-13T15:38:03,3,17,0,20
2023-06-13T15:49:50,3,17,0,20
2023-06-13T16:01:38,3,17,0,20
2023-06-13T16:13:25,3,17,0,20
2023-06-13T16:25:12,3,17,0,20
2023-06-13T16:36:59,3,17,0,20
2023-06-13T16:48:45,3,17,0,20
2023-06-13T17:00:43,3,17,0,20
2023-06-13T17:12:32,3,17,0,20
2023-06-13T17:24:20,3,17,0,20
2023-06-13T17:36:08,3,17,0,20
2023-06-13T17:47:55,3,17,0,20
2023-06-13T17:59:42,3,17,0,20
2023-06-13T18:11:29,3,17,0,20
2023-06-13T18:23:16,3,17,0,20
2023-06-13T18:35:03,3,17,0,20
2023-06-13T18:47:00,3,17,0,20
2023-06-13T18:58:47,3,17,0,20
2023-06-13T19:10:34,3,17,0,20
2023-06-13T19:22:22,3,17,0,20
2023-06-13T19:34:09,3,17,0,20
2023-06-13T19:45:55,3,17,0,20
2023-06-13T19:57:42,3,17,0,20
2023-06-13T20:09:31,3,17,0,20
2023-06-13T20:21:18,3,17,0,20
2023-06-13T20:33:05,3,17,0,20
2023-06-13T20:45:04,3,17,0,20
2023-06-13T20:56:51,3,17,0,20
2023-06-13T21:08:38,3,17,0,20
2023-06-13T21:20:24,3,17,0,20
2023-06-13T21:32:12,3,17,0,20
2023-06-13T21:43:59,3,17,0,20
2023-06-13T21:55:47,3,17,0,20
2023-06-13T22:07:36,3,17,0,20
2023-06-13T22:19:27,3,17,0,20
2023-06-13T22:31:14,3,17,0,20
2023-06-13T22:43:11,3,17,0,20
2023-06-13T22:54:58,3,17,0,20
2023-06-13T23:06:47,3,17,0,20
2023-06-13T23:18:34,3,17,0,20
2023-06-13T23:30:22,3,17,0,20
2023-06-13T23:42:10,3,17,0,20
2023-06-13T23:53:58,3,17,0,20
2023-06-14T00:05:46,3,17,0,20
2023-06-14T00:17:38,3,17,0,20
2023-06-14T00:29:28,3,17,0,20
2023-06-14T00:41:19,3,17,0,20
2023-06-14T00:53:10,3,17,0,20
2023-06-14T01:05:12,3,17,0,20
2023-06-14T01:17:03,3,17,0,20
2023-06-14T01:28:54,3,17,0,20
2023-06-14T01:40:46,3,17,0,20
2023-06-14T01:52:39,3,17,0,20
2023-06-14T02:04:30,3,17,0,20
2023-06-14T02:16:20,3,17,0,20
2023-06-14T02:28:09,3,17,0,20
2023-06-14T02:39:59,3,17,0,20
2023-06-14T02:51:50,3,17,0,20
2023-06-14T03:03:41,3,17,0,20
2023-06-14T03:15:32,3,17,0,20
2023-06-14T03:27:34,3,17,0,20
2023-06-14T03:39:26,3,17,0,20
2023-06-14T03:51:17,3,17,0,20
2023-06-14T04:03:07,3,17,0,20
2023-06-14T04:15:09,3,17,0,20
2023-06-14T04:31:33,3,17,0,20
2023-06-14T04:43:51,3,17,0,20
2023-06-14T04:55:43,3,17,0,20
2023-06-14T05:07:35,3,17,0,20
2023-06-14T05:19:26,3,17,0,20
2023-06-14T05:31:16,3,17,0,20
2023-06-14T05:43:08,3,17,0,20
2023-06-14T05:54:59,3,17,0,20
2023-06-14T06:06:50,3,17,0,20
2023-06-14T06:18:41,3,17,0,20
2023-06-14T06:30:32,3,17,0,20
2023-06-14T06:42:27,3,17,0,20
2023-06-14T06:54:25,3,17,0,20
2023-06-14T07:06:15,3,17,0,20
2023-06-14T07:18:17,3,17,0,20
2023-06-14T07:30:07,3,17,0,20
2023-06-14T07:41:55,3,17,0,20
2023-06-14T07:53:45,3,17,0,20
2023-06-14T08:05:35,3,17,0,20
2023-06-14T08:17:24,3,17,0,20
2023-06-14T08:29:22,3,17,0,20
2023-06-14T08:41:13,3,17,0,20
2023-06-14T08:53:02,3,17,0,20
2023-06-14T09:04:50,3,17,0,20
2023-06-14T09:16:38,3,17,0,20
2023-06-14T09:28:27,3,17,0,20
2023-06-14T09:40:15,3,17,0,20
2023-06-14T09:52:03,3,17,0,20
2023-06-14T10:04:03,3,17,0,20
2023-06-14T10:15:53,3,17,0,20
2023-06-14T10:27:41,3,17,0,20
2023-06-14T10:39:31,3,17,0,20
2023-06-14T10:51:20,3,17,0,20
2023-06-14T11:03:09,3,17,0,20
2023-06-14T11:14:58,3,17,0,20
2023-06-14T11:26:50,3,17,0,20
2023-06-14T11:38:50,3,17,0,20
2023-06-14T11:50:40,3,17,0,20
2023-06-14T12:02:29,3,17,0,20
2023-06-14T12:14:17,3,17,0,20
2023-06-14T12:26:06,3,17,0,20
2023-06-14T12:37:54,3,17,0,20
2023-06-14T12:49:43,3,17,0,20
2023-06-14T13:01:32,3,17,0,20
2023-06-14T13:13:21,3,17,0,20
2023-06-14T13:25:21,3,17,0,20
2023-06-14T13:37:14,3,17,0,20
2023-06-14T13:49:10,3,17,0,20
2023-06-14T14:01:10,3,17,0,20
2023-06-14T14:13:15,3,17,0,20
2023-06-14T14:25:24,3,17,0,20
2023-06-14T14:37:40,3,17,0,20
2023-06-14T14:50:06,3,17,0,20
2023-06-14T15:02:21,3,17,0,20
2023-06-14T15:14:35,3,17,0,20
2023-06-14T15:26:50,3,17,0,20
2023-06-14T15:39:05,3,17,0,20
2023-06-14T15:51:20,3,17,0,20
2023-06-14T16:03:37,3,17,0,20
2023-06-14T16:16:02,3,17,0,20
2023-06-14T16:28:16,3,17,0,20
2023-06-14T16:40:31,3,17,0,20
2023-06-14T16:52:46,3,17,0,20
2023-06-14T17:05:02,3,17,0,20
2023-06-14T17:17:18,3,17,0,20
2023-06-14T17:29:32,3,17,0,20
2023-06-14T17:41:47,3,17,0,20
2023-06-14T17:54:12,3,17,0,20
2023-06-14T18:06:26,3,17,0,20
2023-06-14T18:18:41,3,17,0,20
2023-06-14T18:30:55,3,17,0,20
2023-06-14T18:43:08,3,17,0,20
2023-06-14T18:55:23,3,17,0,20
2023-06-14T19:07:37,3,17,0,20
2023-06-14T19:20:04,3,17,0,20
2023-06-14T19:32:18,3,17,0,20
2023-06-14T19:44:32,3,17,0,20
2023-06-14T19:56:45,3,17,0,20
2023-06-14T20:09:03,3,17,0,20
2023-06-14T20:21:17,3,17,0,20
2023-06-14T20:33:31,3,17,0,20
2023-06-14T20:45:45,3,17,0,20
2023-06-14T20:58:09,3,17,0,20
2023-06-14T21:10:24,3,17,0,20
2023-06-14T21:22:38,3,17,0,20
2023-06-14T21:34:52,3,17,0,20
2023-06-14T21:47:06,3,17,0,20
2023-06-14T21:59:20,3,17,0,20
2023-06-14T22:11:34,3,17,0,20
2023-06-14T22:23:48,3,17,0,20
2023-06-14T22:36:03,3,17,0,20
2023-06-14T22:48:28,3,17,0,20
2023-06-14T23:00:43,3,17,0,20
2023-06-14T23:12:59,3,17,0,20
2023-06-14T23:25:13,3,17,0,20
2023-06-14T23:37:27,3,17,0,20
2023-06-14T23:49:41,3,17,0,20
2023-06-15T00:01:56,3,17,0,20
2023-06-15T00:14:14,3,17,0,20
2023-06-15T00:26:33,3,17,0,20
2023-06-15T00:38:52,3,17,0,20
2023-06-15T00:51:23,3,17,0,20
2023-06-15T01:03:42,3,17,0,20
2023-06-15T01:16:00,3,17,0,20
2023-06-15T01:28:17,3,17,0,20
2023-06-15T01:40:34,3,17,0,20
2023-06-15T01:52:51,3,17,0,20
2023-06-15T02:05:09,3,17,0,20
2023-06-15T02:17:25,3,17,0,20
2023-06-15T02:29:42,3,17,0,20
2023-06-15T02:41:58,3,17,0,20
2023-06-15T02:54:13,3,17,0,20
2023-06-15T03:06:39,3,17,0,20
2023-06-15T03:18:56,3,17,0,20
2023-06-15T03:31:13,3,17,0,20
2023-06-15T03:43:29,3,17,0,20
2023-06-15T03:55:46,3,17,0,20
2023-06-15T04:08:03,3,17,0,20
2023-06-15T04:24:06,3,17,0,20
2023-06-15T04:36:27,3,17,0,20
2023-06-15T04:50:06,3,17,0,20
2023-06-15T05:02:44,3,17,0,20
2023-06-15T05:15:03,3,17,0,20
2023-06-15T05:27:21,3,17,0,20
2023-06-15T05:39:39,3,17,0,20
2023-06-15T05:51:57,3,17,0,20
2023-06-15T06:04:14,3,17,0,20
2023-06-15T06:16:31,3,17,0,20
2023-06-15T06:28:48,3,17,0,20
2023-06-15T06:41:05,3,17,0,20
2023-06-15T06:53:21,3,17,0,20
2023-06-15T07:05:38,3,17,0,20
2023-06-15T07:17:55,3,17,0,20
2023-06-15T07:30:13,3,17,0,20
2023-06-15T07:42:38,3,17,0,20
2023-06-15T07:54:54,3,17,0,20
2023-06-15T08:07:10,3,17,0,20
2023-06-15T08:19:27,3,17,0,20
2023-06-15T08:31:43,3,17,0,20
2023-06-15T08:43:59,3,17,0,20
2023-06-15T08:56:14,3,17,0,20
2023-06-15T09:08:31,3,17,0,20
2023-06-15T09:20:46,3,17,0,20
2023-06-15T09:33:01,3,17,0,20
2023-06-15T09:45:17,3,17,0,20
2023-06-15T09:57:32,3,17,0,20
2023-06-15T10:09:56,3,17,0,20
2023-06-15T10:22:10,3,17,0,20
2023-06-15T10:34:24,3,17,0,20
2023-06-15T10:46:38,3,17,0,20
2023-06-15T10:58:52,3,17,0,20
2023-06-15T11:11:06,3,17,0,20
2023-06-15T11:23:20,3,17,0,20
2023-06-15T11:35:34,3,17,0,20
2023-06-15T11:47:59,3,17,0,20
2023-06-15T12:00:13,3,17,0,20
2023-06-15T12:12:31,3,17,0,20
2023-06-15T12:24:45,3,17,0,20
2023-06-15T12:37:00,3,17,0,20
2023-06-15T12:49:15,3,17,0,20
2023-06-15T13:01:29,3,17,0,20
2023-06-15T13:13:53,3,17,0,20
2023-06-15T13:26:07,3,17,0,20
2023-06-15T13:38:22,3,17,0,20
2023-06-15T13:50:37,3,17,0,20
2023-06-15T14:02:51,3,17,0,20
2023-06-15T14:15:05,3,17,0,20
2023-06-15T14:27:20,3,17,0,20
2023-06-15T14:39:45,3,17,0,20
2023-06-15T14:52:00,3,17,0,20
2023-06-15T15:04:14,3,17,0,20
2023-06-15T15:16:28,3,17,0,20
2023-06-15T15:28:41,3,17,0,20
2023-06-15T15:40:56,3,17,0,20
2023-06-15T15:53:10,3,17,0,20
2023-06-15T16:05:35,3,17,0,20
2023-06-15T16:17:49,3,17,0,20
2023-06-15T16:30:03,3,17,0,20
2023-06-15T16:42:17,3,17,0,20
2023-06-15T16:54:31,3,17,0,20
2023-06-15T17:06:45,3,17,0,20
2023-06-15T17:19:00,3,17,0,20
2023-06-15T17:31:14,3,17,0,20
2023-06-15T17:43:39,3,17,0,20
2023-06-15T17:55:52,3,17,0,20
2023-06-15T18:08:07,3,17,0,20
2023-06-15T18:20:22,3,17,0,20
2023-06-15T18:32:36,3,17,0,20
2023-06-15T18:44:50,3,17,0,20
2023-06-15T18:57:04,3,17,0,20
2023-06-15T19:09:20,3,17,0,20
2023-06-15T19:21:34,3,17,0,20
2023-06-15T19:33:59,3,17,0,20
2023-06-15T19:46:13,3,17,0,20
2023-06-15T19:58:28,3,17,0,20
2023-06-15T20:10:42,3,17,0,20
2023-06-15T20:22:56,3,17,0,20
2023-06-15T20:35:10,3,17,0,20
2023-06-15T20:47:24,3,17,0,20
2023-06-15T20:59:50,3,17,0,20
2023-06-15T21:12:04,3,17,0,20
2023-06-15T21:24:18,3,17,0,20
2023-06-15T21:36:34,3,17,0,20
2023-06-15T21:48:48,3,17,0,20
2023-06-15T22:01:03,3,17,0,20
2023-06-15T22:13:17,3,17,0,20
2023-06-15T22:25:32,3,17,0,20
2023-06-15T22:37:46,3,17,0,20
2023-06-15T22:50:00,3,17,0,20
2023-06-15T23:02:15,3,17,0,20
2023-06-15T23:14:41,3,17,0,20
2023-06-15T23:26:57,3,17,0,20
2023-06-15T23:39:12,3,17,0,20
2023-06-15T23:51:27,3,17,0,20
2023-06-16T00:03:42,3,17,0,20
2023-06-16T00:15:59,3,17,0,20
2023-06-16T00:28:13,3,17,0,20
2023-06-16T00:40:27,3,17,0,20
2023-06-16T00:52:41,3,17,0,20
2023-06-16T01:04:57,3,17,0,20
2023-06-16T01:17:12,3,17,0,20
2023-06-16T01:29:37,3,17,0,20
2023-06-16T01:41:52,3,17,0,20
2023-06-16T01:54:06,3,17,0,20
2023-06-16T02:06:19,3,17,0,20
2023-06-16T02:18:38,3,17,0,20
2023-06-16T02:30:52,3,17,0,20
2023-06-16T02:43:08,3,17,0,20
2023-06-16T02:55:24,3,17,0,20
2023-06-16T03:07:41,3,17,0,20
2023-06-16T03:19:59,3,17,0,20
2023-06-16T03:32:18,3,17,0,20
2023-06-16T03:44:35,3,17,0,20
2023-06-16T03:56:52,3,17,0,20
2023-06-16T04:20:05,3,17,0,20
2023-06-16T04:32:25,3,17,0,20
2023-06-16T04:44:45,3,17,0,20
2023-06-16T04:58:51,3,17,0,20
2023-06-16T05:11:10,3,17,0,20
2023-06-16T05:23:27,3,17,0,20
2023-06-16T05:35:46,3,17,0,20
2023-06-16T05:48:04,3,17,0,20
2023-06-16T06:00:23,3,17,0,20
2023-06-16T06:12:40,3,17,0,20
2023-06-16T06:24:57,3,17,0,20
2023-06-16T06:37:14,3,17,0,20
2023-06-16T06:49:33,3,17,0,20
2023-06-16T07:01:50,3,17,0,20
2023-06-16T07:14:07,3,17,0,20
2023-06-16T07:26:22,3,17,0,20
2023-06-16T07:38:38,3,17,0,20
2023-06-16T07:50:53,3,17,0,20
2023-06-16T08:03:09,3,17,0,20
2023-06-16T08:15:36,3,17,0,20
2023-06-16T08:27:53,3,17,0,20
2023-06-16T08:40:11,3,17,0,20
2023-06-16T08:52:28,3,17,0,20
2023-06-16T09:04:46,3,17,0,20
2023-06-16T09:17:02,3,17,0,20
2023-06-16T09:29:19,3,17,0,20
2023-06-16T09:41:34,3,17,0,20
2023-06-16T09:53:49,3,17,0,20
2023-06-16T10:06:05,3,17,0,20
2023-06-16T10:18:20,3,17,0,20
2023-06-16T11:03:09,3,17,0,20
2023-06-16T11:15:25,3,17,0,20
2023-06-16T11:27:40,3,17,0,20
2023-06-16T11:39:56,3,17,0,20
2023-06-16T11:52:11,3,17,0,20
2023-06-16T12:04:37,3,17,0,20
2023-06-16T12:16:52,3,17,0,20
2023-06-16T12:29:08,3,17,0,20
2023-06-16T12:41:24,3,17,0,20
2023-06-16T12:53:39,3,17,0,20
2023-06-16T13:05:54,3,17,0,20
2023-06-16T13:18:10,3,17,0,20
2023-06-16T13:30:25,3,17,0,20
2023-06-16T13:42:51,3,17,0,20
2023-06-16T13:55:07,3,17,0,20
2023-06-16T14:07:23,3,17,0,20
2023-06-16T14:19:38,3,17,0,20
2023-06-16T14:31:53,3,17,0,20
2023-06-16T14:44:08,3,17,0,20
2023-06-16T14:56:24,3,17,0,20
2023-06-16T15:08:39,3,17,0,20
2023-06-16T15:21:07,3,17,0,20
2023-06-16T15:33:22,3,17,0,20
2023-06-16T15:45:38,3,17,0,20
2023-06-16T15:57:54,3,17,0,20
2023-06-16T16:10:09,3,17,0,20
2023-06-16T16:22:25,3,17,0,20
2023-06-16T16:34:40,3,17,0,20
2023-06-16T16:46:56,3,17,0,20
2023-06-16T16:59:11,3,17,0,20
2023-06-16T17:11:37,3,17,0,20
2023-06-16T17:23:53,3,17,0,20
2023-06-16T17:36:09,3,17,0,20
2023-06-16T17:48:24,3,17,0,20
2023-06-16T18:00:39,3,17,0,20
2023-06-16T18:12:55,3,17,0,20
2023-06-16T18:25:11,3,17,0,20
2023-06-16T18:37:27,3,17,0,20
2023-06-16T18:49:42,3,17,0,20
2023-06-16T19:01:58,3,17,0,20
2023-06-16T19:14:26,3,17,0,20
2023-06-16T19:26:42,3,17,0,20
2023-06-16T19:38:57,3,17,0,20
2023-06-16T19:51:13,3,17,0,20
2023-06-16T20:03:29,3,17,0,20
2023-06-16T20:15:45,3,17,0,20
2023-06-16T20:28:01,3,17,0,20
2023-06-16T20:40:16,3,17,0,20
2023-06-16T20:52:32,3,17,0,20
2023-06-16T21:04:48,3,17,0,20
2023-06-16T21:17:03,3,17,0,20
2023-06-16T21:29:30,3,17,0,20
2023-06-16T21:41:45,3,17,0,20
2023-06-16T21:54:01,3,17,0,20
2023-06-16T22:06:17,3,17,0,20
2023-06-16T22:18:32,3,17,0,20
2023-06-16T22:30:47,3,17,0,20
2023-06-16T22:43:03,3,17,0,20
2023-06-16T22:55:18,3,17,0,20
2023-06-16T23:07:36,3,17,0,20
2023-06-16T23:20:03,3,17,0,20
2023-06-16T23:32:19,3,17,0,20
2023-06-16T23:44:35,3,17,0,20
2023-06-16T23:56:51,3,17,0,20
2023-06-17T00:09:08,3,17,0,20
2023-06-17T00:21:34,3,17,0,20
2023-06-17T00:33:53,3,17,0,20
2023-06-17T00:46:13,3,17,0,20
2023-06-17T00:58:32,3,17,0,20
2023-06-17T01:10:52,3,17,0,20
2023-06-17T01:23:11,3,17,0,20
2023-06-17T01:35:30,3,17,0,20
2023-06-17T01:47:49,3,17,0,20
2023-06-17T02:00:08,3,17,0,20
2023-06-17T02:12:39,3,17,0,20
2023-06-17T02:24:59,3,17,0,20
2023-06-17T02:37:17,3,17,0,20
2023-06-17T02:49:34,3,17,0,20
2023-06-17T03:01:49,3,17,0,20
2023-06-17T03:14:07,3,17,0,20
2023-06-17T03:26:25,3,17,0,20
2023-06-17T03:38:43,3,17,0,20
2023-06-17T03:51:01,3,17,0,20
2023-06-17T04:03:19,3,17,0,20
2023-06-17T04:15:41,3,17,0,20
2023-06-17T04:32:10,3,17,0,20
2023-06-17T04:45:45,3,17,0,20
2023-06-17T04:58:21,3,17,0,20
2023-06-17T05:10:41,3,17,0,20
2023-06-17T05:22:57,3,17,0,20
2023-06-17T05:35:15,3,17,0,20
2023-06-17T05:47:50,3,17,0,20
2023-06-17T06:00:09,3,17,0,20
2023-06-17T06:12:30,3,17,0,20
2023-06-17T06:24:48,3,17,0,20
2023-06-17T06:37:07,3,17,0,20
2023-06-17T06:49:26,3,17,0,20
2023-06-17T07:01:45,3,17,0,20
2023-06-17T07:14:04,3,17,0,20
2023-06-17T07:26:23,3,17,0,20
2023-06-17T07:38:54,3,17,0,20
2023-06-17T07:51:12,3,17,0,20
2023-06-17T08:03:30,3,17,0,20
2023-06-17T08:15:49,3,17,0,20
2023-06-17T08:28:07,3,17,0,20
2023-06-17T08:40:26,3,17,0,20
2023-06-17T08:52:45,3,17,0,20
2023-06-17T09:05:03,3,17,0,20
2023-06-17T09:17:22,3,17,0,20
2023-06-17T09:29:41,3,17,0,20
2023-06-17T09:41:59,3,17,0,20
2023-06-17T09:54:29,3,17,0,20
2023-06-17T10:06:48,3,17,0,20
2023-06-17T10:19:06,3,17,0,20
2023-06-17T10:31:24,3,17,0,20
2023-06-17T10:43:43,3,17,0,20
2023-06-17T10:56:01,3,17,0,20
2023-06-17T11:08:19,3,17,0,20
2023-06-17T11:20:38,3,17,0,20
2023-06-17T11:32:55,3,17,0,20
2023-06-17T11:45:24,3,17,0,20
2023-06-17T11:57:41,3,17,0,20
2023-06-17T12:09:58,3,17,0,20
2023-06-17T12:22:13,3,17,0,20
2023-06-17T12:34:28,3,17,0,20
2023-06-17T12:46:43,3,17,0,20
2023-06-17T12:58:59,3,17,0,20
2023-06-17T13:11:14,3,17,0,20
2023-06-17T13:23:29,3,17,0,20
2023-06-17T13:36:04,3,17,0,20
2023-06-17T13:48:21,3,17,0,20
2023-06-17T14:00:36,3,17,0,20
2023-06-17T14:12:52,3,17,0,20
2023-06-17T14:25:08,3,17,0,20
2023-06-17T14:37:23,3,17,0,20
2023-06-17T14:49:39,3,17,0,20
2023-06-17T15:01:54,3,17,0,20
2023-06-17T15:14:09,3,17,0,20
2023-06-17T15:26:25,3,17,0,20
2023-06-17T15:38:50,3,17,0,20
2023-06-17T15:51:05,3,17,0,20
2023-06-17T16:03:19,3,17,0,20
2023-06-17T16:15:34,3,17,0,20
2023-06-17T16:27:50,3,17,0,20
2023-06-17T16:40:05,3,17,0,20
2023-06-17T16:52:20,3,17,0,20
2023-06-17T17:04:36,3,17,0,20
2023-06-17T17:16:51,3,17,0,20
2023-06-17T17:29:07,3,17,0,20
2023-06-17T17:41:22,3,17,0,20
2023-06-17T17:53:37,3,17,0,20
2023-06-17T18:06:03,3,17,0,20
2023-06-17T18:18:19,3,17,0,20
2023-06-17T18:30:34,3,17,0,20
2023-06-17T18:42:50,3,17,0,20
2023-06-17T18:55:05,3,17,0,20
2023-06-17T19:07:21,3,17,0,20
2023-06-17T19:19:37,3,17,0,20
2023-06-17T19:31:52,3,17,0,20
2023-06-17T19:44:07,3,17,0,20
2023-06-17T19:56:23,3,17,0,20
2023-06-17T20:08:38,3,17,0,20
2023-06-17T20:20:53,3,17,0,20
2023-06-17T20:33:19,3,17,0,20
2023-06-17T20:45:34,3,17,0,20
2023-06-17T20:57:49,3,17,0,20
2023-06-17T21:10:04,3,17,0,20
2023-06-17T21:22:20,3,17,0,20
2023-06-17T21:34:36,3,17,0,20
2023-06-17T21:46:51,3,17,0,20
2023-06-17T21:59:07,3,17,0,20
2023-06-17T22:11:22,3,17,0,20
2023-06-17T22:23:37,3,17,0,20
2023-06-17T22:35:53,3,17,0,20
2023-06-17T22:48:08,3,17,0,20
2023-06-17T23:00:35,3,17,0,20
2023-06-17T23:12:52,3,17,0,20
2023-06-17T23:25:08,3,17,0,20
2023-06-17T23:37:25,3,17,0,20
2023-06-17T23:49:40,3,17,0,20
2023-06-18T00:01:57,3,17,0,20
2023-06-18T00:14:15,3,17,0,20
2023-06-18T00:26:32,3,17,0,20
2023-06-18T00:38:48,3,17,0,20
2023-06-18T00:51:06,3,17,0,20
2023-06-18T01:20:29,3,17,0,20
2023-06-18T01:32:49,3,17,0,20
2023-06-18T01:45:08,3,17,0,20
2023-06-18T01:57:28,3,17,0,20
2023-06-18T02:10:07,3,17,0,20
2023-06-18T02:22:52,3,17,0,20
2023-06-18T02:35:11,3,17,0,20
2023-06-18T02:47:30,3,17,0,20
2023-06-18T02:59:49,3,17,0,20
2023-06-18T03:12:10,3,17,0,20
2023-06-18T03:24:30,3,17,0,20
2023-06-18T03:37:00,3,17,0,20
2023-06-18T03:49:17,3,17,0,20
2023-06-18T04:01:36,3,17,0,20
2023-06-18T04:13:53,3,17,0,20
2023-06-18T04:32:56,3,17,0,20
2023-06-18T04:45:41,3,17,0,20
2023-06-18T04:58:03,3,17,0,20
2023-06-18T05:10:22,3,17,0,20
2023-06-18T05:22:41,3,17,0,20
2023-06-18T05:35:00,3,17,0,20
2023-06-18T05:47:19,3,17,0,20
2023-06-18T05:59:38,3,17,0,20
2023-06-18T06:11:56,3,17,0,20
2023-06-18T06:24:15,3,17,0,20
2023-06-18T06:36:33,3,17,0,20
2023-06-18T06:48:50,3,17,0,20
2023-06-18T07:01:11,3,17,0,20
2023-06-18T07:13:29,3,17,0,20
2023-06-18T07:25:46,3,17,0,20
2023-06-18T07:38:03,3,17,0,20
2023-06-18T07:50:20,3,17,0,20
2023-06-18T08:02:40,3,17,0,20
2023-06-18T08:14:55,3,17,0,20
2023-06-18T08:27:11,3,17,0,20
2023-06-18T08:39:27,3,17,0,20
2023-06-18T08:51:42,3,17,0,20
2023-06-18T09:04:11,3,17,0,20
2023-06-18T09:16:27,3,17,0,20
2023-06-18T09:28:42,3,17,0,20
2023-06-18T09:40:57,3,17,0,20
2023-06-18T09:53:11,3,17,0,20
2023-06-18T10:05:30,3,17,0,20
2023-06-18T10:17:49,3,17,0,20
2023-06-18T10:30:05,3,17,0,20
2023-06-18T10:42:21,3,17,0,20
2023-06-18T10:54:37,3,17,0,20
2023-06-18T11:06:55,3,17,0,20
2023-06-18T11:19:14,3,17,0,20
2023-06-18T11:31:43,3,17,0,20
2023-06-18T11:44:00,3,17,0,20
2023-06-18T11:56:16,3,17,0,20
2023-06-18T12:08:31,3,17,0,20
2023-06-18T12:20:46,3,17,0,20
2023-06-18T12:33:01,3,17,0,20
2023-06-18T12:45:16,3,17,0,20
2023-06-18T12:57:31,3,17,0,20
2023-06-18T13:10:02,3,17,0,20
2023-06-18T13:22:17,3,17,0,20
2023-06-18T13:34:32,3,17,0,20
2023-06-18T13:46:48,3,17,0,20
2023-06-18T13:59:02,3,17,0,20
2023-06-18T14:11:18,3,17,0,20
2023-06-18T14:23:32,3,17,0,20
2023-06-18T14:35:47,3,17,0,20
2023-06-18T14:48:02,3,17,0,20
2023-06-18T15:00:27,3,17,0,20
2023-06-18T15:12:41,3,17,0,20
2023-06-18T15:24:56,3,17,0,20
2023-06-18T15:37:12,3,17,0,20
2023-06-18T15:49:28,3,17,0,20
2023-06-18T16:01:43,3,17,0,20
2023-06-18T16:13:58,3,17,0,20
2023-06-18T16:26:14,3,17,0,20
2023-06-18T16:38:30,3,17,0,20
2023-06-18T16:50:55,3,17,0,20
2023-06-18T17:03:10,3,17,0,20
2023-06-18T17:15:25,3,17,0,20
2023-06-18T17:27:40,3,17,0,20
2023-06-18T17:39:56,3,17,0,20
2023-06-18T17:52:11,3,17,0,20
2023-06-18T18:04:26,3,17,0,20
2023-06-18T18:16:41,3,17,0,20
2023-06-18T18:29:07,3,17,0,20
2023-06-18T18:41:22,3,17,0,20
2023-06-18T18:53:37,3,17,0,20
2023-06-18T19:05:54,3,17,0,20
2023-06-18T19:18:10,3,17,0,20
2023-06-18T19:30:24,3,17,0,20
2023-06-18T19:42:40,3,17,0,20
2023-06-18T19:54:54,3,17,0,20
2023-06-18T20:07:09,3,17,0,20
2023-06-18T20:19:25,3,17,0,20
2023-06-18T20:31:51,3,17,0,20
2023-06-18T20:44:05,3,17,0,20
2023-06-18T20:56:20,3,17,0,20
2023-06-18T21:08:35,3,17,0,20
2023-06-18T21:20:51,3,17,0,20
2023-06-18T21:33:07,3,17,0,20
2023-06-18T21:45:23,3,17,0,20
2023-06-18T21:57:38,3,17,0,20
2023-06-18T22:10:03,3,17,0,20
2023-06-18T22:22:19,3,17,0,20
2023-06-18T22:34:34,3,17,0,20
2023-06-18T22:46:49,3,17,0,20
2023-06-18T22:59:04,3,17,0,20
2023-06-18T23:11:22,3,17,0,20
2023-06-18T23:23:37,3,17,0,20
2023-06-18T23:36:13,3,17,0,20
2023-06-18T23:48:30,3,17,0,20
2023-06-19T00:00:46,3,17,0,20
2023-06-19T00:13:11,3,17,0,20
2023-06-19T00:25:43,3,17,0,20
2023-06-19T00:38:14,3,17,0,20
2023-06-19T00:50:40,3,17,0,20
2023-06-19T01:03:01,3,17,0,20
2023-06-19T01:15:23,3,17,0,20
2023-06-19T01:27:42,3,17,0,20
2023-06-19T01:40:13,3,17,0,20
2023-06-19T01:52:32,3,17,0,20
2023-06-19T02:05:01,3,17,0,20
2023-06-19T02:17:20,3,17,0,20
2023-06-19T02:29:37,3,17,0,20
2023-06-19T02:41:55,3,17,0,20
2023-06-19T02:54:12,3,17,0,20
2023-06-19T03:06:28,3,17,0,20
2023-06-19T03:18:49,3,17,0,20
2023-06-19T03:31:07,3,17,0,20
2023-06-19T03:43:24,3,17,0,20
2023-06-19T03:56:03,3,17,0,20
2023-06-19T04:08:22,3,17,0,20
2023-06-19T04:24:51,3,17,0,20
2023-06-19T04:37:11,3,17,0,20
2023-06-19T04:51:13,3,17,0,20
2023-06-19T05:03:35,3,17,0,20
2023-06-19T05:15:54,3,17,0,20
2023-06-19T05:28:12,3,17,0,20
2023-06-19T05:40:32,3,17,0,20
2023-06-19T05:52:54,3,17,0,20
2023-06-19T06:05:13,3,17,0,20
2023-06-19T06:17:32,3,17,0,20
2023-06-19T06:29:52,3,17,0,20
2023-06-19T06:42:10,3,17,0,20
2023-06-19T06:54:28,3,17,0,20
2023-06-19T07:06:47,3,17,0,20
2023-06-19T07:19:06,3,17,0,20
2023-06-19T07:31:22,3,17,0,20
2023-06-19T07:43:37,3,17,0,20
2023-06-19T07:55:51,3,17,0,20
2023-06-19T08:08:19,3,17,0,20
2023-06-19T08:20:34,3,17,0,20
2023-06-19T08:32:51,3,17,0,20
2023-06-19T08:45:07,3,17,0,20
2023-06-19T08:57:22,3,17,0,20
2023-06-19T09:09:37,3,17,0,20
2023-06-19T09:21:54,3,17,0,20
2023-06-19T09:34:09,3,17,0,20
2023-06-19T09:46:25,3,17,0,20
2023-06-19T09:58:50,3,17,0,20
2023-06-19T10:11:06,3,17,0,20
2023-06-19T10:23:22,3,17,0,20
2023-06-19T10:35:40,3,17,0,20
2023-06-19T10:47:55,3,17,0,20
2023-06-19T11:00:11,3,17,0,20
2023-06-19T11:12:28,3,17,0,20
2023-06-19T11:24:52,3,17,0,20
2023-06-19T11:37:08,3,17,0,20
2023-06-19T11:49:23,3,17,0,20
2023-06-19T12:01:39,3,17,0,20
2023-06-19T12:13:55,3,17,0,20
2023-06-19T12:26:11,3,17,0,20
2023-06-19T12:38:37,3,17,0,20
2023-06-19T12:50:53,3,17,0,20
2023-06-19T13:03:08,3,17,0,20
2023-06-19T13:15:25,3,17,0,20
2023-06-19T13:27:40,3,17,0,20
2023-06-19T13:39:56,3,17,0,20
2023-06-19T13:52:22,3,17,0,20
2023-06-19T14:04:39,3,17,0,20
2023-06-19T14:16:56,3,17,0,20
2023-06-19T14:29:12,3,17,0,20
2023-06-19T14:41:27,3,17,0,20
2023-06-19T14:53:45,3,17,0,20
2023-06-19T15:06:01,3,17,0,20
2023-06-19T15:18:27,3,17,0,20
2023-06-19T15:30:42,3,17,0,20
2023-06-19T15:42:58,3,17,0,20
2023-06-19T15:55:14,3,17,0,20
2023-06-19T16:07:29,3,17,0,20
2023-06-19T16:19:44,3,17,0,20
2023-06-19T16:32:10,3,17,0,20
2023-06-19T16:44:26,3,17,0,20
2023-06-19T16:56:43,3,17,0,20
2023-06-19T17:08:59,3,17,0,20
2023-06-19T17:21:15,3,17,0,20
2023-06-19T17:33:31,3,17,0,20
2023-06-19T17:45:48,3,17,0,20
2023-06-19T17:58:03,3,17,0,20
2023-06-19T18:10:29,3,17,0,20
2023-06-19T18:22:45,3,17,0,20
2023-06-19T18:35:01,3,17,0,20
2023-06-19T18:47:17,3,17,0,20
2023-06-19T18:59:32,3,17,0,20
2023-06-19T19:11:51,3,17,0,20
2023-06-19T19:24:09,3,17,0,20
2023-06-19T19:36:35,3,17,0,20
2023-06-19T19:48:51,3,17,0,20
2023-06-19T20:01:06,3,17,0,20
2023-06-19T20:13:22,3,17,0,20
2023-06-19T20:25:37,3,17,0,20
2023-06-19T20:37:53,3,17,0,20
2023-06-19T20:50:09,3,17,0,20
2023-06-19T21:02:35,3,17,0,20
2023-06-19T21:14:50,3,17,0,20
2023-06-19T21:27:06,3,17,0,20
2023-06-19T21:39:22,3,17,0,20
2023-06-19T21:51:39,3,17,0,20
2023-06-19T22:03:55,3,17,0,20
2023-06-19T22:16:22,3,17,0,20
2023-06-19T22:28:37,3,17,0,20
2023-06-19T22:40:53,3,17,0,20
2023-06-19T22:53:08,3,17,0,20
2023-06-19T23:05:26,3,17,0,20
2023-06-19T23:17:42,3,17,0,20
2023-06-19T23:30:10,3,17,0,20
2023-06-19T23:42:26,3,17,0,20
2023-06-19T23:54:42,3,17,0,20
2023-06-20T00:07:00,3,17,0,20
2023-06-20T00:19:20,3,17,0,20
2023-06-20T00:31:38,3,17,0,20
2023-06-20T00:43:57,3,17,0,20
2023-06-20T00:56:27,3,17,0,20
2023-06-20T01:08:47,3,17,0,20
2023-06-20T01:21:07,3,17,0,20
2023-06-20T01:33:27,3,17,0,20
2023-06-20T01:45:45,3,17,0,20
2023-06-20T01:58:03,3,17,0,20
2023-06-20T02:10:51,3,17,0,20
2023-06-20T02:23:09,3,17,0,20
2023-06-20T02:35:27,3,17,0,20
2023-06-20T02:47:45,3,17,0,20
2023-06-20T03:00:01,3,17,0,20
2023-06-20T03:12:19,3,17,0,20
2023-06-20T03:24:39,3,17,0,20
2023-06-20T03:36:56,3,17,0,20
2023-06-20T03:49:26,3,17,0,20
2023-06-20T04:01:44,3,17,0,20
2023-06-20T04:14:03,3,17,0,20
2023-06-20T04:31:19,3,17,0,20
2023-06-20T04:44:04,3,17,0,20
2023-06-20T04:56:24,3,17,0,20
2023-06-20T05:08:46,3,17,0,20
2023-06-20T05:21:05,3,17,0,20
2023-06-20T05:33:24,3,17,0,20
2023-06-20T05:45:43,3,17,0,20
2023-06-20T05:58:02,3,17,0,20
2023-06-20T06:10:23,3,17,0,20
2023-06-20T06:22:41,3,17,0,20
2023-06-20T06:35:00,3,17,0,20
2023-06-20T06:47:19,3,17,0,20
2023-06-20T06:59:37,3,17,0,20
2023-06-20T07:11:56,3,17,0,20
2023-06-20T07:24:12,3,17,0,20
2023-06-20T07:36:38,3,17,0,20
2023-06-20T07:48:53,3,17,0,20
2023-06-20T08:01:09,3,17,0,20
2023-06-20T08:13:26,3,17,0,20
2023-06-20T08:25:43,3,17,0,20
2023-06-20T08:37:59,3,17,0,20
2023-06-20T08:50:17,3,17,0,20
2023-06-20T09:02:35,3,17,0,20
2023-06-20T09:15:02,3,17,0,20
2023-06-20T09:27:19,3,17,0,20
2023-06-20T09:39:34,3,17,0,20
2023-06-20T09:51:50,3,17,0,20
2023-06-20T10:04:06,3,17,0,20
2023-06-20T10:16:22,3,17,0,20
2023-06-20T10:28:50,3,17,0,20
2023-06-20T10:41:07,3,17,0,20
2023-06-20T10:53:23,3,17,0,20
2023-06-20T11:05:40,3,17,0,20
2023-06-20T11:17:56,3,17,0,20
2023-06-20T11:30:25,3,17,0,20
2023-06-20T11:42:40,3,17,0,20
2023-06-20T11:54:56,3,17,0,20
2023-06-20T12:07:14,3,17,0,20
2023-06-20T12:19:30,3,17,0,20
2023-06-20T12:31:58,3,17,0,20
2023-06-20T12:44:14,3,17,0,20
2023-06-20T12:56:31,3,17,0,20
2023-06-20T13:08:47,3,17,0,20
2023-06-20T13:21:03,3,17,0,20
2023-06-20T13:33:30,3,17,0,20
2023-06-20T13:45:46,3,17,0,20
2023-06-20T13:58:02,3,17,0,20
2023-06-20T14:10:18,3,17,0,20
2023-06-20T14:22:35,3,17,0,20
2023-06-20T14:35:02,3,17,0,20
2023-06-20T14:47:18,3,17,0,20
2023-06-20T14:59:34,3,17,0,20
2023-06-20T15:11:51,3,17,0,20
2023-06-20T15:24:08,3,17,0,20
2023-06-20T15:36:37,3,17,0,20
2023-06-20T15:48:54,3,17,0,20
2023-06-20T16:01:10,3,17,0,20
2023-06-20T16:13:27,3,17,0,20
2023-06-20T16:25:46,3,17,0,20
2023-06-20T16:38:13,3,17,0,20
2023-06-20T16:50:29,3,17,0,20
2023-06-20T17:02:46,3,17,0,20
2023-06-20T17:15:03,3,17,0,20
2023-06-20T17:27:20,3,17,0,20
2023-06-20T17:39:48,3,17,0,20
2023-06-20T17:52:04,3,17,0,20
2023-06-20T18:04:21,3,17,0,20
2023-06-20T18:16:37,3,17,0,20
2023-06-20T18:28:55,3,17,0,20
2023-06-20T18:41:26,3,17,0,20
2023-06-20T18:53:42,3,17,0,20
2023-06-20T19:05:59,3,17,0,20
2023-06-20T19:18:16,3,17,0,20
2023-06-20T19:30:33,3,17,0,20
2023-06-20T19:43:02,3,17,0,20
2023-06-20T19:55:18,3,17,0,20
2023-06-20T20:07:36,3,17,0,20
2023-06-20T20:19:53,3,17,0,20
2023-06-20T20:32:10,3,17,0,20
2023-06-20T20:44:26,3,17,0,20
2023-06-20T20:56:57,3,17,0,20
2023-06-20T21:09:14,3,17,0,20
2023-06-20T21:21:30,3,17,0,20
2023-06-20T21:33:47,3,17,0,20
2023-06-20T21:46:15,3,17,0,20
2023-06-20T21:58:32,3,17,0,20
2023-06-20T22:10:48,3,17,0,20
2023-06-20T22:23:05,3,17,0,20
2023-06-20T22:35:22,3,17,0,20
2023-06-20T22:47:39,3,17,0,20
2023-06-20T23:00:07,3,17,0,20
2023-06-20T23:12:26,3,17,0,20
2023-06-20T23:24:44,3,17,0,20
2023-06-20T23:37:01,3,17,0,20
2023-06-20T23:49:18,3,17,0,20
2023-06-21T00:01:36,3,17,0,20
2023-06-21T00:14:15,3,17,0,20
2023-06-21T00:26:38,3,17,0,20
2023-06-21T00:39:00,3,17,0,20
2023-06-21T00:51:21,3,17,0,20
2023-06-21T01:03:42,3,17,0,20
2023-06-21T01:16:04,3,17,0,20
2023-06-21T01:28:37,3,17,0,20
2023-06-21T01:40:58,3,17,0,20
2023-06-21T01:53:20,3,17,0,20
2023-06-21T02:05:43,3,17,0,20
2023-06-21T02:18:03,3,17,0,20
2023-06-21T02:30:22,3,17,0,20
2023-06-21T02:42:41,3,17,0,20
2023-06-21T02:54:57,3,17,0,20
2023-06-21T03:07:15,3,17,0,20
2023-06-21T03:19:46,3,17,0,20
2023-06-21T03:32:04,3,17,0,20
2023-06-21T03:44:22,3,17,0,20
2023-06-21T03:56:40,3,17,0,20
2023-06-21T04:21:50,3,17,0,20
2023-06-21T04:35:44,3,17,0,20
2023-06-21T04:48:23,3,17,0,20
2023-06-21T05:00:43,3,17,0,20
2023-06-21T05:13:03,3,17,0,20
2023-06-21T05:25:21,3,17,0,20
2023-06-21T05:37:38,3,17,0,20
2023-06-21T05:49:56,3,17,0,20
2023-06-21T06:02:13,3,17,0,20
2023-06-21T06:14:30,3,17,0,20
2023-06-21T06:26:46,3,17,0,20
2023-06-21T06:39:08,3,17,0,20
2023-06-21T06:51:44,3,17,0,20
2023-06-21T07:04:05,3,17,0,20
2023-06-21T07:16:24,3,17,0,20
2023-06-21T07:28:43,3,17,0,20
2023-06-21T07:41:00,3,17,0,20
2023-06-21T07:53:19,3,17,0,20
2023-06-21T08:05:38,3,17,0,20
2023-06-21T08:18:10,3,17,0,20
2023-06-21T08:30:29,3,17,0,20
2023-06-21T08:42:49,3,17,0,20
2023-06-21T08:55:07,3,17,0,20
2023-06-21T09:07:26,3,17,0,20
2023-06-21T09:19:57,3,17,0,20
2023-06-21T09:32:17,3,17,0,20
2023-06-21T09:44:36,3,17,0,20
2023-06-21T09:56:57,3,17,0,20
2023-06-21T10:09:17,3,17,0,20
2023-06-21T10:21:50,3,17,0,20
2023-06-21T10:34:10,3,17,0,20
2023-06-21T10:46:30,3,17,0,20
2023-06-21T10:58:54,3,17,0,20
2023-06-21T11:11:27,3,17,0,20
2023-06-21T11:23:51,3,17,0,20
2023-06-21T11:36:11,3,17,0,20
2023-06-21T11:48:45,3,17,0,20
2023-06-21T12:01:04,3,17,0,20
2023-06-21T12:13:23,3,17,0,20
2023-06-21T12:25:53,3,17,0,20
2023-06-21T12:38:11,3,17,0,20
2023-06-21T12:50:29,3,17,0,20
2023-06-21T13:02:46,3,17,0,20
2023-06-21T13:15:03,3,17,0,20
2023-06-21T13:27:32,3,17,0,20
2023-06-21T13:39:52,3,17,0,20
2023-06-21T13:52:11,3,17,0,20
2023-06-21T14:04:38,3,17,0,20
2023-06-21T14:16:57,3,17,0,20
2023-06-21T14:29:15,3,17,0,20
2023-06-21T14:41:33,3,17,0,20
2023-06-21T14:53:51,3,17,0,20
2023-06-21T15:06:24,3,17,0,20
2023-06-21T15:18:43,3,17,0,20
2023-06-21T15:31:02,3,17,0,20
2023-06-21T15:43:21,3,17,0,20
2023-06-21T15:55:52,3,17,0,20
2023-06-21T16:08:11,3,17,0,20
2023-06-21T16:20:30,3,17,0,20
2023-06-21T16:32:50,3,17,0,20
2023-06-21T16:45:09,3,17,0,20
2023-06-21T16:57:40,3,17,0,20
2023-06-21T17:10:00,3,17,0,20
2023-06-21T17:22:20,3,17,0,20
2023-06-21T17:34:39,3,17,0,20
2023-06-21T17:47:11,3,17,0,20
2023-06-21T17:59:30,3,17,0,20
2023-06-21T18:11:50,3,17,0,20
2023-06-21T18:24:12,3,17,0,20
2023-06-21T18:36:43,3,17,0,20
2023-06-21T18:49:01,3,17,0,20
2023-06-21T19:01:21,3,17,0,20
2023-06-21T19:13:40,3,17,0,20
2023-06-21T19:25:59,3,17,0,20
2023-06-21T19:38:18,3,17,0,20
2023-06-21T19:50:47,3,17,0,20
2023-06-21T20:03:07,3,17,0,20
2023-06-21T20:15:26,3,17,0,20
2023-06-21T20:27:45,3,17,0,20
2023-06-21T20:40:04,3,17,0,20
2023-06-21T20:52:37,3,17,0,20
2023-06-21T21:04:57,3,17,0,20
2023-06-21T21:17:17,3,17,0,20
2023-06-21T21:29:37,3,17,0,20
2023-06-21T21:41:57,3,17,0,20
2023-06-21T21:54:28,3,17,0,20
2023-06-21T22:06:47,3,17,0,20
2023-06-21T22:19:07,3,17,0,20
2023-06-21T22:31:27,3,17,0,20
2023-06-21T22:43:46,3,17,0,20
2023-06-21T22:56:16,3,17,0,20
2023-06-21T23:08:40,3,17,0,20
2023-06-21T23:20:59,3,17,0,20
2023-06-21T23:33:19,3,17,0,20
2023-06-21T23:45:39,3,17,0,20
2023-06-21T23:57:57,3,17,0,20
2023-06-22T00:10:35,3,17,0,20
2023-06-22T00:23:01,3,17,0,20
2023-06-22T00:35:23,3,17,0,20
2023-06-22T00:47:46,3,17,0,20
2023-06-22T01:00:09,3,17,0,20
2023-06-22T01:12:33,3,17,0,20
2023-06-22T01:25:07,3,17,0,20
2023-06-22T01:37:30,3,17,0,20
2023-06-22T01:49:53,3,17,0,20
2023-06-22T02:02:18,3,17,0,20
2023-06-22T02:14:38,3,17,0,20
2023-06-22T02:26:57,3,17,0,20
2023-06-22T02:39:19,3,17,0,20
2023-06-22T02:51:53,3,17,0,20
2023-06-22T03:04:14,3,17,0,20
2023-06-22T03:16:36,3,17,0,20
2023-06-22T03:28:59,3,17,0,20
2023-06-22T03:41:20,3,17,0,20
2023-06-22T03:53:42,3,17,0,20
2023-06-22T04:06:03,3,17,0,20
2023-06-22T04:31:11,3,17,0,20
2023-06-22T04:44:01,3,17,0,20
2023-06-22T04:56:24,3,17,0,20
2023-06-22T05:08:46,3,17,0,20
2023-06-22T05:21:06,3,17,0,20
2023-06-22T05:33:25,3,17,0,20
2023-06-22T05:45:46,3,17,0,20
2023-06-22T05:58:10,3,17,0,20
2023-06-22T06:10:35,3,17,0,20
2023-06-22T06:22:57,3,17,0,20
2023-06-22T06:35:19,3,17,0,20
2023-06-22T06:47:40,3,17,0,20
2023-06-22T07:00:02,3,17,0,20
2023-06-22T07:12:35,3,17,0,20
2023-06-22T07:24:57,3,17,0,20
2023-06-22T07:37:18,3,17,0,20
2023-06-22T07:49:39,3,17,0,20
2023-06-22T08:01:59,3,17,0,20
2023-06-22T08:14:19,3,17,0,20
2023-06-22T08:26:39,3,17,0,20
2023-06-22T08:39:09,3,17,0,20
2023-06-22T08:51:30,3,17,0,20
2023-06-22T09:03:49,3,17,0,20
2023-06-22T09:16:09,3,17,0,20
2023-06-22T09:28:29,3,17,0,20
2023-06-22T09:40:53,3,17,0,20
2023-06-22T09:53:23,3,17,0,20
2023-06-22T10:05:44,3,17,0,20
2023-06-22T10:18:03,3,17,0,20
2023-06-22T10:30:25,3,17,0,20
2023-06-22T10:42:58,3,17,0,20
2023-06-22T10:55:19,3,17,0,20
2023-06-22T11:07:40,3,17,0,20
2023-06-22T11:20:01,3,17,0,20
2023-06-22T11:32:20,3,17,0,20
2023-06-22T11:44:52,3,17,0,20
2023-06-22T11:57:11,3,17,0,20
2023-06-22T12:09:31,3,17,0,20
2023-06-22T12:21:50,3,17,0,20
2023-06-22T12:34:21,3,17,0,20
2023-06-22T12:46:41,3,17,0,20
2023-06-22T12:59:00,3,17,0,20
2023-06-22T13:11:20,3,17,0,20
2023-06-22T13:23:40,3,17,0,20
2023-06-22T13:36:17,3,17,0,20
2023-06-22T13:48:37,3,17,0,20
2023-06-22T14:00:56,3,17,0,20
2023-06-22T14:13:28,3,17,0,20
2023-06-22T14:25:47,3,17,0,20
2023-06-22T14:38:06,3,17,0,20
2023-06-22T14:50:28,3,17,0,20
2023-06-22T15:02:48,3,17,0,20
2023-06-22T15:15:09,3,17,0,20
2023-06-22T15:27:41,3,17,0,20
2023-06-22T15:40:00,3,17,0,20
2023-06-22T15:52:19,3,17,0,20
2023-06-22T16:04:40,3,17,0,20
2023-06-22T16:16:59,3,17,0,20
2023-06-22T16:29:29,3,17,0,20
2023-06-22T16:41:48,3,17,0,20
2023-06-22T16:54:07,3,17,0,20
2023-06-22T17:06:27,3,17,0,20
2023-06-22T17:18:47,3,17,0,20
2023-06-22T17:31:06,3,17,0,20
2023-06-22T17:43:38,3,17,0,20
2023-06-22T17:55:57,3,17,0,20
2023-06-22T18:08:16,3,17,0,20
2023-06-22T18:20:37,3,17,0,20
2023-06-22T18:32:57,3,17,0,20
2023-06-22T18:45:16,3,17,0,20
2023-06-22T18:57:50,3,17,0,20
2023-06-22T19:10:09,3,17,0,20
2023-06-22T19:22:28,3,17,0,20
2023-06-22T19:34:48,3,17,0,20
2023-06-22T19:47:07,3,17,0,20
2023-06-22T19:59:26,3,17,0,20
2023-06-22T20:11:45,3,17,0,20
2023-06-22T20:24:17,3,17,0,20
2023-06-22T20:36:36,3,17,0,20
2023-06-22T20:48:54,3,17,0,20
2023-06-22T21:01:14,3,17,0,20
2023-06-22T21:13:33,3,17,0,20
2023-06-22T21:25:52,3,17,0,20
2023-06-22T21:38:11,3,17,0,20
2023-06-22T21:50:42,3,17,0,20
2023-06-22T22:03:01,3,17,0,20
2023-06-22T22:15:20,3,17,0,20
2023-06-22T22:27:40,3,17,0,20
2023-06-22T22:40:00,3,17,0,20
2023-06-22T22:52:19,3,17,0,20
2023-06-22T23:04:38,3,17,0,20
2023-06-22T23:17:12,3,17,0,20
2023-06-22T23:29:32,3,17,0,20
2023-06-22T23:41:53,3,17,0,20
2023-06-22T23:54:12,3,17,0,20
2023-06-23T00:06:33,3,17,0,20
2023-06-23T00:18:54,3,17,0,20
2023-06-23T00:31:28,3,17,0,20
2023-06-23T00:43:51,3,17,0,20
2023-06-23T00:56:14,3,17,0,20
2023-06-23T01:08:38,3,17,0,20
2023-06-23T01:21:01,3,17,0,20
2023-06-23T01:33:37,3,17,0,20
2023-06-23T01:46:03,3,17,0,20
2023-06-23T01:58:27,3,17,0,20
2023-06-23T02:10:48,3,17,0,20
2023-06-23T02:23:10,3,17,0,20
2023-06-23T02:35:33,3,17,0,20
2023-06-23T02:47:53,3,17,0,20
2023-06-23T03:00:13,3,17,0,20
2023-06-23T03:12:32,3,17,0,20
2023-06-23T03:25:03,3,17,0,20
2023-06-23T03:37:22,3,17,0,20
2023-06-23T03:49:40,3,17,0,20
2023-06-23T04:01:58,3,17,0,20
2023-06-23T04:20:21,3,17,0,20
2023-06-23T04:33:07,3,17,0,20
2023-06-23T04:45:26,3,17,0,20
2023-06-23T04:57:50,3,17,0,20
2023-06-23T05:10:12,3,17,0,20
2023-06-23T05:22:45,3,17,0,20
2023-06-23T05:35:12,3,17,0,20
2023-06-23T05:47:36,3,17,0,20
2023-06-23T05:59:59,3,17,0,20
2023-06-23T06:12:21,3,17,0,20
2023-06-23T06:24:52,3,17,0,20
2023-06-23T06:37:16,3,17,0,20
2023-06-23T06:49:38,3,17,0,20
2023-06-23T07:02:00,3,17,0,20
2023-06-23T07:14:23,3,17,0,20
2023-06-23T07:26:46,3,17,0,20
2023-06-23T07:39:07,3,17,0,20
2023-06-23T07:51:28,3,17,0,20
2023-06-23T08:03:51,3,17,0,20
2023-06-23T08:16:12,3,17,0,20
2023-06-23T08:28:34,3,17,0,20
2023-06-23T08:40:55,3,17,0,20
2023-06-23T08:53:15,3,17,0,20
2023-06-23T09:05:47,3,17,0,20
2023-06-23T09:18:06,3,17,0,20
2023-06-23T09:30:25,3,17,0,20
2023-06-23T09:42:44,3,17,0,20
2023-06-23T09:55:04,3,17,0,20
2023-06-23T10:07:24,3,17,0,20
2023-06-23T10:19:44,3,17,0,20
2023-06-23T10:32:03,3,17,0,20
2023-06-23T10:44:33,3,17,0,20
2023-06-23T10:56:52,3,17,0,20
2023-06-23T11:09:11,3,17,0,20
2023-06-23T11:21:31,3,17,0,20
2023-06-23T11:33:51,3,17,0,20
2023-06-23T11:46:11,3,17,0,20
2023-06-23T11:58:40,3,17,0,20
2023-06-23T12:10:59,3,17,0,20
2023-06-23T12:23:19,3,17,0,20
2023-06-23T12:35:39,3,17,0,20
2023-06-23T12:47:58,3,17,0,20
2023-06-23T13:00:18,3,17,0,20
2023-06-23T13:12:49,3,17,0,20
2023-06-23T13:25:09,3,17,0,20
2023-06-23T13:37:29,3,17,0,20
2023-06-23T13:49:48,3,17,0,20
2023-06-23T14:02:09,3,17,0,20
2023-06-23T14:14:29,3,17,0,20
2023-06-23T14:27:03,3,17,0,20
2023-06-23T14:39:23,3,17,0,20
2023-06-23T14:51:43,3,17,0,20
2023-06-23T15:04:02,3,17,0,20
2023-06-23T15:16:21,3,17,0,20
2023-06-23T15:28:41,3,17,0,20
2023-06-23T15:41:01,3,17,0,20
2023-06-23T15:53:33,3,17,0,20
2023-06-23T16:05:53,3,17,0,20
2023-06-23T16:18:13,3,17,0,20
2023-06-23T16:30:32,3,17,0,20
2023-06-23T16:42:52,3,17,0,20
2023-06-23T16:55:11,3,17,0,20
2023-06-23T17:07:43,3,17,0,20
2023-06-23T17:20:03,3,17,0,20
2023-06-23T17:32:22,3,17,0,20
2023-06-23T17:44:42,3,17,0,20
2023-06-23T17:57:01,3,17,0,20
2023-06-23T18:09:21,3,17,0,20
2023-06-23T18:21:50,3,17,0,20
2023-06-23T18:34:10,3,17,0,20
2023-06-23T18:46:29,3,17,0,20
2023-06-23T18:58:48,3,17,0,20
2023-06-23T19:11:09,3,17,0,20
2023-06-23T19:23:29,3,17,0,20
2023-06-23T19:35:48,3,17,0,20
2023-06-23T19:48:19,3,17,0,20
2023-06-23T20:00:39,3,17,0,20
2023-06-23T20:12:59,3,17,0,20
2023-06-23T20:25:18,3,17,0,20
2023-06-23T20:37:38,3,17,0,20
2023-06-23T20:50:08,3,17,0,20
2023-06-23T21:02:28,3,17,0,20
2023-06-23T21:14:48,3,17,0,20
2023-06-23T21:27:07,3,17,0,20
2023-06-23T21:39:27,3,17,0,20
2023-06-23T21:51:47,3,17,0,20
2023-06-23T22:04:07,3,17,0,20
2023-06-23T22:16:39,3,17,0,20
2023-06-23T22:29:00,3,17,0,20
2023-06-23T22:41:19,3,17,0,20
2023-06-23T22:53:39,3,17,0,20
2023-06-23T23:05:59,3,17,0,20
2023-06-23T23:18:20,3,17,0,20
2023-06-23T23:30:40,3,17,0,20
2023-06-23T23:43:01,3,17,0,20
2023-06-23T23:55:34,3,17,0,20
2023-06-24T00:07:56,3,17,0,20
2023-06-24T00:20:21,3,17,0,20
2023-06-24T00:32:45,3,17,0,20
2023-06-24T00:45:08,3,17,0,20
2023-06-24T00:57:32,3,17,0,20
2023-06-24T01:09:56,3,17,0,20
2023-06-24T01:22:20,3,17,0,20
2023-06-24T01:34:45,3,17,0,20
2023-06-24T01:47:10,3,17,0,20
2023-06-24T01:59:45,3,17,0,20
2023-06-24T02:12:09,3,17,0,20
2023-06-24T02:24:32,3,17,0,20
2023-06-24T02:36:55,3,17,0,20
2023-06-24T02:49:15,3,17,0,20
2023-06-24T03:01:35,3,17,0,20
2023-06-24T03:13:57,3,17,0,20
2023-06-24T03:26:19,3,17,0,20
2023-06-24T03:38:40,3,17,0,20
2023-06-24T03:51:02,3,17,0,20
2023-06-24T04:03:24,3,17,0,20
2023-06-24T04:23:14,3,17,0,20
2023-06-24T04:36:00,3,17,0,20
2023-06-24T04:48:24,3,17,0,20
2023-06-24T05:00:49,3,17,0,20
2023-06-24T05:13:10,3,17,0,20
2023-06-24T05:25:38,3,17,0,20
2023-06-24T05:38:02,3,17,0,20
2023-06-24T05:50:26,3,17,0,20
2023-06-24T06:02:48,3,17,0,20
2023-06-24T06:15:11,3,17,0,20
2023-06-24T06:27:33,3,17,0,20
2023-06-24T06:39:55,3,17,0,20
2023-06-24T06:52:17,3,17,0,20
2023-06-24T07:04:40,3,17,0,20
2023-06-24T07:17:13,3,17,0,20
2023-06-24T07:29:35,3,17,0,20
2023-06-24T07:41:57,3,17,0,20
2023-06-24T07:54:20,3,17,0,20
2023-06-24T08:06:42,3,17,0,20
2023-06-24T08:19:04,3,17,0,20
2023-06-24T08:31:26,3,17,0,20
2023-06-24T08:43:48,3,17,0,20
2023-06-24T08:56:10,3,17,0,20
2023-06-24T09:08:41,3,17,0,20
2023-06-24T09:21:03,3,17,0,20
2023-06-24T09:33:25,3,17,0,20
2023-06-24T09:45:48,3,17,0,20
2023-06-24T09:58:11,3,17,0,20
2023-06-24T10:10:33,3,17,0,20
2023-06-24T10:22:55,3,17,0,20
2023-06-24T10:35:17,3,17,0,20
2023-06-24T10:47:41,3,17,0,20
2023-06-24T11:00:04,3,17,0,20
2023-06-24T11:12:36,3,17,0,20
2023-06-24T11:24:57,3,17,0,20
2023-06-24T11:37:18,3,17,0,20
2023-06-24T11:49:39,3,17,0,20
2023-06-24T12:02:00,3,17,0,20
2023-06-24T12:14:21,3,17,0,20
2023-06-24T12:26:42,3,17,0,20
2023-06-24T12:39:01,3,17,0,20
2023-06-24T12:51:21,3,17,0,20
2023-06-24T13:03:40,3,17,0,20
2023-06-24T13:16:11,3,17,0,20
2023-06-24T13:28:30,3,17,0,20
2023-06-24T13:40:49,3,17,0,20
2023-06-24T13:53:08,3,17,0,20
2023-06-24T14:05:27,3,17,0,20
2023-06-24T14:17:45,3,17,0,20
2023-06-24T14:30:05,3,17,0,20
2023-06-24T14:42:24,3,17,0,20
2023-06-24T14:54:43,3,17,0,20
2023-06-24T15:07:11,3,17,0,20
2023-06-24T15:19:30,3,17,0,20
2023-06-24T15:31:49,3,17,0,20
2023-06-24T15:44:08,3,17,0,20
2023-06-24T15:56:27,3,17,0,20
2023-06-24T16:08:46,3,17,0,20
2023-06-24T16:21:05,3,17,0,20
2023-06-24T16:33:24,3,17,0,20
2023-06-24T16:45:53,3,17,0,20
2023-06-24T16:58:12,3,17,0,20
2023-06-24T17:10:32,3,17,0,20
2023-06-24T17:22:52,3,17,0,20
2023-06-24T17:35:12,3,17,0,20
2023-06-24T17:47:31,3,17,0,20
2023-06-24T17:59:50,3,17,0,20
2023-06-24T18:12:11,3,17,0,20
2023-06-24T18:24:31,3,17,0,20
2023-06-24T18:37:01,3,17,0,20
2023-06-24T18:49:21,3,17,0,20
2023-06-24T19:01:40,3,17,0,20
2023-06-24T19:14:00,3,17,0,20
2023-06-24T19:26:19,3,17,0,20
2023-06-24T19:38:39,3,17,0,20
2023-06-24T19:50:58,3,17,0,20
2023-06-24T20:03:18,3,17,0,20
2023-06-24T20:15:48,3,17,0,20
2023-06-24T20:28:07,3,17,0,20
2023-06-24T20:40:27,3,17,0,20
2023-06-24T20:52:46,3,17,0,20
2023-06-24T21:05:05,3,17,0,20
2023-06-24T21:17:24,3,17,0,20
2023-06-24T21:29:43,3,17,0,20
2023-06-24T21:42:02,3,17,0,20
2023-06-24T21:54:34,3,17,0,20
2023-06-24T22:06:53,3,17,0,20
2023-06-24T22:19:12,3,17,0,20
2023-06-24T22:31:32,3,17,0,20
2023-06-24T22:43:51,3,17,0,20
2023-06-24T22:56:10,3,17,0,20
2023-06-24T23:08:30,3,17,0,20
2023-06-24T23:20:51,3,17,0,20
2023-06-24T23:33:11,3,17,0,20
2023-06-24T23:45:42,3,17,0,20
2023-06-24T23:58:02,3,17,0,20
2023-06-25T00:10:24,3,17,0,20
2023-06-25T00:22:50,3,17,0,20
2023-06-25T00:35:13,3,17,0,20
2023-06-25T00:47:36,3,17,0,20
2023-06-25T00:59:59,3,17,0,20
2023-06-25T01:12:22,3,17,0,20
2023-06-25T01:24:55,3,17,0,20
2023-06-25T01:37:18,3,17,0,20
2023-06-25T01:49:40,3,17,0,20
2023-06-25T02:02:03,3,17,0,20
2023-06-25T02:14:34,3,17,0,20
2023-06-25T02:26:57,3,17,0,20
2023-06-25T02:39:21,3,17,0,20
2023-06-25T02:51:43,3,17,0,20
2023-06-25T03:04:05,3,17,0,20
2023-06-25T03:16:27,3,17,0,20
2023-06-25T03:28:50,3,17,0,20
2023-06-25T03:41:24,3,17,0,20
2023-06-25T03:53:46,3,17,0,20
2023-06-25T04:06:10,3,17,0,20
2023-06-25T04:23:48,3,17,0,20
2023-06-25T04:36:13,3,17,0,20
2023-06-25T04:50:03,3,17,0,20
2023-06-25T05:02:46,3,17,0,20
2023-06-25T05:15:08,3,17,0,20
2023-06-25T05:27:31,3,17,0,20
2023-06-25T05:39:54,3,17,0,20
2023-06-25T05:52:17,3,17,0,20
2023-06-25T06:04:40,3,17,0,20
2023-06-25T06:17:02,3,17,0,20
2023-06-25T06:29:25,3,17,0,20
2023-06-25T06:41:47,3,17,0,20
2023-06-25T06:54:16,3,17,0,20
2023-06-25T07:06:37,3,17,0,20
2023-06-25T07:18:58,3,17,0,20
2023-06-25T07:31:18,3,17,0,20
2023-06-25T07:43:38,3,17,0,20
2023-06-25T07:55:57,3,17,0,20
2023-06-25T08:08:17,3,17,0,20
2023-06-25T08:20:37,3,17,0,20
2023-06-25T08:32:58,3,17,0,20
2023-06-25T08:45:26,3,17,0,20
2023-06-25T08:57:45,3,17,0,20
2023-06-25T09:10:06,3,17,0,20
2023-06-25T09:22:25,3,17,0,20
2023-06-25T09:34:45,3,17,0,20
2023-06-25T09:47:06,3,17,0,20
2023-06-25T09:59:25,3,17,0,20
2023-06-25T10:11:45,3,17,0,20
2023-06-25T10:24:04,3,17,0,20
2023-06-25T10:36:35,3,17,0,20
2023-06-25T10:48:55,3,17,0,20
2023-06-25T11:01:18,3,17,0,20
2023-06-25T11:13:39,3,17,0,20
2023-06-25T11:25:58,3,17,0,20
2023-06-25T11:38:18,3,17,0,20
2023-06-25T11:50:40,3,17,0,20
2023-06-25T12:03:01,3,17,0,20
2023-06-25T12:15:24,3,17,0,20
2023-06-25T12:27:46,3,17,0,20
2023-06-25T12:40:18,3,17,0,20
2023-06-25T12:52:38,3,17,0,20
2023-06-25T13:04:58,3,17,0,20
2023-06-25T13:17:17,3,17,0,20
2023-06-25T13:29:37,3,17,0,20
2023-06-25T13:41:56,3,17,0,20
2023-06-25T13:54:16,3,17,0,20
2023-06-25T14:06:45,3,17,0,20
2023-06-25T14:19:04,3,17,0,20
2023-06-25T14:31:23,3,17,0,20
2023-06-25T14:43:42,3,17,0,20
2023-06-25T14:56:01,3,17,0,20
2023-06-25T15:08:20,3,17,0,20
2023-06-25T15:20:51,3,17,0,20
2023-06-25T15:33:10,3,17,0,20
2023-06-25T15:45:29,3,17,0,20
2023-06-25T15:57:48,3,17,0,20
2023-06-25T16:10:08,3,17,0,20
2023-06-25T16:22:28,3,17,0,20
2023-06-25T16:34:58,3,17,0,20
2023-06-25T16:47:18,3,17,0,20
2023-06-25T16:59:37,3,17,0,20
2023-06-25T17:11:57,3,17,0,20
2023-06-25T17:24:17,3,17,0,20
2023-06-25T17:36:36,3,17,0,20
2023-06-25T17:48:56,3,17,0,20
2023-06-25T18:01:25,3,17,0,20
2023-06-25T18:13:44,3,17,0,20
2023-06-25T18:26:04,3,17,0,20
2023-06-25T18:38:23,3,17,0,20
2023-06-25T18:50:42,3,17,0,20
2023-06-25T19:03:03,3,17,0,20
2023-06-25T19:15:33,3,17,0,20
2023-06-25T19:27:53,3,17,0,20
2023-06-25T19:40:12,3,17,0,20
2023-06-25T19:52:32,3,17,0,20
2023-06-25T20:04:51,3,17,0,20
2023-06-25T20:17:11,3,17,0,20
2023-06-25T20:29:40,3,17,0,20
2023-06-25T20:41:59,3,17,0,20
2023-06-25T20:54:19,3,17,0,20
2023-06-25T21:06:38,3,17,0,20
2023-06-25T21:18:58,3,17,0,20
2023-06-25T21:31:17,3,17,0,20
2023-06-25T21:43:37,3,17,0,20
2023-06-25T21:55:57,3,17,0,20
2023-06-25T22:08:26,3,17,0,20
2023-06-25T22:20:46,3,17,0,20
2023-06-25T22:33:06,3,17,0,20
2023-06-25T22:45:26,3,17,0,20
2023-06-25T22:57:45,3,17,0,20
2023-06-25T23:10:05,3,17,0,20
2023-06-25T23:22:25,3,17,0,20
2023-06-25T23:34:46,3,17,0,20
2023-06-25T23:47:18,3,17,0,20
2023-06-25T23:59:38,3,17,0,20
2023-06-26T00:12:04,3,17,0,20
2023-06-26T00:24:32,3,17,0,20
2023-06-26T00:37:08,3,17,0,20
2023-06-26T00:49:32,3,17,0,20
2023-06-26T01:01:54,3,17,0,20
2023-06-26T01:14:22,3,17,0,20
2023-06-26T01:26:45,3,17,0,20
2023-06-26T01:39:23,3,17,0,20
2023-06-26T01:51:45,3,17,0,20
2023-06-26T02:04:24,3,17,0,20
2023-06-26T02:16:47,3,17,0,20
2023-06-26T02:29:10,3,17,0,20
2023-06-26T02:41:33,3,17,0,20
2023-06-26T02:53:54,3,17,0,20
2023-06-26T03:06:16,3,17,0,20
2023-06-26T03:18:39,3,17,0,20
2023-06-26T03:31:02,3,17,0,20
2023-06-26T03:43:25,3,17,0,20
2023-06-26T03:55:47,3,17,0,20
2023-06-26T04:10:13,3,17,0,20
2023-06-26T04:36:13,3,17,0,20
2023-06-26T04:48:55,3,17,0,20
2023-06-26T05:01:19,3,17,0,20
2023-06-26T05:13:45,3,17,0,20
2023-06-26T05:26:09,3,17,0,20
2023-06-26T05:38:32,3,17,0,20
2023-06-26T05:50:56,3,17,0,20
2023-06-26T06:03:18,3,17,0,20
2023-06-26T06:15:41,3,17,0,20
2023-06-26T06:28:04,3,17,0,20
2023-06-26T06:40:27,3,17,0,20
2023-06-26T06:52:49,3,17,0,20
2023-06-26T07:05:22,3,17,0,20
2023-06-26T07:17:44,3,17,0,20
2023-06-26T07:30:05,3,17,0,20
2023-06-26T07:42:25,3,17,0,20
2023-06-26T07:54:44,3,17,0,20
2023-06-26T08:07:03,3,17,0,20
2023-06-26T08:19:23,3,17,0,20
2023-06-26T08:31:43,3,17,0,20
2023-06-26T08:44:05,3,17,0,20
2023-06-26T08:56:39,3,17,0,20
2023-06-26T09:09:00,3,17,0,20
2023-06-26T09:21:20,3,17,0,20
2023-06-26T09:33:40,3,17,0,20
2023-06-26T09:46:00,3,17,0,20
2023-06-26T09:58:20,3,17,0,20
2023-06-26T10:10:52,3,17,0,20
2023-06-26T10:23:12,3,17,0,20
2023-06-26T10:35:33,3,17,0,20
2023-06-26T10:47:53,3,17,0,20
2023-06-26T11:00:13,3,17,0,20
2023-06-26T11:12:34,3,17,0,20
2023-06-26T11:24:54,3,17,0,20
2023-06-26T11:37:28,3,17,0,20
2023-06-26T11:49:48,3,17,0,20
2023-06-26T12:02:08,3,17,0,20
2023-06-26T12:14:28,3,17,0,20
2023-06-26T12:26:48,3,17,0,20
2023-06-26T12:39:09,3,17,0,20
2023-06-26T12:51:29,3,17,0,20
2023-06-26T13:04:00,3,17,0,20
2023-06-26T13:16:20,3,17,0,20
2023-06-26T13:28:41,3,17,0,20
2023-06-26T13:41:03,3,17,0,20
2023-06-26T13:53:23,3,17,0,20
2023-06-26T14:05:45,3,17,0,20
2023-06-26T14:18:17,3,17,0,20
2023-06-26T14:30:39,3,17,0,20
2023-06-26T14:43:01,3,17,0,20
2023-06-26T14:55:23,3,17,0,20
2023-06-26T15:07:44,3,17,0,20
2023-06-26T15:20:05,3,17,0,20
2023-06-26T15:32:27,3,17,0,20
2023-06-26T15:44:48,3,17,0,20
2023-06-26T15:57:21,3,17,0,20
2023-06-26T16:09:43,3,17,0,20
2023-06-26T16:22:04,3,17,0,20
2023-06-26T16:34:26,3,17,0,20
2023-06-26T16:46:47,3,17,0,20
2023-06-26T16:59:08,3,17,0,20
2023-06-26T17:11:41,3,17,0,20
2023-06-26T17:24:03,3,17,0,20
2023-06-26T17:36:24,3,17,0,20
2023-06-26T17:48:45,3,17,0,20
2023-06-26T18:01:06,3,17,0,20
2023-06-26T18:13:27,3,17,0,20
2023-06-26T18:25:49,3,17,0,20
2023-06-26T18:38:09,3,17,0,20
2023-06-26T18:50:30,3,17,0,20
2023-06-26T19:03:03,3,17,0,20
2023-06-26T19:15:24,3,17,0,20
2023-06-26T19:27:45,3,17,0,20
2023-06-26T19:40:06,3,17,0,20
2023-06-26T19:52:27,3,17,0,20
2023-06-26T20:04:48,3,17,0,20
2023-06-26T20:17:09,3,17,0,20
2023-06-26T20:29:32,3,17,0,20
2023-06-26T20:41:53,3,17,0,20
2023-06-26T20:54:14,3,17,0,20
2023-06-26T21:06:46,3,17,0,20
2023-06-26T21:19:07,3,17,0,20
2023-06-26T21:31:29,3,17,0,20
2023-06-26T21:43:50,3,17,0,20
2023-06-26T21:56:11,3,17,0,20
2023-06-26T22:08:32,3,17,0,20
2023-06-26T22:20:53,3,17,0,20
2023-06-26T22:33:15,3,17,0,20
2023-06-26T22:45:36,3,17,0,20
2023-06-26T22:57:57,3,17,0,20
2023-06-26T23:10:19,3,17,0,20
2023-06-26T23:22:53,3,17,0,20
2023-06-26T23:35:15,3,17,0,20
2023-06-26T23:47:37,3,17,0,20
2023-06-26T23:59:59,3,17,0,20
2023-06-27T00:12:26,3,17,0,20
2023-06-27T00:24:50,3,17,0,20
2023-06-27T00:37:16,3,17,0,20
2023-06-27T00:49:40,3,17,0,20
2023-06-27T01:02:05,3,17,0,20
2023-06-27T01:14:31,3,17,0,20
2023-06-27T01:26:56,3,17,0,20
2023-06-27T01:39:21,3,17,0,20
2023-06-27T01:51:45,3,17,0,20
2023-06-27T02:04:20,3,17,0,20
2023-06-27T02:16:43,3,17,0,20
2023-06-27T02:29:07,3,17,0,20
2023-06-27T02:41:30,3,17,0,20
2023-06-27T02:53:52,3,17,0,20
2023-06-27T03:06:14,3,17,0,20
2023-06-27T03:18:38,3,17,0,20
2023-06-27T03:31:01,3,17,0,20
2023-06-27T03:43:25,3,17,0,20
2023-06-27T03:55:48,3,17,0,20
2023-06-27T04:08:12,3,17,0,20
2023-06-27T04:23:18,3,17,0,20
2023-06-27T04:37:03,3,17,0,20
2023-06-27T04:49:49,3,17,0,20
2023-06-27T05:02:16,3,17,0,20
2023-06-27T05:14:58,3,17,0,20
2023-06-27T05:27:24,3,17,0,20
2023-06-27T05:39:48,3,17,0,20
2023-06-27T05:52:13,3,17,0,20
2023-06-27T06:04:36,3,17,0,20
2023-06-27T06:17:00,3,17,0,20
2023-06-27T06:29:24,3,17,0,20
2023-06-27T06:41:49,3,17,0,20
2023-06-27T06:54:14,3,17,0,20
2023-06-27T07:06:38,3,17,0,20
2023-06-27T07:19:00,3,17,0,20
2023-06-27T07:31:26,3,17,0,20
2023-06-27T07:43:49,3,17,0,20
2023-06-27T07:56:12,3,17,0,20
2023-06-27T08:08:36,3,17,0,20
2023-06-27T08:20:59,3,17,0,20
2023-06-27T08:33:22,3,17,0,20
2023-06-27T08:45:53,3,17,0,20
2023-06-27T08:58:16,3,17,0,20
2023-06-27T09:10:38,3,17,0,20
2023-06-27T09:23:01,3,17,0,20
2023-06-27T09:35:24,3,17,0,20
2023-06-27T09:47:48,3,17,0,20
2023-06-27T10:00:10,3,17,0,20
2023-06-27T10:12:34,3,17,0,20
2023-06-27T10:24:58,3,17,0,20
2023-06-27T10:37:21,3,17,0,20
2023-06-27T10:49:42,3,17,0,20
2023-06-27T11:02:19,3,17,0,20
2023-06-27T11:14:41,3,17,0,20
2023-06-27T11:27:03,3,17,0,20
2023-06-27T11:39:25,3,17,0,20
2023-06-27T11:51:47,3,17,0,20
2023-06-27T12:04:09,3,17,0,20
2023-06-27T12:16:30,3,17,0,20
2023-06-27T12:28:53,3,17,0,20
2023-06-27T12:41:15,3,17,0,20
2023-06-27T12:53:50,3,17,0,20
2023-06-27T13:06:12,3,17,0,20
2023-06-27T13:18:34,3,17,0,20
2023-06-27T13:30:57,3,17,0,20
2023-06-27T13:43:20,3,17,0,20
2023-06-27T13:55:42,3,17,0,20
2023-06-27T14:08:04,3,17,0,20
2023-06-27T14:20:26,3,17,0,20
2023-06-27T14:32:58,3,17,0,20
2023-06-27T14:45:20,3,17,0,20
2023-06-27T14:57:42,3,17,0,20
2023-06-27T15:10:04,3,17,0,20
2023-06-27T15:22:26,3,17,0,20
2023-06-27T15:34:49,3,17,0,20
2023-06-27T15:47:13,3,17,0,20
2023-06-27T15:59:36,3,17,0,20
2023-06-27T16:12:09,3,17,0,20
2023-06-27T16:24:32,3,17,0,20
2023-06-27T16:36:55,3,17,0,20
2023-06-27T16:49:19,3,17,0,20
2023-06-27T17:01:43,3,17,0,20
2023-06-27T17:14:07,3,17,0,20
2023-06-27T17:26:30,3,17,0,20
2023-06-27T17:38:53,3,17,0,20
2023-06-27T17:51:15,3,17,0,20
2023-06-27T18:03:38,3,17,0,20
2023-06-27T18:16:10,3,17,0,20
2023-06-27T18:28:32,3,17,0,20
2023-06-27T18:40:54,3,17,0,20
2023-06-27T18:53:16,3,17,0,20
2023-06-27T19:05:39,3,17,0,20
2023-06-27T19:18:01,3,17,0,20
2023-06-27T19:30:23,3,17,0,20
2023-06-27T19:42:46,3,17,0,20
2023-06-27T19:55:08,3,17,0,20
2023-06-27T20:07:29,3,17,0,20
2023-06-27T20:19:52,3,17,0,20
2023-06-27T20:32:25,3,17,0,20
2023-06-27T20:44:47,3,17,0,20
2023-06-27T20:57:09,3,17,0,20
2023-06-27T21:09:31,3,17,0,20
2023-06-27T21:21:54,3,17,0,20
2023-06-27T21:34:15,3,17,0,20
2023-06-27T21:46:38,3,17,0,20
2023-06-27T21:59:00,3,17,0,20
2023-06-27T22:11:21,3,17,0,20
2023-06-27T22:23:44,3,17,0,20
2023-06-27T22:36:06,3,17,0,20
2023-06-27T22:48:27,3,17,0,20
2023-06-27T23:01:00,3,17,0,20
2023-06-27T23:13:23,3,17,0,20
2023-06-27T23:25:46,3,17,0,20
2023-06-27T23:38:09,3,17,0,20
2023-06-27T23:50:32,3,17,0,20
2023-06-28T00:02:55,3,17,0,20
2023-06-28T00:15:20,3,17,0,20
2023-06-28T00:27:45,3,17,0,20
2023-06-28T00:40:11,3,17,0,20
2023-06-28T00:52:37,3,17,0,20
2023-06-28T01:05:04,3,17,0,20
2023-06-28T01:17:31,3,17,0,20
2023-06-28T01:30:08,3,17,0,20
2023-06-28T01:42:35,3,17,0,20
2023-06-28T01:55:01,3,17,0,20
2023-06-28T02:07:25,3,17,0,20
2023-06-28T02:19:48,3,17,0,20
2023-06-28T02:32:10,3,17,0,20
2023-06-28T02:44:32,3,17,0,20
2023-06-28T02:56:55,3,17,0,20
2023-06-28T03:09:19,3,17,0,20
2023-06-28T03:21:45,3,17,0,20
2023-06-28T03:34:12,3,17,0,20
2023-06-28T03:46:57,3,17,0,20
2023-06-28T03:59:24,3,17,0,20
2023-06-28T04:12:01,3,17,0,20
2023-06-28T04:36:09,3,17,0,20
2023-06-28T04:48:57,3,17,0,20
2023-06-28T05:01:24,3,17,0,20
2023-06-28T05:13:51,3,17,0,20
2023-06-28T05:26:16,3,17,0,20
2023-06-28T05:38:41,3,17,0,20
2023-06-28T05:51:06,3,17,0,20
2023-06-28T06:03:32,3,17,0,20
2023-06-28T06:15:57,3,17,0,20
2023-06-28T06:28:23,3,17,0,20
2023-06-28T06:40:49,3,17,0,20
2023-06-28T06:53:16,3,17,0,20
2023-06-28T07:05:43,3,17,0,20
2023-06-28T07:18:07,3,17,0,20
2023-06-28T07:30:31,3,17,0,20
2023-06-28T07:43:02,3,17,0,20
2023-06-28T07:55:25,3,17,0,20
2023-06-28T08:07:49,3,17,0,20
2023-06-28T08:20:13,3,17,0,20
2023-06-28T08:32:37,3,17,0,20
2023-06-28T08:45:00,3,17,0,20
2023-06-28T08:57:24,3,17,0,20
2023-06-28T09:09:46,3,17,0,20
2023-06-28T09:22:08,3,17,0,20
2023-06-28T09:34:30,3,17,0,20
2023-06-28T09:46:52,3,17,0,20
2023-06-28T09:59:14,3,17,0,20
2023-06-28T10:11:47,3,17,0,20
2023-06-28T10:24:09,3,17,0,20
2023-06-28T10:36:31,3,17,0,20
2023-06-28T10:48:53,3,17,0,20
2023-06-28T11:01:17,3,17,0,20
2023-06-28T11:13:39,3,17,0,20
2023-06-28T11:26:01,3,17,0,20
2023-06-28T11:38:24,3,17,0,20
2023-06-28T11:50:46,3,17,0,20
2023-06-28T12:03:20,3,17,0,20
2023-06-28T12:15:43,3,17,0,20
2023-06-28T12:28:05,3,17,0,20
2023-06-28T12:40:27,3,17,0,20
2023-06-28T12:52:50,3,17,0,20
2023-06-28T13:05:12,3,17,0,20
2023-06-28T13:17:34,3,17,0,20
2023-06-28T13:29:57,3,17,0,20
2023-06-28T13:42:19,3,17,0,20
2023-06-28T13:54:54,3,17,0,20
2023-06-28T14:07:17,3,17,0,20
2023-06-28T14:19:39,3,17,0,20
2023-06-28T14:32:02,3,17,0,20
2023-06-28T14:44:25,3,17,0,20
2023-06-28T14:56:48,3,17,0,20
2023-06-28T15:09:11,3,17,0,20
2023-06-28T15:21:35,3,17,0,20
2023-06-28T15:33:58,3,17,0,20
2023-06-28T15:46:34,3,17,0,20
2023-06-28T15:58:56,3,17,0,20
2023-06-28T16:11:19,3,17,0,20
2023-06-28T16:23:41,3,17,0,20
2023-06-28T16:36:03,3,17,0,20
2023-06-28T16:48:26,3,17,0,20
2023-06-28T17:00:48,3,17,0,20
2023-06-28T17:13:22,3,17,0,20
2023-06-28T17:25:45,3,17,0,20
2023-06-28T17:38:07,3,17,0,20
2023-06-28T17:50:30,3,17,0,20
2023-06-28T18:02:53,3,17,0,20
2023-06-28T18:15:15,3,17,0,20
2023-06-28T18:27:38,3,17,0,20
2023-06-28T18:40:00,3,17,0,20
2023-06-28T18:52:22,3,17,0,20
2023-06-28T19:04:44,3,17,0,20
2023-06-28T19:17:18,3,17,0,20
2023-06-28T19:29:41,3,17,0,20
2023-06-28T19:42:03,3,17,0,20
2023-06-28T19:54:26,3,17,0,20
2023-06-28T20:06:49,3,17,0,20
2023-06-28T20:19:11,3,17,0,20
2023-06-28T20:31:34,3,17,0,20
2023-06-28T20:43:56,3,17,0,20
2023-06-28T20:56:19,3,17,0,20
2023-06-28T21:08:42,3,17,0,20
2023-06-28T21:21:05,3,17,0,20
2023-06-28T21:33:38,3,17,0,20
2023-06-28T21:46:01,3,17,0,20
2023-06-28T21:58:24,3,17,0,20
2023-06-28T22:10:47,3,17,0,20
2023-06-28T22:23:10,3,17,0,20
2023-06-28T22:35:33,3,17,0,20
2023-06-28T22:47:55,3,17,0,20
2023-06-28T23:00:18,3,17,0,20
2023-06-28T23:12:42,3,17,0,20
2023-06-28T23:25:05,3,17,0,20
2023-06-28T23:37:39,3,17,0,20
2023-06-28T23:50:03,3,17,0,20
2023-06-29T00:02:26,3,17,0,20
2023-06-29T00:14:55,3,17,0,20
2023-06-29T00:27:23,3,17,0,20
2023-06-29T00:39:49,3,17,0,20
2023-06-29T00:52:16,3,17,0,20
2023-06-29T01:04:44,3,17,0,20
2023-06-29T01:17:13,3,17,0,20
2023-06-29T01:29:38,3,17,0,20
2023-06-29T01:42:04,3,17,0,20
2023-06-29T01:54:29,3,17,0,20
2023-06-29T02:07:06,3,17,0,20
2023-06-29T02:19:30,3,17,0,20
2023-06-29T02:31:54,3,17,0,20
2023-06-29T02:44:18,3,17,0,20
2023-06-29T02:56:40,3,17,0,20
2023-06-29T03:09:03,3,17,0,20
2023-06-29T03:21:26,3,17,0,20
2023-06-29T03:33:49,3,17,0,20
2023-06-29T03:46:11,3,17,0,20
2023-06-29T03:58:33,3,17,0,20
2023-06-29T04:21:19,3,17,0,20
2023-06-29T04:33:43,3,17,0,20
2023-06-29T04:47:42,3,17,0,20
2023-06-29T05:00:26,3,17,0,20
2023-06-29T05:12:49,3,17,0,20
2023-06-29T05:25:16,3,17,0,20
2023-06-29T05:37:43,3,17,0,20
2023-06-29T05:50:10,3,17,0,20
2023-06-29T06:02:37,3,17,0,20
2023-06-29T06:15:05,3,17,0,20
2023-06-29T06:27:33,3,17,0,20
2023-06-29T06:39:59,3,17,0,20
2023-06-29T06:52:39,3,17,0,20
2023-06-29T07:05:09,3,17,0,20
2023-06-29T07:17:36,3,17,0,20
2023-06-29T07:30:02,3,17,0,20
2023-06-29T07:42:36,3,17,0,20
2023-06-29T07:55:03,3,17,0,20
2023-06-29T08:07:29,3,17,0,20
2023-06-29T08:19:54,3,17,0,20
2023-06-29T08:32:18,3,17,0,20
2023-06-29T08:44:43,3,17,0,20
2023-06-29T08:57:07,3,17,0,20
2023-06-29T09:09:33,3,17,0,20
2023-06-29T09:21:57,3,17,0,20
2023-06-29T09:34:22,3,17,0,20
2023-06-29T09:46:57,3,17,0,20
2023-06-29T09:59:20,3,17,0,20
2023-06-29T10:11:45,3,17,0,20
2023-06-29T10:24:09,3,17,0,20
2023-06-29T10:36:33,3,17,0,20
2023-06-29T10:48:57,3,17,0,20
2023-06-29T11:01:22,3,17,0,20
2023-06-29T11:13:46,3,17,0,20
2023-06-29T11:26:11,3,17,0,20
2023-06-29T11:38:35,3,17,0,20
2023-06-29T11:51:11,3,17,0,20
2023-06-29T12:03:34,3,17,0,20
2023-06-29T12:15:57,3,17,0,20
2023-06-29T12:28:20,3,17,0,20
2023-06-29T12:40:43,3,17,0,20
2023-06-29T12:53:06,3,17,0,20
2023-06-29T13:05:29,3,17,0,20
2023-06-29T13:17:51,3,17,0,20
2023-06-29T13:30:13,3,17,0,20
2023-06-29T13:42:47,3,17,0,20
2023-06-29T13:55:09,3,17,0,20
2023-06-29T14:07:32,3,17,0,20
2023-06-29T14:19:54,3,17,0,20
2023-06-29T14:32:17,3,17,0,20
2023-06-29T14:44:40,3,17,0,20
2023-06-29T14:57:02,3,17,0,20
2023-06-29T15:09:25,3,17,0,20
2023-06-29T15:21:58,3,17,0,20
2023-06-29T15:34:22,3,17,0,20
2023-06-29T15:46:45,3,17,0,20
2023-06-29T15:59:08,3,17,0,20
2023-06-29T16:11:31,3,17,0,20
2023-06-29T16:23:54,3,17,0,20
2023-06-29T16:36:16,3,17,0,20
2023-06-29T16:48:39,3,17,0,20
2023-06-29T17:01:12,3,17,0,20
2023-06-29T17:13:37,3,17,0,20
2023-06-29T17:26:00,3,17,0,20
2023-06-29T17:38:22,3,17,0,20
2023-06-29T17:50:45,3,17,0,20
2023-06-29T18:03:08,3,17,0,20
2023-06-29T18:15:31,3,17,0,20
2023-06-29T18:27:54,3,17,0,20
2023-06-29T18:40:17,3,17,0,20
2023-06-29T18:52:40,3,17,0,20
2023-06-29T19:05:14,3,17,0,20
2023-06-29T19:17:37,3,17,0,20
2023-06-29T19:30:01,3,17,0,20
2023-06-29T19:42:24,3,17,0,20
2023-06-29T19:54:48,3,17,0,20
2023-06-29T20:07:11,3,17,0,20
2023-06-29T20:19:34,3,17,0,20
2023-06-29T20:31:58,3,17,0,20
2023-06-29T20:44:34,3,17,0,20
2023-06-29T20:56:57,3,17,0,20
2023-06-29T21:09:20,3,17,0,20
2023-06-29T21:21:43,3,17,0,20
2023-06-29T21:34:06,3,17,0,20
2023-06-29T21:46:30,3,17,0,20
2023-06-29T21:58:53,3,17,0,20
2023-06-29T22:11:19,3,17,0,20
2023-06-29T22:23:42,3,17,0,20
2023-06-29T22:36:07,3,17,0,20
2023-06-29T22:48:41,3,17,0,20
2023-06-29T23:01:04,3,17,0,20
2023-06-29T23:13:29,3,17,0,20
2023-06-29T23:25:52,3,17,0,20
2023-06-29T23:38:16,3,17,0,20
2023-06-29T23:50:40,3,17,0,20
2023-06-30T00:03:04,3,17,0,20
2023-06-30T00:15:36,3,17,0,20
2023-06-30T00:28:03,3,17,0,20
2023-06-30T00:40:31,3,17,0,20
2023-06-30T00:52:57,3,17,0,20
2023-06-30T01:05:26,3,17,0,20
2023-06-30T01:18:06,3,17,0,20
2023-06-30T01:30:34,3,17,0,20
2023-06-30T01:43:02,3,17,0,20
2023-06-30T01:55:28,3,17,0,20
2023-06-30T02:07:54,3,17,0,20
2023-06-30T02:20:19,3,17,0,20
2023-06-30T02:32:45,3,17,0,20
2023-06-30T02:45:10,3,17,0,20
2023-06-30T02:57:37,3,17,0,20
2023-06-30T03:10:05,3,17,0,20
2023-06-30T03:22:32,3,17,0,20
2023-06-30T03:34:59,3,17,0,20
2023-06-30T03:47:43,3,17,0,20
2023-06-30T04:00:10,3,17,0,20
2023-06-30T04:25:34,3,17,0,20
2023-06-30T04:38:02,3,17,0,20
2023-06-30T04:52:10,3,17,0,20
2023-06-30T05:04:38,3,17,0,20
2023-06-30T05:17:06,3,17,0,20
2023-06-30T05:29:34,3,17,0,20
2023-06-30T05:42:00,3,17,0,20
2023-06-30T05:54:26,3,17,0,20
2023-06-30T06:06:53,3,17,0,20
2023-06-30T06:19:20,3,17,0,20
2023-06-30T06:31:46,3,17,0,20
2023-06-30T06:44:12,3,17,0,20
2023-06-30T06:56:42,3,17,0,20
2023-06-30T07:09:10,3,17,0,20
2023-06-30T07:21:42,3,17,0,20
2023-06-30T07:34:07,3,17,0,20
2023-06-30T07:46:32,3,17,0,20
2023-06-30T07:58:56,3,17,0,20
2023-06-30T08:11:21,3,17,0,20
2023-06-30T08:23:47,3,17,0,20
2023-06-30T08:36:12,3,17,0,20
2023-06-30T08:48:36,3,17,0,20
2023-06-30T09:01:01,3,17,0,20
2023-06-30T09:13:25,3,17,0,20
2023-06-30T09:25:48,3,17,0,20
2023-06-30T09:38:11,3,17,0,20
2023-06-30T09:50:34,3,17,0,20
2023-06-30T10:02:57,3,17,0,20
2023-06-30T10:15:32,3,17,0,20
2023-06-30T10:27:55,3,17,0,20
2023-06-30T10:40:18,3,17,0,20
2023-06-30T10:52:41,3,17,0,20
2023-06-30T11:05:04,3,17,0,20
2023-06-30T11:17:28,3,17,0,20
2023-06-30T11:29:52,3,17,0,20
2023-06-30T11:42:15,3,17,0,20
2023-06-30T11:54:51,3,17,0,20
2023-06-30T12:07:15,3,17,0,20
2023-06-30T12:19:39,3,17,0,20
2023-06-30T12:32:03,3,17,0,20
2023-06-30T12:44:26,3,17,0,20
2023-06-30T12:56:50,3,17,0,20
2023-06-30T13:09:13,3,17,0,20
2023-06-30T13:21:37,3,17,0,20
2023-06-30T13:34:00,3,17,0,20
2023-06-30T13:46:35,3,17,0,20
2023-06-30T13:58:59,3,17,0,20
2023-06-30T14:11:22,3,17,0,20
2023-06-30T14:23:46,3,17,0,20
2023-06-30T14:36:09,3,17,0,20
2023-06-30T14:48:32,3,17,0,20
2023-06-30T15:00:55,3,17,0,20
2023-06-30T15:13:29,3,17,0,20
2023-06-30T15:25:52,3,17,0,20
2023-06-30T15:38:16,3,17,0,20
2023-06-30T15:50:40,3,17,0,20
2023-06-30T16:03:03,3,17,0,20
2023-06-30T16:15:27,3,17,0,20
2023-06-30T16:27:50,3,17,0,20
2023-06-30T16:40:13,3,17,0,20
2023-06-30T16:52:36,3,17,0,20
2023-06-30T17:05:10,3,17,0,20
2023-06-30T17:17:33,3,17,0,20
2023-06-30T17:29:56,3,17,0,20
2023-06-30T17:42:20,3,17,0,20
2023-06-30T17:54:42,3,17,0,20
2023-06-30T18:07:06,3,17,0,20
2023-06-30T18:19:29,3,17,0,20
2023-06-30T18:31:52,3,17,0,20
2023-06-30T18:44:16,3,17,0,20
2023-06-30T18:56:39,3,17,0,20
2023-06-30T19:09:14,3,17,0,20
2023-06-30T19:21:37,3,17,0,20
2023-06-30T19:34:01,3,17,0,20
2023-06-30T19:46:24,3,17,0,20
2023-06-30T19:58:47,3,17,0,20
2023-06-30T20:11:11,3,17,0,20
2023-06-30T20:23:34,3,17,0,20
2023-06-30T20:35:58,3,17,0,20
2023-06-30T20:48:21,3,17,0,20
2023-06-30T21:00:56,3,17,0,20
2023-06-30T21:13:19,3,17,0,20
2023-06-30T21:25:42,3,17,0,20
2023-06-30T21:38:05,3,17,0,20
2023-06-30T21:50:28,3,17,0,20
2023-06-30T22:02:51,3,17,0,20
2023-06-30T22:15:15,3,17,0,20
2023-06-30T22:36:18,3,17,0,20
2023-06-30T22:48:43,3,17,0,20
2023-06-30T23:01:08,3,17,0,20
2023-06-30T23:13:32,3,17,0,20
2023-06-30T23:25:57,3,17,0,20
2023-06-30T23:38:25,3,17,0,20
2023-06-30T23:50:49,3,17,0,20
2023-07-01T00:03:13,3,17,0,20
2023-07-01T00:15:42,3,17,0,20
2023-07-01T00:28:10,3,17,0,20
2023-07-01T00:40:45,3,17,0,20
2023-07-01T00:53:13,3,17,0,20
2023-07-01T01:05:41,3,17,0,20
2023-07-01T01:18:10,3,17,0,20
2023-07-01T01:30:38,3,17,0,20
2023-07-01T01:43:06,3,17,0,20
2023-07-01T01:55:33,3,17,0,20
2023-07-01T02:08:00,3,17,0,20
2023-07-01T02:20:26,3,17,0,20
2023-07-01T02:32:51,3,17,0,20
2023-07-01T02:45:16,3,17,0,20
2023-07-01T02:57:41,3,17,0,20
2023-07-01T03:10:06,3,17,0,20
2023-07-01T03:22:32,3,17,0,20
2023-07-01T03:34:58,3,17,0,20
2023-07-01T03:47:23,3,17,0,20
2023-07-01T03:59:58,3,17,0,20
2023-07-01T04:23:06,3,17,0,20
2023-07-01T04:35:58,3,17,0,20
2023-07-01T04:48:25,3,17,0,20
2023-07-01T05:00:53,3,17,0,20
2023-07-01T05:13:20,3,17,0,20
2023-07-01T05:25:53,3,17,0,20
2023-07-01T05:38:20,3,17,0,20
2023-07-01T05:50:51,3,17,0,20
2023-07-01T06:03:18,3,17,0,20
2023-07-01T06:15:44,3,17,0,20
2023-07-01T06:28:10,3,17,0,20
2023-07-01T06:40:36,3,17,0,20
2023-07-01T06:53:02,3,17,0,20
2023-07-01T07:05:32,3,17,0,20
2023-07-01T07:17:58,3,17,0,20
2023-07-01T07:30:24,3,17,0,20
2023-07-01T07:43:06,3,17,0,20
2023-07-01T07:55:32,3,17,0,20
2023-07-01T08:07:59,3,17,0,20
2023-07-01T08:20:25,3,17,0,20
2023-07-01T08:32:53,3,17,0,20
2023-07-01T08:45:19,3,17,0,20
2023-07-01T08:57:45,3,17,0,20
2023-07-01T09:10:12,3,17,0,20
2023-07-01T09:22:47,3,17,0,20
2023-07-01T09:35:13,3,17,0,20
2023-07-01T09:47:40,3,17,0,20
2023-07-01T10:00:07,3,17,0,20
2023-07-01T10:12:33,3,17,0,20
2023-07-01T10:24:59,3,17,0,20
2023-07-01T10:37:25,3,17,0,20
2023-07-01T10:49:51,3,17,0,20
2023-07-01T11:02:16,3,17,0,20
2023-07-01T11:14:40,3,17,0,20
2023-07-01T11:27:03,3,17,0,20
2023-07-01T11:39:46,3,17,0,20
2023-07-01T11:52:09,3,17,0,20
2023-07-01T12:04:33,3,17,0,20
2023-07-01T12:16:56,3,17,0,20
2023-07-01T12:29:19,3,17,0,20
2023-07-01T12:41:42,3,17,0,20
2023-07-01T12:54:05,3,17,0,20
2023-07-01T13:06:28,3,17,0,20
2023-07-01T13:18:51,3,17,0,20
2023-07-01T13:31:14,3,17,0,20
2023-07-01T13:43:37,3,17,0,20
2023-07-01T13:55:59,3,17,0,20
2023-07-01T14:08:23,3,17,0,20
2023-07-01T14:20:46,3,17,0,20
2023-07-01T14:33:19,3,17,0,20
2023-07-01T14:45:42,3,17,0,20
2023-07-01T14:58:05,3,17,0,20
2023-07-01T15:10:28,3,17,0,20
2023-07-01T15:22:51,3,17,0,20
2023-07-01T15:35:14,3,17,0,20
2023-07-01T15:47:36,3,17,0,20
2023-07-01T16:00:00,3,17,0,20
2023-07-01T16:12:23,3,17,0,20
2023-07-01T16:24:46,3,17,0,20
2023-07-01T16:37:09,3,17,0,20
2023-07-01T16:49:32,3,17,0,20
2023-07-01T17:01:55,3,17,0,20
2023-07-01T17:14:36,3,17,0,20
2023-07-01T17:27:00,3,17,0,20
2023-07-01T17:39:23,3,17,0,20
2023-07-01T17:51:46,3,17,0,20
2023-07-01T18:04:10,3,17,0,20
2023-07-01T18:16:33,3,17,0,20
2023-07-01T18:28:56,3,17,0,20
2023-07-01T18:41:19,3,17,0,20
2023-07-01T18:53:42,3,17,0,20
2023-07-01T19:06:07,3,17,0,20
2023-07-01T19:18:31,3,17,0,20
2023-07-01T19:30:54,3,17,0,20
2023-07-01T19:43:16,3,17,0,20
2023-07-01T19:55:40,3,17,0,20
2023-07-01T20:08:08,3,17,0,20
2023-07-01T20:20:31,3,17,0,20
2023-07-01T20:33:05,3,17,0,20
2023-07-01T20:45:28,3,17,0,20
2023-07-01T20:57:52,3,17,0,20
2023-07-01T21:10:16,3,17,0,20
2023-07-01T21:22:39,3,17,0,20
2023-07-01T21:35:02,3,17,0,20
2023-07-01T21:47:26,3,17,0,20
2023-07-01T21:59:49,3,17,0,20
2023-07-01T22:12:13,3,17,0,20
2023-07-01T22:24:36,3,17,0,20
2023-07-01T22:37:00,3,17,0,20
2023-07-01T22:49:43,3,17,0,20
2023-07-01T23:02:06,3,17,0,20
2023-07-01T23:14:31,3,17,0,20
2023-07-01T23:26:55,3,17,0,20
2023-07-01T23:39:18,3,17,0,20
2023-07-01T23:51:41,3,17,0,20
2023-07-02T00:04:25,3,17,0,20
2023-07-02T00:16:51,3,17,0,20
2023-07-02T00:29:17,3,17,0,20
2023-07-02T00:41:42,3,17,0,20
2023-07-02T00:54:06,3,17,0,20
2023-07-02T01:06:29,3,17,0,20
2023-07-02T01:18:54,3,17,0,20
2023-07-02T01:31:18,3,17,0,20
2023-07-02T01:43:42,3,17,0,20
2023-07-02T01:56:06,3,17,0,20
2023-07-02T02:08:30,3,17,0,20
2023-07-02T02:21:04,3,17,0,20
2023-07-02T02:33:34,3,17,0,20
2023-07-02T02:46:06,3,17,0,20
2023-07-02T02:58:33,3,17,0,20
2023-07-02T03:11:05,3,17,0,20
2023-07-02T03:23:34,3,17,0,20
2023-07-02T03:36:02,3,17,0,20
2023-07-02T03:48:31,3,17,0,20
2023-07-02T04:00:58,3,17,0,20
2023-07-02T04:20:48,3,17,0,20
2023-07-02T04:34:53,3,17,0,20
2023-07-02T04:47:24,3,17,0,20
2023-07-02T04:59:54,3,17,0,20
2023-07-02T05:12:22,3,17,0,20
2023-07-02T05:24:49,3,17,0,20
2023-07-02T05:37:15,3,17,0,20
2023-07-02T05:49:42,3,17,0,20
2023-07-02T06:02:09,3,17,0,20
2023-07-02T06:14:42,3,17,0,20
2023-07-02T06:27:10,3,17,0,20
2023-07-02T06:39:52,3,17,0,20
2023-07-02T06:52:18,3,17,0,20
2023-07-02T07:04:48,3,17,0,20
2023-07-02T07:17:14,3,17,0,20
2023-07-02T07:29:42,3,17,0,20
2023-07-02T07:42:06,3,17,0,20
2023-07-02T07:54:33,3,17,0,20
2023-07-02T08:07:02,3,17,0,20
2023-07-02T08:19:30,3,17,0,20
2023-07-02T08:32:11,3,17,0,20
2023-07-02T08:44:39,3,17,0,20
2023-07-02T08:57:07,3,17,0,20
2023-07-02T09:09:36,3,17,0,20
2023-07-02T09:22:04,3,17,0,20
2023-07-02T09:34:31,3,17,0,20
2023-07-02T09:47:02,3,17,0,20
2023-07-02T09:59:40,3,17,0,20
2023-07-02T10:12:11,3,17,0,20
2023-07-02T10:24:41,3,17,0,20
2023-07-02T10:37:10,3,17,0,20
2023-07-02T10:49:36,3,17,0,20
2023-07-02T11:02:01,3,17,0,20
2023-07-02T11:14:26,3,17,0,20
2023-07-02T11:26:50,3,17,0,20
2023-07-02T11:39:13,3,17,0,20
2023-07-02T11:51:36,3,17,0,20
2023-07-02T12:03:59,3,17,0,20
2023-07-02T12:16:22,3,17,0,20
2023-07-02T12:28:56,3,17,0,20
2023-07-02T12:41:19,3,17,0,20
2023-07-02T12:53:42,3,17,0,20
2023-07-02T13:06:05,3,17,0,20
2023-07-02T13:18:29,3,17,0,20
2023-07-02T13:30:52,3,17,0,20
2023-07-02T13:43:14,3,17,0,20
2023-07-02T13:55:37,3,17,0,20
2023-07-02T14:08:00,3,17,0,20
2023-07-02T14:20:34,3,17,0,20
2023-07-02T14:32:58,3,17,0,20
2023-07-02T14:45:21,3,17,0,20
2023-07-02T14:57:44,3,17,0,20
2023-07-02T15:10:08,3,17,0,20
2023-07-02T15:22:31,3,17,0,20
2023-07-02T15:34:55,3,17,0,20
2023-07-02T15:47:19,3,17,0,20
2023-07-02T15:59:42,3,17,0,20
2023-07-02T16:12:06,3,17,0,20
2023-07-02T16:24:30,3,17,0,20
2023-07-02T16:37:05,3,17,0,20
2023-07-02T16:49:28,3,17,0,20
2023-07-02T17:01:51,3,17,0,20
2023-07-02T17:14:15,3,17,0,20
2023-07-02T17:26:38,3,17,0,20
2023-07-02T17:39:01,3,17,0,20
2023-07-02T17:51:24,3,17,0,20
2023-07-02T18:03:47,3,17,0,20
2023-07-02T18:16:10,3,17,0,20
2023-07-02T18:28:34,3,17,0,20
2023-07-02T18:40:58,3,17,0,20
2023-07-02T18:53:22,3,17,0,20
2023-07-02T19:05:59,3,17,0,20
2023-07-02T19:18:22,3,17,0,20
2023-07-02T19:30:46,3,17,0,20
2023-07-02T19:43:09,3,17,0,20
2023-07-02T19:55:32,3,17,0,20
2023-07-02T20:07:55,3,17,0,20
2023-07-02T20:20:18,3,17,0,20
2023-07-02T20:32:41,3,17,0,20
2023-07-02T20:45:04,3,17,0,20
2023-07-02T20:57:30,3,17,0,20
2023-07-02T21:10:03,3,17,0,20
2023-07-02T21:22:26,3,17,0,20
2023-07-02T21:34:49,3,17,0,20
2023-07-02T21:47:12,3,17,0,20
2023-07-02T21:59:35,3,17,0,20
2023-07-02T22:11:58,3,17,0,20
2023-07-02T22:24:21,3,17,0,20
2023-07-02T22:36:45,3,17,0,20
2023-07-02T22:49:07,3,17,0,20
2023-07-02T23:01:30,3,17,0,20
2023-07-02T23:14:04,3,17,0,20
2023-07-02T23:26:28,3,17,0,20
2023-07-02T23:38:51,3,17,0,20
2023-07-02T23:51:15,3,17,0,20
2023-07-03T00:03:41,3,17,0,20
2023-07-03T00:16:14,3,17,0,20
2023-07-03T00:28:46,3,17,0,20
2023-07-03T00:41:18,3,17,0,20
2023-07-03T00:53:44,3,17,0,20
2023-07-03T01:06:20,3,17,0,20
2023-07-03T01:18:52,3,17,0,20
2023-07-03T01:31:21,3,17,0,20
2023-07-03T01:43:48,3,17,0,20
2023-07-03T01:56:15,3,17,0,20
2023-07-03T02:08:57,3,17,0,20
2023-07-03T02:21:24,3,17,0,20
2023-07-03T02:33:50,3,17,0,20
2023-07-03T02:46:15,3,17,0,20
2023-07-03T02:58:41,3,17,0,20
2023-07-03T03:11:06,3,17,0,20
2023-07-03T03:23:33,3,17,0,20
2023-07-03T03:36:00,3,17,0,20
2023-07-03T03:48:26,3,17,0,20
2023-07-03T04:01:03,3,17,0,20
2023-07-03T04:13:29,3,17,0,20
2023-07-03T04:32:22,3,17,0,20
2023-07-03T04:45:25,3,17,0,20
2023-07-03T04:59:01,3,17,0,20
2023-07-03T05:11:31,3,17,0,20
2023-07-03T05:23:58,3,17,0,20
2023-07-03T05:36:25,3,17,0,20
2023-07-03T05:48:52,3,17,0,20
2023-07-03T06:01:18,3,17,0,20
2023-07-03T06:13:46,3,17,0,20
2023-07-03T06:26:13,3,17,0,20
2023-07-03T06:38:39,3,17,0,20
2023-07-03T06:51:08,3,17,0,20
2023-07-03T07:03:37,3,17,0,20
2023-07-03T07:16:03,3,17,0,20
2023-07-03T07:28:34,3,17,0,20
2023-07-03T07:40:58,3,17,0,20
2023-07-03T07:53:21,3,17,0,20
2023-07-03T08:05:45,3,17,0,20
2023-07-03T08:18:08,3,17,0,20
2023-07-03T08:30:31,3,17,0,20
2023-07-03T08:42:55,3,17,0,20
2023-07-03T08:55:18,3,17,0,20
2023-07-03T09:07:42,3,17,0,20
2023-07-03T09:20:19,3,17,0,20
2023-07-03T09:32:42,3,17,0,20
2023-07-03T09:45:06,3,17,0,20
2023-07-03T09:57:30,3,17,0,20
2023-07-03T10:09:55,3,17,0,20
2023-07-03T10:22:19,3,17,0,20
2023-07-03T10:34:43,3,17,0,20
2023-07-03T10:47:19,3,17,0,20
2023-07-03T10:59:43,3,17,0,20
2023-07-03T11:12:08,3,17,0,20
2023-07-03T11:24:32,3,17,0,20
2023-07-03T11:36:57,3,17,0,20
2023-07-03T11:49:34,3,17,0,20
2023-07-03T12:02:00,3,17,0,20
2023-07-03T12:14:26,3,17,0,20
2023-07-03T12:26:52,3,17,0,20
2023-07-03T12:39:18,3,17,0,20
2023-07-03T12:51:44,3,17,0,20
2023-07-03T13:04:11,3,17,0,20
2023-07-03T13:16:36,3,17,0,20
2023-07-03T13:29:13,3,17,0,20
2023-07-03T13:41:39,3,17,0,20
2023-07-03T13:54:04,3,17,0,20
2023-07-03T14:06:29,3,17,0,20
2023-07-03T14:18:54,3,17,0,20
2023-07-03T14:31:19,3,17,0,20
2023-07-03T14:43:43,3,17,0,20
2023-07-03T14:56:07,3,17,0,20
2023-07-03T15:08:42,3,17,0,20
2023-07-03T15:21:06,3,17,0,20
2023-07-03T15:33:30,3,17,0,20
2023-07-03T15:45:54,3,17,0,20
2023-07-03T15:58:18,3,17,0,20
2023-07-03T16:10:42,3,17,0,20
2023-07-03T16:23:06,3,17,0,20
2023-07-03T16:35:30,3,17,0,20
2023-07-03T16:47:54,3,17,0,20
2023-07-03T17:00:17,3,17,0,20
2023-07-03T17:12:43,3,17,0,20
2023-07-03T17:25:18,3,17,0,20
2023-07-03T17:37:42,3,17,0,20
2023-07-03T17:50:06,3,17,0,20
2023-07-03T18:02:30,3,17,0,20
2023-07-03T18:14:53,3,17,0,20
2023-07-03T18:27:18,3,17,0,20
2023-07-03T18:39:41,3,17,0,20
2023-07-03T18:52:07,3,17,0,20
2023-07-03T19:04:31,3,17,0,20
2023-07-03T19:16:55,3,17,0,20
2023-07-03T19:29:29,3,17,0,20
2023-07-03T19:41:53,3,17,0,20
2023-07-03T19:54:17,3,17,0,20
2023-07-03T20:06:40,3,17,0,20
2023-07-03T20:19:04,3,17,0,20
2023-07-03T20:31:28,3,17,0,20
2023-07-03T20:43:52,3,17,0,20
2023-07-03T20:56:15,3,17,0,20
2023-07-03T21:08:39,3,17,0,20
2023-07-03T21:21:03,3,17,0,20
2023-07-03T21:33:27,3,17,0,20
2023-07-03T21:45:50,3,17,0,20
2023-07-03T21:58:24,3,17,0,20
2023-07-03T22:10:48,3,17,0,20
2023-07-03T22:23:12,3,17,0,20
2023-07-03T22:35:37,3,17,0,20
2023-07-03T22:48:01,3,17,0,20
2023-07-03T23:00:25,3,17,0,20
2023-07-03T23:12:50,3,17,0,20
2023-07-03T23:25:14,3,17,0,20
2023-07-03T23:37:40,3,17,0,20
2023-07-03T23:50:04,3,17,0,20
2023-07-04T00:02:29,3,17,0,20
2023-07-04T00:15:06,3,17,0,20
2023-07-04T00:27:33,3,17,0,20
2023-07-04T00:40:00,3,17,0,20
2023-07-04T00:52:28,3,17,0,20
2023-07-04T01:04:57,3,17,0,20
2023-07-04T01:17:25,3,17,0,20
2023-07-04T01:29:52,3,17,0,20
2023-07-04T01:42:19,3,17,0,20
2023-07-04T01:54:46,3,17,0,20
2023-07-04T02:07:13,3,17,0,20
2023-07-04T02:19:42,3,17,0,20
2023-07-04T02:32:10,3,17,0,20
2023-07-04T02:44:36,3,17,0,20
2023-07-04T02:57:02,3,17,0,20
2023-07-04T03:09:28,3,17,0,20
2023-07-04T03:22:08,3,17,0,20
2023-07-04T03:34:35,3,17,0,20
2023-07-04T03:47:03,3,17,0,20
2023-07-04T03:59:31,3,17,0,20
2023-07-04T04:12:00,3,17,0,20
2023-07-04T04:27:45,3,17,0,20
2023-07-04T04:41:43,3,17,0,20
2023-07-04T04:54:30,3,17,0,20
2023-07-04T05:06:57,3,17,0,20
2023-07-04T05:19:23,3,17,0,20
2023-07-04T05:31:47,3,17,0,20
2023-07-04T05:44:11,3,17,0,20
2023-07-04T05:56:35,3,17,0,20
2023-07-04T06:08:59,3,17,0,20
2023-07-04T06:21:23,3,17,0,20
2023-07-04T06:33:47,3,17,0,20
2023-07-04T06:46:16,3,17,0,20
2023-07-04T06:58:43,3,17,0,20
2023-07-04T07:11:12,3,17,0,20
2023-07-04T07:23:39,3,17,0,20
2023-07-04T07:36:06,3,17,0,20
2023-07-04T07:48:35,3,17,0,20
2023-07-04T08:01:02,3,17,0,20
2023-07-04T08:13:29,3,17,0,20
2023-07-04T08:26:11,3,17,0,20
2023-07-04T08:38:38,3,17,0,20
2023-07-04T08:51:05,3,17,0,20
2023-07-04T09:03:32,3,17,0,20
2023-07-04T09:15:58,3,17,0,20
2023-07-04T09:28:24,3,17,0,20
2023-07-04T09:40:52,3,17,0,20
2023-07-04T09:53:20,3,17,0,20
2023-07-04T10:05:47,3,17,0,20
2023-07-04T10:18:13,3,17,0,20
2023-07-04T10:30:38,3,17,0,20
2023-07-04T10:43:04,3,17,0,20
2023-07-04T10:55:30,3,17,0,20
2023-07-04T11:08:06,3,17,0,20
2023-07-04T11:20:31,3,17,0,20
2023-07-04T11:32:57,3,17,0,20
2023-07-04T11:45:24,3,17,0,20
2023-07-04T11:57:50,3,17,0,20
2023-07-04T12:10:16,3,17,0,20
2023-07-04T12:22:41,3,17,0,20
2023-07-04T12:35:17,3,17,0,20
2023-07-04T12:47:43,3,17,0,20
2023-07-04T13:00:07,3,17,0,20
2023-07-04T13:12:30,3,17,0,20
2023-07-04T13:24:53,3,17,0,20
2023-07-04T13:37:17,3,17,0,20
2023-07-04T13:49:40,3,17,0,20
2023-07-04T14:02:04,3,17,0,20
2023-07-04T14:14:27,3,17,0,20
2023-07-04T14:26:51,3,17,0,20
2023-07-04T14:39:33,3,17,0,20
2023-07-04T14:51:57,3,17,0,20
2023-07-04T15:04:21,3,17,0,20
2023-07-04T15:16:44,3,17,0,20
2023-07-04T15:29:07,3,17,0,20
2023-07-04T15:41:31,3,17,0,20
2023-07-04T15:53:55,3,17,0,20
2023-07-04T16:06:18,3,17,0,20
2023-07-04T16:18:42,3,17,0,20
2023-07-04T16:31:05,3,17,0,20
2023-07-04T16:43:29,3,17,0,20
2023-07-04T16:56:03,3,17,0,20
2023-07-04T17:08:28,3,17,0,20
2023-07-04T17:20:52,3,17,0,20
2023-07-04T17:33:16,3,17,0,20
2023-07-04T17:45:39,3,17,0,20
2023-07-04T17:58:03,3,17,0,20
2023-07-04T18:10:26,3,17,0,20
2023-07-04T18:22:50,3,17,0,20
2023-07-04T18:35:14,3,17,0,20
2023-07-04T18:47:37,3,17,0,20
2023-07-04T19:00:01,3,17,0,20
2023-07-04T19:12:45,3,17,0,20
2023-07-04T19:25:08,3,17,0,20
2023-07-04T19:37:32,3,17,0,20
2023-07-04T19:49:56,3,17,0,20
2023-07-04T20:02:19,3,17,0,20
2023-07-04T20:14:43,3,17,0,20
2023-07-04T20:27:07,3,17,0,20
2023-07-04T20:39:31,3,17,0,20
2023-07-04T20:51:54,3,17,0,20
2023-07-04T21:04:18,3,17,0,20
2023-07-04T21:16:42,3,17,0,20
2023-07-04T21:29:05,3,17,0,20
2023-07-04T21:41:29,3,17,0,20
2023-07-04T21:53:52,3,17,0,20
2023-07-04T22:06:16,3,17,0,20
2023-07-04T22:18:50,3,17,0,20
2023-07-04T22:31:14,3,17,0,20
2023-07-04T22:43:37,3,17,0,20
2023-07-04T22:56:01,3,17,0,20
2023-07-04T23:08:25,3,17,0,20
2023-07-04T23:20:50,3,17,0,20
2023-07-04T23:33:14,3,17,0,20
2023-07-04T23:45:38,3,17,0,20
2023-07-04T23:58:03,3,17,0,20
2023-07-05T00:10:30,3,17,0,20
2023-07-05T00:22:57,3,17,0,20
2023-07-05T00:35:35,3,17,0,20
2023-07-05T00:48:02,3,17,0,20
2023-07-05T01:00:28,3,17,0,20
2023-07-05T01:12:55,3,17,0,20
2023-07-05T01:25:23,3,17,0,20
2023-07-05T01:37:52,3,17,0,20
2023-07-05T01:50:18,3,17,0,20
2023-07-05T02:02:46,3,17,0,20
2023-07-05T02:15:13,3,17,0,20
2023-07-05T02:27:41,3,17,0,20
2023-07-05T02:40:08,3,17,0,20
2023-07-05T02:52:37,3,17,0,20
2023-07-05T03:05:06,3,17,0,20
2023-07-05T03:17:35,3,17,0,20
2023-07-05T03:30:02,3,17,0,20
2023-07-05T03:42:51,3,17,0,20
2023-07-05T03:55:17,3,17,0,20
2023-07-05T04:19:24,3,17,0,20
2023-07-05T04:32:13,3,17,0,20
2023-07-05T04:44:42,3,17,0,20
2023-07-05T04:57:10,3,17,0,20
2023-07-05T05:09:37,3,17,0,20
2023-07-05T05:22:05,3,17,0,20
2023-07-05T05:34:34,3,17,0,20
2023-07-05T05:47:02,3,17,0,20
2023-07-05T05:59:26,3,17,0,20
2023-07-05T06:11:49,3,17,0,20
2023-07-05T06:24:13,3,17,0,20
2023-07-05T06:36:36,3,17,0,20
2023-07-05T06:48:59,3,17,0,20
2023-07-05T07:01:21,3,17,0,20
2023-07-05T07:13:44,3,17,0,20
2023-07-05T07:26:05,3,17,0,20
2023-07-05T07:38:26,3,17,0,20
2023-07-05T07:50:46,3,17,0,20
2023-07-05T08:03:06,3,17,0,20
2023-07-05T08:15:26,3,17,0,20
2023-07-05T08:27:57,3,17,0,20
2023-07-05T08:40:24,3,17,0,20
2023-07-05T08:52:48,3,17,0,20
2023-07-05T09:05:12,3,17,0,20
2023-07-05T09:17:36,3,17,0,20
2023-07-05T09:29:59,3,17,0,20
2023-07-05T09:42:26,3,17,0,20
2023-07-05T09:54:50,3,17,0,20
2023-07-05T10:07:14,3,17,0,20
2023-07-05T10:19:38,3,17,0,20
2023-07-05T10:32:02,3,17,0,20
2023-07-05T10:44:36,3,17,0,20
2023-07-05T10:57:00,3,17,0,20
2023-07-05T11:09:27,3,17,0,20
2023-07-05T11:21:51,3,17,0,20
2023-07-05T11:34:16,3,17,0,20
2023-07-05T11:46:40,3,17,0,20
2023-07-05T11:59:04,3,17,0,20
2023-07-05T12:11:29,3,17,0,20
2023-07-05T12:24:04,3,17,0,20
2023-07-05T12:36:28,3,17,0,20
2023-07-05T12:48:53,3,17,0,20
2023-07-05T13:01:17,3,17,0,20
2023-07-05T13:13:42,3,17,0,20
2023-07-05T13:26:06,3,17,0,20
2023-07-05T13:38:30,3,17,0,20
2023-07-05T13:51:09,3,17,0,20
2023-07-05T14:03:33,3,17,0,20
2023-07-05T14:15:58,3,17,0,20
2023-07-05T14:28:22,3,17,0,20
2023-07-05T14:40:47,3,17,0,20
2023-07-05T14:53:11,3,17,0,20
2023-07-05T15:05:36,3,17,0,20
2023-07-05T15:18:00,3,17,0,20
2023-07-05T15:30:25,3,17,0,20
2023-07-05T15:43:00,3,17,0,20
2023-07-05T15:55:24,3,17,0,20
2023-07-05T16:07:48,3,17,0,20
2023-07-05T16:20:13,3,17,0,20
2023-07-05T16:32:37,3,17,0,20
2023-07-05T16:45:01,3,17,0,20
2023-07-05T16:57:26,3,17,0,20
2023-07-05T17:09:51,3,17,0,20
2023-07-05T17:22:16,3,17,0,20
2023-07-05T17:34:40,3,17,0,20
2023-07-05T17:47:14,3,17,0,20
2023-07-05T17:59:39,3,17,0,20
2023-07-05T18:12:06,3,17,0,20
2023-07-05T18:24:30,3,17,0,20
2023-07-05T18:36:54,3,17,0,20
2023-07-05T18:49:17,3,17,0,20
2023-07-05T19:01:42,3,17,0,20
2023-07-05T19:14:07,3,17,0,20
2023-07-05T19:26:31,3,17,0,20
2023-07-05T19:38:56,3,17,0,20
2023-07-05T19:51:20,3,17,0,20
2023-07-05T20:03:44,3,17,0,20
2023-07-05T20:16:08,3,17,0,20
2023-07-05T20:28:42,3,17,0,20
2023-07-05T20:41:07,3,17,0,20
2023-07-05T20:53:31,3,17,0,20
2023-07-05T21:05:55,3,17,0,20
2023-07-05T21:18:19,3,17,0,20
2023-07-05T21:30:43,3,17,0,20
2023-07-05T21:43:07,3,17,0,20
2023-07-05T21:55:31,3,17,0,20
2023-07-05T22:07:55,3,17,0,20
2023-07-05T22:20:19,3,17,0,20
2023-07-05T22:32:43,3,17,0,20
2023-07-05T22:45:08,3,17,0,20
2023-07-05T22:57:31,3,17,0,20
2023-07-05T23:10:05,3,17,0,20
2023-07-05T23:22:29,3,17,0,20
2023-07-05T23:34:54,3,17,0,20
2023-07-05T23:47:18,3,17,0,20
2023-07-05T23:59:43,3,17,0,20
2023-07-06T00:12:11,3,17,0,20
2023-07-06T00:24:41,3,17,0,20
2023-07-06T00:37:08,3,17,0,20
2023-07-06T00:49:36,3,17,0,20
2023-07-06T01:02:05,3,17,0,20
2023-07-06T01:14:33,3,17,0,20
2023-07-06T01:27:00,3,17,0,20
2023-07-06T01:39:30,3,17,0,20
2023-07-06T01:51:58,3,17,0,20
2023-07-06T02:04:36,3,17,0,20
2023-07-06T02:17:02,3,17,0,20
2023-07-06T02:29:28,3,17,0,20
2023-07-06T02:41:53,3,17,0,20
2023-07-06T02:54:17,3,17,0,20
2023-07-06T03:06:43,3,17,0,20
2023-07-06T03:19:10,3,17,0,20
2023-07-06T03:31:37,3,17,0,20
2023-07-06T03:44:03,3,17,0,20
2023-07-06T03:56:29,3,17,0,20
2023-07-06T04:11:06,3,17,0,20
2023-07-06T04:27:56,3,17,0,20
2023-07-06T04:40:51,3,17,0,20
2023-07-06T04:53:20,3,17,0,20
2023-07-06T05:05:47,3,17,0,20
2023-07-06T05:18:13,3,17,0,20
2023-07-06T05:30:38,3,17,0,20
2023-07-06T05:43:03,3,17,0,20
2023-07-06T05:55:31,3,17,0,20
2023-07-06T06:07:59,3,17,0,20
2023-07-06T06:20:27,3,17,0,20
2023-07-06T06:32:53,3,17,0,20
2023-07-06T06:45:20,3,17,0,20
2023-07-06T06:57:46,3,17,0,20
2023-07-06T07:10:14,3,17,0,20
2023-07-06T07:22:43,3,17,0,20
2023-07-06T07:35:10,3,17,0,20
2023-07-06T07:47:39,3,17,0,20
2023-07-06T08:00:09,3,17,0,20
2023-07-06T08:12:35,3,17,0,20
2023-07-06T08:25:03,3,17,0,20
2023-07-06T08:37:30,3,17,0,20
2023-07-06T08:49:57,3,17,0,20
2023-07-06T09:02:32,3,17,0,20
2023-07-06T09:14:59,3,17,0,20
2023-07-06T09:27:25,3,17,0,20
2023-07-06T09:39:51,3,17,0,20
2023-07-06T09:52:17,3,17,0,20
2023-07-06T10:04:43,3,17,0,20
2023-07-06T10:17:09,3,17,0,20
2023-07-06T10:29:35,3,17,0,20
2023-07-06T10:42:01,3,17,0,20
2023-07-06T10:54:27,3,17,0,20
2023-07-06T11:07:04,3,17,0,20
2023-07-06T11:19:29,3,17,0,20
2023-07-06T11:31:53,3,17,0,20
2023-07-06T11:44:18,3,17,0,20
2023-07-06T11:56:42,3,17,0,20
2023-07-06T12:09:07,3,17,0,20
2023-07-06T12:21:32,3,17,0,20
2023-07-06T12:33:58,3,17,0,20
2023-07-06T12:46:33,3,17,0,20
2023-07-06T12:58:57,3,17,0,20
2023-07-06T13:11:22,3,17,0,20
2023-07-06T13:23:47,3,17,0,20
2023-07-06T13:36:11,3,17,0,20
2023-07-06T13:48:36,3,17,0,20
2023-07-06T14:01:01,3,17,0,20
2023-07-06T14:13:25,3,17,0,20
2023-07-06T14:26:02,3,17,0,20
2023-07-06T14:38:27,3,17,0,20
2023-07-06T14:50:52,3,17,0,20
2023-07-06T15:03:16,3,17,0,20
2023-07-06T15:15:41,3,17,0,20
2023-07-06T15:28:06,3,17,0,20
2023-07-06T15:40:31,3,17,0,20
2023-07-06T15:53:06,3,17,0,20
2023-07-06T16:05:30,3,17,0,20
2023-07-06T16:17:55,3,17,0,20
2023-07-06T16:30:20,3,17,0,20
2023-07-06T16:42:45,3,17,0,20
2023-07-06T16:55:10,3,17,0,20
2023-07-06T17:07:36,3,17,0,20
2023-07-06T17:20:02,3,17,0,20
2023-07-06T17:32:27,3,17,0,20
2023-07-06T17:45:05,3,17,0,20
2023-07-06T17:57:37,3,17,0,20
2023-07-06T18:10:02,3,17,0,20
2023-07-06T18:22:27,3,17,0,20
2023-07-06T18:34:51,3,17,0,20
2023-07-06T18:47:16,3,17,0,20
2023-07-06T18:59:41,3,17,0,20
2023-07-06T19:12:07,3,17,0,20
2023-07-06T19:24:32,3,17,0,20
2023-07-06T19:36:58,3,17,0,20
2023-07-06T19:49:22,3,17,0,20
2023-07-06T20:01:48,3,17,0,20
2023-07-06T20:14:23,3,17,0,20
2023-07-06T20:26:48,3,17,0,20
2023-07-06T20:39:13,3,17,0,20
2023-07-06T20:51:38,3,17,0,20
2023-07-06T21:04:03,3,17,0,20
2023-07-06T21:16:28,3,17,0,20
2023-07-06T21:28:54,3,17,0,20
2023-07-06T21:41:19,3,17,0,20
2023-07-06T21:53:44,3,17,0,20
2023-07-06T22:06:10,3,17,0,20
2023-07-06T22:18:34,3,17,0,20
2023-07-06T22:30:59,3,17,0,20
2023-07-06T22:43:24,3,17,0,20
2023-07-06T22:55:49,3,17,0,20
2023-07-06T23:08:25,3,17,0,20
2023-07-06T23:20:50,3,17,0,20
2023-07-06T23:33:16,3,17,0,20
2023-07-06T23:45:42,3,17,0,20
2023-07-06T23:58:07,3,17,0,20
2023-07-07T00:10:34,3,17,0,20
2023-07-07T00:23:07,3,17,0,20
2023-07-07T00:35:35,3,17,0,20
2023-07-07T00:48:04,3,17,0,20
2023-07-07T01:00:33,3,17,0,20
2023-07-07T01:13:02,3,17,0,20
2023-07-07T01:25:31,3,17,0,20
2023-07-07T01:38:03,3,17,0,20
2023-07-07T01:50:32,3,17,0,20
2023-07-07T02:03:00,3,17,0,20
2023-07-07T02:15:39,3,17,0,20
2023-07-07T02:28:08,3,17,0,20
2023-07-07T02:40:49,3,17,0,20
2023-07-07T02:53:18,3,17,0,20
2023-07-07T03:05:46,3,17,0,20
2023-07-07T03:18:15,3,17,0,20
2023-07-07T03:30:43,3,17,0,20
2023-07-07T03:43:11,3,17,0,20
2023-07-07T03:55:38,3,17,0,20
2023-07-07T04:08:06,3,17,0,20
2023-07-07T04:31:31,3,17,0,20
2023-07-07T04:44:20,3,17,0,20
2023-07-07T04:56:49,3,17,0,20
2023-07-07T05:09:18,3,17,0,20
2023-07-07T05:21:46,3,17,0,20
2023-07-07T05:34:15,3,17,0,20
2023-07-07T05:46:44,3,17,0,20
2023-07-07T05:59:13,3,17,0,20
2023-07-07T06:11:41,3,17,0,20
2023-07-07T06:24:09,3,17,0,20
2023-07-07T06:36:37,3,17,0,20
2023-07-07T06:49:05,3,17,0,20
2023-07-07T07:01:33,3,17,0,20
2023-07-07T07:14:01,3,17,0,20
2023-07-07T07:26:27,3,17,0,20
2023-07-07T07:38:54,3,17,0,20
2023-07-07T07:51:19,3,17,0,20
2023-07-07T08:03:44,3,17,0,20
2023-07-07T08:16:11,3,17,0,20
2023-07-07T08:28:37,3,17,0,20
2023-07-07T08:41:11,3,17,0,20
2023-07-07T08:53:35,3,17,0,20
2023-07-07T09:06:00,3,17,0,20
2023-07-07T09:18:26,3,17,0,20
2023-07-07T09:30:52,3,17,0,20
2023-07-07T09:43:16,3,17,0,20
2023-07-07T09:55:41,3,17,0,20
2023-07-07T10:08:06,3,17,0,20
2023-07-07T10:20:30,3,17,0,20
2023-07-07T10:32:55,3,17,0,20
2023-07-07T10:45:20,3,17,0,20
2023-07-07T10:57:45,3,17,0,20
2023-07-07T11:10:22,3,17,0,20
2023-07-07T11:22:47,3,17,0,20
2023-07-07T11:35:12,3,17,0,20
2023-07-07T11:47:36,3,17,0,20
2023-07-07T12:00:01,3,17,0,20
2023-07-07T12:12:26,3,17,0,20
2023-07-07T12:24:50,3,17,0,20
2023-07-07T12:37:15,3,17,0,20
2023-07-07T12:49:40,3,17,0,20
2023-07-07T13:02:05,3,17,0,20
2023-07-07T13:14:31,3,17,0,20
2023-07-07T13:26:55,3,17,0,20
2023-07-07T13:39:21,3,17,0,20
2023-07-07T13:51:58,3,17,0,20
2023-07-07T14:04:23,3,17,0,20
2023-07-07T14:16:48,3,17,0,20
2023-07-07T14:29:12,3,17,0,20
2023-07-07T14:41:37,3,17,0,20
2023-07-07T14:54:02,3,17,0,20
2023-07-07T15:06:28,3,17,0,20
2023-07-07T15:18:53,3,17,0,20
2023-07-07T15:31:17,3,17,0,20
2023-07-07T15:43:42,3,17,0,20
2023-07-07T15:56:06,3,17,0,20
2023-07-07T16:08:31,3,17,0,20
2023-07-07T16:20:56,3,17,0,20
2023-07-07T16:33:33,3,17,0,20
2023-07-07T16:45:58,3,17,0,20
2023-07-07T16:58:23,3,17,0,20
2023-07-07T17:10:49,3,17,0,20
2023-07-07T17:23:15,3,17,0,20
2023-07-07T17:35:39,3,17,0,20
2023-07-07T17:48:03,3,17,0,20
2023-07-07T18:00:28,3,17,0,20
2023-07-07T18:12:52,3,17,0,20
2023-07-07T18:25:17,3,17,0,20
2023-07-07T18:37:41,3,17,0,20
2023-07-07T18:50:16,3,17,0,20
2023-07-07T19:02:41,3,17,0,20
2023-07-07T19:15:06,3,17,0,20
2023-07-07T19:27:32,3,17,0,20
2023-07-07T19:39:57,3,17,0,20
2023-07-07T19:52:22,3,17,0,20
2023-07-07T20:04:48,3,17,0,20
2023-07-07T20:17:13,3,17,0,20
2023-07-07T20:29:38,3,17,0,20
2023-07-07T20:42:02,3,17,0,20
2023-07-07T20:54:27,3,17,0,20
2023-07-07T21:06:52,3,17,0,20
2023-07-07T21:19:19,3,17,0,20
2023-07-07T21:31:44,3,17,0,20
2023-07-07T21:44:09,3,17,0,20
2023-07-07T21:56:34,3,17,0,20
2023-07-07T22:08:58,3,17,0,20
2023-07-07T22:21:23,3,17,0,20
2023-07-07T22:34:00,3,17,0,20
2023-07-07T22:46:24,3,17,0,20
2023-07-07T22:58:49,3,17,0,20
2023-07-07T23:11:15,3,17,0,20
2023-07-07T23:23:40,3,17,0,20
2023-07-07T23:36:06,3,17,0,20
2023-07-07T23:48:31,3,17,0,20
2023-07-08T00:00:56,3,17,0,20
2023-07-08T00:13:26,3,17,0,20
2023-07-08T00:25:58,3,17,0,20
2023-07-08T00:38:27,3,17,0,20
2023-07-08T00:50:56,3,17,0,20
2023-07-08T01:03:25,3,17,0,20
2023-07-08T01:15:53,3,17,0,20
2023-07-08T01:28:22,3,17,0,20
2023-07-08T01:40:53,3,17,0,20
2023-07-08T01:53:23,3,17,0,20
2023-07-08T02:05:52,3,17,0,20
2023-07-08T02:18:30,3,17,0,20
2023-07-08T02:30:57,3,17,0,20
2023-07-08T02:43:22,3,17,0,20
2023-07-08T02:55:47,3,17,0,20
2023-07-08T03:08:12,3,17,0,20
2023-07-08T03:20:39,3,17,0,20
2023-07-08T03:33:06,3,17,0,20
2023-07-08T03:45:34,3,17,0,20
2023-07-08T03:58:01,3,17,0,20
2023-07-08T04:10:30,3,17,0,20
2023-07-08T04:30:17,3,17,0,20
2023-07-08T04:42:46,3,17,0,20
2023-07-08T04:55:13,3,17,0,20
2023-07-08T05:09:06,3,17,0,20
2023-07-08T05:21:55,3,17,0,20
2023-07-08T05:34:24,3,17,0,20
2023-07-08T05:46:53,3,17,0,20
2023-07-08T05:59:22,3,17,0,20
2023-07-08T06:11:52,3,17,0,20
2023-07-08T06:24:21,3,17,0,20
2023-07-08T06:36:49,3,17,0,20
2023-07-08T06:49:17,3,17,0,20
2023-07-08T07:01:47,3,17,0,20
2023-07-08T07:14:14,3,17,0,20
2023-07-08T07:26:42,3,17,0,20
2023-07-08T07:39:09,3,17,0,20
2023-07-08T07:51:47,3,17,0,20
2023-07-08T08:04:15,3,17,0,20
2023-07-08T08:16:44,3,17,0,20
2023-07-08T08:29:11,3,17,0,20
2023-07-08T08:41:38,3,17,0,20
2023-07-08T08:54:06,3,17,0,20
2023-07-08T09:06:34,3,17,0,20
2023-07-08T09:19:01,3,17,0,20
2023-07-08T09:31:28,3,17,0,20
2023-07-08T09:43:55,3,17,0,20
2023-07-08T09:56:24,3,17,0,20
2023-07-08T10:08:52,3,17,0,20
2023-07-08T10:21:19,3,17,0,20
2023-07-08T10:33:46,3,17,0,20
2023-07-08T10:46:13,3,17,0,20
2023-07-08T10:58:41,3,17,0,20
2023-07-08T11:11:16,3,17,0,20
2023-07-08T11:23:40,3,17,0,20
2023-07-08T11:36:04,3,17,0,20
2023-07-08T11:48:29,3,17,0,20
2023-07-08T12:00:53,3,17,0,20
2023-07-08T12:13:17,3,17,0,20
2023-07-08T12:25:41,3,17,0,20
2023-07-08T12:38:06,3,17,0,20
2023-07-08T12:50:30,3,17,0,20
2023-07-08T13:02:54,3,17,0,20
2023-07-08T13:15:19,3,17,0,20
2023-07-08T13:27:43,3,17,0,20
2023-07-08T13:40:08,3,17,0,20
2023-07-08T13:52:34,3,17,0,20
2023-07-08T14:04:59,3,17,0,20
2023-07-08T14:17:23,3,17,0,20
2023-07-08T14:29:48,3,17,0,20
2023-07-08T14:42:12,3,17,0,20
2023-07-08T14:54:36,3,17,0,20
2023-07-08T15:07:11,3,17,0,20
2023-07-08T15:19:35,3,17,0,20
2023-07-08T15:31:59,3,17,0,20
2023-07-08T15:44:23,3,17,0,20
2023-07-08T15:56:47,3,17,0,20
2023-07-08T16:09:11,3,17,0,20
2023-07-08T16:21:36,3,17,0,20
2023-07-08T16:34:01,3,17,0,20
2023-07-08T16:46:25,3,17,0,20
2023-07-08T16:58:50,3,17,0,20
2023-07-08T17:11:16,3,17,0,20
2023-07-08T17:23:41,3,17,0,20
2023-07-08T17:36:05,3,17,0,20
2023-07-08T17:48:30,3,17,0,20
2023-07-08T18:00:54,3,17,0,20
2023-07-08T18:13:18,3,17,0,20
2023-07-08T18:25:43,3,17,0,20
2023-07-08T18:38:07,3,17,0,20
2023-07-08T18:50:31,3,17,0,20
2023-07-08T19:02:56,3,17,0,20
2023-07-08T19:15:31,3,17,0,20
2023-07-08T19:27:56,3,17,0,20
2023-07-08T19:40:20,3,17,0,20
2023-07-08T19:52:45,3,17,0,20
2023-07-08T20:05:09,3,17,0,20
2023-07-08T20:17:34,3,17,0,20
2023-07-08T20:29:59,3,17,0,20
2023-07-08T20:42:23,3,17,0,20
2023-07-08T20:54:48,3,17,0,20
2023-07-08T21:07:13,3,17,0,20
2023-07-08T21:19:38,3,17,0,20
2023-07-08T21:32:03,3,17,0,20
2023-07-08T21:44:27,3,17,0,20
2023-07-08T21:56:52,3,17,0,20
2023-07-08T22:09:16,3,17,0,20
2023-07-08T22:21:41,3,17,0,20
2023-07-08T22:34:16,3,17,0,20
2023-07-08T22:46:41,3,17,0,20
2023-07-08T22:59:05,3,17,0,20
2023-07-08T23:11:31,3,17,0,20
2023-07-08T23:23:57,3,17,0,20
2023-07-08T23:36:23,3,17,0,20
2023-07-08T23:48:48,3,17,0,20
2023-07-09T00:01:13,3,17,0,20
2023-07-09T00:13:41,3,17,0,20
2023-07-09T00:26:11,3,17,0,20
2023-07-09T00:38:41,3,17,0,20
2023-07-09T00:51:10,3,17,0,20
2023-07-09T01:03:38,3,17,0,20
2023-07-09T01:16:14,3,17,0,20
2023-07-09T01:28:42,3,17,0,20
2023-07-09T01:41:11,3,17,0,20
2023-07-09T01:53:39,3,17,0,20
2023-07-09T02:06:07,3,17,0,20
2023-07-09T02:18:46,3,17,0,20
2023-07-09T02:31:16,3,17,0,20
2023-07-09T02:43:43,3,17,0,20
2023-07-09T02:56:10,3,17,0,20
2023-07-09T03:08:37,3,17,0,20
2023-07-09T03:21:06,3,17,0,20
2023-07-09T03:33:34,3,17,0,20
2023-07-09T03:46:02,3,17,0,20
2023-07-09T03:58:31,3,17,0,20
2023-07-09T04:10:59,3,17,0,20
2023-07-09T04:25:06,3,17,0,20
2023-07-09T04:37:35,3,17,0,20
2023-07-09T04:51:29,3,17,0,20
2023-07-09T05:04:19,3,17,0,20
2023-07-09T05:16:46,3,17,0,20
2023-07-09T05:29:16,3,17,0,20
2023-07-09T05:41:46,3,17,0,20
2023-07-09T05:54:15,3,17,0,20
2023-07-09T06:06:42,3,17,0,20
2023-07-09T06:19:09,3,17,0,20
2023-07-09T06:31:38,3,17,0,20
2023-07-09T06:44:05,3,17,0,20
2023-07-09T06:56:32,3,17,0,20
2023-07-09T07:08:59,3,17,0,20
2023-07-09T07:21:27,3,17,0,20
2023-07-09T07:33:52,3,17,0,20
2023-07-09T07:46:18,3,17,0,20
2023-07-09T07:58:43,3,17,0,20
2023-07-09T08:11:08,3,17,0,20
2023-07-09T08:23:33,3,17,0,20
2023-07-09T08:36:03,3,17,0,20
2023-07-09T08:48:29,3,17,0,20
2023-07-09T09:00:53,3,17,0,20
2023-07-09T09:13:18,3,17,0,20
2023-07-09T09:25:44,3,17,0,20
2023-07-09T09:38:10,3,17,0,20
2023-07-09T09:50:37,3,17,0,20
2023-07-09T10:03:03,3,17,0,20
2023-07-09T10:15:28,3,17,0,20
2023-07-09T10:28:03,3,17,0,20
2023-07-09T10:40:29,3,17,0,20
2023-07-09T10:52:54,3,17,0,20
2023-07-09T11:05:22,3,17,0,20
2023-07-09T11:17:49,3,17,0,20
2023-07-09T11:30:14,3,17,0,20
2023-07-09T11:42:39,3,17,0,20
2023-07-09T11:55:04,3,17,0,20
2023-07-09T12:07:30,3,17,0,20
2023-07-09T12:19:55,3,17,0,20
2023-07-09T12:32:20,3,17,0,20
2023-07-09T12:44:45,3,17,0,20
2023-07-09T12:57:11,3,17,0,20
2023-07-09T13:09:36,3,17,0,20
2023-07-09T13:22:01,3,17,0,20
2023-07-09T13:34:26,3,17,0,20
2023-07-09T13:46:50,3,17,0,20
2023-07-09T13:59:15,3,17,0,20
2023-07-09T14:11:40,3,17,0,20
2023-07-09T14:24:04,3,17,0,20
2023-07-09T14:36:39,3,17,0,20
2023-07-09T14:49:04,3,17,0,20
2023-07-09T15:01:28,3,17,0,20
2023-07-09T15:13:53,3,17,0,20
2023-07-09T15:26:18,3,17,0,20
2023-07-09T15:38:42,3,17,0,20
2023-07-09T15:51:06,3,17,0,20
2023-07-09T16:03:31,3,17,0,20
2023-07-09T16:15:56,3,17,0,20
2023-07-09T16:28:21,3,17,0,20
2023-07-09T16:40:47,3,17,0,20
2023-07-09T16:53:12,3,17,0,20
2023-07-09T17:05:36,3,17,0,20
2023-07-09T17:18:02,3,17,0,20
2023-07-09T17:30:38,3,17,0,20
2023-07-09T17:43:02,3,17,0,20
2023-07-09T17:55:27,3,17,0,20
2023-07-09T18:07:51,3,17,0,20
2023-07-09T18:20:16,3,17,0,20
2023-07-09T18:32:41,3,17,0,20
2023-07-09T18:45:06,3,17,0,20
2023-07-09T18:57:30,3,17,0,20
2023-07-09T19:09:58,3,17,0,20
2023-07-09T19:22:25,3,17,0,20
2023-07-09T19:34:51,3,17,0,20
2023-07-09T19:47:17,3,17,0,20
2023-07-09T19:59:43,3,17,0,20
2023-07-09T20:12:09,3,17,0,20
2023-07-09T20:24:34,3,17,0,20
2023-07-09T20:36:59,3,17,0,20
2023-07-09T20:49:24,3,17,0,20
2023-07-09T21:01:50,3,17,0,20
2023-07-09T21:14:26,3,17,0,20
2023-07-09T21:26:51,3,17,0,20
2023-07-09T21:39:17,3,17,0,20
2023-07-09T21:51:42,3,17,0,20
2023-07-09T22:04:07,3,17,0,20
2023-07-09T22:16:32,3,17,0,20
2023-07-09T22:28:57,3,17,0,20
2023-07-09T22:41:22,3,17,0,20
2023-07-09T22:53:46,3,17,0,20
2023-07-09T23:06:12,3,17,0,20
2023-07-09T23:18:37,3,17,0,20
2023-07-09T23:31:04,3,17,0,20
2023-07-09T23:43:39,3,17,0,20
2023-07-09T23:56:04,3,17,0,20
2023-07-10T00:08:31,3,17,0,20
2023-07-10T00:21:05,3,17,0,20
2023-07-10T00:33:42,3,17,0,20
2023-07-10T00:46:11,3,17,0,20
2023-07-10T00:58:40,3,17,0,20
2023-07-10T01:11:05,3,17,0,20
2023-07-10T01:23:34,3,17,0,20
2023-07-10T01:36:04,3,17,0,20
2023-07-10T01:48:34,3,17,0,20
2023-07-10T02:01:03,3,17,0,20
2023-07-10T02:13:42,3,17,0,20
2023-07-10T02:26:10,3,17,0,20
2023-07-10T02:38:39,3,17,0,20
2023-07-10T02:51:07,3,17,0,20
2023-07-10T03:03:34,3,17,0,20
2023-07-10T03:16:02,3,17,0,20
2023-07-10T03:28:31,3,17,0,20
2023-07-10T03:40:58,3,17,0,20
2023-07-10T03:53:25,3,17,0,20
2023-07-10T04:05:54,3,17,0,20
2023-07-10T04:31:39,3,17,0,20
2023-07-10T04:44:10,3,17,0,20
2023-07-10T04:56:39,3,17,0,20
2023-07-10T05:09:08,3,17,0,20
2023-07-10T05:21:39,3,17,0,20
2023-07-10T05:34:08,3,17,0,20
2023-07-10T05:46:36,3,17,0,20
2023-07-10T05:59:04,3,17,0,20
2023-07-10T06:11:33,3,17,0,20
2023-07-10T06:24:01,3,17,0,20
2023-07-10T06:36:29,3,17,0,20
2023-07-10T06:48:57,3,17,0,20
2023-07-10T07:01:24,3,17,0,20
2023-07-10T07:13:51,3,17,0,20
2023-07-10T07:26:17,3,17,0,20
2023-07-10T07:38:42,3,17,0,20
2023-07-10T07:51:06,3,17,0,20
2023-07-10T08:03:31,3,17,0,20
2023-07-10T08:15:56,3,17,0,20
2023-07-10T08:28:21,3,17,0,20
2023-07-10T08:40:46,3,17,0,20
2023-07-10T08:53:11,3,17,0,20
2023-07-10T09:05:36,3,17,0,20
2023-07-10T09:18:01,3,17,0,20
2023-07-10T09:30:26,3,17,0,20
2023-07-10T09:42:52,3,17,0,20
2023-07-10T09:55:27,3,17,0,20
2023-07-10T10:07:52,3,17,0,20
2023-07-10T10:20:17,3,17,0,20
2023-07-10T10:32:42,3,17,0,20
2023-07-10T10:45:07,3,17,0,20
2023-07-10T10:57:32,3,17,0,20
2023-07-10T11:09:57,3,17,0,20
2023-07-10T11:22:22,3,17,0,20
2023-07-10T11:34:49,3,17,0,20
2023-07-10T11:47:14,3,17,0,20
2023-07-10T11:59:39,3,17,0,20
2023-07-10T12:12:04,3,17,0,20
2023-07-10T12:24:28,3,17,0,20
2023-07-10T12:37:02,3,17,0,20
2023-07-10T12:49:27,3,17,0,20
2023-07-10T13:01:51,3,17,0,20
2023-07-10T13:14:17,3,17,0,20
2023-07-10T13:26:41,3,17,0,20
2023-07-10T13:39:06,3,17,0,20
2023-07-10T13:51:31,3,17,0,20
2023-07-10T14:03:56,3,17,0,20
2023-07-10T14:16:21,3,17,0,20
2023-07-10T14:28:46,3,17,0,20
2023-07-10T14:41:11,3,17,0,20
2023-07-10T14:53:36,3,17,0,20
2023-07-10T15:06:12,3,17,0,20
2023-07-10T15:18:36,3,17,0,20
2023-07-10T15:31:01,3,17,0,20
2023-07-10T15:43:26,3,17,0,20
2023-07-10T15:55:51,3,17,0,20
2023-07-10T16:08:15,3,17,0,20
2023-07-10T16:20:40,3,17,0,20
2023-07-10T16:33:04,3,17,0,20
2023-07-10T16:45:29,3,17,0,20
2023-07-10T16:57:54,3,17,0,20
2023-07-10T17:10:19,3,17,0,20
2023-07-10T17:22:45,3,17,0,20
2023-07-10T17:35:21,3,17,0,20
2023-07-10T17:47:46,3,17,0,20
2023-07-10T18:00:11,3,17,0,20
2023-07-10T18:12:37,3,17,0,20
2023-07-10T18:25:02,3,17,0,20
2023-07-10T18:37:26,3,17,0,20
2023-07-10T18:49:51,3,17,0,20
2023-07-10T19:02:16,3,17,0,20
2023-07-10T19:14:41,3,17,0,20
2023-07-10T19:27:06,3,17,0,20
2023-07-10T19:39:31,3,17,0,20
2023-07-10T19:51:56,3,17,0,20
2023-07-10T20:04:20,3,17,0,20
2023-07-10T20:16:45,3,17,0,20
2023-07-10T20:29:21,3,17,0,20
2023-07-10T20:41:45,3,17,0,20
2023-07-10T20:54:10,3,17,0,20
2023-07-10T21:06:35,3,17,0,20
2023-07-10T21:18:59,3,17,0,20
2023-07-10T21:31:24,3,17,0,20
2023-07-10T21:43:49,3,17,0,20
2023-07-10T21:56:14,3,17,0,20
2023-07-10T22:08:38,3,17,0,20
2023-07-10T22:21:03,3,17,0,20
2023-07-10T22:33:28,3,17,0,20
2023-07-10T22:45:53,3,17,0,20
2023-07-10T22:58:18,3,17,0,20
2023-07-10T23:10:55,3,17,0,20
2023-07-10T23:23:21,3,17,0,20
2023-07-10T23:35:47,3,17,0,20
2023-07-10T23:48:12,3,17,0,20
2023-07-11T00:00:37,3,17,0,20
2023-07-11T00:13:06,3,17,0,20
2023-07-11T00:25:37,3,17,0,20
2023-07-11T00:38:06,3,17,0,20
2023-07-11T00:50:36,3,17,0,20
2023-07-11T01:03:05,3,17,0,20
2023-07-11T01:15:34,3,17,0,20
2023-07-11T01:28:02,3,17,0,20
2023-07-11T01:40:33,3,17,0,20
2023-07-11T01:53:01,3,17,0,20
2023-07-11T02:05:28,3,17,0,20
2023-07-11T02:17:55,3,17,0,20
2023-07-11T02:30:22,3,17,0,20
2023-07-11T02:42:59,3,17,0,20
2023-07-11T02:55:25,3,17,0,20
2023-07-11T03:07:51,3,17,0,20
2023-07-11T03:20:18,3,17,0,20
2023-07-11T03:32:45,3,17,0,20
2023-07-11T03:45:11,3,17,0,20
2023-07-11T03:57:39,3,17,0,20
2023-07-11T04:10:07,3,17,0,20
2023-07-11T04:28:31,3,17,0,20
2023-07-11T04:41:27,3,17,0,20
2023-07-11T04:53:57,3,17,0,20
2023-07-11T05:08:37,3,17,0,20
2023-07-11T05:21:15,3,17,0,20
2023-07-11T05:33:45,3,17,0,20
2023-07-11T05:46:13,3,17,0,20
2023-07-11T05:58:41,3,17,0,20
2023-07-11T06:11:09,3,17,0,20
2023-07-11T06:23:37,3,17,0,20
2023-07-11T06:36:05,3,17,0,20
2023-07-11T06:48:33,3,17,0,20
2023-07-11T07:01:00,3,17,0,20
2023-07-11T07:13:28,3,17,0,20
2023-07-11T07:25:54,3,17,0,20
2023-07-11T07:38:21,3,17,0,20
2023-07-11T07:50:48,3,17,0,20
2023-07-11T08:03:16,3,17,0,20
2023-07-11T08:15:43,3,17,0,20
2023-07-11T08:28:10,3,17,0,20
2023-07-11T08:40:39,3,17,0,20
2023-07-11T08:53:06,3,17,0,20
2023-07-11T09:05:32,3,17,0,20
2023-07-11T09:17:59,3,17,0,20
2023-07-11T09:30:41,3,17,0,20
2023-07-11T09:43:07,3,17,0,20
2023-07-11T09:55:34,3,17,0,20
2023-07-11T10:08:02,3,17,0,20
2023-07-11T10:20:29,3,17,0,20
2023-07-11T10:32:54,3,17,0,20
2023-07-11T10:45:19,3,17,0,20
2023-07-11T10:57:45,3,17,0,20
2023-07-11T11:10:10,3,17,0,20
2023-07-11T11:22:36,3,17,0,20
2023-07-11T11:35:01,3,17,0,20
2023-07-11T11:47:26,3,17,0,20
2023-07-11T12:00:03,3,17,0,20
2023-07-11T12:12:28,3,17,0,20
2023-07-11T12:24:53,3,17,0,20
2023-07-11T12:37:18,3,17,0,20
2023-07-11T12:49:43,3,17,0,20
2023-07-11T13:02:08,3,17,0,20
2023-07-11T13:14:32,3,17,0,20
2023-07-11T13:26:56,3,17,0,20
2023-07-11T13:39:33,3,17,0,20
2023-07-11T13:51:58,3,17,0,20
2023-07-11T14:04:24,3,17,0,20
2023-07-11T14:16:49,3,17,0,20
2023-07-11T14:29:13,3,17,0,20
2023-07-11T14:41:37,3,17,0,20
2023-07-11T14:54:02,3,17,0,20
2023-07-11T15:06:45,3,17,0,20
2023-07-11T15:19:10,3,17,0,20
2023-07-11T15:31:35,3,17,0,20
2023-07-11T15:44:00,3,17,0,20
2023-07-11T15:56:24,3,17,0,20
2023-07-11T16:08:49,3,17,0,20
2023-07-11T16:21:13,3,17,0,20
2023-07-11T16:33:38,3,17,0,20
2023-07-11T16:46:03,3,17,0,20
2023-07-11T16:58:30,3,17,0,20
2023-07-11T17:10:56,3,17,0,20
2023-07-11T17:23:21,3,17,0,20
2023-07-11T17:35:45,3,17,0,20
2023-07-11T17:48:21,3,17,0,20
2023-07-11T18:00:45,3,17,0,20
2023-07-11T18:13:10,3,17,0,20
2023-07-11T18:25:35,3,17,0,20
2023-07-11T18:37:59,3,17,0,20
2023-07-11T18:50:24,3,17,0,20
2023-07-11T19:02:49,3,17,0,20
2023-07-11T19:15:14,3,17,0,20
2023-07-11T19:27:39,3,17,0,20
2023-07-11T19:40:04,3,17,0,20
2023-07-11T19:52:29,3,17,0,20
2023-07-11T20:04:53,3,17,0,20
2023-07-11T20:17:18,3,17,0,20
2023-07-11T20:29:43,3,17,0,20
2023-07-11T20:42:07,3,17,0,20
2023-07-11T20:54:32,3,17,0,20
2023-07-11T21:07:08,3,17,0,20
2023-07-11T21:19:33,3,17,0,20
2023-07-11T21:31:58,3,17,0,20
2023-07-11T21:44:23,3,17,0,20
2023-07-11T21:56:48,3,17,0,20
2023-07-11T22:09:13,3,17,0,20
2023-07-11T22:21:38,3,17,0,20
2023-07-11T22:34:05,3,17,0,20
2023-07-11T22:46:30,3,17,0,20
2023-07-11T22:58:54,3,17,0,20
2023-07-11T23:11:20,3,17,0,20
2023-07-11T23:23:46,3,17,0,20
2023-07-11T23:36:13,3,17,0,20
2023-07-11T23:48:38,3,17,0,20
2023-07-12T00:01:04,3,17,0,20
2023-07-12T00:13:32,3,17,0,20
2023-07-12T00:26:02,3,17,0,20
2023-07-12T00:38:30,3,17,0,20
2023-07-12T00:51:09,3,17,0,20
2023-07-12T01:03:38,3,17,0,20
2023-07-12T01:16:07,3,17,0,20
2023-07-12T01:28:36,3,17,0,20
2023-07-12T01:41:06,3,17,0,20
2023-07-12T01:53:36,3,17,0,20
2023-07-12T02:06:05,3,17,0,20
2023-07-12T02:18:56,3,17,0,20
2023-07-12T02:31:26,3,17,0,20
2023-07-12T02:43:57,3,17,0,20
2023-07-12T02:56:25,3,17,0,20
2023-07-12T03:08:54,3,17,0,20
2023-07-12T03:21:22,3,17,0,20
2023-07-12T03:33:49,3,17,0,20
2023-07-12T03:46:18,3,17,0,20
2023-07-12T03:58:46,3,17,0,20
2023-07-12T04:11:14,3,17,0,20
2023-07-12T04:32:26,3,17,0,20
2023-07-12T04:46:27,3,17,0,20
2023-07-12T04:58:56,3,17,0,20
2023-07-12T05:11:25,3,17,0,20
2023-07-12T05:23:53,3,17,0,20
2023-07-12T05:36:21,3,17,0,20
2023-07-12T05:48:50,3,17,0,20
2023-07-12T06:01:21,3,17,0,20
2023-07-12T06:13:48,3,17,0,20
2023-07-12T06:26:17,3,17,0,20
2023-07-12T06:38:44,3,17,0,20
2023-07-12T06:51:13,3,17,0,20
2023-07-12T07:03:41,3,17,0,20
2023-07-12T07:16:10,3,17,0,20
2023-07-12T07:28:37,3,17,0,20
2023-07-12T07:41:03,3,17,0,20
2023-07-12T07:53:28,3,17,0,20
2023-07-12T08:05:53,3,17,0,20
2023-07-12T08:18:18,3,17,0,20
2023-07-12T08:30:43,3,17,0,20
2023-07-12T08:43:08,3,17,0,20
2023-07-12T08:55:33,3,17,0,20
2023-07-12T09:07:58,3,17,0,20
2023-07-12T09:20:32,3,17,0,20
2023-07-12T09:32:57,3,17,0,20
2023-07-12T09:45:21,3,17,0,20
2023-07-12T09:57:46,3,17,0,20
2023-07-12T10:10:11,3,17,0,20
2023-07-12T10:22:35,3,17,0,20
2023-07-12T10:35:00,3,17,0,20
2023-07-12T10:47:25,3,17,0,20
2023-07-12T10:59:50,3,17,0,20
2023-07-12T11:12:15,3,17,0,20
2023-07-12T11:24:39,3,17,0,20
2023-07-12T11:37:16,3,17,0,20
2023-07-12T11:49:40,3,17,0,20
2023-07-12T12:02:05,3,17,0,20
2023-07-12T12:14:30,3,17,0,20
2023-07-12T12:26:56,3,17,0,20
2023-07-12T12:39:21,3,17,0,20
2023-07-12T12:51:45,3,17,0,20
2023-07-12T13:04:10,3,17,0,20
2023-07-12T13:16:35,3,17,0,20
2023-07-12T13:29:00,3,17,0,20
2023-07-12T13:41:24,3,17,0,20
2023-07-12T13:54:08,3,17,0,20
2023-07-12T14:06:33,3,17,0,20
2023-07-12T14:18:58,3,17,0,20
2023-07-12T14:31:23,3,17,0,20
2023-07-12T14:43:48,3,17,0,20
2023-07-12T14:56:13,3,17,0,20
2023-07-12T15:08:38,3,17,0,20
2023-07-12T15:21:02,3,17,0,20
2023-07-12T15:33:27,3,17,0,20
2023-07-12T15:45:53,3,17,0,20
2023-07-12T15:58:18,3,17,0,20
2023-07-12T16:10:43,3,17,0,20
2023-07-12T16:23:19,3,17,0,20
2023-07-12T16:35:44,3,17,0,20
2023-07-12T16:48:08,3,17,0,20
2023-07-12T17:00:33,3,17,0,20
2023-07-12T17:12:59,3,17,0,20
2023-07-12T17:25:23,3,17,0,20
2023-07-12T17:37:48,3,17,0,20
2023-07-12T17:50:12,3,17,0,20
2023-07-12T18:02:37,3,17,0,20
2023-07-12T18:15:01,3,17,0,20
2023-07-12T18:27:25,3,17,0,20
2023-07-12T18:39:49,3,17,0,20
2023-07-12T18:52:13,3,17,0,20
2023-07-12T19:04:38,3,17,0,20
2023-07-12T19:17:02,3,17,0,20
2023-07-12T19:29:26,3,17,0,20
2023-07-12T19:42:05,3,17,0,20
2023-07-12T19:54:29,3,17,0,20
2023-07-12T20:06:53,3,17,0,20
2023-07-12T20:19:18,3,17,0,20
2023-07-12T20:31:43,3,17,0,20
2023-07-12T20:44:07,3,17,0,20
2023-07-12T20:56:31,3,17,0,20
2023-07-12T21:08:56,3,17,0,20
2023-07-12T21:21:20,3,17,0,20
2023-07-12T21:33:45,3,17,0,20
2023-07-12T21:46:09,3,17,0,20
2023-07-12T21:58:34,3,17,0,20
2023-07-12T22:10:58,3,17,0,20
2023-07-12T22:23:24,3,17,0,20
2023-07-12T22:35:49,3,17,0,20
2023-07-12T22:48:13,3,17,0,20
2023-07-12T23:00:38,3,17,0,20
2023-07-12T23:13:04,3,17,0,20
2023-07-12T23:25:48,3,17,0,20
2023-07-12T23:38:13,3,17,0,20
2023-07-12T23:50:38,3,17,0,20
2023-07-13T00:03:03,3,17,0,20
2023-07-13T00:15:34,3,17,0,20
2023-07-13T00:28:01,3,17,0,20
2023-07-13T00:40:30,3,17,0,20
2023-07-13T00:52:59,3,17,0,20
2023-07-13T01:05:28,3,17,0,20
2023-07-13T01:17:55,3,17,0,20
2023-07-13T01:30:23,3,17,0,20
2023-07-13T01:42:52,3,17,0,20
2023-07-13T01:55:21,3,17,0,20
2023-07-13T02:07:48,3,17,0,20
2023-07-13T02:20:14,3,17,0,20
2023-07-13T02:32:40,3,17,0,20
2023-07-13T02:45:06,3,17,0,20
2023-07-13T02:57:30,3,17,0,20
2023-07-13T03:09:55,3,17,0,20
2023-07-13T03:22:20,3,17,0,20
2023-07-13T03:34:45,3,17,0,20
2023-07-13T03:47:09,3,17,0,20
2023-07-13T03:59:33,3,17,0,20
2023-07-13T04:11:57,3,17,0,20
2023-07-13T04:31:34,3,17,0,20
2023-07-13T04:44:17,3,17,0,20
2023-07-13T04:56:43,3,17,0,20
2023-07-13T05:09:10,3,17,0,20
2023-07-13T05:21:34,3,17,0,20
2023-07-13T05:33:59,3,17,0,20
2023-07-13T05:46:27,3,17,0,20
2023-07-13T05:58:59,3,17,0,20
2023-07-13T06:11:28,3,17,0,20
2023-07-13T06:23:58,3,17,0,20
2023-07-13T06:36:30,3,17,0,20
2023-07-13T06:49:00,3,17,0,20
2023-07-13T07:01:30,3,17,0,20
2023-07-13T07:14:00,3,17,0,20
2023-07-13T07:26:28,3,17,0,20
2023-07-13T07:38:55,3,17,0,20
2023-07-13T07:51:24,3,17,0,20
2023-07-13T08:03:52,3,17,0,20
2023-07-13T08:16:20,3,17,0,20
2023-07-13T08:28:48,3,17,0,20
2023-07-13T08:41:16,3,17,0,20
2023-07-13T08:53:42,3,17,0,20
2023-07-13T09:06:08,3,17,0,20
2023-07-13T09:18:35,3,17,0,20
2023-07-13T09:31:20,3,17,0,20
2023-07-13T09:43:46,3,17,0,20
2023-07-13T09:56:12,3,17,0,20
2023-07-13T10:08:38,3,17,0,20
2023-07-13T10:21:04,3,17,0,20
2023-07-13T10:33:30,3,17,0,20
2023-07-13T10:45:56,3,17,0,20
2023-07-13T10:58:22,3,17,0,20
2023-07-13T11:10:59,3,17,0,20
2023-07-13T11:23:25,3,17,0,20
2023-07-13T11:35:51,3,17,0,20
2023-07-13T11:48:17,3,17,0,20
2023-07-13T12:00:43,3,17,0,20
2023-07-13T12:13:08,3,17,0,20
2023-07-13T12:25:33,3,17,0,20
2023-07-13T12:37:57,3,17,0,20
2023-07-13T12:50:21,3,17,0,20
2023-07-13T13:02:46,3,17,0,20
2023-07-13T13:15:11,3,17,0,20
2023-07-13T13:27:35,3,17,0,20
2023-07-13T13:40:10,3,17,0,20
2023-07-13T13:52:35,3,17,0,20
2023-07-13T14:04:59,3,17,0,20
2023-07-13T14:17:24,3,17,0,20
2023-07-13T14:29:48,3,17,0,20
2023-07-13T14:42:13,3,17,0,20
2023-07-13T14:54:38,3,17,0,20
2023-07-13T15:07:02,3,17,0,20
2023-07-13T15:19:26,3,17,0,20
2023-07-13T15:31:50,3,17,0,20
2023-07-13T15:44:14,3,17,0,20
2023-07-13T15:56:39,3,17,0,20
2023-07-13T16:09:14,3,17,0,20
2023-07-13T16:21:38,3,17,0,20
2023-07-13T16:34:03,3,17,0,20
2023-07-13T16:46:27,3,17,0,20
2023-07-13T16:58:52,3,17,0,20
2023-07-13T17:11:17,3,17,0,20
2023-07-13T17:23:42,3,17,0,20
2023-07-13T17:36:06,3,17,0,20
2023-07-13T17:48:31,3,17,0,20
2023-07-13T18:00:55,3,17,0,20
2023-07-13T18:13:19,3,17,0,20
2023-07-13T18:25:43,3,17,0,20
2023-07-13T18:38:08,3,17,0,20
2023-07-13T18:50:32,3,17,0,20
2023-07-13T19:03:15,3,17,0,20
2023-07-13T19:15:40,3,17,0,20
2023-07-13T19:28:04,3,17,0,20
2023-07-13T19:40:28,3,17,0,20
2023-07-13T19:52:53,3,17,0,20
2023-07-13T20:05:17,3,17,0,20
2023-07-13T20:17:42,3,17,0,20
2023-07-13T20:30:06,3,17,0,20
2023-07-13T20:42:31,3,17,0,20
2023-07-13T20:54:55,3,17,0,20
2023-07-13T21:07:20,3,17,0,20
2023-07-13T21:19:44,3,17,0,20
2023-07-13T21:32:09,3,17,0,20
2023-07-13T21:44:33,3,17,0,20
2023-07-13T21:56:58,3,17,0,20
2023-07-13T22:09:22,3,17,0,20
2023-07-13T22:21:46,3,17,0,20
2023-07-13T22:34:11,3,17,0,20
2023-07-13T22:46:35,3,17,0,20
2023-07-13T22:59:10,3,17,0,20
2023-07-13T23:11:35,3,17,0,20
2023-07-13T23:24:00,3,17,0,20
2023-07-13T23:36:26,3,17,0,20
2023-07-13T23:48:51,3,17,0,20
2023-07-14T00:01:16,3,17,0,20
2023-07-14T00:13:44,3,17,0,20
2023-07-14T00:26:13,3,17,0,20
2023-07-14T00:38:41,3,17,0,20
2023-07-14T00:51:10,3,17,0,20
2023-07-14T01:03:39,3,17,0,20
2023-07-14T01:16:08,3,17,0,20
2023-07-14T01:28:36,3,17,0,20
2023-07-14T01:41:07,3,17,0,20
2023-07-14T01:53:37,3,17,0,20
2023-07-14T02:06:06,3,17,0,20
2023-07-14T02:18:46,3,17,0,20
2023-07-14T02:31:17,3,17,0,20
2023-07-14T02:43:48,3,17,0,20
2023-07-14T02:56:17,3,17,0,20
2023-07-14T03:08:45,3,17,0,20
2023-07-14T03:21:13,3,17,0,20
2023-07-14T03:33:41,3,17,0,20
2023-07-14T03:46:08,3,17,0,20
2023-07-14T03:58:36,3,17,0,20
2023-07-14T04:11:03,3,17,0,20
2023-07-14T04:25:56,3,17,0,20
2023-07-14T04:38:59,3,17,0,20
2023-07-14T04:52:26,3,17,0,20
2023-07-14T05:04:55,3,17,0,20
2023-07-14T05:17:22,3,17,0,20
2023-07-14T05:29:50,3,17,0,20
2023-07-14T05:42:18,3,17,0,20
2023-07-14T05:54:46,3,17,0,20
2023-07-14T06:07:14,3,17,0,20
2023-07-14T06:19:41,3,17,0,20
2023-07-14T06:32:09,3,17,0,20
2023-07-14T06:44:37,3,17,0,20
2023-07-14T06:57:07,3,17,0,20
2023-07-14T07:09:35,3,17,0,20
2023-07-14T07:22:02,3,17,0,20
2023-07-14T07:34:28,3,17,0,20
2023-07-14T07:46:52,3,17,0,20
2023-07-14T07:59:16,3,17,0,20
2023-07-14T08:11:42,3,17,0,20
2023-07-14T08:24:08,3,17,0,20
2023-07-14T08:36:34,3,17,0,20
2023-07-14T08:48:58,3,17,0,20
2023-07-14T09:01:23,3,17,0,20
2023-07-14T09:13:48,3,17,0,20
2023-07-14T09:26:13,3,17,0,20
2023-07-14T09:38:37,3,17,0,20
2023-07-14T09:51:02,3,17,0,20
2023-07-14T10:03:38,3,17,0,20
2023-07-14T10:16:03,3,17,0,20
2023-07-14T10:28:27,3,17,0,20
2023-07-14T10:40:52,3,17,0,20
2023-07-14T10:53:17,3,17,0,20
2023-07-14T11:05:42,3,17,0,20
2023-07-14T11:18:08,3,17,0,20
2023-07-14T11:30:33,3,17,0,20
2023-07-14T11:42:58,3,17,0,20
2023-07-14T11:55:24,3,17,0,20
2023-07-14T12:07:49,3,17,0,20
2023-07-14T12:20:14,3,17,0,20
2023-07-14T12:32:40,3,17,0,20
2023-07-14T12:45:07,3,17,0,20
2023-07-14T12:57:32,3,17,0,20
2023-07-14T13:09:56,3,17,0,20
2023-07-14T13:22:22,3,17,0,20
2023-07-14T13:34:47,3,17,0,20
2023-07-14T13:47:24,3,17,0,20
2023-07-14T13:59:50,3,17,0,20
2023-07-14T14:12:15,3,17,0,20
2023-07-14T14:24:40,3,17,0,20
2023-07-14T14:37:05,3,17,0,20
2023-07-14T14:49:31,3,17,0,20
2023-07-14T15:01:57,3,17,0,20
2023-07-14T15:14:32,3,17,0,20
2023-07-14T15:26:57,3,17,0,20
2023-07-14T15:39:23,3,17,0,20
2023-07-14T15:51:48,3,17,0,20
2023-07-14T16:04:13,3,17,0,20
2023-07-14T16:16:38,3,17,0,20
2023-07-14T16:29:03,3,17,0,20
2023-07-14T16:41:40,3,17,0,20
2023-07-14T16:54:05,3,17,0,20
2023-07-14T17:06:31,3,17,0,20
2023-07-14T17:18:57,3,17,0,20
2023-07-14T17:31:22,3,17,0,20
2023-07-14T17:43:47,3,17,0,20
2023-07-14T17:56:12,3,17,0,20
2023-07-14T18:08:37,3,17,0,20
2023-07-14T18:21:02,3,17,0,20
2023-07-14T18:33:27,3,17,0,20
2023-07-14T18:45:52,3,17,0,20
2023-07-14T18:58:17,3,17,0,20
2023-07-14T19:10:43,3,17,0,20
2023-07-14T19:23:08,3,17,0,20
2023-07-14T19:35:33,3,17,0,20
2023-07-14T19:47:58,3,17,0,20
2023-07-14T20:00:23,3,17,0,20
2023-07-14T20:12:49,3,17,0,20
2023-07-14T20:25:15,3,17,0,20
2023-07-14T20:37:50,3,17,0,20
2023-07-14T20:50:15,3,17,0,20
2023-07-14T21:02:41,3,17,0,20
2023-07-14T21:15:06,3,17,0,20
2023-07-14T21:27:31,3,17,0,20
2023-07-14T21:39:56,3,17,0,20
2023-07-14T21:52:22,3,17,0,20
2023-07-14T22:04:47,3,17,0,20
2023-07-14T22:17:12,3,17,0,20
2023-07-14T22:29:38,3,17,0,20
2023-07-14T22:42:03,3,17,0,20
2023-07-14T22:54:30,3,17,0,20
2023-07-14T23:06:56,3,17,0,20
2023-07-14T23:19:21,3,17,0,20
2023-07-14T23:31:47,3,17,0,20
2023-07-14T23:44:13,3,17,0,20
2023-07-14T23:56:38,3,17,0,20
2023-07-15T00:09:05,3,17,0,20
2023-07-15T00:21:35,3,17,0,20
2023-07-15T00:34:16,3,17,0,20
2023-07-15T00:46:45,3,17,0,20
2023-07-15T00:59:15,3,17,0,20
2023-07-15T01:11:44,3,17,0,20
2023-07-15T01:24:13,3,17,0,20
2023-07-15T01:36:42,3,17,0,20
2023-07-15T01:49:15,3,17,0,20
2023-07-15T02:01:44,3,17,0,20
2023-07-15T02:14:11,3,17,0,20
2023-07-15T02:26:38,3,17,0,20
2023-07-15T02:39:05,3,17,0,20
2023-07-15T02:51:32,3,17,0,20
2023-07-15T03:03:57,3,17,0,20
2023-07-15T03:16:25,3,17,0,20
2023-07-15T03:28:53,3,17,0,20
2023-07-15T03:41:19,3,17,0,20
2023-07-15T03:53:47,3,17,0,20
2023-07-15T04:07:51,3,17,0,20
2023-07-15T04:31:05,3,17,0,20
2023-07-15T04:43:58,3,17,0,20
2023-07-15T04:56:29,3,17,0,20
2023-07-15T05:08:57,3,17,0,20
2023-07-15T05:21:26,3,17,0,20
2023-07-15T05:34:03,3,17,0,20
2023-07-15T05:46:32,3,17,0,20
2023-07-15T05:59:02,3,17,0,20
2023-07-15T06:11:33,3,17,0,20
2023-07-15T06:24:01,3,17,0,20
2023-07-15T06:36:30,3,17,0,20
2023-07-15T06:49:00,3,17,0,20
2023-07-15T07:01:31,3,17,0,20
2023-07-15T07:14:00,3,17,0,20
2023-07-15T07:26:28,3,17,0,20
2023-07-15T07:38:55,3,17,0,20
2023-07-15T07:51:23,3,17,0,20
2023-07-15T08:04:01,3,17,0,20
2023-07-15T08:16:30,3,17,0,20
2023-07-15T08:28:59,3,17,0,20
2023-07-15T08:41:27,3,17,0,20
2023-07-15T08:53:55,3,17,0,20
2023-07-15T09:06:22,3,17,0,20
2023-07-15T09:18:51,3,17,0,20
2023-07-15T09:31:19,3,17,0,20
2023-07-15T09:43:46,3,17,0,20
2023-07-15T09:56:14,3,17,0,20
2023-07-15T10:08:43,3,17,0,20
2023-07-15T10:21:11,3,17,0,20
2023-07-15T10:33:40,3,17,0,20
2023-07-15T10:46:08,3,17,0,20
2023-07-15T10:58:35,3,17,0,20
2023-07-15T11:11:10,3,17,0,20
2023-07-15T11:23:36,3,17,0,20
2023-07-15T11:36:01,3,17,0,20
2023-07-15T11:48:26,3,17,0,20
2023-07-15T12:00:52,3,17,0,20
2023-07-15T12:13:16,3,17,0,20
2023-07-15T12:25:42,3,17,0,20
2023-07-15T12:38:08,3,17,0,20
2023-07-15T12:50:33,3,17,0,20
2023-07-15T13:02:58,3,17,0,20
2023-07-15T13:15:24,3,17,0,20
2023-07-15T13:27:49,3,17,0,20
2023-07-15T13:40:14,3,17,0,20
2023-07-15T13:52:39,3,17,0,20
2023-07-15T14:05:04,3,17,0,20
2023-07-15T14:17:29,3,17,0,20
2023-07-15T14:30:04,3,17,0,20
2023-07-15T14:42:29,3,17,0,20
2023-07-15T14:54:54,3,17,0,20
2023-07-15T15:07:19,3,17,0,20
2023-07-15T15:19:44,3,17,0,20
2023-07-15T15:32:09,3,17,0,20
2023-07-15T15:44:34,3,17,0,20
2023-07-15T15:56:59,3,17,0,20
2023-07-15T16:09:24,3,17,0,20
2023-07-15T16:21:49,3,17,0,20
2023-07-15T16:34:14,3,17,0,20
2023-07-15T16:46:38,3,17,0,20
2023-07-15T16:59:03,3,17,0,20
2023-07-15T17:11:29,3,17,0,20
2023-07-15T17:23:55,3,17,0,20
2023-07-15T17:36:20,3,17,0,20
2023-07-15T17:48:45,3,17,0,20
2023-07-15T18:01:10,3,17,0,20
2023-07-15T18:13:35,3,17,0,20
2023-07-15T18:26:00,3,17,0,20
2023-07-15T18:38:25,3,17,0,20
2023-07-15T18:51:01,3,17,0,20
2023-07-15T19:03:26,3,17,0,20
2023-07-15T19:15:51,3,17,0,20
2023-07-15T19:28:15,3,17,0,20
2023-07-15T19:40:40,3,17,0,20
2023-07-15T19:53:05,3,17,0,20
2023-07-15T20:05:30,3,17,0,20
2023-07-15T20:17:56,3,17,0,20
2023-07-15T20:30:21,3,17,0,20
2023-07-15T20:42:46,3,17,0,20
2023-07-15T20:55:11,3,17,0,20
2023-07-15T21:07:36,3,17,0,20
2023-07-15T21:20:13,3,17,0,20
2023-07-15T21:32:38,3,17,0,20
2023-07-15T21:45:03,3,17,0,20
2023-07-15T21:57:28,3,17,0,20
2023-07-15T22:09:53,3,17,0,20
2023-07-15T22:22:18,3,17,0,20
2023-07-15T22:34:44,3,17,0,20
2023-07-15T22:47:08,3,17,0,20
2023-07-15T22:59:33,3,17,0,20
2023-07-15T23:11:59,3,17,0,20
2023-07-15T23:24:25,3,17,0,20
2023-07-15T23:36:50,3,17,0,20
2023-07-15T23:49:15,3,17,0,20
2023-07-16T00:01:41,3,17,0,20
2023-07-16T00:14:07,3,17,0,20
2023-07-16T00:26:33,3,17,0,20
2023-07-16T00:38:59,3,17,0,20
2023-07-16T00:51:25,3,17,0,20
2023-07-16T01:14:30,3,17,0,20
2023-07-16T01:27:10,3,17,0,20
2023-07-16T01:39:41,3,17,0,20
2023-07-16T01:52:12,3,17,0,20
2023-07-16T02:04:42,3,17,0,20
2023-07-16T02:17:13,3,17,0,20
2023-07-16T02:29:42,3,17,0,20
2023-07-16T02:42:12,3,17,0,20
2023-07-16T02:54:48,3,17,0,20
2023-07-16T03:07:17,3,17,0,20
2023-07-16T03:19:46,3,17,0,20
2023-07-16T03:32:15,3,17,0,20
2023-07-16T03:44:43,3,17,0,20
2023-07-16T03:57:11,3,17,0,20
2023-07-16T04:21:55,3,17,0,20
2023-07-16T04:34:50,3,17,0,20
2023-07-16T04:47:20,3,17,0,20
2023-07-16T04:59:52,3,17,0,20
2023-07-16T05:12:22,3,17,0,20
2023-07-16T05:24:50,3,17,0,20
2023-07-16T05:37:20,3,17,0,20
2023-07-16T05:49:49,3,17,0,20
2023-07-16T06:02:18,3,17,0,20
2023-07-16T06:14:47,3,17,0,20
2023-07-16T06:27:15,3,17,0,20
2023-07-16T06:39:44,3,17,0,20
2023-07-16T06:52:13,3,17,0,20
2023-07-16T07:04:40,3,17,0,20
2023-07-16T07:17:11,3,17,0,20
2023-07-16T07:29:40,3,17,0,20
2023-07-16T07:42:08,3,17,0,20
2023-07-16T07:54:39,3,17,0,20
2023-07-16T08:07:10,3,17,0,20
2023-07-16T08:19:36,3,17,0,20
2023-07-16T08:32:02,3,17,0,20
2023-07-16T08:44:27,3,17,0,20
2023-07-16T08:56:53,3,17,0,20
2023-07-16T09:09:18,3,17,0,20
2023-07-16T09:21:44,3,17,0,20
2023-07-16T09:34:10,3,17,0,20
2023-07-16T09:46:35,3,17,0,20
2023-07-16T09:59:01,3,17,0,20
2023-07-16T10:11:27,3,17,0,20
2023-07-16T10:23:52,3,17,0,20
2023-07-16T10:36:27,3,17,0,20
2023-07-16T10:48:54,3,17,0,20
2023-07-16T11:01:20,3,17,0,20
2023-07-16T11:13:46,3,17,0,20
2023-07-16T11:26:12,3,17,0,20
2023-07-16T11:38:38,3,17,0,20
2023-07-16T11:51:03,3,17,0,20
2023-07-16T12:03:29,3,17,0,20
2023-07-16T12:15:54,3,17,0,20
2023-07-16T12:28:20,3,17,0,20
2023-07-16T12:40:46,3,17,0,20
2023-07-16T12:53:11,3,17,0,20
2023-07-16T13:05:36,3,17,0,20
2023-07-16T13:18:01,3,17,0,20
2023-07-16T13:30:27,3,17,0,20
2023-07-16T13:43:01,3,17,0,20
2023-07-16T13:55:27,3,17,0,20
2023-07-16T14:07:52,3,17,0,20
2023-07-16T14:20:17,3,17,0,20
2023-07-16T14:32:42,3,17,0,20
2023-07-16T14:45:07,3,17,0,20
2023-07-16T14:57:33,3,17,0,20
2023-07-16T15:09:58,3,17,0,20
2023-07-16T15:22:23,3,17,0,20
2023-07-16T15:34:48,3,17,0,20
2023-07-16T15:47:13,3,17,0,20
2023-07-16T15:59:39,3,17,0,20
2023-07-16T16:12:04,3,17,0,20
2023-07-16T16:24:30,3,17,0,20
2023-07-16T16:36:56,3,17,0,20
2023-07-16T16:49:21,3,17,0,20
2023-07-16T17:01:47,3,17,0,20
2023-07-16T17:14:13,3,17,0,20
2023-07-16T17:26:39,3,17,0,20
2023-07-16T17:39:04,3,17,0,20
2023-07-16T17:51:29,3,17,0,20
2023-07-16T18:03:55,3,17,0,20
2023-07-16T18:16:30,3,17,0,20
2023-07-16T18:28:55,3,17,0,20
2023-07-16T18:41:21,3,17,0,20
2023-07-16T18:53:46,3,17,0,20
2023-07-16T19:06:14,3,17,0,20
2023-07-16T19:18:41,3,17,0,20
2023-07-16T19:31:10,3,17,0,20
2023-07-16T19:43:37,3,17,0,20
2023-07-16T19:56:03,3,17,0,20
2023-07-16T20:08:29,3,17,0,20
2023-07-16T20:20:55,3,17,0,20
2023-07-16T20:33:20,3,17,0,20
2023-07-16T20:45:46,3,17,0,20
2023-07-16T20:58:11,3,17,0,20
2023-07-16T21:10:37,3,17,0,20
2023-07-16T21:23:03,3,17,0,20
2023-07-16T21:35:28,3,17,0,20
2023-07-16T21:47:55,3,17,0,20
2023-07-16T22:00:21,3,17,0,20
2023-07-16T22:12:46,3,17,0,20
2023-07-16T22:25:12,3,17,0,20
2023-07-16T22:37:39,3,17,0,20
2023-07-16T22:50:17,3,17,0,20
2023-07-16T23:02:43,3,17,0,20
2023-07-16T23:15:09,3,17,0,20
2023-07-16T23:27:35,3,17,0,20
2023-07-16T23:40:01,3,17,0,20
2023-07-16T23:52:28,3,17,0,20
2023-07-17T00:04:55,3,17,0,20
2023-07-17T00:17:23,3,17,0,20
2023-07-17T00:29:54,3,17,0,20
2023-07-17T00:42:28,3,17,0,20
2023-07-17T00:54:58,3,17,0,20
2023-07-17T01:07:28,3,17,0,20
2023-07-17T01:19:55,3,17,0,20
2023-07-17T01:32:21,3,17,0,20
2023-07-17T01:45:05,3,17,0,20
2023-07-17T01:57:36,3,17,0,20
2023-07-17T02:10:07,3,17,0,20
2023-07-17T02:22:37,3,17,0,20
2023-07-17T02:35:07,3,17,0,20
2023-07-17T02:47:45,3,17,0,20
2023-07-17T03:00:13,3,17,0,20
2023-07-17T03:12:44,3,17,0,20
2023-07-17T03:25:13,3,17,0,20
2023-07-17T03:37:42,3,17,0,20
2023-07-17T03:50:10,3,17,0,20
2023-07-17T04:02:39,3,17,0,20
2023-07-17T04:24:35,3,17,0,20
2023-07-17T04:38:35,3,17,0,20
2023-07-17T04:51:06,3,17,0,20
2023-07-17T05:03:41,3,17,0,20
2023-07-17T05:16:10,3,17,0,20
2023-07-17T05:28:40,3,17,0,20
2023-07-17T05:41:10,3,17,0,20
2023-07-17T05:53:39,3,17,0,20
2023-07-17T06:06:08,3,17,0,20
2023-07-17T06:18:38,3,17,0,20
2023-07-17T06:31:07,3,17,0,20
2023-07-17T06:43:36,3,17,0,20
2023-07-17T06:56:04,3,17,0,20
2023-07-17T07:08:33,3,17,0,20
2023-07-17T07:21:01,3,17,0,20
2023-07-17T07:33:31,3,17,0,20
2023-07-17T07:45:57,3,17,0,20
2023-07-17T07:58:24,3,17,0,20
2023-07-17T08:10:54,3,17,0,20
2023-07-17T08:23:21,3,17,0,20
2023-07-17T08:35:47,3,17,0,20
2023-07-17T08:48:12,3,17,0,20
2023-07-17T09:00:38,3,17,0,20
2023-07-17T09:13:04,3,17,0,20
2023-07-17T09:25:29,3,17,0,20
2023-07-17T09:37:54,3,17,0,20
2023-07-17T09:50:30,3,17,0,20
2023-07-17T10:02:55,3,17,0,20
2023-07-17T10:15:20,3,17,0,20
2023-07-17T10:27:45,3,17,0,20
2023-07-17T10:40:11,3,17,0,20
2023-07-17T10:52:36,3,17,0,20
2023-07-17T11:05:01,3,17,0,20
2023-07-17T11:17:27,3,17,0,20
2023-07-17T11:29:53,3,17,0,20
2023-07-17T11:42:20,3,17,0,20
2023-07-17T11:54:46,3,17,0,20
2023-07-17T12:07:12,3,17,0,20
2023-07-17T12:19:38,3,17,0,20
2023-07-17T12:32:16,3,17,0,20
2023-07-17T12:44:42,3,17,0,20
2023-07-17T12:57:08,3,17,0,20
2023-07-17T13:09:34,3,17,0,20
2023-07-17T13:22:00,3,17,0,20
2023-07-17T13:34:26,3,17,0,20
2023-07-17T13:46:52,3,17,0,20
2023-07-17T13:59:18,3,17,0,20
2023-07-17T14:11:44,3,17,0,20
2023-07-17T14:24:11,3,17,0,20
2023-07-17T14:36:37,3,17,0,20
2023-07-17T14:49:03,3,17,0,20
2023-07-17T15:01:41,3,17,0,20
2023-07-17T15:14:07,3,17,0,20
2023-07-17T15:26:33,3,17,0,20
2023-07-17T15:38:59,3,17,0,20
2023-07-17T15:51:25,3,17,0,20
2023-07-17T16:03:52,3,17,0,20
2023-07-17T16:16:18,3,17,0,20
2023-07-17T16:28:44,3,17,0,20
2023-07-17T16:41:13,3,17,0,20
2023-07-17T16:53:39,3,17,0,20
2023-07-17T17:06:17,3,17,0,20
2023-07-17T17:18:44,3,17,0,20
2023-07-17T17:31:11,3,17,0,20
2023-07-17T17:43:37,3,17,0,20
2023-07-17T17:56:04,3,17,0,20
2023-07-17T18:08:30,3,17,0,20
2023-07-17T18:20:56,3,17,0,20
2023-07-17T18:33:23,3,17,0,20
2023-07-17T18:45:50,3,17,0,20
2023-07-17T18:58:16,3,17,0,20
2023-07-17T19:10:43,3,17,0,20
2023-07-17T19:23:09,3,17,0,20
2023-07-17T19:35:36,3,17,0,20
2023-07-17T19:48:03,3,17,0,20
2023-07-17T20:00:29,3,17,0,20
2023-07-17T20:12:56,3,17,0,20
2023-07-17T20:25:32,3,17,0,20
2023-07-17T20:37:59,3,17,0,20
2023-07-17T20:50:25,3,17,0,20
2023-07-17T21:02:51,3,17,0,20
2023-07-17T21:15:18,3,17,0,20
2023-07-17T21:27:45,3,17,0,20
2023-07-17T21:40:11,3,17,0,20
2023-07-17T21:52:38,3,17,0,20
2023-07-17T22:05:04,3,17,0,20
2023-07-17T22:17:30,3,17,0,20
2023-07-17T22:29:57,3,17,0,20
2023-07-17T22:42:23,3,17,0,20
2023-07-17T22:54:49,3,17,0,20
2023-07-17T23:07:17,3,17,0,20
2023-07-17T23:19:44,3,17,0,20
2023-07-17T23:32:21,3,17,0,20
2023-07-17T23:44:48,3,17,0,20
2023-07-17T23:57:15,3,17,0,20
2023-07-18T00:09:43,3,17,0,20
2023-07-18T00:22:16,3,17,0,20
2023-07-18T00:34:47,3,17,0,20
2023-07-18T00:47:18,3,17,0,20
2023-07-18T00:59:49,3,17,0,20
2023-07-18T01:12:19,3,17,0,20
2023-07-18T01:24:49,3,17,0,20
2023-07-18T01:37:20,3,17,0,20
2023-07-18T01:49:51,3,17,0,20
2023-07-18T02:02:22,3,17,0,20
2023-07-18T02:14:52,3,17,0,20
2023-07-18T02:27:20,3,17,0,20
2023-07-18T02:39:48,3,17,0,20
2023-07-18T02:52:15,3,17,0,20
2023-07-18T03:04:42,3,17,0,20
2023-07-18T03:17:11,3,17,0,20
2023-07-18T03:29:40,3,17,0,20
2023-07-18T03:42:09,3,17,0,20
2023-07-18T03:54:38,3,17,0,20
2023-07-18T04:07:08,3,17,0,20
2023-07-18T04:36:18,3,17,0,20
2023-07-18T04:50:02,3,17,0,20
2023-07-18T05:02:51,3,17,0,20
2023-07-18T05:15:23,3,17,0,20
2023-07-18T05:27:55,3,17,0,20
2023-07-18T05:40:24,3,17,0,20
2023-07-18T05:52:53,3,17,0,20
2023-07-18T06:05:23,3,17,0,20
2023-07-18T06:17:53,3,17,0,20
2023-07-18T06:30:22,3,17,0,20
2023-07-18T06:42:51,3,17,0,20
2023-07-18T06:55:21,3,17,0,20
2023-07-18T07:07:51,3,17,0,20
2023-07-18T07:20:21,3,17,0,20
2023-07-18T07:32:52,3,17,0,20
2023-07-18T07:45:20,3,17,0,20
2023-07-18T07:57:48,3,17,0,20
2023-07-18T08:10:17,3,17,0,20
2023-07-18T08:22:45,3,17,0,20
2023-07-18T08:35:14,3,17,0,20
2023-07-18T08:47:53,3,17,0,20
2023-07-18T09:00:22,3,17,0,20
2023-07-18T09:12:51,3,17,0,20
2023-07-18T09:25:19,3,17,0,20
2023-07-18T09:37:46,3,17,0,20
2023-07-18T09:50:12,3,17,0,20
2023-07-18T10:02:39,3,17,0,20
2023-07-18T10:15:05,3,17,0,20
2023-07-18T10:27:32,3,17,0,20
2023-07-18T10:39:59,3,17,0,20
2023-07-18T10:52:25,3,17,0,20
2023-07-18T11:04:54,3,17,0,20
2023-07-18T11:17:22,3,17,0,20
2023-07-18T11:29:49,3,17,0,20
2023-07-18T11:42:15,3,17,0,20
2023-07-18T11:54:42,3,17,0,20
2023-07-18T12:07:08,3,17,0,20
2023-07-18T12:19:34,3,17,0,20
2023-07-18T12:32:14,3,17,0,20
2023-07-18T12:44:40,3,17,0,20
2023-07-18T12:57:06,3,17,0,20
2023-07-18T13:09:33,3,17,0,20
2023-07-18T13:22:00,3,17,0,20
2023-07-18T13:34:27,3,17,0,20
2023-07-18T13:46:53,3,17,0,20
2023-07-18T13:59:20,3,17,0,20
2023-07-18T14:11:46,3,17,0,20
2023-07-18T14:24:12,3,17,0,20
2023-07-18T14:36:39,3,17,0,20
2023-07-18T14:49:06,3,17,0,20
2023-07-18T15:01:33,3,17,0,20
2023-07-18T15:14:03,3,17,0,20
2023-07-18T15:26:29,3,17,0,20
2023-07-18T15:39:06,3,17,0,20
2023-07-18T15:51:32,3,17,0,20
2023-07-18T16:03:59,3,17,0,20
2023-07-18T16:16:25,3,17,0,20
2023-07-18T16:28:52,3,17,0,20
2023-07-18T16:41:18,3,17,0,20
2023-07-18T16:53:45,3,17,0,20
2023-07-18T17:06:12,3,17,0,20
2023-07-18T17:18:39,3,17,0,20
2023-07-18T17:31:05,3,17,0,20
2023-07-18T17:43:36,3,17,0,20
2023-07-18T17:56:02,3,17,0,20
2023-07-18T18:08:33,3,17,0,20
2023-07-18T18:20:59,3,17,0,20
2023-07-18T18:33:26,3,17,0,20
2023-07-18T18:46:04,3,17,0,20
2023-07-18T18:58:30,3,17,0,20
2023-07-18T19:10:57,3,17,0,20
2023-07-18T19:23:24,3,17,0,20
2023-07-18T19:35:51,3,17,0,20
2023-07-18T19:48:18,3,17,0,20
2023-07-18T20:00:45,3,17,0,20
2023-07-18T20:13:11,3,17,0,20
2023-07-18T20:25:38,3,17,0,20
2023-07-18T20:38:05,3,17,0,20
2023-07-18T20:50:31,3,17,0,20
2023-07-18T21:02:58,3,17,0,20
2023-07-18T21:15:34,3,17,0,20
2023-07-18T21:28:00,3,17,0,20
2023-07-18T21:40:26,3,17,0,20
2023-07-18T21:52:53,3,17,0,20
2023-07-18T22:05:19,3,17,0,20
2023-07-18T22:17:46,3,17,0,20
2023-07-18T22:30:12,3,17,0,20
2023-07-18T22:42:38,3,17,0,20
2023-07-18T22:55:05,3,17,0,20
2023-07-18T23:07:32,3,17,0,20
2023-07-18T23:19:59,3,17,0,20
2023-07-18T23:32:26,3,17,0,20
2023-07-18T23:44:53,3,17,0,20
2023-07-18T23:57:20,3,17,0,20
2023-07-19T00:09:48,3,17,0,20
2023-07-19T00:22:21,3,17,0,20
2023-07-19T00:34:51,3,17,0,20
2023-07-19T00:47:21,3,17,0,20
2023-07-19T01:00:01,3,17,0,20
2023-07-19T01:12:32,3,17,0,20
2023-07-19T01:25:02,3,17,0,20
2023-07-19T01:37:33,3,17,0,20
2023-07-19T01:50:04,3,17,0,20
2023-07-19T02:02:40,3,17,0,20
2023-07-19T02:15:10,3,17,0,20
2023-07-19T02:27:41,3,17,0,20
2023-07-19T02:40:11,3,17,0,20
2023-07-19T02:52:40,3,17,0,20
2023-07-19T03:05:09,3,17,0,20
2023-07-19T03:17:38,3,17,0,20
2023-07-19T03:30:08,3,17,0,20
2023-07-19T03:42:37,3,17,0,20
2023-07-19T03:55:06,3,17,0,20
2023-07-19T04:07:35,3,17,0,20
2023-07-19T04:25:15,3,17,0,20
2023-07-19T04:37:46,3,17,0,20
2023-07-19T04:50:17,3,17,0,20
2023-07-19T05:02:49,3,17,0,20
2023-07-19T05:15:19,3,17,0,20
2023-07-19T05:27:49,3,17,0,20
2023-07-19T05:40:18,3,17,0,20
2023-07-19T05:52:47,3,17,0,20
2023-07-19T06:05:16,3,17,0,20
2023-07-19T06:17:45,3,17,0,20
2023-07-19T06:30:13,3,17,0,20
2023-07-19T06:42:41,3,17,0,20
2023-07-19T06:55:10,3,17,0,20
2023-07-19T07:07:39,3,17,0,20
2023-07-19T07:20:08,3,17,0,20
2023-07-19T07:32:37,3,17,0,20
2023-07-19T07:45:05,3,17,0,20
2023-07-19T07:57:34,3,17,0,20
2023-07-19T08:10:03,3,17,0,20
2023-07-19T08:22:30,3,17,0,20
2023-07-19T08:34:59,3,17,0,20
2023-07-19T08:47:26,3,17,0,20
2023-07-19T08:59:53,3,17,0,20
2023-07-19T09:12:22,3,17,0,20
2023-07-19T09:24:47,3,17,0,20
2023-07-19T09:37:21,3,17,0,20
2023-07-19T09:49:47,3,17,0,20
2023-07-19T10:02:13,3,17,0,20
2023-07-19T10:14:39,3,17,0,20
2023-07-19T10:27:04,3,17,0,20
2023-07-19T10:39:30,3,17,0,20
2023-07-19T10:51:57,3,17,0,20
2023-07-19T11:04:23,3,17,0,20
2023-07-19T11:16:49,3,17,0,20
2023-07-19T11:29:15,3,17,0,20
2023-07-19T11:41:42,3,17,0,20
2023-07-19T11:54:08,3,17,0,20
2023-07-19T12:06:35,3,17,0,20
2023-07-19T12:19:13,3,17,0,20
2023-07-19T12:31:39,3,17,0,20
2023-07-19T12:44:05,3,17,0,20
2023-07-19T12:56:31,3,17,0,20
2023-07-19T13:08:57,3,17,0,20
2023-07-19T13:21:23,3,17,0,20
2023-07-19T13:33:48,3,17,0,20
2023-07-19T13:46:14,3,17,0,20
2023-07-19T13:58:40,3,17,0,20
2023-07-19T14:11:06,3,17,0,20
2023-07-19T14:23:31,3,17,0,20
2023-07-19T14:35:56,3,17,0,20
2023-07-19T14:48:32,3,17,0,20
2023-07-19T15:00:57,3,17,0,20
2023-07-19T15:13:23,3,17,0,20
2023-07-19T15:25:48,3,17,0,20
2023-07-19T15:38:15,3,17,0,20
2023-07-19T15:50:41,3,17,0,20
2023-07-19T16:03:07,3,17,0,20
2023-07-19T16:15:32,3,17,0,20
2023-07-19T16:27:58,3,17,0,20
2023-07-19T16:40:24,3,17,0,20
2023-07-19T16:52:50,3,17,0,20
2023-07-19T17:05:23,3,17,0,20
2023-07-19T17:17:51,3,17,0,20
2023-07-19T17:30:27,3,17,0,20
2023-07-19T17:42:54,3,17,0,20
2023-07-19T17:55:20,3,17,0,20
2023-07-19T18:07:46,3,17,0,20
2023-07-19T18:20:13,3,17,0,20
2023-07-19T18:32:39,3,17,0,20
2023-07-19T18:45:05,3,17,0,20
2023-07-19T18:57:31,3,17,0,20
2023-07-19T19:10:10,3,17,0,20
2023-07-19T19:22:37,3,17,0,20
2023-07-19T19:35:04,3,17,0,20
2023-07-19T19:47:36,3,17,0,20
2023-07-19T20:00:03,3,17,0,20
2023-07-19T20:12:29,3,17,0,20
2023-07-19T20:25:07,3,17,0,20
2023-07-19T20:37:33,3,17,0,20
2023-07-19T20:49:59,3,17,0,20
2023-07-19T21:02:25,3,17,0,20
2023-07-19T21:14:51,3,17,0,20
2023-07-19T21:27:17,3,17,0,20
2023-07-19T21:39:43,3,17,0,20
2023-07-19T21:52:10,3,17,0,20
2023-07-19T22:04:35,3,17,0,20
2023-07-19T22:17:02,3,17,0,20
2023-07-19T22:29:28,3,17,0,20
2023-07-19T22:41:53,3,17,0,20
2023-07-19T22:54:19,3,17,0,20
2023-07-19T23:06:46,3,17,0,20
2023-07-19T23:19:13,3,17,0,20
2023-07-19T23:31:39,3,17,0,20
2023-07-19T23:44:06,3,17,0,20
2023-07-19T23:56:43,3,17,0,20
2023-07-20T00:09:11,3,17,0,20
2023-07-20T00:21:42,3,17,0,20
2023-07-20T00:34:11,3,17,0,20
2023-07-20T00:46:43,3,17,0,20
2023-07-20T00:59:13,3,17,0,20
2023-07-20T01:11:45,3,17,0,20
2023-07-20T01:24:15,3,17,0,20
2023-07-20T01:36:45,3,17,0,20
2023-07-20T01:49:18,3,17,0,20
2023-07-20T02:01:48,3,17,0,20
2023-07-20T02:14:19,3,17,0,20
2023-07-20T02:26:48,3,17,0,20
2023-07-20T02:39:15,3,17,0,20
2023-07-20T02:51:41,3,17,0,20
2023-07-20T03:04:08,3,17,0,20
2023-07-20T03:16:36,3,17,0,20
2023-07-20T03:29:04,3,17,0,20
2023-07-20T03:41:33,3,17,0,20
2023-07-20T03:54:02,3,17,0,20
2023-07-20T04:18:32,3,17,0,20
2023-07-20T04:31:04,3,17,0,20
2023-07-20T04:43:37,3,17,0,20
2023-07-20T04:56:09,3,17,0,20
2023-07-20T05:08:39,3,17,0,20
2023-07-20T05:21:09,3,17,0,20
2023-07-20T05:33:38,3,17,0,20
2023-07-20T05:46:08,3,17,0,20
2023-07-20T05:58:38,3,17,0,20
2023-07-20T06:11:07,3,17,0,20
2023-07-20T06:23:36,3,17,0,20
2023-07-20T06:36:05,3,17,0,20
2023-07-20T06:48:34,3,17,0,20
2023-07-20T07:01:01,3,17,0,20
2023-07-20T07:13:30,3,17,0,20
2023-07-20T07:25:58,3,17,0,20
2023-07-20T07:38:26,3,17,0,20
2023-07-20T07:50:54,3,17,0,20
2023-07-20T08:03:22,3,17,0,20
2023-07-20T08:15:50,3,17,0,20
2023-07-20T08:28:19,3,17,0,20
2023-07-20T08:40:51,3,17,0,20
2023-07-20T08:53:19,3,17,0,20
2023-07-20T09:05:48,3,17,0,20
2023-07-20T09:18:17,3,17,0,20
2023-07-20T09:30:54,3,17,0,20
2023-07-20T09:43:20,3,17,0,20
2023-07-20T09:55:46,3,17,0,20
2023-07-20T10:08:13,3,17,0,20
2023-07-20T10:20:39,3,17,0,20
2023-07-20T10:33:05,3,17,0,20
2023-07-20T10:45:32,3,17,0,20
2023-07-20T10:57:58,3,17,0,20
2023-07-20T11:10:24,3,17,0,20
2023-07-20T11:22:50,3,17,0,20
2023-07-20T11:35:17,3,17,0,20
2023-07-20T11:47:43,3,17,0,20
2023-07-20T12:00:09,3,17,0,20
2023-07-20T12:12:55,3,17,0,20
2023-07-20T12:25:22,3,17,0,20
2023-07-20T12:37:48,3,17,0,20
2023-07-20T12:50:14,3,17,0,20
2023-07-20T13:02:40,3,17,0,20
2023-07-20T13:15:07,3,17,0,20
2023-07-20T13:27:34,3,17,0,20
2023-07-20T13:40:00,3,17,0,20
2023-07-20T13:52:26,3,17,0,20
2023-07-20T14:04:52,3,17,0,20
2023-07-20T14:17:18,3,17,0,20
2023-07-20T14:29:44,3,17,0,20
2023-07-20T14:42:10,3,17,0,20
2023-07-20T14:54:55,3,17,0,20
2023-07-20T15:07:21,3,17,0,20
2023-07-20T15:19:46,3,17,0,20
2023-07-20T15:32:13,3,17,0,20
2023-07-20T15:44:39,3,17,0,20
2023-07-20T15:57:04,3,17,0,20
2023-07-20T16:09:30,3,17,0,20
2023-07-20T16:21:56,3,17,0,20
2023-07-20T16:34:22,3,17,0,20
2023-07-20T16:46:48,3,17,0,20
2023-07-20T16:59:14,3,17,0,20
2023-07-20T17:11:41,3,17,0,20
2023-07-20T17:24:10,3,17,0,20
2023-07-20T17:36:37,3,17,0,20
2023-07-20T17:49:14,3,17,0,20
2023-07-20T18:01:40,3,17,0,20
2023-07-20T18:14:06,3,17,0,20
2023-07-20T18:26:32,3,17,0,20
2023-07-20T18:38:58,3,17,0,20
2023-07-20T18:51:25,3,17,0,20
2023-07-20T19:03:52,3,17,0,20
2023-07-20T19:16:18,3,17,0,20
2023-07-20T19:28:44,3,17,0,20
2023-07-20T19:41:11,3,17,0,20
2023-07-20T19:53:37,3,17,0,20
2023-07-20T20:06:03,3,17,0,20
2023-07-20T20:18:29,3,17,0,20
2023-07-20T20:30:55,3,17,0,20
2023-07-20T20:43:40,3,17,0,20
2023-07-20T20:56:06,3,17,0,20
2023-07-20T21:08:32,3,17,0,20
2023-07-20T21:20:59,3,17,0,20
2023-07-20T21:33:25,3,17,0,20
2023-07-20T21:45:51,3,17,0,20
2023-07-20T21:58:17,3,17,0,20
2023-07-20T22:10:44,3,17,0,20
2023-07-20T22:23:10,3,17,0,20
2023-07-20T22:35:36,3,17,0,20
2023-07-20T22:48:02,3,17,0,20
2023-07-20T23:00:28,3,17,0,20
2023-07-20T23:12:55,3,17,0,20
2023-07-20T23:25:22,3,17,0,20
2023-07-20T23:37:49,3,17,0,20
2023-07-20T23:50:16,3,17,0,20
2023-07-21T00:02:42,3,17,0,20
2023-07-21T00:15:25,3,17,0,20
2023-07-21T00:27:55,3,17,0,20
2023-07-21T00:40:24,3,17,0,20
2023-07-21T00:52:55,3,17,0,20
2023-07-21T01:05:25,3,17,0,20
2023-07-21T01:17:55,3,17,0,20
2023-07-21T01:30:25,3,17,0,20
2023-07-21T01:42:56,3,17,0,20
2023-07-21T01:55:26,3,17,0,20
2023-07-21T02:07:55,3,17,0,20
2023-07-21T02:20:23,3,17,0,20
2023-07-21T02:32:50,3,17,0,20
2023-07-21T02:45:18,3,17,0,20
2023-07-21T02:57:45,3,17,0,20
2023-07-21T03:10:17,3,17,0,20
2023-07-21T03:22:48,3,17,0,20
2023-07-21T03:35:35,3,17,0,20
2023-07-21T03:48:06,3,17,0,20
2023-07-21T04:00:36,3,17,0,20
2023-07-21T04:19:11,3,17,0,20
2023-07-21T04:31:44,3,17,0,20
2023-07-21T04:44:16,3,17,0,20
2023-07-21T04:56:47,3,17,0,20
2023-07-21T05:09:17,3,17,0,20
2023-07-21T05:21:47,3,17,0,20
2023-07-21T05:34:18,3,17,0,20
2023-07-21T05:46:49,3,17,0,20
2023-07-21T05:59:19,3,17,0,20
2023-07-21T06:11:49,3,17,0,20
2023-07-21T06:24:19,3,17,0,20
2023-07-21T06:36:49,3,17,0,20
2023-07-21T06:49:19,3,17,0,20
2023-07-21T07:01:48,3,17,0,20
2023-07-21T07:14:18,3,17,0,20
2023-07-21T07:26:46,3,17,0,20
2023-07-21T07:39:15,3,17,0,20
2023-07-21T07:51:44,3,17,0,20
2023-07-21T08:04:13,3,17,0,20
2023-07-21T08:16:42,3,17,0,20
2023-07-21T08:29:27,3,17,0,20
2023-07-21T08:41:55,3,17,0,20
2023-07-21T08:54:22,3,17,0,20
2023-07-21T09:06:48,3,17,0,20
2023-07-21T09:19:15,3,17,0,20
2023-07-21T09:31:41,3,17,0,20
2023-07-21T09:44:08,3,17,0,20
2023-07-21T09:56:34,3,17,0,20
2023-07-21T10:09:01,3,17,0,20
2023-07-21T10:21:30,3,17,0,20
2023-07-21T10:33:56,3,17,0,20
2023-07-21T10:46:23,3,17,0,20
2023-07-21T10:58:49,3,17,0,20
2023-07-21T11:11:16,3,17,0,20
2023-07-21T11:23:43,3,17,0,20
2023-07-21T11:36:09,3,17,0,20
2023-07-21T11:48:36,3,17,0,20
2023-07-21T12:01:13,3,17,0,20
2023-07-21T12:13:39,3,17,0,20
2023-07-21T12:26:06,3,17,0,20
2023-07-21T12:38:33,3,17,0,20
2023-07-21T12:51:00,3,17,0,20
2023-07-21T13:03:26,3,17,0,20
2023-07-21T13:15:52,3,17,0,20
2023-07-21T13:28:19,3,17,0,20
2023-07-21T13:40:47,3,17,0,20
2023-07-21T13:53:15,3,17,0,20
2023-07-21T14:05:43,3,17,0,20
2023-07-21T14:18:12,3,17,0,20
2023-07-21T14:30:51,3,17,0,20
2023-07-21T14:43:20,3,17,0,20
2023-07-21T14:55:49,3,17,0,20
2023-07-21T15:08:17,3,17,0,20
2023-07-21T15:20:43,3,17,0,20
2023-07-21T15:33:08,3,17,0,20
2023-07-21T15:45:32,3,17,0,20
2023-07-21T15:57:55,3,17,0,20
2023-07-21T16:10:18,3,17,0,20
2023-07-21T16:22:46,3,17,0,20
2023-07-21T16:35:13,3,17,0,20
2023-07-21T16:47:39,3,17,0,20
2023-07-21T17:00:29,3,17,0,20
2023-07-21T17:12:57,3,17,0,20
2023-07-21T17:25:25,3,17,0,20
2023-07-21T17:37:52,3,17,0,20
2023-07-21T17:50:19,3,17,0,20
2023-07-21T18:02:46,3,17,0,20
2023-07-21T18:15:13,3,17,0,20
2023-07-21T18:27:40,3,17,0,20
2023-07-21T18:40:06,3,17,0,20
2023-07-21T18:52:33,3,17,0,20
2023-07-21T19:05:00,3,17,0,20
2023-07-21T19:17:26,3,17,0,20
2023-07-21T19:29:53,3,17,0,20
2023-07-21T19:42:30,3,17,0,20
2023-07-21T19:54:57,3,17,0,20
2023-07-21T20:07:24,3,17,0,20
2023-07-21T20:19:51,3,17,0,20
2023-07-21T20:32:17,3,17,0,20
2023-07-21T20:44:44,3,17,0,20
2023-07-21T20:57:10,3,17,0,20
2023-07-21T21:09:37,3,17,0,20
2023-07-21T21:22:03,3,17,0,20
2023-07-21T21:34:29,3,17,0,20
2023-07-21T21:46:56,3,17,0,20
2023-07-21T21:59:23,3,17,0,20
2023-07-21T22:11:49,3,17,0,20
2023-07-21T22:24:16,3,17,0,20
2023-07-21T22:36:44,3,17,0,20
2023-07-21T22:49:10,3,17,0,20
2023-07-21T23:01:36,3,17,0,20
2023-07-21T23:14:04,3,17,0,20
2023-07-21T23:26:42,3,17,0,20
2023-07-21T23:39:09,3,17,0,20
2023-07-21T23:51:36,3,17,0,20
2023-07-22T00:04:04,3,17,0,20
2023-07-22T00:16:38,3,17,0,20
2023-07-22T00:29:09,3,17,0,20
2023-07-22T00:41:39,3,17,0,20
2023-07-22T00:54:10,3,17,0,20
2023-07-22T01:06:40,3,17,0,20
2023-07-22T01:19:10,3,17,0,20
2023-07-22T01:31:41,3,17,0,20
2023-07-22T01:44:13,3,17,0,20
2023-07-22T01:56:44,3,17,0,20
2023-07-22T02:09:13,3,17,0,20
2023-07-22T02:21:41,3,17,0,20
2023-07-22T02:34:08,3,17,0,20
2023-07-22T02:46:36,3,17,0,20
2023-07-22T02:59:02,3,17,0,20
2023-07-22T03:11:32,3,17,0,20
2023-07-22T03:24:03,3,17,0,20
2023-07-22T03:36:33,3,17,0,20
2023-07-22T03:49:01,3,17,0,20
2023-07-22T04:01:41,3,17,0,20
2023-07-22T04:17:53,3,17,0,20
2023-07-22T04:30:25,3,17,0,20
2023-07-22T04:42:57,3,17,0,20
2023-07-22T04:55:26,3,17,0,20
2023-07-22T05:07:55,3,17,0,20
2023-07-22T05:20:22,3,17,0,20
2023-07-22T05:32:48,3,17,0,20
2023-07-22T05:45:15,3,17,0,20
2023-07-22T05:57:42,3,17,0,20
2023-07-22T06:10:08,3,17,0,20
2023-07-22T06:22:39,3,17,0,20
2023-07-22T06:35:09,3,17,0,20
2023-07-22T06:47:40,3,17,0,20
2023-07-22T07:00:10,3,17,0,20
2023-07-22T07:12:40,3,17,0,20
2023-07-22T07:25:10,3,17,0,20
2023-07-22T07:37:39,3,17,0,20
2023-07-22T07:50:08,3,17,0,20
2023-07-22T08:02:39,3,17,0,20
2023-07-22T08:15:08,3,17,0,20
2023-07-22T08:27:38,3,17,0,20
2023-07-22T08:40:16,3,17,0,20
2023-07-22T08:52:46,3,17,0,20
2023-07-22T09:05:16,3,17,0,20
2023-07-22T09:17:46,3,17,0,20
2023-07-22T09:30:15,3,17,0,20
2023-07-22T09:42:45,3,17,0,20
2023-07-22T09:55:15,3,17,0,20
2023-07-22T10:07:44,3,17,0,20
2023-07-22T10:20:14,3,17,0,20
2023-07-22T10:32:43,3,17,0,20
2023-07-22T10:45:12,3,17,0,20
2023-07-22T10:57:42,3,17,0,20
2023-07-22T11:10:12,3,17,0,20
2023-07-22T11:22:41,3,17,0,20
2023-07-22T11:35:11,3,17,0,20
2023-07-22T11:47:40,3,17,0,20
2023-07-22T12:00:09,3,17,0,20
2023-07-22T12:12:35,3,17,0,20
2023-07-22T12:25:02,3,17,0,20
2023-07-22T12:37:28,3,17,0,20
2023-07-22T12:49:54,3,17,0,20
2023-07-22T13:02:21,3,17,0,20
2023-07-22T13:14:47,3,17,0,20
2023-07-22T13:27:24,3,17,0,20
2023-07-22T13:39:50,3,17,0,20
2023-07-22T13:52:17,3,17,0,20
2023-07-22T14:04:43,3,17,0,20
2023-07-22T14:17:10,3,17,0,20
2023-07-22T14:29:36,3,17,0,20
2023-07-22T14:42:03,3,17,0,20
2023-07-22T14:54:29,3,17,0,20
2023-07-22T15:06:56,3,17,0,20
2023-07-22T15:19:24,3,17,0,20
2023-07-22T15:31:50,3,17,0,20
2023-07-22T15:44:16,3,17,0,20
2023-07-22T15:56:43,3,17,0,20
2023-07-22T16:09:08,3,17,0,20
2023-07-22T16:21:35,3,17,0,20
2023-07-22T16:34:01,3,17,0,20
2023-07-22T16:46:27,3,17,0,20
2023-07-22T16:59:03,3,17,0,20
2023-07-22T17:11:30,3,17,0,20
2023-07-22T17:23:57,3,17,0,20
2023-07-22T17:36:23,3,17,0,20
2023-07-22T17:48:50,3,17,0,20
2023-07-22T18:01:16,3,17,0,20
2023-07-22T18:13:42,3,17,0,20
2023-07-22T18:26:08,3,17,0,20
2023-07-22T18:38:35,3,17,0,20
2023-07-22T18:51:01,3,17,0,20
2023-07-22T19:03:28,3,17,0,20
2023-07-22T19:15:54,3,17,0,20
2023-07-22T19:28:20,3,17,0,20
2023-07-22T19:40:47,3,17,0,20
2023-07-22T19:53:13,3,17,0,20
2023-07-22T20:05:39,3,17,0,20
2023-07-22T20:18:05,3,17,0,20
2023-07-22T20:30:31,3,17,0,20
2023-07-22T20:42:58,3,17,0,20
2023-07-22T20:55:24,3,17,0,20
2023-07-22T21:07:50,3,17,0,20
2023-07-22T21:20:16,3,17,0,20
2023-07-22T21:32:53,3,17,0,20
2023-07-22T21:45:19,3,17,0,20
2023-07-22T21:57:45,3,17,0,20
2023-07-22T22:10:11,3,17,0,20
2023-07-22T22:22:38,3,17,0,20
2023-07-22T22:35:04,3,17,0,20
2023-07-22T22:47:30,3,17,0,20
2023-07-22T22:59:56,3,17,0,20
2023-07-22T23:12:23,3,17,0,20
2023-07-22T23:24:50,3,17,0,20
2023-07-22T23:37:16,3,17,0,20
2023-07-22T23:49:43,3,17,0,20
2023-07-23T00:02:10,3,17,0,20
2023-07-23T00:14:39,3,17,0,20
2023-07-23T00:27:09,3,17,0,20
2023-07-23T00:39:39,3,17,0,20
2023-07-23T00:52:09,3,17,0,20
2023-07-23T01:04:48,3,17,0,20
2023-07-23T01:17:15,3,17,0,20
2023-07-23T01:29:45,3,17,0,20
2023-07-23T01:42:14,3,17,0,20
2023-07-23T01:54:43,3,17,0,20
2023-07-23T02:07:14,3,17,0,20
2023-07-23T02:19:44,3,17,0,20
2023-07-23T02:32:17,3,17,0,20
2023-07-23T02:44:46,3,17,0,20
2023-07-23T02:57:14,3,17,0,20
2023-07-23T03:09:43,3,17,0,20
2023-07-23T03:22:13,3,17,0,20
2023-07-23T03:34:43,3,17,0,20
2023-07-23T03:47:12,3,17,0,20
2023-07-23T03:59:42,3,17,0,20
2023-07-23T04:22:58,3,17,0,20
2023-07-23T04:35:30,3,17,0,20
2023-07-23T04:48:02,3,17,0,20
2023-07-23T05:00:32,3,17,0,20
2023-07-23T05:13:02,3,17,0,20
2023-07-23T05:25:32,3,17,0,20
2023-07-23T05:38:03,3,17,0,20
2023-07-23T05:50:33,3,17,0,20
2023-07-23T06:03:03,3,17,0,20
2023-07-23T06:15:31,3,17,0,20
2023-07-23T06:28:01,3,17,0,20
2023-07-23T06:40:31,3,17,0,20
2023-07-23T06:53:00,3,17,0,20
2023-07-23T07:05:28,3,17,0,20
2023-07-23T07:17:54,3,17,0,20
2023-07-23T07:30:21,3,17,0,20
2023-07-23T07:42:47,3,17,0,20
2023-07-23T07:55:14,3,17,0,20
2023-07-23T08:07:40,3,17,0,20
2023-07-23T08:20:07,3,17,0,20
2023-07-23T08:32:34,3,17,0,20
2023-07-23T08:45:04,3,17,0,20
2023-07-23T08:57:30,3,17,0,20
2023-07-23T09:09:57,3,17,0,20
2023-07-23T09:22:23,3,17,0,20
2023-07-23T09:34:49,3,17,0,20
2023-07-23T09:47:17,3,17,0,20
2023-07-23T09:59:43,3,17,0,20
2023-07-23T10:12:10,3,17,0,20
2023-07-23T10:24:37,3,17,0,20
2023-07-23T10:37:04,3,17,0,20
2023-07-23T10:49:32,3,17,0,20
2023-07-23T11:01:59,3,17,0,20
2023-07-23T11:14:27,3,17,0,20
2023-07-23T11:26:54,3,17,0,20
2023-07-23T11:39:21,3,17,0,20
2023-07-23T11:51:48,3,17,0,20
2023-07-23T12:04:14,3,17,0,20
2023-07-23T12:16:42,3,17,0,20
2023-07-23T12:29:17,3,17,0,20
2023-07-23T12:41:44,3,17,0,20
2023-07-23T12:54:11,3,17,0,20
2023-07-23T13:06:38,3,17,0,20
2023-07-23T13:19:04,3,17,0,20
2023-07-23T13:31:31,3,17,0,20
2023-07-23T13:43:57,3,17,0,20
2023-07-23T13:56:23,3,17,0,20
2023-07-23T14:08:49,3,17,0,20
2023-07-23T14:21:16,3,17,0,20
2023-07-23T14:33:42,3,17,0,20
2023-07-23T14:46:08,3,17,0,20
2023-07-23T14:58:34,3,17,0,20
2023-07-23T15:11:00,3,17,0,20
2023-07-23T15:23:26,3,17,0,20
2023-07-23T15:35:52,3,17,0,20
2023-07-23T15:48:19,3,17,0,20
2023-07-23T16:00:45,3,17,0,20
2023-07-23T16:13:12,3,17,0,20
2023-07-23T16:25:39,3,17,0,20
2023-07-23T16:38:06,3,17,0,20
2023-07-23T16:50:33,3,17,0,20
2023-07-23T17:02:59,3,17,0,20
2023-07-23T17:15:36,3,17,0,20
2023-07-23T17:28:02,3,17,0,20
2023-07-23T17:40:28,3,17,0,20
2023-07-23T17:52:54,3,17,0,20
2023-07-23T18:05:21,3,17,0,20
2023-07-23T18:17:47,3,17,0,20
2023-07-23T18:30:14,3,17,0,20
2023-07-23T18:42:40,3,17,0,20
2023-07-23T18:55:07,3,17,0,20
2023-07-23T19:07:35,3,17,0,20
2023-07-23T19:20:02,3,17,0,20
2023-07-23T19:32:29,3,17,0,20
2023-07-23T19:44:56,3,17,0,20
2023-07-23T19:57:22,3,17,0,20
2023-07-23T20:09:48,3,17,0,20
2023-07-23T20:22:24,3,17,0,20
2023-07-23T20:34:51,3,17,0,20
2023-07-23T20:47:17,3,17,0,20
2023-07-23T20:59:43,3,17,0,20
2023-07-23T21:12:09,3,17,0,20
2023-07-23T21:24:36,3,17,0,20
2023-07-23T21:37:03,3,17,0,20
2023-07-23T21:49:30,3,17,0,20
2023-07-23T22:01:56,3,17,0,20
2023-07-23T22:14:23,3,17,0,20
2023-07-23T22:26:49,3,17,0,20
2023-07-23T22:39:16,3,17,0,20
2023-07-23T22:51:42,3,17,0,20
2023-07-23T23:04:09,3,17,0,20
2023-07-23T23:16:36,3,17,0,20
2023-07-23T23:29:04,3,17,0,20
2023-07-23T23:41:31,3,17,0,20
2023-07-23T23:53:57,3,17,0,20
2023-07-24T00:06:35,3,17,0,20
2023-07-24T00:19:11,3,17,0,20
2023-07-24T00:31:50,3,17,0,20
2023-07-24T00:44:25,3,17,0,20
2023-07-24T00:56:53,3,17,0,20
2023-07-24T01:09:20,3,17,0,20
2023-07-24T01:21:54,3,17,0,20
2023-07-24T01:34:25,3,17,0,20
2023-07-24T01:46:56,3,17,0,20
2023-07-24T01:59:27,3,17,0,20
2023-07-24T02:12:08,3,17,0,20
2023-07-24T02:24:37,3,17,0,20
2023-07-24T02:37:06,3,17,0,20
2023-07-24T02:49:35,3,17,0,20
2023-07-24T03:02:03,3,17,0,20
2023-07-24T03:14:33,3,17,0,20
2023-07-24T03:27:02,3,17,0,20
2023-07-24T03:39:32,3,17,0,20
2023-07-24T03:52:01,3,17,0,20
2023-07-24T04:04:31,3,17,0,20
2023-07-24T04:20:53,3,17,0,20
2023-07-24T04:33:26,3,17,0,20
2023-07-24T04:45:58,3,17,0,20
2023-07-24T04:58:28,3,17,0,20
2023-07-24T05:11:00,3,17,0,20
2023-07-24T05:23:30,3,17,0,20
2023-07-24T05:36:01,3,17,0,20
2023-07-24T05:48:32,3,17,0,20
2023-07-24T06:01:01,3,17,0,20
2023-07-24T06:13:31,3,17,0,20
2023-07-24T06:26:01,3,17,0,20
2023-07-24T06:38:31,3,17,0,20
2023-07-24T06:51:01,3,17,0,20
2023-07-24T07:03:30,3,17,0,20
2023-07-24T07:15:58,3,17,0,20
2023-07-24T07:28:25,3,17,0,20
2023-07-24T07:40:52,3,17,0,20
2023-07-24T07:53:18,3,17,0,20
2023-07-24T08:05:45,3,17,0,20
2023-07-24T08:18:12,3,17,0,20
2023-07-24T08:30:39,3,17,0,20
2023-07-24T08:43:06,3,17,0,20
2023-07-24T08:55:32,3,17,0,20
2023-07-24T09:08:03,3,17,0,20
2023-07-24T09:20:29,3,17,0,20
2023-07-24T09:33:04,3,17,0,20
2023-07-24T09:45:30,3,17,0,20
2023-07-24T09:57:57,3,17,0,20
2023-07-24T10:10:23,3,17,0,20
2023-07-24T10:22:50,3,17,0,20
2023-07-24T10:35:17,3,17,0,20
2023-07-24T10:47:44,3,17,0,20
2023-07-24T11:00:10,3,17,0,20
2023-07-24T11:12:36,3,17,0,20
2023-07-24T11:25:03,3,17,0,20
2023-07-24T11:37:30,3,17,0,20
2023-07-24T11:49:57,3,17,0,20
2023-07-24T12:02:24,3,17,0,20
2023-07-24T12:15:01,3,17,0,20
2023-07-24T12:27:28,3,17,0,20
2023-07-24T12:39:55,3,17,0,20
2023-07-24T12:52:22,3,17,0,20
2023-07-24T13:04:49,3,17,0,20
2023-07-24T13:17:16,3,17,0,20
2023-07-24T13:29:42,3,17,0,20
2023-07-24T13:42:09,3,17,0,20
2023-07-24T13:54:37,3,17,0,20
2023-07-24T14:07:05,3,17,0,20
2023-07-24T14:19:32,3,17,0,20
2023-07-24T14:32:09,3,17,0,20
2023-07-24T14:44:36,3,17,0,20
2023-07-24T14:57:03,3,17,0,20
2023-07-24T15:09:30,3,17,0,20
2023-07-24T15:21:58,3,17,0,20
2023-07-24T15:34:25,3,17,0,20
2023-07-24T15:46:52,3,17,0,20
2023-07-24T15:59:19,3,17,0,20
2023-07-24T16:11:46,3,17,0,20
2023-07-24T16:24:12,3,17,0,20
2023-07-24T16:36:39,3,17,0,20
2023-07-24T16:49:19,3,17,0,20
2023-07-24T17:01:46,3,17,0,20
2023-07-24T17:14:14,3,17,0,20
2023-07-24T17:26:40,3,17,0,20
2023-07-24T17:39:07,3,17,0,20
2023-07-24T17:51:34,3,17,0,20
2023-07-24T18:04:01,3,17,0,20
2023-07-24T18:16:28,3,17,0,20
2023-07-24T18:28:55,3,17,0,20
2023-07-24T18:41:22,3,17,0,20
2023-07-24T18:53:49,3,17,0,20
2023-07-24T19:06:17,3,17,0,20
2023-07-24T19:18:44,3,17,0,20
2023-07-24T19:31:11,3,17,0,20
2023-07-24T19:43:49,3,17,0,20
2023-07-24T19:56:16,3,17,0,20
2023-07-24T20:08:43,3,17,0,20
2023-07-24T20:21:10,3,17,0,20
2023-07-24T20:33:37,3,17,0,20
2023-07-24T20:46:04,3,17,0,20
2023-07-24T20:58:31,3,17,0,20
2023-07-24T21:10:58,3,17,0,20
2023-07-24T21:23:25,3,17,0,20
2023-07-24T21:35:52,3,17,0,20
2023-07-24T21:48:19,3,17,0,20
2023-07-24T22:00:46,3,17,0,20
2023-07-24T22:13:13,3,17,0,20
2023-07-24T22:25:39,3,17,0,20
2023-07-24T22:38:18,3,17,0,20
2023-07-24T22:50:45,3,17,0,20
2023-07-24T23:03:12,3,17,0,20
2023-07-24T23:15:40,3,17,0,20
2023-07-24T23:28:07,3,17,0,20
2023-07-24T23:40:35,3,17,0,20
2023-07-24T23:53:03,3,17,0,20
2023-07-25T00:05:31,3,17,0,20
2023-07-25T00:18:02,3,17,0,20
2023-07-25T00:30:33,3,17,0,20
2023-07-25T00:43:04,3,17,0,20
2023-07-25T00:55:35,3,17,0,20
2023-07-25T01:08:06,3,17,0,20
2023-07-25T01:20:36,3,17,0,20
2023-07-25T01:33:08,3,17,0,20
2023-07-25T01:45:38,3,17,0,20
2023-07-25T01:58:20,3,17,0,20
2023-07-25T02:10:50,3,17,0,20
2023-07-25T02:23:19,3,17,0,20
2023-07-25T02:35:48,3,17,0,20
2023-07-25T02:48:16,3,17,0,20
2023-07-25T03:00:44,3,17,0,20
2023-07-25T03:13:12,3,17,0,20
2023-07-25T03:25:41,3,17,0,20
2023-07-25T03:38:10,3,17,0,20
2023-07-25T03:50:39,3,17,0,20
2023-07-25T04:03:09,3,17,0,20
2023-07-25T04:19:27,3,17,0,20
2023-07-25T04:31:59,3,17,0,20
2023-07-25T04:44:31,3,17,0,20
2023-07-25T04:57:02,3,17,0,20
2023-07-25T05:09:33,3,17,0,20
2023-07-25T05:22:04,3,17,0,20
2023-07-25T05:34:34,3,17,0,20
2023-07-25T05:47:05,3,17,0,20
2023-07-25T05:59:34,3,17,0,20
2023-07-25T06:12:04,3,17,0,20
2023-07-25T06:24:35,3,17,0,20
2023-07-25T06:37:05,3,17,0,20
2023-07-25T06:49:35,3,17,0,20
2023-07-25T07:02:04,3,17,0,20
2023-07-25T07:14:32,3,17,0,20
2023-07-25T07:27:01,3,17,0,20
2023-07-25T07:39:30,3,17,0,20
2023-07-25T07:51:58,3,17,0,20
2023-07-25T08:04:27,3,17,0,20
2023-07-25T08:16:55,3,17,0,20
2023-07-25T08:29:25,3,17,0,20
2023-07-25T08:41:54,3,17,0,20
2023-07-25T08:54:32,3,17,0,20
2023-07-25T09:07:00,3,17,0,20
2023-07-25T09:19:30,3,17,0,20
2023-07-25T09:32:00,3,17,0,20
2023-07-25T09:44:31,3,17,0,20
2023-07-25T09:56:58,3,17,0,20
2023-07-25T10:09:26,3,17,0,20
2023-07-25T10:21:55,3,17,0,20
2023-07-25T10:34:22,3,17,0,20
2023-07-25T10:46:50,3,17,0,20
2023-07-25T10:59:27,3,17,0,20
2023-07-25T11:11:55,3,17,0,20
2023-07-25T11:24:22,3,17,0,20
2023-07-25T11:36:50,3,17,0,20
2023-07-25T11:49:17,3,17,0,20
2023-07-25T12:01:45,3,17,0,20
2023-07-25T12:14:12,3,17,0,20
2023-07-25T12:26:49,3,17,0,20
2023-07-25T12:39:17,3,17,0,20
2023-07-25T12:51:44,3,17,0,20
2023-07-25T13:04:11,3,17,0,20
2023-07-25T13:16:39,3,17,0,20
2023-07-25T13:29:06,3,17,0,20
2023-07-25T13:41:44,3,17,0,20
2023-07-25T13:54:11,3,17,0,20
2023-07-25T14:06:39,3,17,0,20
2023-07-25T14:19:08,3,17,0,20
2023-07-25T14:31:36,3,17,0,20
2023-07-25T14:44:05,3,17,0,20
2023-07-25T14:56:33,3,17,0,20
2023-07-25T15:09:02,3,17,0,20
2023-07-25T15:21:42,3,17,0,20
2023-07-25T15:34:10,3,17,0,20
2023-07-25T15:46:39,3,17,0,20
2023-07-25T15:59:08,3,17,0,20
2023-07-25T16:11:37,3,17,0,20
2023-07-25T16:24:06,3,17,0,20
2023-07-25T16:36:35,3,17,0,20
2023-07-25T16:49:03,3,17,0,20
2023-07-25T17:01:32,3,17,0,20
2023-07-25T17:14:14,3,17,0,20
2023-07-25T17:26:44,3,17,0,20
2023-07-25T17:39:13,3,17,0,20
2023-07-25T17:51:41,3,17,0,20
2023-07-25T18:04:10,3,17,0,20
2023-07-25T18:16:39,3,17,0,20
2023-07-25T18:29:08,3,17,0,20
2023-07-25T18:41:37,3,17,0,20
2023-07-25T18:54:06,3,17,0,20
2023-07-25T19:06:35,3,17,0,20
2023-07-25T19:19:15,3,17,0,20
2023-07-25T19:31:44,3,17,0,20
2023-07-25T19:44:13,3,17,0,20
2023-07-25T19:56:42,3,17,0,20
2023-07-25T20:09:11,3,17,0,20
2023-07-25T20:21:40,3,17,0,20
2023-07-25T20:34:09,3,17,0,20
2023-07-25T20:46:38,3,17,0,20
2023-07-25T20:59:07,3,17,0,20
2023-07-25T21:11:36,3,17,0,20
2023-07-25T21:24:04,3,17,0,20
2023-07-25T21:36:33,3,17,0,20
2023-07-25T21:49:02,3,17,0,20
2023-07-25T22:01:32,3,17,0,20
2023-07-25T22:14:12,3,17,0,20
2023-07-25T22:26:41,3,17,0,20
2023-07-25T22:39:10,3,17,0,20
2023-07-25T22:51:40,3,17,0,20
2023-07-25T23:04:09,3,17,0,20
2023-07-25T23:16:39,3,17,0,20
2023-07-25T23:29:09,3,17,0,20
2023-07-25T23:41:39,3,17,0,20
2023-07-25T23:54:08,3,17,0,20
2023-07-26T00:06:39,3,17,0,20
2023-07-26T00:19:14,3,17,0,20
2023-07-26T00:31:46,3,17,0,20
2023-07-26T00:44:19,3,17,0,20
2023-07-26T00:56:52,3,17,0,20
2023-07-26T01:09:26,3,17,0,20
2023-07-26T01:22:08,3,17,0,20
2023-07-26T01:34:42,3,17,0,20
2023-07-26T01:47:17,3,17,0,20
2023-07-26T01:59:52,3,17,0,20
2023-07-26T02:12:26,3,17,0,20
2023-07-26T02:25:00,3,17,0,20
2023-07-26T02:37:34,3,17,0,20
2023-07-26T02:50:05,3,17,0,20
2023-07-26T03:02:37,3,17,0,20
2023-07-26T03:15:10,3,17,0,20
2023-07-26T03:27:42,3,17,0,20
2023-07-26T03:40:14,3,17,0,20
2023-07-26T03:52:47,3,17,0,20
2023-07-26T04:05:19,3,17,0,20
2023-07-26T04:17:52,3,17,0,20
2023-07-26T04:32:04,3,17,0,20
2023-07-26T04:44:38,3,17,0,20
2023-07-26T04:57:13,3,17,0,20
2023-07-26T05:09:47,3,17,0,20
2023-07-26T05:22:19,3,17,0,20
2023-07-26T05:34:51,3,17,0,20
2023-07-26T05:47:23,3,17,0,20
2023-07-26T05:59:57,3,17,0,20
2023-07-26T06:12:28,3,17,0,20
2023-07-26T06:24:59,3,17,0,20
2023-07-26T06:37:31,3,17,0,20
2023-07-26T06:50:02,3,17,0,20
2023-07-26T07:02:34,3,17,0,20
2023-07-26T07:15:05,3,17,0,20
2023-07-26T07:27:34,3,17,0,20
2023-07-26T07:40:03,3,17,0,20
2023-07-26T07:52:34,3,17,0,20
2023-07-26T08:05:06,3,17,0,20
2023-07-26T08:17:38,3,17,0,20
2023-07-26T08:30:09,3,17,0,20
2023-07-26T08:42:51,3,17,0,20
2023-07-26T08:55:21,3,17,0,20
2023-07-26T09:07:51,3,17,0,20
2023-07-26T09:20:20,3,17,0,20
2023-07-26T09:32:49,3,17,0,20
2023-07-26T09:45:17,3,17,0,20
2023-07-26T09:57:48,3,17,0,20
2023-07-26T10:10:17,3,17,0,20
2023-07-26T10:22:45,3,17,0,20
2023-07-26T10:35:14,3,17,0,20
2023-07-26T10:47:44,3,17,0,20
2023-07-26T11:00:22,3,17,0,20
2023-07-26T11:12:52,3,17,0,20
2023-07-26T11:25:21,3,17,0,20
2023-07-26T11:37:49,3,17,0,20
2023-07-26T11:50:18,3,17,0,20
2023-07-26T12:02:47,3,17,0,20
2023-07-26T12:15:16,3,17,0,20
2023-07-26T12:27:46,3,17,0,20
2023-07-26T12:40:15,3,17,0,20
2023-07-26T12:52:44,3,17,0,20
2023-07-26T13:05:25,3,17,0,20
2023-07-26T13:17:53,3,17,0,20
2023-07-26T13:30:22,3,17,0,20
2023-07-26T13:42:51,3,17,0,20
2023-07-26T13:55:20,3,17,0,20
2023-07-26T14:07:59,3,17,0,20
2023-07-26T14:20:27,3,17,0,20
2023-07-26T14:32:56,3,17,0,20
2023-07-26T14:45:24,3,17,0,20
2023-07-26T14:57:53,3,17,0,20
2023-07-26T15:10:22,3,17,0,20
2023-07-26T15:22:52,3,17,0,20
2023-07-26T15:35:21,3,17,0,20
2023-07-26T15:48:01,3,17,0,20
2023-07-26T16:00:30,3,17,0,20
2023-07-26T16:12:59,3,17,0,20
2023-07-26T16:25:28,3,17,0,20
2023-07-26T16:37:57,3,17,0,20
2023-07-26T16:50:25,3,17,0,20
2023-07-26T17:02:54,3,17,0,20
2023-07-26T17:15:24,3,17,0,20
2023-07-26T17:27:53,3,17,0,20
2023-07-26T17:40:22,3,17,0,20
2023-07-26T17:53:01,3,17,0,20
2023-07-26T18:05:30,3,17,0,20
2023-07-26T18:17:59,3,17,0,20
2023-07-26T18:30:28,3,17,0,20
2023-07-26T18:42:57,3,17,0,20
2023-07-26T18:55:26,3,17,0,20
2023-07-26T19:07:55,3,17,0,20
2023-07-26T19:20:23,3,17,0,20
2023-07-26T19:32:53,3,17,0,20
2023-07-26T19:45:22,3,17,0,20
2023-07-26T19:57:51,3,17,0,20
2023-07-26T20:10:20,3,17,0,20
2023-07-26T20:23:00,3,17,0,20
2023-07-26T20:35:28,3,17,0,20
2023-07-26T20:47:57,3,17,0,20
2023-07-26T21:00:26,3,17,0,20
2023-07-26T21:12:55,3,17,0,20
2023-07-26T21:25:24,3,17,0,20
2023-07-26T21:37:53,3,17,0,20
2023-07-26T21:50:22,3,17,0,20
2023-07-26T22:02:51,3,17,0,20
2023-07-26T22:15:20,3,17,0,20
2023-07-26T22:27:49,3,17,0,20
2023-07-26T22:40:17,3,17,0,20
2023-07-26T22:52:46,3,17,0,20
2023-07-26T23:05:26,3,17,0,20
2023-07-26T23:17:55,3,17,0,20
2023-07-26T23:30:24,3,17,0,20
2023-07-26T23:42:54,3,17,0,20
2023-07-26T23:55:23,3,17,0,20
2023-07-27T00:07:53,3,17,0,20
2023-07-27T00:20:27,3,17,0,20
2023-07-27T00:32:59,3,17,0,20
2023-07-27T00:45:32,3,17,0,20
2023-07-27T00:58:05,3,17,0,20
2023-07-27T01:10:38,3,17,0,20
2023-07-27T01:23:11,3,17,0,20
2023-07-27T01:35:44,3,17,0,20
2023-07-27T01:48:17,3,17,0,20
2023-07-27T02:00:49,3,17,0,20
2023-07-27T02:13:20,3,17,0,20
2023-07-27T02:26:01,3,17,0,20
2023-07-27T02:38:31,3,17,0,20
2023-07-27T02:51:01,3,17,0,20
2023-07-27T03:03:30,3,17,0,20
2023-07-27T03:16:01,3,17,0,20
2023-07-27T03:28:32,3,17,0,20
2023-07-27T03:41:03,3,17,0,20
2023-07-27T03:53:34,3,17,0,20
2023-07-27T04:06:07,3,17,0,20
2023-07-27T04:21:32,3,17,0,20
2023-07-27T04:34:06,3,17,0,20
2023-07-27T04:46:41,3,17,0,20
2023-07-27T04:59:13,3,17,0,20
2023-07-27T05:11:47,3,17,0,20
2023-07-27T05:24:18,3,17,0,20
2023-07-27T05:36:52,3,17,0,20
2023-07-27T05:49:25,3,17,0,20
2023-07-27T06:01:57,3,17,0,20
2023-07-27T06:14:29,3,17,0,20
2023-07-27T06:27:01,3,17,0,20
2023-07-27T06:39:33,3,17,0,20
2023-07-27T06:52:04,3,17,0,20
2023-07-27T07:04:36,3,17,0,20
2023-07-27T07:17:15,3,17,0,20
2023-07-27T07:29:46,3,17,0,20
2023-07-27T07:42:17,3,17,0,20
2023-07-27T07:54:47,3,17,0,20
2023-07-27T08:07:19,3,17,0,20
2023-07-27T08:19:49,3,17,0,20
2023-07-27T08:32:20,3,17,0,20
2023-07-27T08:44:52,3,17,0,20
2023-07-27T08:57:22,3,17,0,20
2023-07-27T09:09:53,3,17,0,20
2023-07-27T09:22:23,3,17,0,20
2023-07-27T09:34:54,3,17,0,20
2023-07-27T09:47:24,3,17,0,20
2023-07-27T09:59:55,3,17,0,20
2023-07-27T10:12:34,3,17,0,20
2023-07-27T10:25:03,3,17,0,20
2023-07-27T10:37:32,3,17,0,20
2023-07-27T10:50:01,3,17,0,20
2023-07-27T11:02:30,3,17,0,20
2023-07-27T11:14:59,3,17,0,20
2023-07-27T11:27:27,3,17,0,20
2023-07-27T11:39:56,3,17,0,20
2023-07-27T11:52:25,3,17,0,20
2023-07-27T12:04:55,3,17,0,20
2023-07-27T12:17:35,3,17,0,20
2023-07-27T12:30:04,3,17,0,20
2023-07-27T12:42:33,3,17,0,20
2023-07-27T12:55:02,3,17,0,20
2023-07-27T13:07:30,3,17,0,20
2023-07-27T13:19:59,3,17,0,20
2023-07-27T13:32:28,3,17,0,20
2023-07-27T13:44:56,3,17,0,20
2023-07-27T13:57:35,3,17,0,20
2023-07-27T14:10:13,3,17,0,20
2023-07-27T14:23:24,3,17,0,20
2023-07-27T14:35:54,3,17,0,20
2023-07-27T14:48:22,3,17,0,20
2023-07-27T15:00:51,3,17,0,20
2023-07-27T15:13:19,3,17,0,20
2023-07-27T15:25:48,3,17,0,20
2023-07-27T15:38:16,3,17,0,20
2023-07-27T15:50:44,3,17,0,20
2023-07-27T16:03:13,3,17,0,20
2023-07-27T16:15:51,3,17,0,20
2023-07-27T16:28:21,3,17,0,20
2023-07-27T16:40:50,3,17,0,20
2023-07-27T16:53:19,3,17,0,20
2023-07-27T17:05:48,3,17,0,20
2023-07-27T17:18:18,3,17,0,20
2023-07-27T17:30:47,3,17,0,20
2023-07-27T17:43:16,3,17,0,20
2023-07-27T17:55:44,3,17,0,20
2023-07-27T18:08:13,3,17,0,20
2023-07-27T18:20:54,3,17,0,20
2023-07-27T18:33:23,3,17,0,20
2023-07-27T18:45:55,3,17,0,20
2023-07-27T18:58:33,3,17,0,20
2023-07-27T19:11:13,3,17,0,20
2023-07-27T19:23:41,3,17,0,20
2023-07-27T19:36:11,3,17,0,20
2023-07-27T19:48:40,3,17,0,20
2023-07-27T20:01:09,3,17,0,20
2023-07-27T20:13:38,3,17,0,20
2023-07-27T20:26:16,3,17,0,20
2023-07-27T20:38:45,3,17,0,20
2023-07-27T20:51:13,3,17,0,20
2023-07-27T21:03:42,3,17,0,20
2023-07-27T21:16:11,3,17,0,20
2023-07-27T21:28:40,3,17,0,20
2023-07-27T21:41:09,3,17,0,20
2023-07-27T21:53:38,3,17,0,20
2023-07-27T22:06:07,3,17,0,20
2023-07-27T22:18:46,3,17,0,20
2023-07-27T22:31:15,3,17,0,20
2023-07-27T22:43:45,3,17,0,20
2023-07-27T22:56:14,3,17,0,20
2023-07-27T23:08:44,3,17,0,20
2023-07-27T23:21:14,3,17,0,20
2023-07-27T23:33:44,3,17,0,20
2023-07-27T23:46:13,3,17,0,20
2023-07-27T23:58:42,3,17,0,20
2023-07-28T00:11:14,3,17,0,20
2023-07-28T00:23:50,3,17,0,20
2023-07-28T00:36:22,3,17,0,20
2023-07-28T00:48:54,3,17,0,20
2023-07-28T01:01:28,3,17,0,20
2023-07-28T01:14:12,3,17,0,20
2023-07-28T01:26:45,3,17,0,20
2023-07-28T01:39:20,3,17,0,20
2023-07-28T01:51:55,3,17,0,20
2023-07-28T02:04:30,3,17,0,20
2023-07-28T02:17:15,3,17,0,20
2023-07-28T02:29:48,3,17,0,20
2023-07-28T02:42:21,3,17,0,20
2023-07-28T02:54:53,3,17,0,20
2023-07-28T03:07:25,3,17,0,20
2023-07-28T03:19:57,3,17,0,20
2023-07-28T03:32:29,3,17,0,20
2023-07-28T03:45:01,3,17,0,20
2023-07-28T03:57:33,3,17,0,20
2023-07-28T04:10:06,3,17,0,20
2023-07-28T04:31:21,3,17,0,20
2023-07-28T04:43:57,3,17,0,20
2023-07-28T04:56:31,3,17,0,20
2023-07-28T05:09:05,3,17,0,20
2023-07-28T05:21:37,3,17,0,20
2023-07-28T05:34:10,3,17,0,20
2023-07-28T05:46:42,3,17,0,20
2023-07-28T05:59:14,3,17,0,20
2023-07-28T06:11:46,3,17,0,20
2023-07-28T06:24:17,3,17,0,20
2023-07-28T06:36:49,3,17,0,20
2023-07-28T06:49:21,3,17,0,20
2023-07-28T07:01:53,3,17,0,20
2023-07-28T07:14:24,3,17,0,20
2023-07-28T07:26:55,3,17,0,20
2023-07-28T07:39:25,3,17,0,20
2023-07-28T07:51:53,3,17,0,20
2023-07-28T08:04:22,3,17,0,20
2023-07-28T08:16:54,3,17,0,20
2023-07-28T08:29:23,3,17,0,20
2023-07-28T08:41:52,3,17,0,20
2023-07-28T08:54:29,3,17,0,20
2023-07-28T09:06:58,3,17,0,20
2023-07-28T09:19:27,3,17,0,20
2023-07-28T09:31:57,3,17,0,20
2023-07-28T09:44:26,3,17,0,20
2023-07-28T09:56:55,3,17,0,20
2023-07-28T10:09:25,3,17,0,20
2023-07-28T10:21:54,3,17,0,20
2023-07-28T10:34:23,3,17,0,20
2023-07-28T10:46:52,3,17,0,20
2023-07-28T10:59:31,3,17,0,20
2023-07-28T11:12:00,3,17,0,20
2023-07-28T11:24:29,3,17,0,20
2023-07-28T11:36:58,3,17,0,20
2023-07-28T11:49:26,3,17,0,20
2023-07-28T12:01:55,3,17,0,20
2023-07-28T12:14:24,3,17,0,20
2023-07-28T12:26:53,3,17,0,20
2023-07-28T12:39:22,3,17,0,20
2023-07-28T12:52:03,3,17,0,20
2023-07-28T13:04:32,3,17,0,20
2023-07-28T13:17:01,3,17,0,20
2023-07-28T13:29:30,3,17,0,20
2023-07-28T13:41:59,3,17,0,20
2023-07-28T13:54:29,3,17,0,20
2023-07-28T14:06:58,3,17,0,20
2023-07-28T14:19:28,3,17,0,20
2023-07-28T14:31:57,3,17,0,20
2023-07-28T14:44:37,3,17,0,20
2023-07-28T14:57:06,3,17,0,20
2023-07-28T15:09:51,3,17,0,20
2023-07-28T15:22:20,3,17,0,20
2023-07-28T15:34:50,3,17,0,20
2023-07-28T15:47:19,3,17,0,20
2023-07-28T15:59:48,3,17,0,20
2023-07-28T16:12:18,3,17,0,20
2023-07-28T16:24:48,3,17,0,20
2023-07-28T16:37:17,3,17,0,20
2023-07-28T16:49:47,3,17,0,20
2023-07-28T17:02:28,3,17,0,20
2023-07-28T17:14:58,3,17,0,20
2023-07-28T17:27:30,3,17,0,20
2023-07-28T17:40:00,3,17,0,20
2023-07-28T17:52:29,3,17,0,20
2023-07-28T18:04:59,3,17,0,20
2023-07-28T18:17:29,3,17,0,20
2023-07-28T18:29:59,3,17,0,20
2023-07-28T18:42:28,3,17,0,20
2023-07-28T18:54:58,3,17,0,20
2023-07-28T19:07:28,3,17,0,20
2023-07-28T19:19:58,3,17,0,20
2023-07-28T19:32:28,3,17,0,20
2023-07-28T19:45:08,3,17,0,20
2023-07-28T19:57:38,3,17,0,20
2023-07-28T20:10:08,3,17,0,20
2023-07-28T20:22:37,3,17,0,20
2023-07-28T20:35:07,3,17,0,20
2023-07-28T20:47:36,3,17,0,20
2023-07-28T21:00:06,3,17,0,20
2023-07-28T21:12:35,3,17,0,20
2023-07-28T21:25:05,3,17,0,20
2023-07-28T21:37:35,3,17,0,20
2023-07-28T21:50:05,3,17,0,20
2023-07-28T22:02:34,3,17,0,20
2023-07-28T22:15:14,3,17,0,20
2023-07-28T22:27:44,3,17,0,20
2023-07-28T22:40:14,3,17,0,20
2023-07-28T22:52:43,3,17,0,20
2023-07-28T23:05:13,3,17,0,20
2023-07-28T23:17:44,3,17,0,20
2023-07-28T23:30:14,3,17,0,20
2023-07-28T23:42:45,3,17,0,20
2023-07-28T23:55:15,3,17,0,20
2023-07-29T00:07:46,3,17,0,20
2023-07-29T00:20:23,3,17,0,20
2023-07-29T00:32:56,3,17,0,20
2023-07-29T00:45:30,3,17,0,20
2023-07-29T00:58:04,3,17,0,20
2023-07-29T01:10:38,3,17,0,20
2023-07-29T01:23:12,3,17,0,20
2023-07-29T01:35:57,3,17,0,20
2023-07-29T01:48:33,3,17,0,20
2023-07-29T02:01:04,3,17,0,20
2023-07-29T02:13:35,3,17,0,20
2023-07-29T02:26:05,3,17,0,20
2023-07-29T02:38:35,3,17,0,20
2023-07-29T02:51:05,3,17,0,20
2023-07-29T03:03:35,3,17,0,20
2023-07-29T03:16:07,3,17,0,20
2023-07-29T03:28:40,3,17,0,20
2023-07-29T03:41:12,3,17,0,20
2023-07-29T03:53:45,3,17,0,20
2023-07-29T04:06:20,3,17,0,20
2023-07-29T04:29:36,3,17,0,20
2023-07-29T04:42:11,3,17,0,20
2023-07-29T04:54:46,3,17,0,20
2023-07-29T05:07:19,3,17,0,20
2023-07-29T05:19:50,3,17,0,20
2023-07-29T05:32:21,3,17,0,20
2023-07-29T05:44:51,3,17,0,20
2023-07-29T05:57:21,3,17,0,20
2023-07-29T06:09:52,3,17,0,20
2023-07-29T06:22:22,3,17,0,20
2023-07-29T06:34:52,3,17,0,20
2023-07-29T06:47:21,3,17,0,20
2023-07-29T06:59:52,3,17,0,20
2023-07-29T07:12:32,3,17,0,20
2023-07-29T07:25:05,3,17,0,20
2023-07-29T07:37:40,3,17,0,20
2023-07-29T07:50:13,3,17,0,20
2023-07-29T08:02:46,3,17,0,20
2023-07-29T08:15:29,3,17,0,20
2023-07-29T08:28:02,3,17,0,20
2023-07-29T08:40:36,3,17,0,20
2023-07-29T08:53:08,3,17,0,20
2023-07-29T09:05:42,3,17,0,20
2023-07-29T09:18:14,3,17,0,20
2023-07-29T09:30:47,3,17,0,20
2023-07-29T09:43:20,3,17,0,20
2023-07-29T09:55:53,3,17,0,20
2023-07-29T10:08:26,3,17,0,20
2023-07-29T10:20:58,3,17,0,20
2023-07-29T10:33:31,3,17,0,20
2023-07-29T10:46:14,3,17,0,20
2023-07-29T10:58:47,3,17,0,20
2023-07-29T11:11:19,3,17,0,20
2023-07-29T11:23:51,3,17,0,20
2023-07-29T11:36:25,3,17,0,20
2023-07-29T11:48:59,3,17,0,20
2023-07-29T12:01:32,3,17,0,20
2023-07-29T12:14:05,3,17,0,20
2023-07-29T12:26:38,3,17,0,20
2023-07-29T12:39:11,3,17,0,20
2023-07-29T12:51:43,3,17,0,20
2023-07-29T13:04:16,3,17,0,20
2023-07-29T13:16:46,3,17,0,20
2023-07-29T13:29:17,3,17,0,20
2023-07-29T13:41:46,3,17,0,20
2023-07-29T13:54:25,3,17,0,20
2023-07-29T14:06:54,3,17,0,20
2023-07-29T14:19:24,3,17,0,20
2023-07-29T14:31:53,3,17,0,20
2023-07-29T14:44:24,3,17,0,20
2023-07-29T14:56:54,3,17,0,20
2023-07-29T15:09:23,3,17,0,20
2023-07-29T15:21:52,3,17,0,20
2023-07-29T15:34:21,3,17,0,20
2023-07-29T15:46:51,3,17,0,20
2023-07-29T15:59:22,3,17,0,20
2023-07-29T16:11:51,3,17,0,20
2023-07-29T16:24:21,3,17,0,20
2023-07-29T16:36:50,3,17,0,20
2023-07-29T16:49:19,3,17,0,20
2023-07-29T17:01:49,3,17,0,20
2023-07-29T17:14:29,3,17,0,20
2023-07-29T17:26:59,3,17,0,20
2023-07-29T17:39:29,3,17,0,20
2023-07-29T17:51:59,3,17,0,20
2023-07-29T18:04:28,3,17,0,20
2023-07-29T18:16:59,3,17,0,20
2023-07-29T18:29:28,3,17,0,20
2023-07-29T18:41:58,3,17,0,20
2023-07-29T18:54:28,3,17,0,20
2023-07-29T19:06:58,3,17,0,20
2023-07-29T19:19:28,3,17,0,20
2023-07-29T19:31:59,3,17,0,20
2023-07-29T19:44:28,3,17,0,20
2023-07-29T19:56:58,3,17,0,20
2023-07-29T20:09:28,3,17,0,20
2023-07-29T20:22:07,3,17,0,20
2023-07-29T20:34:38,3,17,0,20
2023-07-29T20:47:07,3,17,0,20
2023-07-29T20:59:37,3,17,0,20
2023-07-29T21:12:06,3,17,0,20
2023-07-29T21:24:38,3,17,0,20
2023-07-29T21:37:07,3,17,0,20
2023-07-29T21:49:37,3,17,0,20
2023-07-29T22:02:07,3,17,0,20
2023-07-29T22:14:37,3,17,0,20
2023-07-29T22:27:07,3,17,0,20
2023-07-29T22:39:37,3,17,0,20
2023-07-29T22:52:06,3,17,0,20
2023-07-29T23:04:45,3,17,0,20
2023-07-29T23:17:16,3,17,0,20
2023-07-29T23:29:45,3,17,0,20
2023-07-29T23:42:15,3,17,0,20
2023-07-29T23:54:45,3,17,0,20
2023-07-30T00:07:17,3,17,0,20
2023-07-30T00:19:51,3,17,0,20
2023-07-30T00:32:23,3,17,0,20
2023-07-30T00:44:57,3,17,0,20
2023-07-30T00:57:31,3,17,0,20
2023-07-30T01:10:03,3,17,0,20
2023-07-30T01:22:35,3,17,0,20
2023-07-30T01:35:09,3,17,0,20
2023-07-30T01:47:41,3,17,0,20
2023-07-30T02:00:15,3,17,0,20
2023-07-30T02:13:07,3,17,0,20
2023-07-30T02:25:41,3,17,0,20
2023-07-30T02:38:16,3,17,0,20
2023-07-30T02:50:59,3,17,0,20
2023-07-30T03:03:32,3,17,0,20
2023-07-30T03:16:04,3,17,0,20
2023-07-30T03:28:37,3,17,0,20
2023-07-30T03:41:11,3,17,0,20
2023-07-30T03:53:45,3,17,0,20
2023-07-30T04:18:50,3,17,0,20
2023-07-30T04:31:26,3,17,0,20
2023-07-30T04:44:01,3,17,0,20
2023-07-30T04:56:35,3,17,0,20
2023-07-30T05:09:09,3,17,0,20
2023-07-30T05:21:42,3,17,0,20
2023-07-30T05:34:16,3,17,0,20
2023-07-30T05:46:50,3,17,0,20
2023-07-30T05:59:24,3,17,0,20
2023-07-30T06:11:57,3,17,0,20
2023-07-30T06:24:30,3,17,0,20
2023-07-30T06:38:03,3,17,0,20
2023-07-30T06:51:13,3,17,0,20
2023-07-30T07:03:45,3,17,0,20
2023-07-30T07:16:15,3,17,0,20
2023-07-30T07:28:44,3,17,0,20
2023-07-30T07:41:16,3,17,0,20
2023-07-30T07:53:46,3,17,0,20
2023-07-30T08:06:16,3,17,0,20
2023-07-30T08:18:46,3,17,0,20
2023-07-30T08:31:18,3,17,0,20
2023-07-30T08:44:01,3,17,0,20
2023-07-30T08:56:30,3,17,0,20
2023-07-30T09:09:00,3,17,0,20
2023-07-30T09:21:30,3,17,0,20
2023-07-30T09:33:59,3,17,0,20
2023-07-30T09:46:33,3,17,0,20
2023-07-30T09:59:02,3,17,0,20
2023-07-30T10:11:32,3,17,0,20
2023-07-30T10:24:02,3,17,0,20
2023-07-30T10:36:32,3,17,0,20
2023-07-30T10:49:02,3,17,0,20
2023-07-30T11:01:31,3,17,0,20
2023-07-30T11:14:01,3,17,0,20
2023-07-30T11:26:31,3,17,0,20
2023-07-30T11:39:01,3,17,0,20
2023-07-30T11:51:32,3,17,0,20
2023-07-30T12:04:12,3,17,0,20
2023-07-30T12:16:42,3,17,0,20
2023-07-30T12:29:12,3,17,0,20
2023-07-30T12:41:42,3,17,0,20
2023-07-30T12:54:12,3,17,0,20
2023-07-30T13:06:42,3,17,0,20
2023-07-30T13:19:12,3,17,0,20
2023-07-30T13:31:42,3,17,0,20
2023-07-30T13:44:12,3,17,0,20
2023-07-30T13:56:42,3,17,0,20
2023-07-30T14:09:12,3,17,0,20
2023-07-30T14:21:42,3,17,0,20
2023-07-30T14:34:11,3,17,0,20
2023-07-30T14:46:41,3,17,0,20
2023-07-30T14:59:21,3,17,0,20
2023-07-30T15:11:51,3,17,0,20
2023-07-30T15:24:21,3,17,0,20
2023-07-30T15:36:50,3,17,0,20
2023-07-30T15:49:20,3,17,0,20
2023-07-30T16:01:49,3,17,0,20
2023-07-30T16:14:21,3,17,0,20
2023-07-30T16:26:52,3,17,0,20
2023-07-30T16:39:23,3,17,0,20
2023-07-30T16:51:53,3,17,0,20
2023-07-30T17:04:23,3,17,0,20
2023-07-30T17:16:54,3,17,0,20
2023-07-30T17:29:24,3,17,0,20
2023-07-30T17:41:54,3,17,0,20
2023-07-30T17:54:23,3,17,0,20
2023-07-30T18:07:02,3,17,0,20
2023-07-30T18:19:32,3,17,0,20
2023-07-30T18:32:02,3,17,0,20
2023-07-30T18:44:31,3,17,0,20
2023-07-30T18:57:01,3,17,0,20
2023-07-30T19:09:33,3,17,0,20
2023-07-30T19:22:04,3,17,0,20
2023-07-30T19:34:45,3,17,0,20
2023-07-30T19:47:14,3,17,0,20
2023-07-30T19:59:44,3,17,0,20
2023-07-30T20:12:13,3,17,0,20
2023-07-30T20:24:43,3,17,0,20
2023-07-30T20:37:12,3,17,0,20
2023-07-30T20:49:41,3,17,0,20
2023-07-30T21:02:11,3,17,0,20
2023-07-30T21:14:41,3,17,0,20
2023-07-30T21:27:11,3,17,0,20
2023-07-30T21:39:41,3,17,0,20
2023-07-30T21:52:11,3,17,0,20
2023-07-30T22:04:40,3,17,0,20
2023-07-30T22:17:21,3,17,0,20
2023-07-30T22:29:50,3,17,0,20
2023-07-30T22:42:20,3,17,0,20
2023-07-30T22:54:50,3,17,0,20
2023-07-30T23:07:21,3,17,0,20
2023-07-30T23:19:51,3,17,0,20
2023-07-30T23:32:22,3,17,0,20
2023-07-30T23:44:52,3,17,0,20
2023-07-30T23:57:22,3,17,0,20
2023-07-31T00:09:55,3,17,0,20
2023-07-31T00:22:44,3,17,0,20
2023-07-31T00:35:33,3,17,0,20
2023-07-31T00:48:25,3,17,0,20
2023-07-31T01:01:01,3,17,0,20
2023-07-31T01:13:33,3,17,0,20
2023-07-31T01:26:06,3,17,0,20
2023-07-31T01:38:40,3,17,0,20
2023-07-31T01:51:12,3,17,0,20
2023-07-31T02:03:46,3,17,0,20
2023-07-31T02:16:29,3,17,0,20
2023-07-31T02:29:02,3,17,0,20
2023-07-31T02:41:35,3,17,0,20
2023-07-31T02:54:07,3,17,0,20
2023-07-31T03:06:39,3,17,0,20
2023-07-31T03:19:13,3,17,0,20
2023-07-31T03:31:46,3,17,0,20
2023-07-31T03:44:20,3,17,0,20
2023-07-31T03:56:54,3,17,0,20
2023-07-31T04:20:00,3,17,0,20
2023-07-31T04:32:39,3,17,0,20
2023-07-31T04:45:14,3,17,0,20
2023-07-31T04:57:48,3,17,0,20
2023-07-31T05:10:24,3,17,0,20
2023-07-31T05:22:57,3,17,0,20
2023-07-31T05:35:31,3,17,0,20
2023-07-31T05:48:04,3,17,0,20
2023-07-31T06:00:39,3,17,0,20
2023-07-31T06:13:12,3,17,0,20
2023-07-31T06:25:45,3,17,0,20
2023-07-31T06:38:28,3,17,0,20
2023-07-31T06:51:01,3,17,0,20
2023-07-31T07:03:34,3,17,0,20
2023-07-31T07:16:04,3,17,0,20
2023-07-31T07:28:34,3,17,0,20
2023-07-31T07:41:04,3,17,0,20
2023-07-31T07:53:35,3,17,0,20
2023-07-31T08:06:05,3,17,0,20
2023-07-31T08:18:35,3,17,0,20
2023-07-31T08:31:19,3,17,0,20
2023-07-31T08:44:57,3,17,0,20
2023-07-31T08:57:26,3,17,0,20
2023-07-31T09:09:56,3,17,0,20
2023-07-31T09:22:26,3,17,0,20
2023-07-31T09:34:55,3,17,0,20
2023-07-31T09:47:33,3,17,0,20
2023-07-31T10:00:02,3,17,0,20
2023-07-31T10:12:32,3,17,0,20
2023-07-31T10:25:02,3,17,0,20
2023-07-31T10:37:32,3,17,0,20
2023-07-31T10:50:13,3,17,0,20
2023-07-31T11:02:53,3,17,0,20
2023-07-31T11:16:15,3,17,0,20
2023-07-31T11:28:45,3,17,0,20
2023-07-31T11:48:13,3,17,0,20
2023-07-31T12:00:44,3,17,0,20
2023-07-31T12:13:13,3,17,0,20
2023-07-31T12:25:54,3,17,0,20
2023-07-31T12:38:24,3,17,0,20
2023-07-31T12:50:54,3,17,0,20
2023-07-31T13:03:24,3,17,0,20
2023-07-31T13:15:53,3,17,0,20
2023-07-31T13:28:23,3,17,0,20
2023-07-31T13:40:53,3,17,0,20
2023-07-31T13:53:22,3,17,0,20
2023-07-31T14:05:52,3,17,0,20
2023-07-31T14:18:32,3,17,0,20
2023-07-31T14:31:03,3,17,0,20
2023-07-31T14:43:33,3,17,0,20
2023-07-31T14:56:03,3,17,0,20
2023-07-31T15:08:37,3,17,0,20
2023-07-31T15:21:10,3,17,0,20
2023-07-31T15:33:43,3,17,0,20
2023-07-31T15:46:18,3,17,0,20
2023-07-31T15:59:04,3,17,0,20
2023-07-31T16:11:38,3,17,0,20
2023-07-31T16:24:11,3,17,0,20
2023-07-31T16:36:44,3,17,0,20
2023-07-31T16:49:19,3,17,0,20
2023-07-31T17:01:52,3,17,0,20
2023-07-31T17:14:28,3,17,0,20
2023-07-31T17:27:01,3,17,0,20
2023-07-31T17:39:45,3,17,0,20
2023-07-31T17:52:20,3,17,0,20
2023-07-31T18:04:53,3,17,0,20
2023-07-31T18:17:28,3,17,0,20
2023-07-31T18:30:03,3,17,0,20
2023-07-31T18:42:38,3,17,0,20
2023-07-31T18:55:12,3,17,0,20
2023-07-31T19:07:46,3,17,0,20
2023-07-31T19:20:20,3,17,0,20
2023-07-31T19:32:56,3,17,0,20
2023-07-31T19:45:39,3,17,0,20
2023-07-31T19:58:12,3,17,0,20
2023-07-31T20:10:47,3,17,0,20
2023-07-31T20:23:21,3,17,0,20
2023-07-31T20:35:54,3,17,0,20
2023-07-31T20:48:28,3,17,0,20
2023-07-31T21:01:02,3,17,0,20
2023-07-31T21:13:36,3,17,0,20
2023-07-31T21:26:10,3,17,0,20
2023-07-31T21:38:43,3,17,0,20
2023-07-31T21:51:28,3,17,0,20
2023-07-31T22:04:01,3,17,0,20
2023-07-31T22:16:34,3,17,0,20
2023-07-31T22:29:08,3,17,0,20
2023-07-31T22:41:41,3,17,0,20
2023-07-31T22:54:15,3,17,0,20
2023-07-31T23:06:50,3,17,0,20
2023-07-31T23:19:25,3,17,0,20
2023-07-31T23:32:00,3,17,0,20
2023-07-31T23:44:34,3,17,0,20
2023-07-31T23:57:09,3,17,0,20
2023-08-01T00:09:55,3,17,0,20
2023-08-01T00:22:34,3,17,0,20
2023-08-01T00:35:11,3,17,0,20
2023-08-01T00:47:50,3,17,0,20
2023-08-01T01:00:29,3,17,0,20
2023-08-01T01:13:04,3,17,0,20
2023-08-01T01:25:42,3,17,0,20
2023-08-01T01:38:21,3,17,0,20
2023-08-01T01:50:58,3,17,0,20
2023-08-01T02:03:36,3,17,0,20
2023-08-01T02:16:15,3,17,0,20
2023-08-01T02:28:51,3,17,0,20
2023-08-01T02:41:28,3,17,0,20
2023-08-01T02:54:04,3,17,0,20
2023-08-01T03:06:39,3,17,0,20
2023-08-01T03:19:16,3,17,0,20
2023-08-01T03:31:52,3,17,0,20
2023-08-01T03:44:29,3,17,0,20
2023-08-01T03:57:17,3,17,0,20
2023-08-01T04:09:55,3,17,0,20
2023-08-01T04:29:12,3,17,0,20
2023-08-01T04:41:51,3,17,0,20
2023-08-01T04:54:30,3,17,0,20
2023-08-01T05:07:07,3,17,0,20
2023-08-01T05:19:41,3,17,0,20
2023-08-01T05:32:14,3,17,0,20
2023-08-01T05:44:50,3,17,0,20
2023-08-01T05:57:46,3,17,0,20
2023-08-01T06:10:22,3,17,0,20
2023-08-01T06:23:03,3,17,0,20
2023-08-01T06:35:39,3,17,0,20
2023-08-01T06:48:15,3,17,0,20
2023-08-01T07:00:52,3,17,0,20
2023-08-01T07:13:30,3,17,0,20
2023-08-01T07:26:06,3,17,0,20
2023-08-01T07:38:41,3,17,0,20
2023-08-01T07:51:15,3,17,0,20
2023-08-01T08:03:50,3,17,0,20
2023-08-01T08:16:26,3,17,0,20
2023-08-01T08:29:03,3,17,0,20
2023-08-01T08:41:38,3,17,0,20
2023-08-01T08:54:24,3,17,0,20
2023-08-01T09:06:59,3,17,0,20
2023-08-01T09:19:35,3,17,0,20
2023-08-01T09:32:12,3,17,0,20
2023-08-01T09:44:48,3,17,0,20
2023-08-01T09:57:23,3,17,0,20
2023-08-01T10:09:58,3,17,0,20
2023-08-01T10:22:34,3,17,0,20
2023-08-01T10:35:11,3,17,0,20
2023-08-01T10:47:46,3,17,0,20
2023-08-01T11:00:21,3,17,0,20
2023-08-01T11:12:56,3,17,0,20
2023-08-01T11:25:42,3,17,0,20
2023-08-01T11:38:17,3,17,0,20
2023-08-01T11:50:52,3,17,0,20
2023-08-01T12:03:27,3,17,0,20
2023-08-01T12:16:01,3,17,0,20
2023-08-01T12:28:35,3,17,0,20
2023-08-01T12:41:10,3,17,0,20
2023-08-01T12:53:44,3,17,0,20
2023-08-01T13:06:25,3,17,0,20
2023-08-01T13:19:09,3,17,0,20
2023-08-01T13:31:43,3,17,0,20
2023-08-01T13:44:17,3,17,0,20
2023-08-01T13:56:52,3,17,0,20
2023-08-01T14:09:27,3,17,0,20
2023-08-01T14:22:01,3,17,0,20
2023-08-01T14:34:36,3,17,0,20
2023-08-01T14:47:12,3,17,0,20
2023-08-01T14:59:47,3,17,0,20
2023-08-01T15:12:21,3,17,0,20
2023-08-01T15:24:55,3,17,0,20
2023-08-01T15:37:40,3,17,0,20
2023-08-01T15:50:14,3,17,0,20
2023-08-01T16:02:48,3,17,0,20
2023-08-01T16:15:22,3,17,0,20
2023-08-01T16:27:57,3,17,0,20
2023-08-01T16:40:32,3,17,0,20
2023-08-01T16:53:06,3,17,0,20
2023-08-01T17:05:41,3,17,0,20
2023-08-01T17:18:17,3,17,0,20
2023-08-01T17:30:52,3,17,0,20
2023-08-01T17:43:27,3,17,0,20
2023-08-01T17:56:12,3,17,0,20
2023-08-01T18:08:46,3,17,0,20
2023-08-01T18:21:21,3,17,0,20
2023-08-01T18:33:56,3,17,0,20
2023-08-01T18:46:30,3,17,0,20
2023-08-01T18:59:04,3,17,0,20
2023-08-01T19:11:39,3,17,0,20
2023-08-01T19:24:14,3,17,0,20
2023-08-01T19:36:48,3,17,0,20
2023-08-01T19:49:23,3,17,0,20
2023-08-01T20:01:57,3,17,0,20
2023-08-01T20:14:33,3,17,0,20
2023-08-01T20:27:08,3,17,0,20
2023-08-01T20:39:53,3,17,0,20
2023-08-01T20:52:28,3,17,0,20
2023-08-01T21:05:02,3,17,0,20
2023-08-01T21:17:36,3,17,0,20
2023-08-01T21:30:11,3,17,0,20
2023-08-01T21:42:47,3,17,0,20
2023-08-01T21:55:21,3,17,0,20
2023-08-01T22:07:55,3,17,0,20
2023-08-01T22:20:30,3,17,0,20
2023-08-01T22:33:05,3,17,0,20
2023-08-01T22:45:39,3,17,0,20
2023-08-01T22:58:13,3,17,0,20
2023-08-01T23:10:50,3,17,0,20
2023-08-01T23:23:35,3,17,0,20
2023-08-01T23:36:10,3,17,0,20
2023-08-01T23:48:45,3,17,0,20
2023-08-02T00:01:19,3,17,0,20
2023-08-02T00:13:57,3,17,0,20
2023-08-02T00:26:37,3,17,0,20
2023-08-02T00:39:15,3,17,0,20
2023-08-02T00:51:52,3,17,0,20
2023-08-02T01:04:32,3,17,0,20
2023-08-02T01:17:10,3,17,0,20
2023-08-02T01:29:48,3,17,0,20
2023-08-02T01:42:27,3,17,0,20
2023-08-02T01:55:09,3,17,0,20
2023-08-02T02:07:48,3,17,0,20
2023-08-02T02:20:25,3,17,0,20
2023-08-02T02:33:02,3,17,0,20
2023-08-02T02:45:39,3,17,0,20
2023-08-02T02:58:16,3,17,0,20
2023-08-02T03:10:55,3,17,0,20
2023-08-02T03:23:33,3,17,0,20
2023-08-02T03:36:11,3,17,0,20
2023-08-02T03:48:49,3,17,0,20
2023-08-02T04:01:37,3,17,0,20
2023-08-02T04:26:34,3,17,0,20
2023-08-02T04:39:14,3,17,0,20
2023-08-02T04:52:10,3,17,0,20
2023-08-02T05:04:50,3,17,0,20
2023-08-02T05:17:49,3,17,0,20
2023-08-02T05:30:27,3,17,0,20
2023-08-02T05:43:05,3,17,0,20
2023-08-02T05:55:41,3,17,0,20
2023-08-02T06:08:18,3,17,0,20
2023-08-02T06:20:57,3,17,0,20
2023-08-02T06:33:35,3,17,0,20
2023-08-02T06:46:13,3,17,0,20
2023-08-02T06:58:52,3,17,0,20
2023-08-02T07:11:38,3,17,0,20
2023-08-02T07:24:16,3,17,0,20
2023-08-02T07:36:53,3,17,0,20
2023-08-02T07:49:33,3,17,0,20
2023-08-02T08:02:11,3,17,0,20
2023-08-02T08:14:48,3,17,0,20
2023-08-02T08:27:25,3,17,0,20
2023-08-02T08:40:02,3,17,0,20
2023-08-02T08:52:41,3,17,0,20
2023-08-02T09:05:18,3,17,0,20
2023-08-02T09:17:54,3,17,0,20
2023-08-02T09:30:32,3,17,0,20
2023-08-02T09:43:08,3,17,0,20
2023-08-02T09:55:59,3,17,0,20
2023-08-02T10:08:36,3,17,0,20
2023-08-02T10:21:12,3,17,0,20
2023-08-02T10:33:48,3,17,0,20
2023-08-02T10:46:23,3,17,0,20
2023-08-02T10:58:58,3,17,0,20
2023-08-02T11:11:34,3,17,0,20
2023-08-02T11:24:26,3,17,0,20
2023-08-02T11:37:01,3,17,0,20
2023-08-02T11:49:37,3,17,0,20
2023-08-02T12:02:12,3,17,0,20
2023-08-02T12:14:48,3,17,0,20
2023-08-02T12:27:23,3,17,0,20
2023-08-02T12:39:58,3,17,0,20
2023-08-02T12:52:43,3,17,0,20
2023-08-02T13:05:19,3,17,0,20
2023-08-02T13:17:54,3,17,0,20
2023-08-02T13:30:30,3,17,0,20
2023-08-02T13:43:06,3,17,0,20
2023-08-02T13:55:41,3,17,0,20
2023-08-02T14:08:17,3,17,0,20
2023-08-02T14:21:18,3,17,0,20
2023-08-02T14:33:53,3,17,0,20
2023-08-02T14:46:28,3,17,0,20
2023-08-02T14:59:04,3,17,0,20
2023-08-02T15:11:39,3,17,0,20
2023-08-02T15:24:16,3,17,0,20
2023-08-02T15:36:52,3,17,0,20
2023-08-02T15:49:28,3,17,0,20
2023-08-02T16:02:12,3,17,0,20
2023-08-02T16:14:47,3,17,0,20
2023-08-02T16:27:24,3,17,0,20
2023-08-02T16:39:59,3,17,0,20
2023-08-02T16:52:34,3,17,0,20
2023-08-02T17:05:10,3,17,0,20
2023-08-02T17:17:46,3,17,0,20
2023-08-02T17:30:22,3,17,0,20
2023-08-02T17:42:57,3,17,0,20
2023-08-02T17:55:42,3,17,0,20
2023-08-02T18:08:18,3,17,0,20
2023-08-02T18:20:53,3,17,0,20
2023-08-02T18:33:29,3,17,0,20
2023-08-02T18:46:04,3,17,0,20
2023-08-02T18:58:39,3,17,0,20
2023-08-02T19:11:15,3,17,0,20
2023-08-02T19:24:00,3,17,0,20
2023-08-02T19:36:36,3,17,0,20
2023-08-02T19:49:11,3,17,0,20
2023-08-02T20:01:47,3,17,0,20
2023-08-02T20:14:22,3,17,0,20
2023-08-02T20:26:57,3,17,0,20
2023-08-02T20:39:32,3,17,0,20
2023-08-02T20:52:07,3,17,0,20
2023-08-02T21:04:42,3,17,0,20
2023-08-02T21:17:27,3,17,0,20
2023-08-02T21:30:02,3,17,0,20
2023-08-02T21:42:38,3,17,0,20
2023-08-02T21:55:14,3,17,0,20
2023-08-02T22:07:49,3,17,0,20
2023-08-02T22:20:24,3,17,0,20
2023-08-02T22:33:00,3,17,0,20
2023-08-02T22:45:35,3,17,0,20
2023-08-02T22:58:11,3,17,0,20
2023-08-02T23:10:49,3,17,0,20
2023-08-02T23:23:34,3,17,0,20
2023-08-02T23:36:11,3,17,0,20
2023-08-02T23:48:47,3,17,0,20
2023-08-03T00:01:22,3,17,0,20
2023-08-03T00:14:04,3,17,0,20
2023-08-03T00:26:45,3,17,0,20
2023-08-03T00:39:26,3,17,0,20
2023-08-03T00:52:05,3,17,0,20
2023-08-03T01:04:47,3,17,0,20
2023-08-03T01:17:26,3,17,0,20
2023-08-03T01:30:05,3,17,0,20
2023-08-03T01:42:45,3,17,0,20
2023-08-03T01:55:27,3,17,0,20
2023-08-03T02:08:06,3,17,0,20
2023-08-03T02:20:52,3,17,0,20
2023-08-03T02:33:29,3,17,0,20
2023-08-03T02:46:05,3,17,0,20
2023-08-03T02:58:40,3,17,0,20
2023-08-03T03:11:17,3,17,0,20
2023-08-03T03:23:54,3,17,0,20
2023-08-03T03:36:32,3,17,0,20
2023-08-03T03:49:10,3,17,0,20
2023-08-03T04:01:48,3,17,0,20
2023-08-03T04:23:47,3,17,0,20
2023-08-03T04:36:28,3,17,0,20
2023-08-03T04:49:08,3,17,0,20
2023-08-03T05:01:47,3,17,0,20
2023-08-03T05:14:23,3,17,0,20
2023-08-03T05:27:00,3,17,0,20
2023-08-03T05:39:56,3,17,0,20
2023-08-03T05:52:36,3,17,0,20
2023-08-03T06:05:16,3,17,0,20
2023-08-03T06:17:55,3,17,0,20
2023-08-03T06:30:33,3,17,0,20
2023-08-03T06:43:11,3,17,0,20
2023-08-03T06:55:50,3,17,0,20
2023-08-03T07:08:29,3,17,0,20
2023-08-03T07:21:06,3,17,0,20
2023-08-03T07:33:43,3,17,0,20
2023-08-03T07:46:18,3,17,0,20
2023-08-03T07:58:55,3,17,0,20
2023-08-03T08:11:48,3,17,0,20
2023-08-03T08:24:25,3,17,0,20
2023-08-03T08:37:03,3,17,0,20
2023-08-03T08:49:41,3,17,0,20
2023-08-03T09:02:18,3,17,0,20
2023-08-03T09:14:55,3,17,0,20
2023-08-03T09:27:32,3,17,0,20
2023-08-03T09:40:09,3,17,0,20
2023-08-03T09:52:48,3,17,0,20
2023-08-03T10:05:28,3,17,0,20
2023-08-03T10:18:14,3,17,0,20
2023-08-03T10:30:51,3,17,0,20
2023-08-03T10:43:27,3,17,0,20
2023-08-03T10:56:03,3,17,0,20
2023-08-03T11:08:40,3,17,0,20
2023-08-03T11:21:16,3,17,0,20
2023-08-03T11:33:53,3,17,0,20
2023-08-03T11:46:30,3,17,0,20
2023-08-03T11:59:06,3,17,0,20
2023-08-03T12:12:02,3,17,0,20
2023-08-03T12:24:39,3,17,0,20
2023-08-03T12:37:15,3,17,0,20
2023-08-03T12:49:51,3,17,0,20
2023-08-03T13:02:26,3,17,0,20
2023-08-03T13:15:02,3,17,0,20
2023-08-03T13:27:38,3,17,0,20
2023-08-03T13:40:15,3,17,0,20
2023-08-03T13:52:50,3,17,0,20
2023-08-03T14:05:45,3,17,0,20
2023-08-03T14:18:22,3,17,0,20
2023-08-03T14:30:58,3,17,0,20
2023-08-03T14:43:34,3,17,0,20
2023-08-03T14:56:10,3,17,0,20
2023-08-03T15:08:47,3,17,0,20
2023-08-03T15:21:23,3,17,0,20
2023-08-03T15:33:59,3,17,0,20
2023-08-03T15:46:45,3,17,0,20
2023-08-03T15:59:21,3,17,0,20
2023-08-03T16:11:57,3,17,0,20
2023-08-03T16:24:32,3,17,0,20
2023-08-03T16:37:08,3,17,0,20
2023-08-03T16:49:46,3,17,0,20
2023-08-03T17:02:33,3,17,0,20
2023-08-03T17:15:12,3,17,0,20
2023-08-03T17:27:48,3,17,0,20
2023-08-03T17:40:25,3,17,0,20
2023-08-03T17:53:02,3,17,0,20
2023-08-03T18:05:38,3,17,0,20
2023-08-03T18:18:14,3,17,0,20
2023-08-03T18:30:59,3,17,0,20
2023-08-03T18:43:35,3,17,0,20
2023-08-03T18:56:11,3,17,0,20
2023-08-03T19:08:48,3,17,0,20
2023-08-03T19:21:24,3,17,0,20
2023-08-03T19:34:02,3,17,0,20
2023-08-03T19:46:48,3,17,0,20
2023-08-03T19:59:24,3,17,0,20
2023-08-03T20:12:00,3,17,0,20
2023-08-03T20:24:35,3,17,0,20
2023-08-03T20:37:12,3,17,0,20
2023-08-03T20:49:47,3,17,0,20
2023-08-03T21:02:44,3,17,0,20
2023-08-03T21:15:21,3,17,0,20
2023-08-03T21:27:57,3,17,0,20
2023-08-03T21:40:33,3,17,0,20
2023-08-03T21:53:09,3,17,0,20
2023-08-03T22:05:55,3,17,0,20
2023-08-03T22:18:31,3,17,0,20
2023-08-03T22:31:07,3,17,0,20
2023-08-03T22:43:43,3,17,0,20
2023-08-03T22:56:19,3,17,0,20
2023-08-03T23:08:57,3,17,0,20
2023-08-03T23:21:33,3,17,0,20
2023-08-03T23:34:10,3,17,0,20
2023-08-03T23:46:57,3,17,0,20
2023-08-04T00:02:35,3,17,0,20
2023-08-04T00:15:17,3,17,0,20
2023-08-04T00:27:57,3,17,0,20
2023-08-04T00:40:36,3,17,0,20
2023-08-04T00:53:18,3,17,0,20
2023-08-04T01:05:57,3,17,0,20
2023-08-04T01:18:37,3,17,0,20
2023-08-04T01:31:41,3,17,0,20
2023-08-04T01:44:50,3,17,0,20
2023-08-04T01:57:39,3,17,0,20
2023-08-04T02:10:17,3,17,0,20
2023-08-04T02:23:12,3,17,0,20
2023-08-04T02:35:49,3,17,0,20
2023-08-04T02:48:25,3,17,0,20
2023-08-04T03:01:00,3,17,0,20
2023-08-04T03:13:36,3,17,0,20
2023-08-04T03:26:11,3,17,0,20
2023-08-04T03:38:47,3,17,0,20
2023-08-04T03:51:32,3,17,0,20
2023-08-04T04:04:07,3,17,0,20
2023-08-04T04:29:35,3,17,0,20
2023-08-04T04:42:12,3,17,0,20
2023-08-04T04:54:50,3,17,0,20
2023-08-04T05:07:27,3,17,0,20
2023-08-04T05:20:05,3,17,0,20
2023-08-04T05:32:44,3,17,0,20
2023-08-04T05:45:26,3,17,0,20
2023-08-04T05:58:17,3,17,0,20
2023-08-04T06:11:00,3,17,0,20
2023-08-04T06:23:41,3,17,0,20
2023-08-04T06:36:22,3,17,0,20
2023-08-04T06:49:02,3,17,0,20
2023-08-04T07:01:42,3,17,0,20
2023-08-04T07:14:22,3,17,0,20
2023-08-04T07:27:15,3,17,0,20
2023-08-04T07:39:53,3,17,0,20
2023-08-04T07:52:33,3,17,0,20
2023-08-04T08:05:12,3,17,0,20
2023-08-04T08:17:51,3,17,0,20
2023-08-04T08:30:29,3,17,0,20
2023-08-04T08:43:07,3,17,0,20
2023-08-04T08:55:46,3,17,0,20
2023-08-04T09:08:24,3,17,0,20
2023-08-04T09:21:01,3,17,0,20
2023-08-04T09:33:39,3,17,0,20
2023-08-04T09:46:16,3,17,0,20
2023-08-04T09:58:54,3,17,0,20
2023-08-04T10:11:32,3,17,0,20
2023-08-04T10:24:10,3,17,0,20
2023-08-04T10:36:47,3,17,0,20
2023-08-04T10:49:36,3,17,0,20
2023-08-04T11:02:13,3,17,0,20
2023-08-04T11:14:51,3,17,0,20
2023-08-04T11:27:28,3,17,0,20
2023-08-04T11:40:04,3,17,0,20
2023-08-04T11:52:41,3,17,0,20
2023-08-04T12:05:17,3,17,0,20
2023-08-04T12:17:53,3,17,0,20
2023-08-04T12:30:29,3,17,0,20
2023-08-04T12:43:26,3,17,0,20
2023-08-04T12:56:03,3,17,0,20
2023-08-04T13:08:38,3,17,0,20
2023-08-04T13:21:14,3,17,0,20
2023-08-04T13:33:50,3,17,0,20
2023-08-04T13:46:28,3,17,0,20
2023-08-04T13:59:04,3,17,0,20
2023-08-04T14:11:40,3,17,0,20
2023-08-04T14:24:17,3,17,0,20
2023-08-04T14:37:06,3,17,0,20
2023-08-04T14:49:42,3,17,0,20
2023-08-04T15:02:18,3,17,0,20
2023-08-04T15:15:12,3,17,0,20
2023-08-04T15:27:56,3,17,0,20
2023-08-04T15:40:32,3,17,0,20
2023-08-04T15:53:08,3,17,0,20
2023-08-04T16:05:44,3,17,0,20
2023-08-04T16:18:19,3,17,0,20
2023-08-04T16:31:06,3,17,0,20
2023-08-04T16:43:43,3,17,0,20
2023-08-04T16:56:18,3,17,0,20
2023-08-04T17:08:55,3,17,0,20
2023-08-04T17:21:32,3,17,0,20
2023-08-04T17:34:07,3,17,0,20
2023-08-04T17:46:42,3,17,0,20
2023-08-04T17:59:18,3,17,0,20
2023-08-04T18:11:54,3,17,0,20
2023-08-04T18:24:29,3,17,0,20
2023-08-04T18:37:24,3,17,0,20
2023-08-04T18:49:58,3,17,0,20
2023-08-04T19:02:33,3,17,0,20
2023-08-04T19:15:10,3,17,0,20
2023-08-04T19:27:45,3,17,0,20
2023-08-04T19:40:20,3,17,0,20
2023-08-04T19:52:57,3,17,0,20
2023-08-04T20:05:33,3,17,0,20
2023-08-04T20:18:09,3,17,0,20
2023-08-04T20:30:44,3,17,0,20
2023-08-04T20:43:19,3,17,0,20
2023-08-04T20:56:07,3,17,0,20
2023-08-04T21:08:42,3,17,0,20
2023-08-04T21:21:18,3,17,0,20
2023-08-04T21:33:54,3,17,0,20
2023-08-04T21:46:29,3,17,0,20
2023-08-04T21:59:05,3,17,0,20
2023-08-04T22:11:40,3,17,0,20
2023-08-04T22:24:15,3,17,0,20
2023-08-04T22:36:52,3,17,0,20
2023-08-04T22:49:27,3,17,0,20
2023-08-04T23:02:03,3,17,0,20
2023-08-04T23:14:41,3,17,0,20
2023-08-04T23:27:17,3,17,0,20
2023-08-04T23:40:03,3,17,0,20
2023-08-04T23:52:40,3,17,0,20
2023-08-05T00:05:18,3,17,0,20
2023-08-05T00:18:00,3,17,0,20
2023-08-05T00:30:39,3,17,0,20
2023-08-05T00:43:20,3,17,0,20
2023-08-05T00:56:01,3,17,0,20
2023-08-05T01:08:41,3,17,0,20
2023-08-05T01:21:20,3,17,0,20
2023-08-05T01:34:00,3,17,0,20
2023-08-05T01:46:41,3,17,0,20
2023-08-05T01:59:23,3,17,0,20
2023-08-05T02:12:00,3,17,0,20
2023-08-05T02:24:37,3,17,0,20
2023-08-05T02:37:17,3,17,0,20
2023-08-05T02:50:13,3,17,0,20
2023-08-05T03:02:48,3,17,0,20
2023-08-05T03:15:26,3,17,0,20
2023-08-05T03:28:04,3,17,0,20
2023-08-05T03:40:42,3,17,0,20
2023-08-05T03:53:20,3,17,0,20
2023-08-05T04:05:59,3,17,0,20
2023-08-05T04:27:08,3,17,0,20
2023-08-05T04:39:48,3,17,0,20
2023-08-05T04:52:28,3,17,0,20
2023-08-05T05:05:07,3,17,0,20
2023-08-05T05:17:42,3,17,0,20
2023-08-05T05:30:17,3,17,0,20
2023-08-05T05:43:17,3,17,0,20
2023-08-05T05:55:56,3,17,0,20
2023-08-05T06:08:37,3,17,0,20
2023-08-05T06:21:16,3,17,0,20
2023-08-05T06:33:55,3,17,0,20
2023-08-05T06:46:34,3,17,0,20
2023-08-05T06:59:13,3,17,0,20
2023-08-05T07:11:52,3,17,0,20
2023-08-05T07:24:30,3,17,0,20
2023-08-05T07:37:09,3,17,0,20
2023-08-05T07:49:49,3,17,0,20
2023-08-05T08:02:29,3,17,0,20
2023-08-05T08:15:09,3,17,0,20
2023-08-05T08:27:57,3,17,0,20
2023-08-05T08:40:35,3,17,0,20
2023-08-05T08:53:14,3,17,0,20
2023-08-05T09:05:52,3,17,0,20
2023-08-05T09:18:30,3,17,0,20
2023-08-05T09:31:09,3,17,0,20
2023-08-05T09:43:48,3,17,0,20
2023-08-05T09:56:26,3,17,0,20
2023-08-05T10:09:05,3,17,0,20
2023-08-05T10:21:44,3,17,0,20
2023-08-05T10:34:22,3,17,0,20
2023-08-05T10:47:01,3,17,0,20
2023-08-05T10:59:49,3,17,0,20
2023-08-05T11:12:28,3,17,0,20
2023-08-05T11:25:06,3,17,0,20
2023-08-05T11:37:43,3,17,0,20
2023-08-05T11:50:21,3,17,0,20
2023-08-05T12:02:58,3,17,0,20
2023-08-05T12:15:36,3,17,0,20
2023-08-05T12:28:17,3,17,0,20
2023-08-05T12:40:54,3,17,0,20
2023-08-05T12:53:29,3,17,0,20
2023-08-05T13:06:03,3,17,0,20
2023-08-05T13:18:39,3,17,0,20
2023-08-05T13:31:24,3,17,0,20
2023-08-05T13:43:59,3,17,0,20
2023-08-05T13:56:34,3,17,0,20
2023-08-05T14:09:09,3,17,0,20
2023-08-05T14:21:44,3,17,0,20
2023-08-05T14:34:20,3,17,0,20
2023-08-05T14:46:56,3,17,0,20
2023-08-05T14:59:32,3,17,0,20
2023-08-05T15:12:07,3,17,0,20
2023-08-05T15:24:42,3,17,0,20
2023-08-05T15:37:18,3,17,0,20
2023-08-05T15:49:54,3,17,0,20
2023-08-05T16:02:28,3,17,0,20
2023-08-05T16:15:03,3,17,0,20
2023-08-05T16:27:48,3,17,0,20
2023-08-05T16:40:23,3,17,0,20
2023-08-05T16:52:58,3,17,0,20
2023-08-05T17:05:34,3,17,0,20
2023-08-05T17:18:10,3,17,0,20
2023-08-05T17:30:46,3,17,0,20
2023-08-05T17:43:21,3,17,0,20
2023-08-05T17:55:56,3,17,0,20
2023-08-05T18:08:32,3,17,0,20
2023-08-05T18:21:07,3,17,0,20
2023-08-05T18:33:42,3,17,0,20
2023-08-05T18:46:18,3,17,0,20
2023-08-05T18:58:53,3,17,0,20
2023-08-05T19:11:40,3,17,0,20
2023-08-05T19:24:16,3,17,0,20
2023-08-05T19:36:51,3,17,0,20
2023-08-05T19:49:26,3,17,0,20
2023-08-05T20:02:01,3,17,0,20
2023-08-05T20:14:36,3,17,0,20
2023-08-05T20:27:12,3,17,0,20
2023-08-05T20:39:47,3,17,0,20
2023-08-05T20:52:22,3,17,0,20
2023-08-05T21:04:58,3,17,0,20
2023-08-05T21:17:33,3,17,0,20
2023-08-05T21:30:08,3,17,0,20
2023-08-05T21:42:43,3,17,0,20
2023-08-05T21:55:18,3,17,0,20
2023-08-05T22:07:54,3,17,0,20
2023-08-05T22:20:39,3,17,0,20
2023-08-05T22:33:15,3,17,0,20
2023-08-05T22:45:50,3,17,0,20
2023-08-05T22:58:26,3,17,0,20
2023-08-05T23:11:04,3,17,0,20
2023-08-05T23:23:40,3,17,0,20
2023-08-05T23:36:16,3,17,0,20
2023-08-05T23:48:51,3,17,0,20
2023-08-06T00:01:26,3,17,0,20
2023-08-06T00:14:04,3,17,0,20
2023-08-06T00:26:43,3,17,0,20
2023-08-06T00:39:21,3,17,0,20
2023-08-06T00:51:58,3,17,0,20
2023-08-06T01:04:39,3,17,0,20
2023-08-06T01:17:20,3,17,0,20
2023-08-06T01:30:01,3,17,0,20
2023-08-06T01:42:41,3,17,0,20
2023-08-06T01:55:32,3,17,0,20
2023-08-06T02:08:22,3,17,0,20
2023-08-06T02:21:01,3,17,0,20
2023-08-06T02:33:43,3,17,0,20
2023-08-06T02:46:22,3,17,0,20
2023-08-06T02:59:00,3,17,0,20
2023-08-06T03:11:39,3,17,0,20
2023-08-06T03:24:18,3,17,0,20
2023-08-06T03:36:57,3,17,0,20
2023-08-06T03:49:37,3,17,0,20
2023-08-06T04:02:16,3,17,0,20
2023-08-06T04:14:56,3,17,0,20
2023-08-06T04:32:53,3,17,0,20
2023-08-06T04:45:35,3,17,0,20
2023-08-06T04:58:15,3,17,0,20
2023-08-06T05:10:59,3,17,0,20
2023-08-06T05:23:38,3,17,0,20
2023-08-06T05:36:17,3,17,0,20
2023-08-06T05:48:58,3,17,0,20
2023-08-06T06:01:37,3,17,0,20
2023-08-06T06:14:16,3,17,0,20
2023-08-06T06:26:55,3,17,0,20
2023-08-06T06:39:34,3,17,0,20
2023-08-06T06:52:13,3,17,0,20
2023-08-06T07:04:50,3,17,0,20
2023-08-06T07:17:27,3,17,0,20
2023-08-06T07:30:03,3,17,0,20
2023-08-06T07:42:40,3,17,0,20
2023-08-06T07:55:18,3,17,0,20
2023-08-06T08:07:58,3,17,0,20
2023-08-06T08:20:35,3,17,0,20
2023-08-06T08:33:13,3,17,0,20
2023-08-06T08:45:48,3,17,0,20
2023-08-06T08:58:26,3,17,0,20
2023-08-06T09:11:03,3,17,0,20
2023-08-06T09:23:39,3,17,0,20
2023-08-06T09:36:18,3,17,0,20
2023-08-06T09:48:55,3,17,0,20
2023-08-06T10:01:41,3,17,0,20
2023-08-06T10:14:20,3,17,0,20
2023-08-06T10:26:56,3,17,0,20
2023-08-06T10:39:32,3,17,0,20
2023-08-06T10:52:09,3,17,0,20
2023-08-06T11:04:47,3,17,0,20
2023-08-06T11:17:25,3,17,0,20
2023-08-06T11:30:02,3,17,0,20
2023-08-06T11:42:39,3,17,0,20
2023-08-06T11:55:16,3,17,0,20
2023-08-06T12:07:54,3,17,0,20
2023-08-06T12:20:30,3,17,0,20
2023-08-06T12:33:06,3,17,0,20
2023-08-06T12:45:42,3,17,0,20
2023-08-06T12:58:35,3,17,0,20
2023-08-06T13:11:10,3,17,0,20
2023-08-06T13:23:46,3,17,0,20
2023-08-06T13:36:21,3,17,0,20
2023-08-06T13:48:56,3,17,0,20
2023-08-06T14:01:31,3,17,0,20
2023-08-06T14:14:06,3,17,0,20
2023-08-06T14:26:41,3,17,0,20
2023-08-06T14:39:16,3,17,0,20
2023-08-06T14:51:52,3,17,0,20
2023-08-06T15:04:26,3,17,0,20
2023-08-06T15:17:00,3,17,0,20
2023-08-06T15:29:45,3,17,0,20
2023-08-06T15:42:21,3,17,0,20
2023-08-06T15:54:57,3,17,0,20
2023-08-06T16:07:33,3,17,0,20
2023-08-06T16:20:10,3,17,0,20
2023-08-06T16:32:46,3,17,0,20
2023-08-06T16:45:22,3,17,0,20
2023-08-06T16:57:57,3,17,0,20
2023-08-06T17:10:33,3,17,0,20
2023-08-06T17:23:09,3,17,0,20
2023-08-06T17:35:45,3,17,0,20
2023-08-06T17:48:20,3,17,0,20
2023-08-06T18:00:56,3,17,0,20
2023-08-06T18:13:43,3,17,0,20
2023-08-06T18:26:18,3,17,0,20
2023-08-06T18:38:54,3,17,0,20
2023-08-06T18:51:30,3,17,0,20
2023-08-06T19:04:07,3,17,0,20
2023-08-06T19:16:46,3,17,0,20
2023-08-06T19:29:22,3,17,0,20
2023-08-06T19:41:58,3,17,0,20
2023-08-06T19:54:33,3,17,0,20
2023-08-06T20:07:08,3,17,0,20
2023-08-06T20:19:45,3,17,0,20
2023-08-06T20:32:31,3,17,0,20
2023-08-06T20:45:06,3,17,0,20
2023-08-06T20:57:41,3,17,0,20
2023-08-06T21:10:17,3,17,0,20
2023-08-06T21:22:53,3,17,0,20
2023-08-06T21:35:29,3,17,0,20
2023-08-06T21:48:06,3,17,0,20
2023-08-06T22:00:42,3,17,0,20
2023-08-06T22:13:18,3,17,0,20
2023-08-06T22:26:04,3,17,0,20
2023-08-06T22:38:40,3,17,0,20
2023-08-06T22:51:16,3,17,0,20
2023-08-06T23:03:51,3,17,0,20
2023-08-06T23:16:30,3,17,0,20
2023-08-06T23:29:06,3,17,0,20
2023-08-06T23:41:43,3,17,0,20
2023-08-06T23:54:22,3,17,0,20
2023-08-07T00:07:10,3,17,0,20
2023-08-07T00:20:00,3,17,0,20
2023-08-07T00:32:43,3,17,0,20
2023-08-07T00:45:26,3,17,0,20
2023-08-07T00:58:06,3,17,0,20
2023-08-07T01:10:42,3,17,0,20
2023-08-07T01:23:21,3,17,0,20
2023-08-07T01:36:04,3,17,0,20
2023-08-07T01:48:44,3,17,0,20
2023-08-07T02:01:25,3,17,0,20
2023-08-07T02:14:05,3,17,0,20
2023-08-07T02:26:44,3,17,0,20
2023-08-07T02:39:25,3,17,0,20
2023-08-07T02:52:21,3,17,0,20
2023-08-07T03:04:59,3,17,0,20
2023-08-07T03:17:38,3,17,0,20
2023-08-07T03:30:18,3,17,0,20
2023-08-07T03:42:57,3,17,0,20
2023-08-07T03:55:36,3,17,0,20
2023-08-07T04:08:16,3,17,0,20
2023-08-07T04:33:13,3,17,0,20
2023-08-07T04:45:55,3,17,0,20
2023-08-07T04:58:35,3,17,0,20
2023-08-07T05:11:15,3,17,0,20
2023-08-07T05:23:54,3,17,0,20
2023-08-07T05:36:34,3,17,0,20
2023-08-07T05:49:15,3,17,0,20
2023-08-07T06:01:53,3,17,0,20
2023-08-07T06:14:32,3,17,0,20
2023-08-07T06:27:11,3,17,0,20
2023-08-07T06:39:53,3,17,0,20
2023-08-07T06:52:32,3,17,0,20
2023-08-07T07:05:10,3,17,0,20
2023-08-07T07:17:46,3,17,0,20
2023-08-07T07:30:22,3,17,0,20
2023-08-07T07:42:57,3,17,0,20
2023-08-07T07:55:33,3,17,0,20
2023-08-07T08:08:08,3,17,0,20
2023-08-07T08:20:53,3,17,0,20
2023-08-07T08:33:31,3,17,0,20
2023-08-07T08:46:07,3,17,0,20
2023-08-07T08:58:42,3,17,0,20
2023-08-07T09:11:18,3,17,0,20
2023-08-07T09:23:53,3,17,0,20
2023-08-07T09:36:29,3,17,0,20
2023-08-07T09:49:06,3,17,0,20
2023-08-07T10:01:54,3,17,0,20
2023-08-07T10:14:30,3,17,0,20
2023-08-07T10:27:05,3,17,0,20
2023-08-07T10:39:41,3,17,0,20
2023-08-07T10:52:17,3,17,0,20
2023-08-07T11:05:04,3,17,0,20
2023-08-07T11:17:40,3,17,0,20
2023-08-07T11:30:16,3,17,0,20
2023-08-07T11:42:52,3,17,0,20
2023-08-07T11:55:27,3,17,0,20
2023-08-07T12:08:03,3,17,0,20
2023-08-07T12:20:48,3,17,0,20
2023-08-07T12:33:23,3,17,0,20
2023-08-07T12:46:00,3,17,0,20
2023-08-07T12:58:37,3,17,0,20
2023-08-07T13:11:13,3,17,0,20
2023-08-07T13:23:59,3,17,0,20
2023-08-07T13:36:34,3,17,0,20
2023-08-07T13:49:09,3,17,0,20
2023-08-07T14:01:45,3,17,0,20
2023-08-07T14:14:20,3,17,0,20
2023-08-07T14:26:56,3,17,0,20
2023-08-07T14:39:32,3,17,0,20
2023-08-07T14:52:18,3,17,0,20
2023-08-07T15:04:54,3,17,0,20
2023-08-07T15:17:30,3,17,0,20
2023-08-07T15:30:05,3,17,0,20
2023-08-07T15:42:42,3,17,0,20
2023-08-07T15:55:19,3,17,0,20
2023-08-07T16:07:56,3,17,0,20
2023-08-07T16:20:42,3,17,0,20
2023-08-07T16:33:19,3,17,0,20
2023-08-07T16:45:56,3,17,0,20
2023-08-07T16:58:34,3,17,0,20
2023-08-07T17:11:10,3,17,0,20
2023-08-07T17:23:48,3,17,0,20
2023-08-07T17:36:25,3,17,0,20
2023-08-07T17:49:02,3,17,0,20
2023-08-07T18:01:48,3,17,0,20
2023-08-07T18:14:25,3,17,0,20
2023-08-07T18:27:01,3,17,0,20
2023-08-07T18:39:39,3,17,0,20
2023-08-07T18:52:15,3,17,0,20
2023-08-07T19:04:51,3,17,0,20
2023-08-07T19:17:29,3,17,0,20
2023-08-07T19:30:16,3,17,0,20
2023-08-07T19:42:54,3,17,0,20
2023-08-07T19:55:30,3,17,0,20
2023-08-07T20:08:07,3,17,0,20
2023-08-07T20:20:44,3,17,0,20
2023-08-07T20:33:22,3,17,0,20
2023-08-07T20:45:58,3,17,0,20
2023-08-07T20:58:35,3,17,0,20
2023-08-07T21:11:12,3,17,0,20
2023-08-07T21:24:00,3,17,0,20
2023-08-07T21:36:37,3,17,0,20
2023-08-07T21:49:15,3,17,0,20
2023-08-07T22:01:51,3,17,0,20
2023-08-07T22:14:27,3,17,0,20
2023-08-07T22:27:04,3,17,0,20
2023-08-07T22:39:42,3,17,0,20
2023-08-07T22:52:19,3,17,0,20
2023-08-07T23:04:57,3,17,0,20
2023-08-07T23:17:48,3,17,0,20
2023-08-07T23:30:26,3,17,0,20
2023-08-07T23:43:03,3,17,0,20
2023-08-07T23:55:40,3,17,0,20
2023-08-08T00:08:19,3,17,0,20
2023-08-08T00:20:58,3,17,0,20
2023-08-08T00:33:47,3,17,0,20
2023-08-08T00:46:24,3,17,0,20
2023-08-08T00:59:03,3,17,0,20
2023-08-08T01:11:42,3,17,0,20
2023-08-08T01:24:19,3,17,0,20
2023-08-08T01:37:07,3,17,0,20
2023-08-08T01:49:43,3,17,0,20
2023-08-08T02:02:22,3,17,0,20
2023-08-08T02:14:59,3,17,0,20
2023-08-08T02:27:33,3,17,0,20
2023-08-08T02:40:08,3,17,0,20
2023-08-08T02:52:42,3,17,0,20
2023-08-08T03:05:15,3,17,0,20
2023-08-08T03:18:02,3,17,0,20
2023-08-08T03:30:37,3,17,0,20
2023-08-08T03:43:13,3,17,0,20
2023-08-08T03:55:49,3,17,0,20
2023-08-08T04:08:26,3,17,0,20
2023-08-08T04:30:14,3,17,0,20
2023-08-08T04:42:56,3,17,0,20
2023-08-08T04:55:36,3,17,0,20
2023-08-08T05:08:16,3,17,0,20
2023-08-08T05:20:55,3,17,0,20
2023-08-08T05:33:33,3,17,0,20
2023-08-08T05:46:11,3,17,0,20
2023-08-08T05:58:52,3,17,0,20
2023-08-08T06:11:31,3,17,0,20
2023-08-08T06:24:11,3,17,0,20
2023-08-08T06:36:50,3,17,0,20
2023-08-08T06:49:31,3,17,0,20
2023-08-08T07:02:12,3,17,0,20
2023-08-08T07:14:52,3,17,0,20
2023-08-08T07:27:31,3,17,0,20
2023-08-08T07:40:10,3,17,0,20
2023-08-08T07:52:49,3,17,0,20
2023-08-08T08:05:47,3,17,0,20
2023-08-08T08:18:27,3,17,0,20
2023-08-08T08:31:07,3,17,0,20
2023-08-08T08:43:47,3,17,0,20
2023-08-08T08:56:26,3,17,0,20
2023-08-08T09:09:04,3,17,0,20
2023-08-08T09:21:42,3,17,0,20
2023-08-08T09:34:21,3,17,0,20
2023-08-08T09:47:00,3,17,0,20
2023-08-08T09:59:47,3,17,0,20
2023-08-08T10:12:26,3,17,0,20
2023-08-08T10:25:04,3,17,0,20
2023-08-08T10:37:44,3,17,0,20
2023-08-08T10:50:22,3,17,0,20
2023-08-08T11:03:01,3,17,0,20
2023-08-08T11:15:50,3,17,0,20
2023-08-08T11:28:27,3,17,0,20
2023-08-08T11:41:04,3,17,0,20
2023-08-08T11:53:42,3,17,0,20
2023-08-08T12:06:20,3,17,0,20
2023-08-08T12:19:16,3,17,0,20
2023-08-08T12:31:53,3,17,0,20
2023-08-08T12:44:31,3,17,0,20
2023-08-08T12:57:07,3,17,0,20
2023-08-08T13:09:44,3,17,0,20
2023-08-08T13:22:21,3,17,0,20
2023-08-08T13:35:01,3,17,0,20
2023-08-08T13:47:47,3,17,0,20
2023-08-08T14:00:25,3,17,0,20
2023-08-08T14:13:02,3,17,0,20
2023-08-08T14:25:39,3,17,0,20
2023-08-08T14:38:16,3,17,0,20
2023-08-08T14:50:53,3,17,0,20
2023-08-08T15:03:40,3,17,0,20
2023-08-08T15:16:17,3,17,0,20
2023-08-08T15:28:55,3,17,0,20
2023-08-08T15:41:32,3,17,0,20
2023-08-08T15:54:08,3,17,0,20
2023-08-08T16:06:46,3,17,0,20
2023-08-08T16:19:22,3,17,0,20
2023-08-08T16:32:10,3,17,0,20
2023-08-08T16:44:47,3,17,0,20
2023-08-08T16:57:23,3,17,0,20
2023-08-08T17:10:01,3,17,0,20
2023-08-08T17:22:38,3,17,0,20
2023-08-08T17:35:14,3,17,0,20
2023-08-08T17:47:51,3,17,0,20
2023-08-08T18:00:48,3,17,0,20
2023-08-08T18:13:25,3,17,0,20
2023-08-08T18:26:02,3,17,0,20
2023-08-08T18:38:39,3,17,0,20
2023-08-08T18:51:16,3,17,0,20
2023-08-08T19:03:54,3,17,0,20
2023-08-08T19:16:32,3,17,0,20
2023-08-08T19:29:20,3,17,0,20
2023-08-08T19:41:58,3,17,0,20
2023-08-08T19:54:34,3,17,0,20
2023-08-08T20:07:13,3,17,0,20
2023-08-08T20:19:50,3,17,0,20
2023-08-08T20:32:27,3,17,0,20
2023-08-08T20:45:04,3,17,0,20
2023-08-08T20:57:41,3,17,0,20
2023-08-08T21:10:28,3,17,0,20
2023-08-08T21:23:05,3,17,0,20
2023-08-08T21:35:42,3,17,0,20
2023-08-08T21:48:19,3,17,0,20
2023-08-08T22:00:56,3,17,0,20
2023-08-08T22:13:33,3,17,0,20
2023-08-08T22:26:09,3,17,0,20
2023-08-08T22:38:46,3,17,0,20
2023-08-08T22:51:23,3,17,0,20
2023-08-08T23:04:10,3,17,0,20
2023-08-08T23:16:50,3,17,0,20
2023-08-08T23:29:27,3,17,0,20
2023-08-08T23:42:06,3,17,0,20
2023-08-08T23:54:43,3,17,0,20
2023-08-09T00:07:23,3,17,0,20
2023-08-09T00:20:04,3,17,0,20
2023-08-09T00:32:41,3,17,0,20
2023-08-09T00:45:19,3,17,0,20
2023-08-09T00:57:56,3,17,0,20
2023-08-09T01:10:49,3,17,0,20
2023-08-09T01:23:26,3,17,0,20
2023-08-09T01:36:03,3,17,0,20
2023-08-09T01:48:38,3,17,0,20
2023-08-09T02:01:17,3,17,0,20
2023-08-09T02:13:56,3,17,0,20
2023-08-09T02:26:35,3,17,0,20
2023-08-09T02:39:13,3,17,0,20
2023-08-09T02:51:50,3,17,0,20
2023-08-09T03:04:28,3,17,0,20
2023-08-09T03:17:09,3,17,0,20
2023-08-09T03:29:49,3,17,0,20
2023-08-09T03:42:30,3,17,0,20
2023-08-09T03:55:11,3,17,0,20
2023-08-09T04:08:03,3,17,0,20
2023-08-09T04:22:50,3,17,0,20
2023-08-09T04:35:33,3,17,0,20
2023-08-09T04:48:15,3,17,0,20
2023-08-09T05:00:55,3,17,0,20
2023-08-09T05:13:36,3,17,0,20
2023-08-09T05:26:15,3,17,0,20
2023-08-09T05:38:57,3,17,0,20
2023-08-09T05:51:39,3,17,0,20
2023-08-09T06:04:18,3,17,0,20
2023-08-09T06:16:57,3,17,0,20
2023-08-09T06:29:40,3,17,0,20
2023-08-09T06:42:20,3,17,0,20
2023-08-09T06:55:00,3,17,0,20
2023-08-09T07:07:40,3,17,0,20
2023-08-09T07:20:19,3,17,0,20
2023-08-09T07:32:57,3,17,0,20
2023-08-09T07:45:37,3,17,0,20
2023-08-09T07:58:16,3,17,0,20
2023-08-09T08:11:06,3,17,0,20
2023-08-09T08:23:44,3,17,0,20
2023-08-09T08:36:23,3,17,0,20
2023-08-09T08:49:01,3,17,0,20
2023-08-09T09:01:39,3,17,0,20
2023-08-09T09:14:18,3,17,0,20
2023-08-09T09:26:55,3,17,0,20
2023-08-09T09:39:31,3,17,0,20
2023-08-09T09:52:07,3,17,0,20
2023-08-09T10:04:43,3,17,0,20
2023-08-09T10:17:30,3,17,0,20
2023-08-09T10:30:06,3,17,0,20
2023-08-09T10:42:42,3,17,0,20
2023-08-09T10:55:18,3,17,0,20
2023-08-09T11:07:55,3,17,0,20
2023-08-09T11:20:31,3,17,0,20
2023-08-09T11:33:19,3,17,0,20
2023-08-09T11:45:56,3,17,0,20
2023-08-09T11:58:32,3,17,0,20
2023-08-09T12:11:18,3,17,0,20
2023-08-09T12:23:54,3,17,0,20
2023-08-09T12:36:42,3,17,0,20
2023-08-09T12:49:18,3,17,0,20
2023-08-09T13:02:04,3,17,0,20
2023-08-09T13:14:42,3,17,0,20
2023-08-09T13:27:18,3,17,0,20
2023-08-09T13:39:54,3,17,0,20
2023-08-09T13:52:40,3,17,0,20
2023-08-09T14:07:37,3,17,0,20
2023-08-09T14:20:52,3,17,0,20
2023-08-09T14:33:28,3,17,0,20
2023-08-09T14:46:05,3,17,0,20
2023-08-09T14:58:42,3,17,0,20
2023-08-09T15:11:20,3,17,0,20
2023-08-09T15:23:57,3,17,0,20
2023-08-09T15:36:34,3,17,0,20
2023-08-09T15:49:20,3,17,0,20
2023-08-09T16:01:57,3,17,0,20
2023-08-09T16:14:34,3,17,0,20
2023-08-09T16:27:11,3,17,0,20
2023-08-09T16:39:48,3,17,0,20
2023-08-09T16:52:24,3,17,0,20
2023-08-09T17:05:01,3,17,0,20
2023-08-09T17:17:39,3,17,0,20
2023-08-09T17:30:16,3,17,0,20
2023-08-09T17:43:02,3,17,0,20
2023-08-09T17:55:39,3,17,0,20
2023-08-09T18:08:16,3,17,0,20
2023-08-09T18:20:53,3,17,0,20
2023-08-09T18:33:30,3,17,0,20
2023-08-09T18:46:07,3,17,0,20
2023-08-09T18:58:45,3,17,0,20
2023-08-09T19:11:23,3,17,0,20
2023-08-09T19:23:59,3,17,0,20
2023-08-09T19:36:37,3,17,0,20
2023-08-09T19:49:25,3,17,0,20
2023-08-09T20:02:01,3,17,0,20
2023-08-09T20:14:37,3,17,0,20
2023-08-09T20:27:13,3,17,0,20
2023-08-09T20:39:50,3,17,0,20
2023-08-09T20:52:26,3,17,0,20
2023-08-09T21:05:03,3,17,0,20
2023-08-09T21:17:40,3,17,0,20
2023-08-09T21:30:16,3,17,0,20
2023-08-09T21:42:54,3,17,0,20
2023-08-09T21:55:33,3,17,0,20
2023-08-09T22:08:20,3,17,0,20
2023-08-09T22:20:57,3,17,0,20
2023-08-09T22:33:34,3,17,0,20
2023-08-09T22:46:11,3,17,0,20
2023-08-09T22:58:47,3,17,0,20
2023-08-09T23:11:26,3,17,0,20
2023-08-09T23:24:03,3,17,0,20
2023-08-09T23:36:41,3,17,0,20
2023-08-09T23:49:19,3,17,0,20
2023-08-10T00:01:56,3,17,0,20
2023-08-10T00:14:39,3,17,0,20
2023-08-10T00:27:19,3,17,0,20
2023-08-10T00:39:57,3,17,0,20
2023-08-10T00:52:46,3,17,0,20
2023-08-10T01:05:24,3,17,0,20
2023-08-10T01:18:01,3,17,0,20
2023-08-10T01:30:39,3,17,0,20
2023-08-10T01:43:16,3,17,0,20
2023-08-10T01:55:55,3,17,0,20
2023-08-10T02:08:31,3,17,0,20
2023-08-10T02:21:06,3,17,0,20
2023-08-10T02:33:42,3,17,0,20
2023-08-10T02:46:18,3,17,0,20
2023-08-10T02:58:56,3,17,0,20
2023-08-10T03:11:34,3,17,0,20
2023-08-10T03:24:14,3,17,0,20
2023-08-10T03:36:52,3,17,0,20
2023-08-10T03:49:32,3,17,0,20
2023-08-10T04:02:11,3,17,0,20
2023-08-10T04:17:16,3,17,0,20
2023-08-10T04:30:49,3,17,0,20
2023-08-10T04:43:54,3,17,0,20
2023-08-10T04:56:37,3,17,0,20
2023-08-10T05:09:16,3,17,0,20
2023-08-10T05:21:53,3,17,0,20
2023-08-10T05:34:33,3,17,0,20
2023-08-10T05:47:13,3,17,0,20
2023-08-10T06:00:05,3,17,0,20
2023-08-10T06:12:46,3,17,0,20
2023-08-10T06:25:27,3,17,0,20
2023-08-10T06:38:07,3,17,0,20
2023-08-10T06:50:47,3,17,0,20
2023-08-10T07:03:29,3,17,0,20
2023-08-10T07:16:11,3,17,0,20
2023-08-10T07:28:51,3,17,0,20
2023-08-10T07:41:30,3,17,0,20
2023-08-10T07:54:08,3,17,0,20
2023-08-10T08:06:46,3,17,0,20
2023-08-10T08:19:25,3,17,0,20
2023-08-10T08:32:15,3,17,0,20
2023-08-10T08:44:54,3,17,0,20
2023-08-10T08:57:33,3,17,0,20
2023-08-10T09:10:11,3,17,0,20
2023-08-10T09:22:51,3,17,0,20
2023-08-10T09:35:29,3,17,0,20
2023-08-10T09:48:08,3,17,0,20
2023-08-10T10:00:46,3,17,0,20
2023-08-10T10:13:26,3,17,0,20
2023-08-10T10:26:05,3,17,0,20
2023-08-10T10:38:44,3,17,0,20
2023-08-10T10:51:32,3,17,0,20
2023-08-10T11:04:09,3,17,0,20
2023-08-10T11:16:46,3,17,0,20
2023-08-10T11:29:23,3,17,0,20
2023-08-10T11:41:59,3,17,0,20
2023-08-10T11:54:37,3,17,0,20
2023-08-10T12:07:13,3,17,0,20
2023-08-10T12:19:50,3,17,0,20
2023-08-10T12:32:38,3,17,0,20
2023-08-10T12:45:15,3,17,0,20
2023-08-10T12:57:52,3,17,0,20
2023-08-10T13:10:29,3,17,0,20
2023-08-10T13:23:06,3,17,0,20
2023-08-10T13:35:45,3,17,0,20
2023-08-10T13:48:22,3,17,0,20
2023-08-10T14:01:00,3,17,0,20
2023-08-10T14:13:49,3,17,0,20
2023-08-10T14:26:27,3,17,0,20
2023-08-10T14:39:04,3,17,0,20
2023-08-10T14:51:41,3,17,0,20
2023-08-10T15:04:18,3,17,0,20
2023-08-10T15:16:57,3,17,0,20
2023-08-10T15:29:34,3,17,0,20
2023-08-10T15:42:11,3,17,0,20
2023-08-10T15:54:59,3,17,0,20
2023-08-10T16:07:36,3,17,0,20
2023-08-10T16:20:13,3,17,0,20
2023-08-10T16:32:50,3,17,0,20
2023-08-10T16:45:26,3,17,0,20
2023-08-10T16:58:04,3,17,0,20
2023-08-10T17:10:41,3,17,0,20
2023-08-10T17:23:22,3,17,0,20
2023-08-10T17:36:09,3,17,0,20
2023-08-10T17:48:46,3,17,0,20
2023-08-10T18:01:24,3,17,0,20
2023-08-10T18:14:02,3,17,0,20
2023-08-10T18:26:40,3,17,0,20
2023-08-10T18:39:18,3,17,0,20
2023-08-10T18:51:55,3,17,0,20
2023-08-10T19:04:34,3,17,0,20
2023-08-10T19:17:13,3,17,0,20
2023-08-10T19:29:50,3,17,0,20
2023-08-10T19:42:39,3,17,0,20
2023-08-10T19:55:17,3,17,0,20
2023-08-10T20:07:55,3,17,0,20
2023-08-10T20:20:33,3,17,0,20
2023-08-10T20:33:11,3,17,0,20
2023-08-10T20:45:50,3,17,0,20
2023-08-10T20:58:28,3,17,0,20
2023-08-10T21:11:06,3,17,0,20
2023-08-10T21:23:43,3,17,0,20
2023-08-10T21:36:21,3,17,0,20
2023-08-10T21:48:58,3,17,0,20
2023-08-10T22:01:36,3,17,0,20
2023-08-10T22:14:23,3,17,0,20
2023-08-10T22:27:00,3,17,0,20
2023-08-10T22:39:38,3,17,0,20
2023-08-10T22:52:15,3,17,0,20
2023-08-10T23:04:55,3,17,0,20
2023-08-10T23:17:34,3,17,0,20
2023-08-10T23:30:12,3,17,0,20
2023-08-10T23:42:50,3,17,0,20
2023-08-10T23:55:29,3,17,0,20
2023-08-11T00:08:10,3,17,0,20
2023-08-11T00:20:53,3,17,0,20
2023-08-11T00:33:33,3,17,0,20
2023-08-11T00:46:25,3,17,0,20
2023-08-11T00:59:07,3,17,0,20
2023-08-11T01:11:49,3,17,0,20
2023-08-11T01:24:31,3,17,0,20
2023-08-11T01:37:13,3,17,0,20
2023-08-11T01:49:56,3,17,0,20
2023-08-11T02:02:40,3,17,0,20
2023-08-11T02:15:18,3,17,0,20
2023-08-11T02:27:56,3,17,0,20
2023-08-11T02:40:34,3,17,0,20
2023-08-11T02:53:11,3,17,0,20
2023-08-11T03:05:49,3,17,0,20
2023-08-11T03:18:29,3,17,0,20
2023-08-11T03:31:10,3,17,0,20
2023-08-11T03:43:51,3,17,0,20
2023-08-11T03:56:32,3,17,0,20
2023-08-11T04:22:07,3,17,0,20
2023-08-11T04:34:52,3,17,0,20
2023-08-11T04:49:22,3,17,0,20
2023-08-11T05:02:05,3,17,0,20
2023-08-11T05:14:47,3,17,0,20
2023-08-11T05:27:28,3,17,0,20
2023-08-11T05:40:11,3,17,0,20
2023-08-11T05:52:53,3,17,0,20
2023-08-11T06:05:33,3,17,0,20
2023-08-11T06:18:14,3,17,0,20
2023-08-11T06:30:55,3,17,0,20
2023-08-11T06:43:36,3,17,0,20
2023-08-11T06:56:16,3,17,0,20
2023-08-11T07:08:59,3,17,0,20
2023-08-11T07:21:39,3,17,0,20
2023-08-11T07:34:18,3,17,0,20
2023-08-11T07:46:57,3,17,0,20
2023-08-11T07:59:37,3,17,0,20
2023-08-11T08:12:16,3,17,0,20
2023-08-11T08:24:58,3,17,0,20
2023-08-11T08:37:37,3,17,0,20
2023-08-11T08:50:17,3,17,0,20
2023-08-11T09:02:57,3,17,0,20
2023-08-11T09:15:46,3,17,0,20
2023-08-11T09:28:26,3,17,0,20
2023-08-11T09:41:06,3,17,0,20
2023-08-11T09:53:45,3,17,0,20
2023-08-11T10:06:22,3,17,0,20
2023-08-11T10:19:01,3,17,0,20
2023-08-11T10:31:40,3,17,0,20
2023-08-11T10:44:17,3,17,0,20
2023-08-11T10:56:53,3,17,0,20
2023-08-11T11:09:31,3,17,0,20
2023-08-11T11:22:09,3,17,0,20
2023-08-11T11:34:46,3,17,0,20
2023-08-11T11:47:25,3,17,0,20
2023-08-11T12:00:11,3,17,0,20
2023-08-11T12:12:49,3,17,0,20
2023-08-11T12:25:26,3,17,0,20
2023-08-11T12:38:03,3,17,0,20
2023-08-11T12:50:40,3,17,0,20
2023-08-11T13:03:18,3,17,0,20
2023-08-11T13:15:55,3,17,0,20
2023-08-11T13:28:33,3,17,0,20
2023-08-11T13:41:10,3,17,0,20
2023-08-11T13:53:46,3,17,0,20
2023-08-11T14:06:34,3,17,0,20
2023-08-11T14:19:11,3,17,0,20
2023-08-11T14:31:49,3,17,0,20
2023-08-11T14:44:26,3,17,0,20
2023-08-11T14:57:04,3,17,0,20
2023-08-11T15:09:42,3,17,0,20
2023-08-11T15:22:19,3,17,0,20
2023-08-11T15:34:57,3,17,0,20
2023-08-11T15:47:35,3,17,0,20
2023-08-11T16:00:12,3,17,0,20
2023-08-11T16:13:00,3,17,0,20
2023-08-11T16:25:38,3,17,0,20
2023-08-11T16:38:15,3,17,0,20
2023-08-11T16:50:53,3,17,0,20
2023-08-11T17:03:30,3,17,0,20
2023-08-11T17:16:09,3,17,0,20
2023-08-11T17:28:46,3,17,0,20
2023-08-11T17:41:22,3,17,0,20
2023-08-11T17:54:00,3,17,0,20
2023-08-11T18:06:37,3,17,0,20
2023-08-11T18:19:14,3,17,0,20
2023-08-11T18:31:52,3,17,0,20
2023-08-11T18:44:29,3,17,0,20
2023-08-11T18:57:07,3,17,0,20
2023-08-11T19:09:57,3,17,0,20
2023-08-11T19:22:35,3,17,0,20
2023-08-11T19:35:13,3,17,0,20
2023-08-11T19:47:50,3,17,0,20
2023-08-11T20:00:28,3,17,0,20
2023-08-11T20:13:06,3,17,0,20
2023-08-11T20:25:44,3,17,0,20
2023-08-11T20:38:22,3,17,0,20
2023-08-11T20:50:59,3,17,0,20
2023-08-11T21:03:38,3,17,0,20
2023-08-11T21:16:16,3,17,0,20
2023-08-11T21:29:04,3,17,0,20
2023-08-11T21:41:42,3,17,0,20
2023-08-11T21:54:20,3,17,0,20
2023-08-11T22:06:58,3,17,0,20
2023-08-11T22:19:36,3,17,0,20
2023-08-11T22:32:14,3,17,0,20
2023-08-11T22:44:52,3,17,0,20
2023-08-11T22:57:29,3,17,0,20
2023-08-11T23:10:08,3,17,0,20
2023-08-11T23:22:47,3,17,0,20
2023-08-11T23:35:26,3,17,0,20
2023-08-11T23:48:05,3,17,0,20
2023-08-12T00:00:54,3,17,0,20
2023-08-12T00:13:35,3,17,0,20
2023-08-12T00:26:19,3,17,0,20
2023-08-12T00:39:37,3,17,0,20
2023-08-12T00:52:21,3,17,0,20
2023-08-12T01:05:04,3,17,0,20
2023-08-12T01:17:45,3,17,0,20
2023-08-12T01:30:27,3,17,0,20
2023-08-12T01:43:09,3,17,0,20
2023-08-12T01:55:54,3,17,0,20
2023-08-12T02:08:35,3,17,0,20
2023-08-12T02:21:14,3,17,0,20
2023-08-12T02:33:55,3,17,0,20
2023-08-12T02:46:34,3,17,0,20
2023-08-12T02:59:12,3,17,0,20
2023-08-12T03:11:51,3,17,0,20
2023-08-12T03:24:31,3,17,0,20
2023-08-12T03:37:10,3,17,0,20
2023-08-12T03:49:50,3,17,0,20
2023-08-12T04:03:19,3,17,0,20
2023-08-12T04:17:35,3,17,0,20
2023-08-12T04:31:25,3,17,0,20
2023-08-12T04:44:30,3,17,0,20
2023-08-12T04:57:13,3,17,0,20
2023-08-12T05:09:53,3,17,0,20
2023-08-12T05:22:32,3,17,0,20
2023-08-12T05:35:11,3,17,0,20
2023-08-12T05:47:50,3,17,0,20
2023-08-12T06:00:31,3,17,0,20
2023-08-12T06:13:12,3,17,0,20
2023-08-12T06:25:55,3,17,0,20
2023-08-12T06:38:36,3,17,0,20
2023-08-12T06:51:18,3,17,0,20
2023-08-12T07:03:59,3,17,0,20
2023-08-12T07:16:40,3,17,0,20
2023-08-12T07:29:20,3,17,0,20
2023-08-12T07:41:59,3,17,0,20
2023-08-12T07:54:40,3,17,0,20
2023-08-12T08:07:20,3,17,0,20
2023-08-12T08:20:09,3,17,0,20
2023-08-12T08:32:51,3,17,0,20
2023-08-12T08:45:32,3,17,0,20
2023-08-12T08:58:13,3,17,0,20
2023-08-12T09:10:53,3,17,0,20
2023-08-12T09:23:34,3,17,0,20
2023-08-12T09:36:14,3,17,0,20
2023-08-12T09:48:55,3,17,0,20
2023-08-12T10:01:36,3,17,0,20
2023-08-12T10:14:17,3,17,0,20
2023-08-12T10:27:10,3,17,0,20
2023-08-12T10:39:52,3,17,0,20
2023-08-12T10:52:32,3,17,0,20
2023-08-12T11:05:13,3,17,0,20
2023-08-12T11:17:53,3,17,0,20
2023-08-12T11:30:32,3,17,0,20
2023-08-12T11:43:13,3,17,0,20
2023-08-12T11:55:52,3,17,0,20
2023-08-12T12:08:32,3,17,0,20
2023-08-12T12:21:13,3,17,0,20
2023-08-12T12:33:52,3,17,0,20
2023-08-12T12:46:31,3,17,0,20
2023-08-12T12:59:09,3,17,0,20
2023-08-12T13:11:47,3,17,0,20
2023-08-12T13:24:24,3,17,0,20
2023-08-12T13:37:12,3,17,0,20
2023-08-12T13:49:49,3,17,0,20
2023-08-12T14:02:27,3,17,0,20
2023-08-12T14:15:05,3,17,0,20
2023-08-12T14:27:42,3,17,0,20
2023-08-12T14:40:20,3,17,0,20
2023-08-12T14:52:57,3,17,0,20
2023-08-12T15:05:35,3,17,0,20
2023-08-12T15:18:12,3,17,0,20
2023-08-12T15:30:50,3,17,0,20
2023-08-12T15:43:28,3,17,0,20
2023-08-12T15:56:06,3,17,0,20
2023-08-12T16:08:43,3,17,0,20
2023-08-12T16:21:21,3,17,0,20
2023-08-12T16:33:59,3,17,0,20
2023-08-12T16:46:36,3,17,0,20
2023-08-12T16:59:13,3,17,0,20
2023-08-12T17:12:02,3,17,0,20
2023-08-12T17:24:41,3,17,0,20
2023-08-12T17:37:19,3,17,0,20
2023-08-12T17:49:57,3,17,0,20
2023-08-12T18:02:35,3,17,0,20
2023-08-12T18:15:13,3,17,0,20
2023-08-12T18:27:51,3,17,0,20
2023-08-12T18:40:30,3,17,0,20
2023-08-12T18:53:08,3,17,0,20
2023-08-12T19:05:45,3,17,0,20
2023-08-12T19:18:24,3,17,0,20
2023-08-12T19:31:02,3,17,0,20
2023-08-12T19:43:40,3,17,0,20
2023-08-12T19:56:18,3,17,0,20
2023-08-12T20:08:55,3,17,0,20
2023-08-12T20:21:33,3,17,0,20
2023-08-12T20:34:22,3,17,0,20
2023-08-12T20:46:59,3,17,0,20
2023-08-12T20:59:37,3,17,0,20
2023-08-12T21:12:15,3,17,0,20
2023-08-12T21:24:54,3,17,0,20
2023-08-12T21:37:32,3,17,0,20
2023-08-12T21:50:10,3,17,0,20
2023-08-12T22:02:47,3,17,0,20
2023-08-12T22:15:25,3,17,0,20
2023-08-12T22:28:03,3,17,0,20
2023-08-12T22:40:40,3,17,0,20
2023-08-12T22:53:18,3,17,0,20
2023-08-12T23:05:57,3,17,0,20
2023-08-12T23:18:37,3,17,0,20
2023-08-12T23:31:15,3,17,0,20
2023-08-12T23:43:52,3,17,0,20
2023-08-12T23:56:30,3,17,0,20
2023-08-13T00:09:20,3,17,0,20
2023-08-13T00:22:03,3,17,0,20
2023-08-13T00:34:44,3,17,0,20
2023-08-13T00:47:22,3,17,0,20
2023-08-13T01:00:00,3,17,0,20
2023-08-13T01:12:40,3,17,0,20
2023-08-13T01:25:17,3,17,0,20
2023-08-13T01:37:55,3,17,0,20
2023-08-13T01:50:33,3,17,0,20
2023-08-13T02:03:11,3,17,0,20
2023-08-13T02:15:49,3,17,0,20
2023-08-13T02:28:28,3,17,0,20
2023-08-13T02:41:18,3,17,0,20
2023-08-13T02:54:00,3,17,0,20
2023-08-13T03:06:49,3,17,0,20
2023-08-13T03:19:44,3,17,0,20
2023-08-13T03:32:28,3,17,0,20
2023-08-13T03:45:42,3,17,0,20
2023-08-13T03:58:41,3,17,0,20
2023-08-13T04:20:17,3,17,0,20
2023-08-13T04:33:24,3,17,0,20
2023-08-13T04:46:12,3,17,0,20
2023-08-13T04:58:56,3,17,0,20
2023-08-13T05:11:40,3,17,0,20
2023-08-13T05:24:22,3,17,0,20
2023-08-13T05:37:05,3,17,0,20
2023-08-13T05:49:48,3,17,0,20
2023-08-13T06:02:30,3,17,0,20
2023-08-13T06:15:13,3,17,0,20
2023-08-13T06:27:55,3,17,0,20
2023-08-13T06:40:36,3,17,0,20
2023-08-13T06:53:17,3,17,0,20
2023-08-13T07:05:58,3,17,0,20
2023-08-13T07:18:37,3,17,0,20
2023-08-13T07:31:20,3,17,0,20
2023-08-13T07:44:01,3,17,0,20
2023-08-13T07:56:42,3,17,0,20
2023-08-13T08:09:26,3,17,0,20
2023-08-13T08:22:08,3,17,0,20
2023-08-13T08:34:49,3,17,0,20
2023-08-13T08:47:30,3,17,0,20
2023-08-13T09:00:08,3,17,0,20
2023-08-13T09:12:55,3,17,0,20
2023-08-13T09:25:34,3,17,0,20
2023-08-13T09:38:13,3,17,0,20
2023-08-13T09:50:51,3,17,0,20
2023-08-13T10:03:30,3,17,0,20
2023-08-13T10:16:09,3,17,0,20
2023-08-13T10:28:49,3,17,0,20
2023-08-13T10:41:29,3,17,0,20
2023-08-13T10:54:09,3,17,0,20
2023-08-13T11:06:48,3,17,0,20
2023-08-13T11:19:26,3,17,0,20
2023-08-13T11:32:05,3,17,0,20
2023-08-13T11:44:44,3,17,0,20
2023-08-13T11:57:32,3,17,0,20
2023-08-13T12:10:10,3,17,0,20
2023-08-13T12:22:49,3,17,0,20
2023-08-13T12:35:28,3,17,0,20
2023-08-13T12:48:05,3,17,0,20
2023-08-13T13:00:43,3,17,0,20
2023-08-13T13:13:20,3,17,0,20
2023-08-13T13:25:59,3,17,0,20
2023-08-13T13:38:36,3,17,0,20
2023-08-13T13:51:14,3,17,0,20
2023-08-13T14:03:53,3,17,0,20
2023-08-13T14:16:31,3,17,0,20
2023-08-13T14:29:20,3,17,0,20
2023-08-13T14:41:57,3,17,0,20
2023-08-13T14:54:36,3,17,0,20
2023-08-13T15:07:13,3,17,0,20
2023-08-13T15:19:51,3,17,0,20
2023-08-13T15:32:29,3,17,0,20
2023-08-13T15:45:06,3,17,0,20
2023-08-13T15:57:45,3,17,0,20
2023-08-13T16:10:23,3,17,0,20
2023-08-13T16:23:01,3,17,0,20
2023-08-13T16:35:40,3,17,0,20
2023-08-13T16:48:31,3,17,0,20
2023-08-13T17:01:08,3,17,0,20
2023-08-13T17:13:48,3,17,0,20
2023-08-13T17:26:26,3,17,0,20
2023-08-13T17:39:03,3,17,0,20
2023-08-13T17:51:42,3,17,0,20
2023-08-13T18:04:19,3,17,0,20
2023-08-13T18:16:57,3,17,0,20
2023-08-13T18:29:35,3,17,0,20
2023-08-13T18:42:13,3,17,0,20
2023-08-13T18:54:50,3,17,0,20
2023-08-13T19:07:41,3,17,0,20
2023-08-13T19:20:20,3,17,0,20
2023-08-13T19:32:58,3,17,0,20
2023-08-13T19:45:36,3,17,0,20
2023-08-13T19:58:14,3,17,0,20
2023-08-13T20:10:52,3,17,0,20
2023-08-13T20:23:29,3,17,0,20
2023-08-13T20:36:07,3,17,0,20
2023-08-13T20:48:44,3,17,0,20
2023-08-13T21:01:21,3,17,0,20
2023-08-13T21:13:59,3,17,0,20
2023-08-13T21:26:48,3,17,0,20
2023-08-13T21:39:27,3,17,0,20
2023-08-13T21:52:07,3,17,0,20
2023-08-13T22:04:44,3,17,0,20
2023-08-13T22:17:22,3,17,0,20
2023-08-13T22:30:00,3,17,0,20
2023-08-13T22:42:38,3,17,0,20
2023-08-13T22:55:15,3,17,0,20
2023-08-13T23:07:57,3,17,0,20
2023-08-13T23:20:35,3,17,0,20
2023-08-13T23:33:25,3,17,0,20
2023-08-13T23:46:03,3,17,0,20
2023-08-13T23:58:41,3,17,0,20
2023-08-14T00:11:26,3,17,0,20
2023-08-14T00:24:19,3,17,0,20
2023-08-14T00:37:09,3,17,0,20
2023-08-14T00:49:51,3,17,0,20
2023-08-14T01:02:30,3,17,0,20
2023-08-14T01:15:13,3,17,0,20
2023-08-14T01:28:07,3,17,0,20
2023-08-14T01:40:49,3,17,0,20
2023-08-14T01:53:31,3,17,0,20
2023-08-14T02:06:24,3,17,0,20
2023-08-14T02:19:06,3,17,0,20
2023-08-14T02:31:47,3,17,0,20
2023-08-14T02:44:27,3,17,0,20
2023-08-14T02:57:07,3,17,0,20
2023-08-14T03:09:48,3,17,0,20
2023-08-14T03:22:30,3,17,0,20
2023-08-14T03:35:10,3,17,0,20
2023-08-14T03:47:49,3,17,0,20
2023-08-14T04:00:31,3,17,0,20
2023-08-14T04:19:47,3,17,0,20
2023-08-14T04:32:56,3,17,0,20
2023-08-14T04:45:38,3,17,0,20
2023-08-14T04:58:20,3,17,0,20
2023-08-14T05:11:04,3,17,0,20
2023-08-14T05:23:45,3,17,0,20
2023-08-14T05:36:27,3,17,0,20
2023-08-14T05:49:11,3,17,0,20
2023-08-14T06:01:52,3,17,0,20
2023-08-14T06:14:33,3,17,0,20
2023-08-14T06:27:17,3,17,0,20
2023-08-14T06:39:59,3,17,0,20
2023-08-14T06:52:40,3,17,0,20
2023-08-14T07:05:21,3,17,0,20
2023-08-14T07:17:59,3,17,0,20
2023-08-14T07:30:38,3,17,0,20
2023-08-14T07:43:16,3,17,0,20
2023-08-14T07:56:06,3,17,0,20
2023-08-14T08:08:44,3,17,0,20
2023-08-14T08:21:23,3,17,0,20
2023-08-14T08:34:01,3,17,0,20
2023-08-14T08:46:39,3,17,0,20
2023-08-14T08:59:16,3,17,0,20
2023-08-14T09:11:54,3,17,0,20
2023-08-14T09:24:32,3,17,0,20
2023-08-14T09:37:19,3,17,0,20
2023-08-14T09:49:57,3,17,0,20
2023-08-14T10:02:36,3,17,0,20
2023-08-14T10:15:14,3,17,0,20
2023-08-14T10:27:52,3,17,0,20
2023-08-14T10:40:30,3,17,0,20
2023-08-14T10:53:19,3,17,0,20
2023-08-14T11:05:57,3,17,0,20
2023-08-14T11:18:36,3,17,0,20
2023-08-14T11:31:14,3,17,0,20
2023-08-14T11:43:52,3,17,0,20
2023-08-14T11:56:30,3,17,0,20
2023-08-14T12:09:18,3,17,0,20
2023-08-14T12:21:56,3,17,0,20
2023-08-14T12:34:34,3,17,0,20
2023-08-14T12:47:11,3,17,0,20
2023-08-14T12:59:59,3,17,0,20
2023-08-14T13:12:37,3,17,0,20
2023-08-14T13:25:15,3,17,0,20
2023-08-14T13:37:53,3,17,0,20
2023-08-14T13:50:31,3,17,0,20
2023-08-14T14:03:22,3,17,0,20
2023-08-14T14:16:00,3,17,0,20
2023-08-14T14:28:39,3,17,0,20
2023-08-14T14:41:18,3,17,0,20
2023-08-14T14:53:56,3,17,0,20
2023-08-14T15:06:45,3,17,0,20
2023-08-14T15:19:24,3,17,0,20
2023-08-14T15:32:03,3,17,0,20
2023-08-14T15:44:41,3,17,0,20
2023-08-14T15:57:20,3,17,0,20
2023-08-14T16:09:58,3,17,0,20
2023-08-14T16:22:37,3,17,0,20
2023-08-14T16:35:26,3,17,0,20
2023-08-14T16:48:06,3,17,0,20
2023-08-14T17:00:45,3,17,0,20
2023-08-14T17:13:24,3,17,0,20
2023-08-14T17:26:04,3,17,0,20
2023-08-14T17:38:42,3,17,0,20
2023-08-14T17:51:21,3,17,0,20
2023-08-14T18:04:00,3,17,0,20
2023-08-14T18:16:49,3,17,0,20
2023-08-14T18:29:27,3,17,0,20
2023-08-14T18:42:06,3,17,0,20
2023-08-14T18:54:44,3,17,0,20
2023-08-14T19:07:23,3,17,0,20
2023-08-14T19:20:02,3,17,0,20
2023-08-14T19:32:40,3,17,0,20
2023-08-14T19:45:28,3,17,0,20
2023-08-14T19:58:06,3,17,0,20
2023-08-14T20:10:45,3,17,0,20
2023-08-14T20:23:23,3,17,0,20
2023-08-14T20:36:01,3,17,0,20
2023-08-14T20:48:50,3,17,0,20
2023-08-14T21:01:28,3,17,0,20
2023-08-14T21:14:08,3,17,0,20
2023-08-14T21:26:46,3,17,0,20
2023-08-14T21:39:24,3,17,0,20
2023-08-14T21:52:03,3,17,0,20
2023-08-14T22:04:41,3,17,0,20
2023-08-14T22:17:30,3,17,0,20
2023-08-14T22:30:08,3,17,0,20
2023-08-14T22:42:46,3,17,0,20
2023-08-14T22:55:25,3,17,0,20
2023-08-14T23:08:06,3,17,0,20
2023-08-14T23:20:45,3,17,0,20
2023-08-14T23:33:26,3,17,0,20
2023-08-14T23:46:04,3,17,0,20
2023-08-14T23:58:43,3,17,0,20
2023-08-15T00:11:25,3,17,0,20
2023-08-15T00:24:18,3,17,0,20
2023-08-15T00:37:00,3,17,0,20
2023-08-15T00:49:42,3,17,0,20
2023-08-15T01:02:26,3,17,0,20
2023-08-15T01:15:09,3,17,0,20
2023-08-15T01:27:51,3,17,0,20
2023-08-15T01:40:33,3,17,0,20
2023-08-15T01:53:16,3,17,0,20
2023-08-15T02:06:00,3,17,0,20
2023-08-15T02:18:41,3,17,0,20
2023-08-15T02:31:22,3,17,0,20
2023-08-15T02:44:02,3,17,0,20
2023-08-15T02:56:41,3,17,0,20
2023-08-15T03:09:20,3,17,0,20
2023-08-15T03:22:02,3,17,0,20
2023-08-15T03:34:42,3,17,0,20
2023-08-15T03:47:22,3,17,0,20
2023-08-15T04:00:04,3,17,0,20
2023-08-15T04:14:51,3,17,0,20
2023-08-15T04:39:22,3,17,0,20
2023-08-15T04:52:08,3,17,0,20
2023-08-15T05:04:52,3,17,0,20
2023-08-15T05:17:32,3,17,0,20
2023-08-15T05:30:13,3,17,0,20
2023-08-15T05:42:51,3,17,0,20
2023-08-15T05:55:30,3,17,0,20
2023-08-15T06:08:09,3,17,0,20
2023-08-15T06:20:51,3,17,0,20
2023-08-15T06:33:33,3,17,0,20
2023-08-15T06:46:15,3,17,0,20
2023-08-15T06:58:56,3,17,0,20
2023-08-15T07:11:45,3,17,0,20
2023-08-15T07:24:27,3,17,0,20
2023-08-15T07:37:15,3,17,0,20
2023-08-15T07:49:55,3,17,0,20
2023-08-15T08:02:36,3,17,0,20
2023-08-15T08:15:17,3,17,0,20
2023-08-15T08:27:56,3,17,0,20
2023-08-15T08:40:39,3,17,0,20
2023-08-15T08:53:20,3,17,0,20
2023-08-15T09:06:03,3,17,0,20
2023-08-15T09:18:45,3,17,0,20
2023-08-15T09:31:32,3,17,0,20
2023-08-15T09:44:13,3,17,0,20
2023-08-15T09:56:57,3,17,0,20
2023-08-15T10:09:50,3,17,0,20
2023-08-15T10:22:35,3,17,0,20
2023-08-15T10:35:17,3,17,0,20
2023-08-15T10:47:58,3,17,0,20
2023-08-15T11:00:40,3,17,0,20
2023-08-15T11:13:19,3,17,0,20
2023-08-15T11:25:59,3,17,0,20
2023-08-15T11:38:39,3,17,0,20
2023-08-15T11:51:19,3,17,0,20
2023-08-15T12:04:09,3,17,0,20
2023-08-15T12:16:47,3,17,0,20
2023-08-15T12:29:26,3,17,0,20
2023-08-15T12:42:04,3,17,0,20
2023-08-15T12:54:43,3,17,0,20
2023-08-15T13:07:21,3,17,0,20
2023-08-15T13:19:59,3,17,0,20
2023-08-15T13:32:37,3,17,0,20
2023-08-15T13:45:27,3,17,0,20
2023-08-15T13:58:06,3,17,0,20
2023-08-15T14:10:45,3,17,0,20
2023-08-15T14:23:26,3,17,0,20
2023-08-15T14:36:05,3,17,0,20
2023-08-15T14:48:44,3,17,0,20
2023-08-15T15:01:23,3,17,0,20
2023-08-15T15:14:02,3,17,0,20
2023-08-15T15:26:51,3,17,0,20
2023-08-15T15:39:29,3,17,0,20
2023-08-15T15:52:09,3,17,0,20
2023-08-15T16:04:48,3,17,0,20
2023-08-15T16:17:28,3,17,0,20
2023-08-15T16:30:07,3,17,0,20
2023-08-15T16:42:47,3,17,0,20
2023-08-15T16:55:26,3,17,0,20
2023-08-15T17:08:17,3,17,0,20
2023-08-15T17:20:57,3,17,0,20
2023-08-15T17:33:35,3,17,0,20
2023-08-15T17:46:14,3,17,0,20
2023-08-15T17:58:52,3,17,0,20
2023-08-15T18:11:31,3,17,0,20
2023-08-15T18:24:10,3,17,0,20
2023-08-15T18:36:49,3,17,0,20
2023-08-15T18:49:27,3,17,0,20
2023-08-15T19:02:15,3,17,0,20
2023-08-15T19:14:55,3,17,0,20
2023-08-15T19:27:33,3,17,0,20
2023-08-15T19:40:13,3,17,0,20
2023-08-15T19:52:51,3,17,0,20
2023-08-15T20:05:30,3,17,0,20
2023-08-15T20:18:08,3,17,0,20
2023-08-15T20:30:47,3,17,0,20
2023-08-15T20:43:25,3,17,0,20
2023-08-15T20:56:14,3,17,0,20
2023-08-15T21:08:52,3,17,0,20
2023-08-15T21:21:30,3,17,0,20
2023-08-15T21:34:09,3,17,0,20
2023-08-15T21:46:47,3,17,0,20
2023-08-15T21:59:26,3,17,0,20
2023-08-15T22:12:06,3,17,0,20
2023-08-15T22:24:44,3,17,0,20
2023-08-15T22:37:23,3,17,0,20
2023-08-15T22:50:01,3,17,0,20
2023-08-15T23:02:51,3,17,0,20
2023-08-15T23:15:31,3,17,0,20
2023-08-15T23:28:10,3,17,0,20
2023-08-15T23:40:49,3,17,0,20
2023-08-15T23:53:29,3,17,0,20
2023-08-16T00:06:09,3,17,0,20
2023-08-16T00:18:53,3,17,0,20
2023-08-16T00:31:36,3,17,0,20
2023-08-16T00:44:18,3,17,0,20
2023-08-16T00:57:02,3,17,0,20
2023-08-16T01:09:56,3,17,0,20
2023-08-16T01:22:39,3,17,0,20
2023-08-16T01:35:23,3,17,0,20
2023-08-16T01:48:07,3,17,0,20
2023-08-16T02:00:49,3,17,0,20
2023-08-16T02:13:40,3,17,0,20
2023-08-16T02:26:19,3,17,0,20
2023-08-16T02:38:59,3,17,0,20
2023-08-16T02:51:38,3,17,0,20
2023-08-16T03:04:28,3,17,0,20
2023-08-16T03:17:08,3,17,0,20
2023-08-16T03:29:47,3,17,0,20
2023-08-16T03:42:26,3,17,0,20
2023-08-16T03:55:09,3,17,0,20
2023-08-16T04:07:51,3,17,0,20
2023-08-16T04:29:11,3,17,0,20
2023-08-16T04:42:20,3,17,0,20
2023-08-16T04:55:06,3,17,0,20
2023-08-16T05:07:49,3,17,0,20
2023-08-16T05:20:38,3,17,0,20
2023-08-16T05:33:21,3,17,0,20
2023-08-16T05:46:06,3,17,0,20
2023-08-16T05:58:48,3,17,0,20
2023-08-16T06:11:40,3,17,0,20
2023-08-16T06:24:24,3,17,0,20
2023-08-16T06:37:06,3,17,0,20
2023-08-16T06:49:48,3,17,0,20
2023-08-16T07:02:41,3,17,0,20
2023-08-16T07:15:21,3,17,0,20
2023-08-16T07:28:03,3,17,0,20
2023-08-16T07:40:43,3,17,0,20
2023-08-16T07:53:24,3,17,0,20
2023-08-16T08:06:14,3,17,0,20
2023-08-16T08:18:54,3,17,0,20
2023-08-16T08:31:34,3,17,0,20
2023-08-16T08:44:15,3,17,0,20
2023-08-16T08:57:05,3,17,0,20
2023-08-16T09:09:45,3,17,0,20
2023-08-16T09:22:35,3,17,0,20
2023-08-16T09:35:14,3,17,0,20
2023-08-16T09:47:52,3,17,0,20
2023-08-16T10:00:30,3,17,0,20
2023-08-16T10:13:09,3,17,0,20
2023-08-16T10:25:57,3,17,0,20
2023-08-16T10:38:36,3,17,0,20
2023-08-16T10:51:15,3,17,0,20
2023-08-16T11:04:02,3,17,0,20
2023-08-16T11:16:40,3,17,0,20
2023-08-16T11:29:18,3,17,0,20
2023-08-16T11:42:06,3,17,0,20
2023-08-16T11:54:44,3,17,0,20
2023-08-16T12:07:24,3,17,0,20
2023-08-16T12:20:12,3,17,0,20
2023-08-16T12:32:50,3,17,0,20
2023-08-16T12:45:29,3,17,0,20
2023-08-16T12:58:16,3,17,0,20
2023-08-16T13:10:55,3,17,0,20
2023-08-16T13:23:33,3,17,0,20
2023-08-16T13:36:11,3,17,0,20
2023-08-16T13:48:54,3,17,0,20
2023-08-16T14:01:33,3,17,0,20
2023-08-16T14:14:11,3,17,0,20
2023-08-16T14:26:50,3,17,0,20
2023-08-16T14:39:37,3,17,0,20
2023-08-16T14:52:16,3,17,0,20
2023-08-16T15:04:55,3,17,0,20
2023-08-16T15:17:34,3,17,0,20
2023-08-16T15:30:14,3,17,0,20
2023-08-16T15:42:54,4,16,0,20
2023-08-16T15:55:33,4,16,0,20
2023-08-16T16:08:11,4,16,0,20
2023-08-16T16:20:50,4,16,0,20
2023-08-16T16:33:40,4,16,0,20
2023-08-16T16:46:19,4,16,0,20
2023-08-16T16:58:58,4,16,0,20
2023-08-16T17:11:38,4,16,0,20
2023-08-16T17:24:17,4,16,0,20
2023-08-16T17:36:56,4,16,0,20
2023-08-16T17:49:34,4,16,0,20
2023-08-16T18:02:13,4,16,0,20
2023-08-16T18:14:51,4,16,0,20
2023-08-16T18:27:41,4,16,0,20
2023-08-16T18:40:20,4,16,0,20
2023-08-16T18:52:58,4,16,0,20
2023-08-16T19:05:39,4,16,0,20
2023-08-16T19:18:19,4,16,0,20
2023-08-16T19:30:58,4,16,0,20
2023-08-16T19:43:39,4,16,0,20
2023-08-16T19:56:18,4,16,0,20
2023-08-16T20:08:57,4,16,0,20
2023-08-16T20:21:37,4,16,0,20
2023-08-16T20:34:26,4,16,0,20
2023-08-16T20:47:05,4,16,0,20
2023-08-16T20:59:44,4,16,0,20
2023-08-16T21:12:23,4,16,0,20
2023-08-16T21:25:02,4,16,0,20
2023-08-16T21:37:42,4,16,0,20
2023-08-16T21:50:22,4,16,0,20
2023-08-16T22:03:01,4,16,0,20
2023-08-16T22:15:40,4,16,0,20
2023-08-16T22:28:18,4,16,0,20
2023-08-16T22:41:07,4,16,0,20
2023-08-16T22:53:46,4,16,0,20
2023-08-16T23:06:27,4,16,0,20
2023-08-16T23:19:08,4,16,0,20
2023-08-16T23:31:47,4,16,0,20
2023-08-16T23:44:28,4,16,0,20
2023-08-16T23:57:08,4,16,0,20
2023-08-17T00:09:49,4,16,0,20
2023-08-17T00:22:35,4,16,0,20
2023-08-17T00:35:19,4,16,0,20
2023-08-17T00:48:03,4,16,0,20
2023-08-17T01:00:57,4,16,0,20
2023-08-17T01:13:40,4,16,0,20
2023-08-17T01:26:23,4,16,0,20
2023-08-17T01:39:06,4,16,0,20
2023-08-17T01:51:49,4,16,0,20
2023-08-17T02:04:32,4,16,0,20
2023-08-17T02:17:13,4,16,0,20
2023-08-17T02:29:53,4,16,0,20
2023-08-17T02:42:33,4,16,0,20
2023-08-17T02:55:14,4,16,0,20
2023-08-17T03:07:59,4,16,0,20
2023-08-17T03:20:44,4,16,0,20
2023-08-17T03:33:28,4,16,0,20
2023-08-17T03:46:09,4,16,0,20
2023-08-17T03:58:52,4,16,0,20
2023-08-17T04:22:01,4,16,0,20
2023-08-17T04:35:10,4,16,0,20
2023-08-17T04:47:55,4,16,0,20
2023-08-17T05:00:38,4,16,0,20
2023-08-17T05:13:24,4,16,0,20
2023-08-17T05:26:07,4,16,0,20
2023-08-17T05:38:50,4,16,0,20
2023-08-17T05:51:34,4,16,0,20
2023-08-17T06:04:17,4,16,0,20
2023-08-17T06:16:59,4,16,0,20
2023-08-17T06:29:42,4,16,0,20
2023-08-17T06:42:26,4,16,0,20
2023-08-17T06:55:09,4,16,0,20
2023-08-17T07:07:52,4,16,0,20
2023-08-17T07:20:37,4,16,0,20
2023-08-17T07:33:32,4,16,0,20
2023-08-17T07:46:21,4,16,0,20
2023-08-17T07:59:02,4,16,0,20
2023-08-17T08:11:41,4,16,0,20
2023-08-17T08:24:20,4,16,0,20
2023-08-17T08:37:00,4,16,0,20
2023-08-17T08:49:39,4,16,0,20
2023-08-17T09:02:19,4,16,0,20
2023-08-17T09:14:58,4,16,0,20
2023-08-17T09:27:37,4,16,0,20
2023-08-17T09:40:17,4,16,0,20
2023-08-17T09:52:59,4,16,0,20
2023-08-17T10:05:38,4,16,0,20
2023-08-17T10:18:30,4,16,0,20
2023-08-17T10:31:09,4,16,0,20
2023-08-17T10:43:48,4,16,0,20
2023-08-17T10:56:28,4,16,0,20
2023-08-17T11:09:07,4,16,0,20
2023-08-17T11:21:46,4,16,0,20
2023-08-17T11:34:25,4,16,0,20
2023-08-17T11:47:04,4,16,0,20
2023-08-17T11:59:43,4,16,0,20
2023-08-17T12:12:32,4,16,0,20
2023-08-17T12:25:11,4,16,0,20
2023-08-17T12:37:50,4,16,0,20
2023-08-17T12:50:30,4,16,0,20
2023-08-17T13:03:09,4,16,0,20
2023-08-17T13:15:48,4,16,0,20
2023-08-17T13:28:27,4,16,0,20
2023-08-17T13:41:06,4,16,0,20
2023-08-17T13:53:55,4,16,0,20
2023-08-17T14:06:35,4,16,0,20
2023-08-17T14:19:13,4,16,0,20
2023-08-17T14:31:53,4,16,0,20
2023-08-17T14:44:32,4,16,0,20
2023-08-17T14:57:11,4,16,0,20
2023-08-17T15:09:50,4,16,0,20
2023-08-17T15:22:30,4,16,0,20
2023-08-17T15:35:11,4,16,0,20
2023-08-17T15:47:50,4,16,0,20
2023-08-17T16:00:41,4,16,0,20
2023-08-17T16:13:20,4,16,0,20
2023-08-17T16:26:00,4,16,0,20
2023-08-17T16:38:39,4,16,0,20
2023-08-17T16:51:19,4,16,0,20
2023-08-17T17:03:59,4,16,0,20
2023-08-17T17:16:40,4,16,0,20
2023-08-17T17:29:30,4,16,0,20
2023-08-17T17:42:09,4,16,0,20
2023-08-17T17:54:49,4,16,0,20
2023-08-17T18:07:29,4,16,0,20
2023-08-17T18:20:09,4,16,0,20
2023-08-17T18:32:49,4,16,0,20
2023-08-17T18:45:29,4,16,0,20
2023-08-17T18:58:09,4,16,0,20
2023-08-17T19:10:49,4,16,0,20
2023-08-17T19:23:29,4,16,0,20
2023-08-17T19:36:22,4,16,0,20
2023-08-17T19:49:03,4,16,0,20
2023-08-17T20:01:43,4,16,0,20
2023-08-17T20:14:23,4,16,0,20
2023-08-17T20:27:03,4,16,0,20
2023-08-17T20:39:43,4,16,0,20
2023-08-17T20:52:23,4,16,0,20
2023-08-17T21:05:03,4,16,0,20
2023-08-17T21:17:43,4,16,0,20
2023-08-17T21:30:22,4,16,0,20
2023-08-17T21:43:03,4,16,0,20
2023-08-17T21:55:53,4,16,0,20
2023-08-17T22:08:33,4,16,0,20
2023-08-17T22:21:12,4,16,0,20
2023-08-17T22:33:53,4,16,0,20
2023-08-17T22:46:34,4,16,0,20
2023-08-17T22:59:14,4,16,0,20
2023-08-17T23:11:58,4,16,0,20
2023-08-17T23:24:39,4,16,0,20
2023-08-17T23:37:20,4,16,0,20
2023-08-17T23:50:01,4,16,0,20
2023-08-18T00:02:43,4,16,0,20
2023-08-18T00:15:33,4,16,0,20
2023-08-18T00:28:19,4,16,0,20
2023-08-18T00:41:14,4,16,0,20
2023-08-18T00:53:58,4,16,0,20
2023-08-18T01:06:43,4,16,0,20
2023-08-18T01:19:28,4,16,0,20
2023-08-18T01:32:12,4,16,0,20
2023-08-18T01:44:58,4,16,0,20
2023-08-18T01:57:41,4,16,0,20
2023-08-18T02:10:28,4,16,0,20
2023-08-18T02:23:34,4,16,0,20
2023-08-18T02:36:18,4,16,0,20
2023-08-18T02:49:02,4,16,0,20
2023-08-18T03:01:46,4,16,0,20
2023-08-18T03:14:32,4,16,0,20
2023-08-18T03:27:14,4,16,0,20
2023-08-18T03:39:59,4,16,0,20
2023-08-18T03:52:43,4,16,0,20
2023-08-18T04:05:27,4,16,0,20
2023-08-18T04:25:33,4,16,0,20
2023-08-18T04:39:05,4,16,0,20
2023-08-18T04:52:43,4,16,0,20
2023-08-18T05:05:32,4,16,0,20
2023-08-18T05:18:15,4,16,0,20
2023-08-18T05:30:58,4,16,0,20
2023-08-18T05:43:42,4,16,0,20
2023-08-18T05:56:26,4,16,0,20
2023-08-18T06:09:12,4,16,0,20
2023-08-18T06:21:56,4,16,0,20
2023-08-18T06:34:40,4,16,0,20
2023-08-18T06:47:22,4,16,0,20
2023-08-18T07:00:03,4,16,0,20
2023-08-18T07:12:45,4,16,0,20
2023-08-18T07:25:25,4,16,0,20
2023-08-18T07:38:05,4,16,0,20
2023-08-18T07:50:45,4,16,0,20
2023-08-18T08:03:25,4,16,0,20
2023-08-18T08:16:06,4,16,0,20
2023-08-18T08:28:46,4,16,0,20
2023-08-18T08:41:26,4,16,0,20
2023-08-18T08:54:07,4,16,0,20
2023-08-18T09:06:46,4,16,0,20
2023-08-18T09:19:26,4,16,0,20
2023-08-18T09:32:06,4,16,0,20
2023-08-18T09:44:56,4,16,0,20
2023-08-18T09:57:36,4,16,0,20
2023-08-18T10:10:16,4,16,0,20
2023-08-18T10:22:56,4,16,0,20
2023-08-18T10:35:35,4,16,0,20
2023-08-18T10:48:15,4,16,0,20
2023-08-18T11:00:55,4,16,0,20
2023-08-18T11:13:34,4,16,0,20
2023-08-18T11:26:25,4,16,0,20
2023-08-18T11:39:05,4,16,0,20
2023-08-18T11:51:45,4,16,0,20
2023-08-18T12:04:25,4,16,0,20
2023-08-18T12:17:04,4,16,0,20
2023-08-18T12:29:44,4,16,0,20
2023-08-18T12:42:23,4,16,0,20
2023-08-18T12:55:02,4,16,0,20
2023-08-18T13:07:42,4,16,0,20
2023-08-18T13:20:21,4,16,0,20
2023-08-18T13:33:12,4,16,0,20
2023-08-18T13:45:52,4,16,0,20
2023-08-18T13:58:32,4,16,0,20
2023-08-18T14:11:12,4,16,0,20
2023-08-18T14:23:51,4,16,0,20
2023-08-18T14:36:31,4,16,0,20
2023-08-18T14:49:11,4,16,0,20
2023-08-18T15:01:50,4,16,0,20
2023-08-18T15:14:30,4,16,0,20
2023-08-18T15:27:10,4,16,0,20
2023-08-18T15:40:00,4,16,0,20
2023-08-18T15:52:39,4,16,0,20
2023-08-18T16:05:20,4,16,0,20
2023-08-18T16:18:01,4,16,0,20
2023-08-18T16:30:40,4,16,0,20
2023-08-18T16:43:21,4,16,0,20
2023-08-18T16:56:00,4,16,0,20
2023-08-18T17:08:39,4,16,0,20
2023-08-18T17:21:19,4,16,0,20
2023-08-18T17:34:11,4,16,0,20
2023-08-18T17:46:50,4,16,0,20
2023-08-18T17:59:30,4,16,0,20
2023-08-18T18:12:10,4,16,0,20
2023-08-18T18:24:49,4,16,0,20
2023-08-18T18:37:29,4,16,0,20
2023-08-18T18:50:09,4,16,0,20
2023-08-18T19:02:49,4,16,0,20
2023-08-18T19:15:29,4,16,0,20
2023-08-18T19:28:10,4,16,0,20
2023-08-18T19:40:50,4,16,0,20
2023-08-18T19:53:30,4,16,0,20
2023-08-18T20:06:09,4,16,0,20
2023-08-18T20:19:00,4,16,0,20
2023-08-18T20:31:40,4,16,0,20
2023-08-18T20:44:20,4,16,0,20
2023-08-18T20:57:01,4,16,0,20
2023-08-18T21:09:40,4,16,0,20
2023-08-18T21:22:21,4,16,0,20
2023-08-18T21:35:00,4,16,0,20
2023-08-18T21:47:40,4,16,0,20
2023-08-18T22:00:21,4,16,0,20
2023-08-18T22:13:01,4,16,0,20
2023-08-18T22:25:41,4,16,0,20
2023-08-18T22:38:21,4,16,0,20
2023-08-18T22:51:01,4,16,0,20
2023-08-18T23:03:42,4,16,0,20
2023-08-18T23:16:25,4,16,0,20
2023-08-18T23:29:05,4,16,0,20
2023-08-18T23:41:46,4,16,0,20
2023-08-18T23:54:40,4,16,0,20
2023-08-19T00:07:22,4,16,0,20
2023-08-19T00:20:08,4,16,0,20
2023-08-19T00:32:52,4,16,0,20
2023-08-19T00:45:37,4,16,0,20
2023-08-19T00:58:22,4,16,0,20
2023-08-19T01:11:06,4,16,0,20
2023-08-19T01:23:51,4,16,0,20
2023-08-19T01:36:35,4,16,0,20
2023-08-19T01:49:20,4,16,0,20
2023-08-19T02:02:06,4,16,0,20
2023-08-19T02:14:47,4,16,0,20
2023-08-19T02:27:28,4,16,0,20
2023-08-19T02:40:09,4,16,0,20
2023-08-19T02:52:51,4,16,0,20
2023-08-19T03:05:34,4,16,0,20
2023-08-19T03:18:19,4,16,0,20
2023-08-19T03:31:13,4,16,0,20
2023-08-19T03:44:06,4,16,0,20
2023-08-19T03:56:51,4,16,0,20
2023-08-19T04:09:36,4,16,0,20
2023-08-19T04:28:22,4,16,0,20
2023-08-19T04:41:34,4,16,0,20
2023-08-19T04:54:19,4,16,0,20
2023-08-19T05:07:05,4,16,0,20
2023-08-19T05:19:49,4,16,0,20
2023-08-19T05:32:33,4,16,0,20
2023-08-19T05:45:17,4,16,0,20
2023-08-19T05:58:02,4,16,0,20
2023-08-19T06:10:48,4,16,0,20
2023-08-19T06:23:33,4,16,0,20
2023-08-19T06:36:16,4,16,0,20
2023-08-19T06:48:59,4,16,0,20
2023-08-19T07:01:43,4,16,0,20
2023-08-19T07:14:27,4,16,0,20
2023-08-19T07:27:20,4,16,0,20
2023-08-19T07:40:03,4,16,0,20
2023-08-19T07:52:47,4,16,0,20
2023-08-19T08:05:31,4,16,0,20
2023-08-19T08:18:14,4,16,0,20
2023-08-19T08:30:57,4,16,0,20
2023-08-19T08:43:40,4,16,0,20
2023-08-19T08:56:22,4,16,0,20
2023-08-19T09:09:05,4,16,0,20
2023-08-19T09:21:56,4,16,0,20
2023-08-19T09:34:37,4,16,0,20
2023-08-19T09:47:19,4,16,0,20
2023-08-19T10:00:02,4,16,0,20
2023-08-19T10:12:43,4,16,0,20
2023-08-19T10:25:23,4,16,0,20
2023-08-19T10:38:03,4,16,0,20
2023-08-19T10:50:43,4,16,0,20
2023-08-19T11:03:23,4,16,0,20
2023-08-19T11:16:05,4,16,0,20
2023-08-19T11:28:45,4,16,0,20
2023-08-19T11:41:25,4,16,0,20
2023-08-19T11:54:05,4,16,0,20
2023-08-19T12:06:55,4,16,0,20
2023-08-19T12:19:35,4,16,0,20
2023-08-19T12:32:15,4,16,0,20
2023-08-19T12:44:55,4,16,0,20
2023-08-19T12:57:36,4,16,0,20
2023-08-19T13:10:16,4,16,0,20
2023-08-19T13:22:57,4,16,0,20
2023-08-19T13:35:37,4,16,0,20
2023-08-19T13:48:17,4,16,0,20
2023-08-19T14:01:08,4,16,0,20
2023-08-19T14:13:48,4,16,0,20
2023-08-19T14:26:28,4,16,0,20
2023-08-19T14:39:08,4,16,0,20
2023-08-19T14:51:48,4,16,0,20
2023-08-19T15:04:29,4,16,0,20
2023-08-19T15:17:09,4,16,0,20
2023-08-19T15:29:49,4,16,0,20
2023-08-19T15:42:38,4,16,0,20
2023-08-19T15:55:19,4,16,0,20
2023-08-19T16:07:59,4,16,0,20
2023-08-19T16:20:39,4,16,0,20
2023-08-19T16:33:20,4,16,0,20
2023-08-19T16:46:00,4,16,0,20
2023-08-19T16:58:40,4,16,0,20
2023-08-19T17:11:21,4,16,0,20
2023-08-19T17:24:01,4,16,0,20
2023-08-19T17:36:50,4,16,0,20
2023-08-19T17:49:30,4,16,0,20
2023-08-19T18:02:09,4,16,0,20
2023-08-19T18:14:49,4,16,0,20
2023-08-19T18:27:29,4,16,0,20
2023-08-19T18:40:08,4,16,0,20
2023-08-19T18:52:48,4,16,0,20
2023-08-19T19:05:28,4,16,0,20
2023-08-19T19:18:19,4,16,0,20
2023-08-19T19:30:59,4,16,0,20
2023-08-19T19:43:39,4,16,0,20
2023-08-19T19:56:20,4,16,0,20
2023-08-19T20:09:00,4,16,0,20
2023-08-19T20:21:40,4,16,0,20
2023-08-19T20:34:20,4,16,0,20
2023-08-19T20:47:00,4,16,0,20
2023-08-19T20:59:50,4,16,0,20
2023-08-19T21:12:30,4,16,0,20
2023-08-19T21:25:10,4,16,0,20
2023-08-19T21:37:51,4,16,0,20
2023-08-19T21:50:31,4,16,0,20
2023-08-19T22:03:12,4,16,0,20
2023-08-19T22:15:52,4,16,0,20
2023-08-19T22:28:33,4,16,0,20
2023-08-19T22:41:13,4,16,0,20
2023-08-19T22:54:02,4,16,0,20
2023-08-19T23:06:45,4,16,0,20
2023-08-19T23:19:27,4,16,0,20
2023-08-19T23:32:07,4,16,0,20
2023-08-19T23:44:48,4,16,0,20
2023-08-19T23:57:29,4,16,0,20
2023-08-20T00:10:10,4,16,0,20
2023-08-20T00:22:53,4,16,0,20
2023-08-20T00:35:33,4,16,0,20
2023-08-20T01:00:34,4,16,0,20
2023-08-20T01:13:17,4,16,0,20
2023-08-20T01:25:58,4,16,0,20
2023-08-20T01:38:39,4,16,0,20
2023-08-20T01:51:19,4,16,0,20
2023-08-20T02:04:00,4,16,0,20
2023-08-20T02:16:41,4,16,0,20
2023-08-20T02:29:22,4,16,0,20
2023-08-20T02:42:04,4,16,0,20
2023-08-20T02:54:44,4,16,0,20
2023-08-20T03:07:24,4,16,0,20
2023-08-20T03:20:04,4,16,0,20
2023-08-20T03:32:48,4,16,0,20
2023-08-20T03:45:28,4,16,0,20
2023-08-20T03:58:12,4,16,0,20
2023-08-20T04:18:57,4,16,0,20
2023-08-20T04:32:17,4,16,0,20
2023-08-20T04:45:45,4,16,0,20
2023-08-20T04:59:17,4,16,0,20
2023-08-20T05:12:05,4,16,0,20
2023-08-20T05:24:50,4,16,0,20
2023-08-20T05:37:35,4,16,0,20
2023-08-20T05:50:20,4,16,0,20
2023-08-20T06:03:06,4,16,0,20
2023-08-20T06:15:50,4,16,0,20
2023-08-20T06:28:34,4,16,0,20
2023-08-20T06:41:18,4,16,0,20
2023-08-20T06:54:05,4,16,0,20
2023-08-20T07:06:49,4,16,0,20
2023-08-20T07:19:35,4,16,0,20
2023-08-20T07:32:19,4,16,0,20
2023-08-20T07:45:03,4,16,0,20
2023-08-20T07:57:47,4,16,0,20
2023-08-20T08:10:33,4,16,0,20
2023-08-20T08:23:16,4,16,0,20
2023-08-20T08:36:09,4,16,0,20
2023-08-20T08:48:51,4,16,0,20
2023-08-20T09:01:34,4,16,0,20
2023-08-20T09:14:17,4,16,0,20
2023-08-20T09:27:00,4,16,0,20
2023-08-20T09:39:40,4,16,0,20
2023-08-20T09:52:20,4,16,0,20
2023-08-20T10:05:01,4,16,0,20
2023-08-20T10:17:44,4,16,0,20
2023-08-20T10:30:24,4,16,0,20
2023-08-20T10:43:04,4,16,0,20
2023-08-20T10:55:45,4,16,0,20
2023-08-20T11:08:27,4,16,0,20
2023-08-20T11:21:08,4,16,0,20
2023-08-20T11:33:50,4,16,0,20
2023-08-20T11:46:40,4,16,0,20
2023-08-20T11:59:21,4,16,0,20
2023-08-20T12:12:03,4,16,0,20
2023-08-20T12:24:43,4,16,0,20
2023-08-20T12:37:24,4,16,0,20
2023-08-20T12:50:05,4,16,0,20
2023-08-20T13:02:46,4,16,0,20
2023-08-20T13:15:26,4,16,0,20
2023-08-20T13:28:05,4,16,0,20
2023-08-20T13:40:45,4,16,0,20
2023-08-20T13:53:24,4,16,0,20
2023-08-20T14:06:14,4,16,0,20
2023-08-20T14:18:54,4,16,0,20
2023-08-20T14:31:34,4,16,0,20
2023-08-20T14:44:14,4,16,0,20
2023-08-20T14:56:53,4,16,0,20
2023-08-20T15:09:33,4,16,0,20
2023-08-20T15:22:12,4,16,0,20
2023-08-20T15:34:52,4,16,0,20
2023-08-20T15:47:32,4,16,0,20
2023-08-20T16:00:13,4,16,0,20
2023-08-20T16:13:03,4,16,0,20
2023-08-20T16:25:45,4,16,0,20
2023-08-20T16:38:26,4,16,0,20
2023-08-20T16:51:06,4,16,0,20
2023-08-20T17:03:46,4,16,0,20
2023-08-20T17:16:27,4,16,0,20
2023-08-20T17:29:07,4,16,0,20
2023-08-20T17:41:47,4,16,0,20
2023-08-20T17:54:27,4,16,0,20
2023-08-20T18:07:08,4,16,0,20
2023-08-20T18:19:48,4,16,0,20
2023-08-20T18:32:28,4,16,0,20
2023-08-20T18:45:18,4,16,0,20
2023-08-20T18:57:57,4,16,0,20
2023-08-20T19:10:42,4,16,0,20
2023-08-20T19:23:23,4,16,0,20
2023-08-20T19:36:03,4,16,0,20
2023-08-20T19:48:43,4,16,0,20
2023-08-20T20:01:23,4,16,0,20
2023-08-20T20:14:03,4,16,0,20
2023-08-20T20:26:43,4,16,0,20
2023-08-20T20:39:24,4,16,0,20
2023-08-20T20:52:13,4,16,0,20
2023-08-20T21:04:53,4,16,0,20
2023-08-20T21:17:33,4,16,0,20
2023-08-20T21:30:12,4,16,0,20
2023-08-20T21:42:55,4,16,0,20
2023-08-20T21:55:35,4,16,0,20
2023-08-20T22:08:15,4,16,0,20
2023-08-20T22:20:55,4,16,0,20
2023-08-20T22:33:44,4,16,0,20
2023-08-20T22:46:24,4,16,0,20
2023-08-20T22:59:03,4,16,0,20
2023-08-20T23:11:47,4,16,0,20
2023-08-20T23:24:28,4,16,0,20
2023-08-20T23:37:09,4,16,0,20
2023-08-20T23:49:49,4,16,0,20
2023-08-21T00:02:30,4,16,0,20
2023-08-21T00:15:18,4,16,0,20
2023-08-21T00:28:07,4,16,0,20
2023-08-21T00:41:04,4,16,0,20
2023-08-21T00:54:00,4,16,0,20
2023-08-21T01:06:46,4,16,0,20
2023-08-21T01:19:30,4,16,0,20
2023-08-21T01:32:14,4,16,0,20
2023-08-21T01:44:57,4,16,0,20
2023-08-21T01:57:40,4,16,0,20
2023-08-21T02:10:24,4,16,0,20
2023-08-21T02:23:06,4,16,0,20
2023-08-21T02:35:48,4,16,0,20
2023-08-21T02:48:30,4,16,0,20
2023-08-21T03:01:12,4,16,0,20
2023-08-21T03:13:56,4,16,0,20
2023-08-21T03:26:40,4,16,0,20
2023-08-21T03:39:23,4,16,0,20
2023-08-21T03:52:16,4,16,0,20
2023-08-21T04:06:49,4,16,0,20
2023-08-21T04:25:50,4,16,0,20
2023-08-21T04:38:57,4,16,0,20
2023-08-21T04:51:44,4,16,0,20
2023-08-21T05:04:31,4,16,0,20
2023-08-21T05:17:14,4,16,0,20
2023-08-21T05:30:01,4,16,0,20
2023-08-21T05:42:45,4,16,0,20
2023-08-21T05:55:29,4,16,0,20
2023-08-21T06:08:11,4,16,0,20
2023-08-21T06:20:53,4,16,0,20
2023-08-21T06:33:37,4,16,0,20
2023-08-21T06:46:19,4,16,0,20
2023-08-21T06:59:02,4,16,0,20
2023-08-21T07:11:45,4,16,0,20
2023-08-21T07:24:25,4,16,0,20
2023-08-21T07:37:13,4,16,0,20
2023-08-21T07:49:53,4,16,0,20
2023-08-21T08:02:32,4,16,0,20
2023-08-21T08:15:14,4,16,0,20
2023-08-21T08:27:55,4,16,0,20
2023-08-21T08:40:37,4,16,0,20
2023-08-21T08:53:17,4,16,0,20
2023-08-21T09:05:58,4,16,0,20
2023-08-21T09:18:40,4,16,0,20
2023-08-21T09:31:21,4,16,0,20
2023-08-21T09:44:03,4,16,0,20
2023-08-21T09:56:54,4,16,0,20
2023-08-21T10:09:35,4,16,0,20
2023-08-21T10:22:16,4,16,0,20
2023-08-21T10:34:58,4,16,0,20
2023-08-21T10:47:40,4,16,0,20
2023-08-21T11:00:22,4,16,0,20
2023-08-21T11:13:05,4,16,0,20
2023-08-21T11:25:56,4,16,0,20
2023-08-21T11:38:37,4,16,0,20
2023-08-21T11:51:19,4,16,0,20
2023-08-21T12:04:01,4,16,0,20
2023-08-21T12:16:42,4,16,0,20
2023-08-21T12:29:24,4,16,0,20
2023-08-21T12:42:06,4,16,0,20
2023-08-21T12:54:59,4,16,0,20
2023-08-21T13:07:40,4,16,0,20
2023-08-21T13:20:22,4,16,0,20
2023-08-21T13:33:04,4,16,0,20
2023-08-21T13:45:45,4,16,0,20
2023-08-21T13:58:26,4,16,0,20
2023-08-21T14:11:08,4,16,0,20
2023-08-21T14:24:01,4,16,0,20
2023-08-21T14:36:43,4,16,0,20
2023-08-21T14:49:24,4,16,0,20
2023-08-21T15:02:06,4,16,0,20
2023-08-21T15:14:48,4,16,0,20
2023-08-21T15:27:30,4,16,0,20
2023-08-21T15:40:12,4,16,0,20
2023-08-21T15:53:03,4,16,0,20
2023-08-21T16:05:45,4,16,0,20
2023-08-21T16:18:28,4,16,0,20
2023-08-21T16:31:10,4,16,0,20
2023-08-21T16:43:53,4,16,0,20
2023-08-21T16:56:35,4,16,0,20
2023-08-21T17:09:18,4,16,0,20
2023-08-21T17:22:10,4,16,0,20
2023-08-21T17:34:52,4,16,0,20
2023-08-21T17:47:33,4,16,0,20
2023-08-21T18:00:16,4,16,0,20
2023-08-21T18:12:58,4,16,0,20
2023-08-21T18:25:40,4,16,0,20
2023-08-21T18:38:25,4,16,0,20
2023-08-21T18:51:17,4,16,0,20
2023-08-21T19:03:59,4,16,0,20
2023-08-21T19:16:42,4,16,0,20
2023-08-21T19:29:24,4,16,0,20
2023-08-21T19:42:07,4,16,0,20
2023-08-21T19:54:50,4,16,0,20
2023-08-21T20:07:34,4,16,0,20
2023-08-21T20:20:26,4,16,0,20
2023-08-21T20:33:08,4,16,0,20
2023-08-21T20:45:50,4,16,0,20
2023-08-21T20:58:33,4,16,0,20
2023-08-21T21:11:16,4,16,0,20
2023-08-21T21:23:59,4,16,0,20
2023-08-21T21:36:41,4,16,0,20
2023-08-21T21:49:24,4,16,0,20
2023-08-21T22:02:07,4,16,0,20
2023-08-21T22:14:49,4,16,0,20
2023-08-21T22:27:31,4,16,0,20
2023-08-21T22:40:24,4,16,0,20
2023-08-21T22:53:06,4,16,0,20
2023-08-21T23:05:49,4,16,0,20
2023-08-21T23:18:33,4,16,0,20
2023-08-21T23:31:16,4,16,0,20
2023-08-21T23:44:00,4,16,0,20
2023-08-21T23:56:43,4,16,0,20
2023-08-22T00:09:29,4,16,0,20
2023-08-22T00:22:19,4,16,0,20
2023-08-22T00:35:06,4,16,0,20
2023-08-22T00:47:53,4,16,0,20
2023-08-22T01:00:41,4,16,0,20
2023-08-22T01:13:27,4,16,0,20
2023-08-22T01:26:12,4,16,0,20
2023-08-22T01:38:58,4,16,0,20
2023-08-22T01:51:56,4,16,0,20
2023-08-22T02:04:42,4,16,0,20
2023-08-22T02:17:28,4,16,0,20
2023-08-22T02:30:12,4,16,0,20
2023-08-22T02:42:57,4,16,0,20
2023-08-22T02:55:42,4,16,0,20
2023-08-22T03:08:32,4,16,0,20
2023-08-22T03:21:19,4,16,0,20
2023-08-22T03:34:05,4,16,0,20
2023-08-22T03:46:52,4,16,0,20
2023-08-22T03:59:40,4,16,0,20
2023-08-22T04:25:58,4,16,0,20
2023-08-22T04:39:10,4,16,0,20
2023-08-22T04:51:57,4,16,0,20
2023-08-22T05:04:47,4,16,0,20
2023-08-22T05:17:35,4,16,0,20
2023-08-22T05:30:22,4,16,0,20
2023-08-22T05:43:09,4,16,0,20
2023-08-22T05:55:56,4,16,0,20
2023-08-22T06:08:42,4,16,0,20
2023-08-22T06:21:27,4,16,0,20
2023-08-22T06:34:12,4,16,0,20
2023-08-22T06:46:58,4,16,0,20
2023-08-22T06:59:43,4,16,0,20
2023-08-22T07:12:28,4,16,0,20
2023-08-22T07:25:12,4,16,0,20
2023-08-22T07:37:55,4,16,0,20
2023-08-22T07:50:37,4,16,0,20
2023-08-22T08:03:22,4,16,0,20
2023-08-22T08:16:04,4,16,0,20
2023-08-22T08:28:47,4,16,0,20
2023-08-22T08:41:30,4,16,0,20
2023-08-22T08:54:17,4,16,0,20
2023-08-22T09:07:11,4,16,0,20
2023-08-22T09:19:53,4,16,0,20
2023-08-22T09:32:36,4,16,0,20
2023-08-22T09:45:21,4,16,0,20
2023-08-22T09:58:03,4,16,0,20
2023-08-22T10:10:47,4,16,0,20
2023-08-22T10:23:31,4,16,0,20
2023-08-22T10:36:15,4,16,0,20
2023-08-22T10:48:58,4,16,0,20
2023-08-22T11:01:42,4,16,0,20
2023-08-22T11:14:36,4,16,0,20
2023-08-22T11:27:19,4,16,0,20
2023-08-22T11:40:03,4,16,0,20
2023-08-22T11:52:46,4,16,0,20
2023-08-22T12:05:29,4,16,0,20
2023-08-22T12:18:13,4,16,0,20
2023-08-22T12:30:57,4,16,0,20
2023-08-22T12:43:53,4,16,0,20
2023-08-22T12:56:36,4,16,0,20
2023-08-22T13:09:20,4,16,0,20
2023-08-22T13:22:02,4,16,0,20
2023-08-22T13:34:46,4,16,0,20
2023-08-22T13:47:32,4,16,0,20
2023-08-22T14:00:15,4,16,0,20
2023-08-22T14:13:11,4,16,0,20
2023-08-22T14:25:54,4,16,0,20
2023-08-22T14:38:37,4,16,0,20
2023-08-22T14:51:22,4,16,0,20
2023-08-22T15:04:05,4,16,0,20
2023-08-22T15:16:49,4,16,0,20
2023-08-22T15:29:33,4,16,0,20
2023-08-22T15:42:26,4,16,0,20
2023-08-22T15:55:09,4,16,0,20
2023-08-22T16:07:53,4,16,0,20
2023-08-22T16:20:36,4,16,0,20
2023-08-22T16:33:19,4,16,0,20
2023-08-22T16:46:02,4,16,0,20
2023-08-22T16:58:46,4,16,0,20
2023-08-22T17:11:32,4,16,0,20
2023-08-22T17:24:16,4,16,0,20
2023-08-22T17:37:12,4,16,0,20
2023-08-22T17:49:55,4,16,0,20
2023-08-22T18:02:38,4,16,0,20
2023-08-22T18:15:21,4,16,0,20
2023-08-22T18:28:05,4,16,0,20
2023-08-22T18:40:48,4,16,0,20
2023-08-22T18:53:32,4,16,0,20
2023-08-22T19:06:18,4,16,0,20
2023-08-22T19:19:01,4,16,0,20
2023-08-22T19:31:45,4,16,0,20
2023-08-22T19:44:39,4,16,0,20
2023-08-22T19:57:21,4,16,0,20
2023-08-22T20:10:05,4,16,0,20
2023-08-22T20:22:48,4,16,0,20
2023-08-22T20:35:31,4,16,0,20
2023-08-22T20:48:15,4,16,0,20
2023-08-22T21:01:08,4,16,0,20
2023-08-22T21:13:52,4,16,0,20
2023-08-22T21:26:36,4,16,0,20
2023-08-22T21:39:19,4,16,0,20
2023-08-22T21:52:03,4,16,0,20
2023-08-22T22:04:46,4,16,0,20
2023-08-22T22:17:29,4,16,0,20
2023-08-22T22:30:12,4,16,0,20
2023-08-22T22:42:56,4,16,0,20
2023-08-22T22:55:50,4,16,0,20
2023-08-22T23:08:36,4,16,0,20
2023-08-22T23:21:20,4,16,0,20
2023-08-22T23:34:04,4,16,0,20
2023-08-22T23:46:47,4,16,0,20
2023-08-22T23:59:31,4,16,0,20
2023-08-23T00:12:17,4,16,0,20
2023-08-23T00:25:02,4,16,0,20
2023-08-23T00:37:50,4,16,0,20
2023-08-23T00:50:38,4,16,0,20
2023-08-23T01:03:24,4,16,0,20
2023-08-23T01:16:12,4,16,0,20
2023-08-23T01:29:06,4,16,0,20
2023-08-23T01:41:54,4,16,0,20
2023-08-23T01:54:41,4,16,0,20
2023-08-23T02:07:28,4,16,0,20
2023-08-23T02:20:23,4,16,0,20
2023-08-23T02:33:07,4,16,0,20
2023-08-23T02:46:03,4,16,0,20
2023-08-23T02:58:56,4,16,0,20
2023-08-23T03:11:54,4,16,0,20
2023-08-23T03:24:41,4,16,0,20
2023-08-23T03:37:39,4,16,0,20
2023-08-23T03:50:25,4,16,0,20
2023-08-23T04:03:12,4,16,0,20
2023-08-23T04:28:31,4,16,0,20
2023-08-23T04:41:20,4,16,0,20
2023-08-23T04:55:46,4,16,0,20
2023-08-23T05:08:35,4,16,0,20
2023-08-23T05:21:26,4,16,0,20
2023-08-23T05:34:21,4,16,0,20
2023-08-23T05:47:08,4,16,0,20
2023-08-23T05:59:55,4,16,0,20
2023-08-23T06:12:42,4,16,0,20
2023-08-23T06:25:37,4,16,0,20
2023-08-23T06:38:24,4,16,0,20
2023-08-23T06:51:11,4,16,0,20
2023-08-23T07:03:58,4,16,0,20
2023-08-23T07:16:51,4,16,0,20
2023-08-23T07:29:35,4,16,0,20
2023-08-23T07:42:20,4,16,0,20
2023-08-23T07:55:03,4,16,0,20
2023-08-23T08:07:46,4,16,0,20
2023-08-23T08:20:29,4,16,0,20
2023-08-23T08:33:13,4,16,0,20
2023-08-23T08:45:56,4,16,0,20
2023-08-23T08:58:50,4,16,0,20
2023-08-23T09:11:35,4,16,0,20
2023-08-23T09:24:18,4,16,0,20
2023-08-23T09:37:03,4,16,0,20
2023-08-23T09:49:45,4,16,0,20
2023-08-23T10:02:28,4,16,0,20
2023-08-23T10:15:11,4,16,0,20
2023-08-23T10:27:54,4,16,0,20
2023-08-23T10:40:38,4,16,0,20
2023-08-23T10:53:21,4,16,0,20
2023-08-23T11:06:17,4,16,0,20
2023-08-23T11:19:00,4,16,0,20
2023-08-23T11:31:52,4,16,0,20
2023-08-23T11:44:36,4,16,0,20
2023-08-23T11:57:20,4,16,0,20
2023-08-23T12:10:05,4,16,0,20
2023-08-23T12:22:48,4,16,0,20
2023-08-23T12:35:33,4,16,0,20
2023-08-23T12:48:30,4,16,0,20
2023-08-23T13:01:14,4,16,0,20
2023-08-23T13:13:59,4,16,0,20
2023-08-23T13:26:42,4,16,0,20
2023-08-23T13:39:25,4,16,0,20
2023-08-23T13:52:09,4,16,0,20
2023-08-23T14:04:53,4,16,0,20
2023-08-23T14:17:38,4,16,0,20
2023-08-23T14:30:22,4,16,0,20
2023-08-23T14:43:17,4,16,0,20
2023-08-23T14:56:01,4,16,0,20
2023-08-23T15:08:45,4,16,0,20
2023-08-23T15:21:29,4,16,0,20
2023-08-23T15:34:14,4,16,0,20
2023-08-23T15:46:58,4,16,0,20
2023-08-23T15:59:43,4,16,0,20
2023-08-23T16:12:27,4,16,0,20
2023-08-23T16:25:23,4,16,0,20
2023-08-23T16:38:08,4,16,0,20
2023-08-23T16:50:52,4,16,0,20
2023-08-23T17:03:36,4,16,0,20
2023-08-23T17:16:21,4,16,0,20
2023-08-23T17:29:05,4,16,0,20
2023-08-23T17:41:49,4,16,0,20
2023-08-23T17:54:33,4,16,0,20
2023-08-23T18:07:18,4,16,0,20
2023-08-23T18:20:02,4,16,0,20
2023-08-23T18:32:56,4,16,0,20
2023-08-23T18:45:39,4,16,0,20
2023-08-23T18:58:23,4,16,0,20
2023-08-23T19:11:08,4,16,0,20
2023-08-23T19:23:52,4,16,0,20
2023-08-23T19:36:36,4,16,0,20
2023-08-23T19:49:20,4,16,0,20
2023-08-23T20:02:04,4,16,0,20
2023-08-23T20:14:58,4,16,0,20
2023-08-23T20:27:41,4,16,0,20
2023-08-23T20:40:25,4,16,0,20
2023-08-23T20:53:08,4,16,0,20
2023-08-23T21:05:53,4,16,0,20
2023-08-23T21:18:37,4,16,0,20
2023-08-23T21:31:21,4,16,0,20
2023-08-23T21:44:05,4,16,0,20
2023-08-23T21:56:49,4,16,0,20
2023-08-23T22:09:32,4,16,0,20
2023-08-23T22:22:17,4,16,0,20
2023-08-23T22:35:11,4,16,0,20
2023-08-23T22:47:54,4,16,0,20
2023-08-23T23:00:38,4,16,0,20
2023-08-23T23:13:27,4,16,0,20
2023-08-23T23:26:12,4,16,0,20
2023-08-23T23:38:57,4,16,0,20
2023-08-23T23:51:42,4,16,0,20
2023-08-24T00:04:28,4,16,0,20
2023-08-24T00:17:18,4,16,0,20
2023-08-24T00:30:06,4,16,0,20
2023-08-24T00:42:55,4,16,0,20
2023-08-24T00:55:44,4,16,0,20
2023-08-24T01:08:33,4,16,0,20
2023-08-24T01:21:20,4,16,0,20
2023-08-24T01:34:20,4,16,0,20
2023-08-24T01:47:07,4,16,0,20
2023-08-24T01:59:56,4,16,0,20
2023-08-24T02:12:42,4,16,0,20
2023-08-24T02:25:28,4,16,0,20
2023-08-24T02:38:15,4,16,0,20
2023-08-24T02:51:02,4,16,0,20
2023-08-24T03:03:59,4,16,0,20
2023-08-24T03:16:48,4,16,0,20
2023-08-24T03:29:37,4,16,0,20
2023-08-24T03:42:25,4,16,0,20
2023-08-24T03:55:12,4,16,0,20
2023-08-24T04:08:00,4,16,0,20
2023-08-24T04:24:52,4,16,0,20
2023-08-24T04:39:11,4,16,0,20
2023-08-24T04:52:01,4,16,0,20
2023-08-24T05:04:50,4,16,0,20
2023-08-24T05:17:40,4,16,0,20
2023-08-24T05:30:28,4,16,0,20
2023-08-24T05:43:16,4,16,0,20
2023-08-24T05:56:05,4,16,0,20
2023-08-24T06:08:53,4,16,0,20
2023-08-24T06:21:40,4,16,0,20
2023-08-24T06:34:27,4,16,0,20
2023-08-24T06:47:15,4,16,0,20
2023-08-24T07:00:02,4,16,0,20
2023-08-24T07:12:49,4,16,0,20
2023-08-24T07:25:34,4,16,0,20
2023-08-24T07:38:18,4,16,0,20
2023-08-24T07:51:01,4,16,0,20
2023-08-24T08:03:45,4,16,0,20
2023-08-24T08:16:29,4,16,0,20
2023-08-24T08:29:15,4,16,0,20
2023-08-24T08:41:58,4,16,0,20
2023-08-24T08:54:42,4,16,0,20
2023-08-24T09:07:36,4,16,0,20
2023-08-24T09:20:19,4,16,0,20
2023-08-24T09:33:13,4,16,0,20
2023-08-24T09:45:57,4,16,0,20
2023-08-24T09:58:50,4,16,0,20
2023-08-24T10:11:35,4,16,0,20
2023-08-24T10:24:28,4,16,0,20
2023-08-24T10:37:12,4,16,0,20
2023-08-24T10:50:04,4,16,0,20
2023-08-24T11:02:48,4,16,0,20
2023-08-24T11:15:42,4,16,0,20
2023-08-24T11:28:36,4,16,0,20
2023-08-24T11:41:31,4,16,0,20
2023-08-24T11:54:16,4,16,0,20
2023-08-24T12:07:12,4,16,0,20
2023-08-24T12:20:06,4,16,0,20
2023-08-24T12:32:51,4,16,0,20
2023-08-24T12:45:44,4,16,0,20
2023-08-24T12:58:37,4,16,0,20
2023-08-24T13:11:21,4,16,0,20
2023-08-24T13:24:05,4,16,0,20
2023-08-24T13:37:01,4,16,0,20
2023-08-24T13:49:45,4,16,0,20
2023-08-24T14:02:38,4,16,0,20
2023-08-24T14:15:23,4,16,0,20
2023-08-24T14:28:17,4,16,0,20
2023-08-24T14:41:10,4,16,0,20
2023-08-24T14:54:05,4,16,0,20
2023-08-24T15:06:50,4,16,0,20
2023-08-24T15:19:33,4,16,0,20
2023-08-24T15:32:28,4,16,0,20
2023-08-24T15:45:12,4,16,0,20
2023-08-24T15:57:57,4,16,0,20
2023-08-24T16:10:52,4,16,0,20
2023-08-24T16:23:36,4,16,0,20
2023-08-24T16:36:20,4,16,0,20
2023-08-24T16:49:04,4,16,0,20
2023-08-24T17:01:47,4,16,0,20
2023-08-24T17:14:34,4,16,0,20
2023-08-24T17:27:19,4,16,0,20
2023-08-24T17:40:03,4,16,0,20
2023-08-24T17:52:57,4,16,0,20
2023-08-24T18:05:42,4,16,0,20
2023-08-24T18:18:26,4,16,0,20
2023-08-24T18:31:12,4,16,0,20
2023-08-24T18:43:56,4,16,0,20
2023-08-24T18:56:41,4,16,0,20
2023-08-24T19:09:26,4,16,0,20
2023-08-24T19:22:11,4,16,0,20
2023-08-24T19:34:55,4,16,0,20
2023-08-24T19:47:52,4,16,0,20
2023-08-24T20:00:36,4,16,0,20
2023-08-24T20:13:20,4,16,0,20
2023-08-24T20:26:04,4,16,0,20
2023-08-24T20:38:49,4,16,0,20
2023-08-24T20:51:34,4,16,0,20
2023-08-24T21:04:19,4,16,0,20
2023-08-24T21:17:02,4,16,0,20
2023-08-24T21:29:47,4,16,0,20
2023-08-24T21:42:42,4,16,0,20
2023-08-24T21:55:26,4,16,0,20
2023-08-24T22:08:10,4,16,0,20
2023-08-24T22:21:07,4,16,0,20
2023-08-24T22:33:52,4,16,0,20
2023-08-24T22:46:37,4,16,0,20
2023-08-24T22:59:20,4,16,0,20
2023-08-24T23:12:08,4,16,0,20
2023-08-24T23:24:53,4,16,0,20
2023-08-24T23:37:38,4,16,0,20
2023-08-24T23:50:32,4,16,0,20
2023-08-25T00:03:18,4,16,0,20
2023-08-25T00:16:06,4,16,0,20
2023-08-25T00:28:55,4,16,0,20
2023-08-25T00:41:43,4,16,0,20
2023-08-25T00:54:32,4,16,0,20
2023-08-25T01:07:21,4,16,0,20
2023-08-25T01:20:11,4,16,0,20
2023-08-25T01:33:01,4,16,0,20
2023-08-25T01:45:50,4,16,0,20
2023-08-25T01:58:37,4,16,0,20
2023-08-25T02:11:26,4,16,0,20
2023-08-25T02:24:24,4,16,0,20
2023-08-25T02:37:13,4,16,0,20
2023-08-25T02:50:10,4,16,0,20
2023-08-25T03:02:58,4,16,0,20
2023-08-25T03:15:46,4,16,0,20
2023-08-25T03:28:34,4,16,0,20
2023-08-25T03:41:21,4,16,0,20
2023-08-25T03:54:09,4,16,0,20
2023-08-25T04:06:56,4,16,0,20
2023-08-25T04:31:01,4,16,0,20
2023-08-25T04:44:58,4,16,0,20
2023-08-25T04:58:23,4,16,0,20
2023-08-25T05:11:16,4,16,0,20
2023-08-25T05:24:04,4,16,0,20
2023-08-25T05:36:53,4,16,0,20
2023-08-25T05:49:42,4,16,0,20
2023-08-25T06:02:31,4,16,0,20
2023-08-25T06:15:19,4,16,0,20
2023-08-25T06:28:07,4,16,0,20
2023-08-25T06:40:55,4,16,0,20
2023-08-25T06:53:41,4,16,0,20
2023-08-25T07:06:25,4,16,0,20
2023-08-25T07:19:10,4,16,0,20
2023-08-25T07:32:03,4,16,0,20
2023-08-25T07:44:48,4,16,0,20
2023-08-25T07:57:33,4,16,0,20
2023-08-25T08:10:18,4,16,0,20
2023-08-25T08:23:01,4,16,0,20
2023-08-25T08:35:46,4,16,0,20
2023-08-25T08:48:30,4,16,0,20
2023-08-25T09:01:14,4,16,0,20
2023-08-25T09:14:00,4,16,0,20
2023-08-25T09:26:44,4,16,0,20
2023-08-25T09:39:39,4,16,0,20
2023-08-25T09:52:24,4,16,0,20
2023-08-25T10:05:08,4,16,0,20
2023-08-25T10:17:52,4,16,0,20
2023-08-25T10:30:36,4,16,0,20
2023-08-25T10:43:20,4,16,0,20
2023-08-25T10:56:05,4,16,0,20
2023-08-25T11:08:49,4,16,0,20
2023-08-25T11:21:44,4,16,0,20
2023-08-25T11:34:28,4,16,0,20
2023-08-25T11:47:11,4,16,0,20
2023-08-25T11:59:56,4,16,0,20
2023-08-25T12:12:40,4,16,0,20
2023-08-25T12:25:24,4,16,0,20
2023-08-25T12:38:09,4,16,0,20
2023-08-25T12:51:04,4,16,0,20
2023-08-25T13:03:49,4,16,0,20
2023-08-25T13:16:33,4,16,0,20
2023-08-25T13:29:18,4,16,0,20
2023-08-25T13:42:03,4,16,0,20
2023-08-25T13:54:46,4,16,0,20
2023-08-25T14:07:31,4,16,0,20
2023-08-25T14:20:25,4,16,0,20
2023-08-25T14:33:10,4,16,0,20
2023-08-25T14:45:57,4,16,0,20
2023-08-25T14:58:41,4,16,0,20
2023-08-25T15:11:26,4,16,0,20
2023-08-25T15:24:10,4,16,0,20
2023-08-25T15:36:56,4,16,0,20
2023-08-25T15:49:49,4,16,0,20
2023-08-25T16:02:33,4,16,0,20
2023-08-25T16:15:17,4,16,0,20
2023-08-25T16:28:01,4,16,0,20
2023-08-25T16:40:45,4,16,0,20
2023-08-25T16:53:29,4,16,0,20
2023-08-25T17:06:15,4,16,0,20
2023-08-25T17:19:09,4,16,0,20
2023-08-25T17:31:54,4,16,0,20
2023-08-25T17:44:38,4,16,0,20
2023-08-25T17:57:21,4,16,0,20
2023-08-25T18:10:05,4,16,0,20
2023-08-25T18:22:48,4,16,0,20
2023-08-25T18:35:32,4,16,0,20
2023-08-25T18:48:16,4,16,0,20
2023-08-25T19:01:10,4,16,0,20
2023-08-25T19:13:55,4,16,0,20
2023-08-25T19:26:40,4,16,0,20
2023-08-25T19:39:27,4,16,0,20
2023-08-25T19:52:10,4,16,0,20
2023-08-25T20:04:54,4,16,0,20
2023-08-25T20:17:38,4,16,0,20
2023-08-25T20:30:23,4,16,0,20
2023-08-25T20:43:06,4,16,0,20
2023-08-25T20:56:00,4,16,0,20
2023-08-25T21:08:44,4,16,0,20
2023-08-25T21:21:28,4,16,0,20
2023-08-25T21:34:12,4,16,0,20
2023-08-25T21:46:56,4,16,0,20
2023-08-25T21:59:40,4,16,0,20
2023-08-25T22:12:24,4,16,0,20
2023-08-25T22:25:08,4,16,0,20
2023-08-25T22:37:52,4,16,0,20
2023-08-25T22:50:37,4,16,0,20
2023-08-25T23:03:31,4,16,0,20
2023-08-25T23:16:17,4,16,0,20
2023-08-25T23:29:02,4,16,0,20
2023-08-25T23:41:47,4,16,0,20
2023-08-25T23:54:32,4,16,0,20
2023-08-26T00:07:19,4,16,0,20
2023-08-26T00:20:10,4,16,0,20
2023-08-26T00:32:59,4,16,0,20
2023-08-26T00:45:48,4,16,0,20
2023-08-26T00:58:48,4,16,0,20
2023-08-26T01:11:36,4,16,0,20
2023-08-26T01:24:25,4,16,0,20
2023-08-26T01:37:14,4,16,0,20
2023-08-26T01:50:02,4,16,0,20
2023-08-26T02:02:49,4,16,0,20
2023-08-26T02:15:34,4,16,0,20
2023-08-26T02:28:19,4,16,0,20
2023-08-26T02:41:04,4,16,0,20
2023-08-26T02:53:49,4,16,0,20
2023-08-26T03:06:34,4,16,0,20
2023-08-26T03:19:22,4,16,0,20
2023-08-26T03:32:10,4,16,0,20
2023-08-26T03:45:09,4,16,0,20
2023-08-26T03:57:56,4,16,0,20
2023-08-26T04:10:43,4,16,0,20
2023-08-26T04:32:11,4,16,0,20
2023-08-26T04:45:20,4,16,0,20
2023-08-26T04:58:12,4,16,0,20
2023-08-26T05:11:00,4,16,0,20
2023-08-26T05:23:48,4,16,0,20
2023-08-26T05:36:38,4,16,0,20
2023-08-26T05:49:25,4,16,0,20
2023-08-26T06:02:13,4,16,0,20
2023-08-26T06:15:02,4,16,0,20
2023-08-26T06:27:49,4,16,0,20
2023-08-26T06:40:40,4,16,0,20
2023-08-26T06:53:28,4,16,0,20
2023-08-26T07:06:31,4,16,0,20
2023-08-26T07:19:17,4,16,0,20
2023-08-26T07:32:05,4,16,0,20
2023-08-26T07:44:52,4,16,0,20
2023-08-26T07:57:39,4,16,0,20
2023-08-26T08:10:27,4,16,0,20
2023-08-26T08:23:14,4,16,0,20
2023-08-26T08:36:02,4,16,0,20
2023-08-26T08:48:49,4,16,0,20
2023-08-26T09:01:51,4,16,0,20
2023-08-26T09:14:37,4,16,0,20
2023-08-26T09:27:24,4,16,0,20
2023-08-26T09:40:12,4,16,0,20
2023-08-26T09:52:58,4,16,0,20
2023-08-26T10:05:44,4,16,0,20
2023-08-26T10:18:29,4,16,0,20
2023-08-26T10:31:15,4,16,0,20
2023-08-26T10:44:00,4,16,0,20
2023-08-26T10:56:45,4,16,0,20
2023-08-26T11:09:29,4,16,0,20
2023-08-26T11:22:12,4,16,0,20
2023-08-26T11:34:56,4,16,0,20
2023-08-26T11:47:49,4,16,0,20
2023-08-26T12:00:33,4,16,0,20
2023-08-26T12:13:16,4,16,0,20
2023-08-26T12:26:00,4,16,0,20
2023-08-26T12:38:45,4,16,0,20
2023-08-26T12:51:28,4,16,0,20
2023-08-26T13:04:12,4,16,0,20
2023-08-26T13:16:56,4,16,0,20
2023-08-26T13:29:39,4,16,0,20
2023-08-26T13:42:23,4,16,0,20
2023-08-26T13:55:31,4,16,0,20
2023-08-26T14:08:14,4,16,0,20
2023-08-26T14:20:58,4,16,0,20
2023-08-26T14:33:44,4,16,0,20
2023-08-26T14:46:28,4,16,0,20
2023-08-26T14:59:11,4,16,0,20
2023-08-26T15:11:55,4,16,0,20
2023-08-26T15:24:38,4,16,0,20
2023-08-26T15:37:22,4,16,0,20
2023-08-26T15:50:05,4,16,0,20
2023-08-26T16:02:57,4,16,0,20
2023-08-26T16:15:40,4,16,0,20
2023-08-26T16:28:25,4,16,0,20
2023-08-26T16:41:09,4,16,0,20
2023-08-26T16:53:52,4,16,0,20
2023-08-26T17:06:36,4,16,0,20
2023-08-26T17:19:20,4,16,0,20
2023-08-26T17:32:04,4,16,0,20
2023-08-26T17:44:48,4,16,0,20
2023-08-26T17:57:32,4,16,0,20
2023-08-26T18:10:35,4,16,0,20
2023-08-26T18:23:19,4,16,0,20
2023-08-26T18:36:03,4,16,0,20
2023-08-26T18:48:46,4,16,0,20
2023-08-26T19:01:31,4,16,0,20
2023-08-26T19:14:16,4,16,0,20
2023-08-26T19:27:00,4,16,0,20
2023-08-26T19:39:44,4,16,0,20
2023-08-26T19:52:36,4,16,0,20
2023-08-26T20:05:20,4,16,0,20
2023-08-26T20:18:03,4,16,0,20
2023-08-26T20:30:47,4,16,0,20
2023-08-26T20:43:32,4,16,0,20
2023-08-26T20:56:16,4,16,0,20
2023-08-26T21:09:00,4,16,0,20
2023-08-26T21:21:43,4,16,0,20
2023-08-26T21:34:27,4,16,0,20
2023-08-26T21:47:28,4,16,0,20
2023-08-26T22:00:12,4,16,0,20
2023-08-26T22:12:56,4,16,0,20
2023-08-26T22:25:39,4,16,0,20
2023-08-26T22:38:23,4,16,0,20
2023-08-26T22:51:08,4,16,0,20
2023-08-26T23:03:52,4,16,0,20
2023-08-26T23:16:37,4,16,0,20
2023-08-26T23:29:22,4,16,0,20
2023-08-26T23:42:16,4,16,0,20
2023-08-26T23:55:01,4,16,0,20
2023-08-27T00:07:47,4,16,0,20
2023-08-27T00:20:39,4,16,0,20
2023-08-27T00:33:26,4,16,0,20
2023-08-27T00:46:14,4,16,0,20
2023-08-27T00:59:02,4,16,0,20
2023-08-27T01:11:48,4,16,0,20
2023-08-27T01:24:36,4,16,0,20
2023-08-27T01:37:23,4,16,0,20
2023-08-27T01:50:10,4,16,0,20
2023-08-27T02:02:58,4,16,0,20
2023-08-27T02:16:05,4,16,0,20
2023-08-27T02:28:52,4,16,0,20
2023-08-27T02:41:40,4,16,0,20
2023-08-27T02:54:27,4,16,0,20
2023-08-27T03:07:14,4,16,0,20
2023-08-27T03:20:02,4,16,0,20
2023-08-27T03:32:50,4,16,0,20
2023-08-27T03:45:37,4,16,0,20
2023-08-27T03:58:24,4,16,0,20
2023-08-27T04:11:12,4,16,0,20
2023-08-27T04:26:41,4,16,0,20
2023-08-27T04:41:11,4,16,0,20
2023-08-27T04:54:00,4,16,0,20
2023-08-27T05:06:48,4,16,0,20
2023-08-27T05:19:35,4,16,0,20
2023-08-27T05:32:25,4,16,0,20
2023-08-27T05:45:13,4,16,0,20
2023-08-27T05:58:02,4,16,0,20
2023-08-27T06:10:50,4,16,0,20
2023-08-27T06:23:36,4,16,0,20
2023-08-27T06:36:22,4,16,0,20
2023-08-27T06:49:07,4,16,0,20
2023-08-27T07:01:54,4,16,0,20
2023-08-27T07:14:38,4,16,0,20
2023-08-27T07:27:22,4,16,0,20
2023-08-27T07:40:06,4,16,0,20
2023-08-27T07:52:58,4,16,0,20
2023-08-27T08:05:43,4,16,0,20
2023-08-27T08:18:28,4,16,0,20
2023-08-27T08:31:13,4,16,0,20
2023-08-27T08:43:57,4,16,0,20
2023-08-27T08:56:41,4,16,0,20
2023-08-27T09:09:25,4,16,0,20
2023-08-27T09:22:09,4,16,0,20
2023-08-27T09:34:53,4,16,0,20
2023-08-27T09:47:38,4,16,0,20
2023-08-27T10:00:23,4,16,0,20
2023-08-27T10:13:07,4,16,0,20
2023-08-27T10:26:04,4,16,0,20
2023-08-27T10:38:48,4,16,0,20
2023-08-27T10:51:33,4,16,0,20
2023-08-27T11:04:20,4,16,0,20
2023-08-27T11:17:06,4,16,0,20
2023-08-27T11:29:51,4,16,0,20
2023-08-27T11:42:37,4,16,0,20
2023-08-27T11:55:21,4,16,0,20
2023-08-27T12:08:04,4,16,0,20
2023-08-27T12:20:47,4,16,0,20
2023-08-27T12:33:41,4,16,0,20
2023-08-27T12:46:24,4,16,0,20
2023-08-27T12:59:08,4,16,0,20
2023-08-27T13:11:53,4,16,0,20
2023-08-27T13:24:36,4,16,0,20
2023-08-27T13:37:20,4,16,0,20
2023-08-27T13:50:05,4,16,0,20
2023-08-27T14:02:48,4,16,0,20
2023-08-27T14:15:41,4,16,0,20
2023-08-27T14:28:25,4,16,0,20
2023-08-27T14:41:09,4,16,0,20
2023-08-27T14:53:53,4,16,0,20
2023-08-27T15:06:37,4,16,0,20
2023-08-27T15:19:21,4,16,0,20
2023-08-27T15:32:04,4,16,0,20
2023-08-27T15:44:56,4,16,0,20
2023-08-27T15:57:39,4,16,0,20
2023-08-27T16:10:23,4,16,0,20
2023-08-27T16:23:07,4,16,0,20
2023-08-27T16:35:52,4,16,0,20
2023-08-27T16:48:36,4,16,0,20
2023-08-27T17:01:20,4,16,0,20
2023-08-27T17:14:22,4,16,0,20
2023-08-27T17:27:06,4,16,0,20
2023-08-27T17:39:49,4,16,0,20
2023-08-27T17:52:33,4,16,0,20
2023-08-27T18:05:17,4,16,0,20
2023-08-27T18:18:01,4,16,0,20
2023-08-27T18:30:45,4,16,0,20
2023-08-27T18:43:29,4,16,0,20
2023-08-27T18:56:23,4,16,0,20
2023-08-27T19:09:11,4,16,0,20
2023-08-27T19:21:55,4,16,0,20
2023-08-27T19:34:38,4,16,0,20
2023-08-27T19:47:22,4,16,0,20
2023-08-27T20:00:06,4,16,0,20
2023-08-27T20:12:49,4,16,0,20
2023-08-27T20:25:48,4,16,0,20
2023-08-27T20:38:32,4,16,0,20
2023-08-27T20:51:15,4,16,0,20
2023-08-27T21:03:59,4,16,0,20
2023-08-27T21:16:43,4,16,0,20
2023-08-27T21:29:28,4,16,0,20
2023-08-27T21:42:12,4,16,0,20
2023-08-27T21:55:06,4,16,0,20
2023-08-27T22:07:49,4,16,0,20
2023-08-27T22:20:33,4,16,0,20
2023-08-27T22:33:16,4,16,0,20
2023-08-27T22:46:00,4,16,0,20
2023-08-27T22:52:52,4,16,0,20
2023-08-27T23:05:36,4,16,0,20
2023-08-27T23:18:31,4,16,0,20
2023-08-27T23:31:16,4,16,0,20
2023-08-27T23:44:01,4,16,0,20
2023-08-27T23:56:45,4,16,0,20
2023-08-28T00:09:32,4,16,0,20
2023-08-28T00:22:28,4,16,0,20
2023-08-28T00:35:34,4,16,0,20
2023-08-28T00:48:21,4,16,0,20
2023-08-28T01:01:07,4,16,0,20
2023-08-28T01:14:02,4,16,0,20
2023-08-28T01:26:53,4,16,0,20
2023-08-28T01:39:41,4,16,0,20
2023-08-28T01:52:38,4,16,0,20
2023-08-28T02:05:34,4,16,0,20
2023-08-28T02:18:21,4,16,0,20
2023-08-28T02:31:07,4,16,0,20
2023-08-28T02:43:53,4,16,0,20
2023-08-28T02:56:40,4,16,0,20
2023-08-28T03:09:26,4,16,0,20
2023-08-28T03:22:14,4,16,0,20
2023-08-28T03:35:01,4,16,0,20
2023-08-28T03:47:47,4,16,0,20
2023-08-28T04:00:33,4,16,0,20
2023-08-28T04:14:31,4,16,0,20
2023-08-28T04:29:42,4,16,0,20
2023-08-28T04:42:56,4,16,0,20
2023-08-28T04:55:45,4,16,0,20
2023-08-28T05:08:36,4,16,0,20
2023-08-28T05:21:24,4,16,0,20
2023-08-28T05:34:13,4,16,0,20
2023-08-28T05:47:02,4,16,0,20
2023-08-28T05:59:51,4,16,0,20
2023-08-28T06:12:38,4,16,0,20
2023-08-28T06:25:25,4,16,0,20
2023-08-28T06:38:12,4,16,0,20
2023-08-28T06:50:58,4,16,0,20
2023-08-28T07:03:45,4,16,0,20
2023-08-28T07:16:30,4,16,0,20
2023-08-28T07:29:14,4,16,0,20
2023-08-28T07:42:07,4,16,0,20
2023-08-28T07:54:51,4,16,0,20
2023-08-28T08:07:37,4,16,0,20
2023-08-28T08:20:24,4,16,0,20
2023-08-28T08:33:12,4,16,0,20
2023-08-28T08:45:59,4,16,0,20
2023-08-28T08:58:49,4,16,0,20
2023-08-28T09:11:51,4,16,0,20
2023-08-28T09:24:41,4,16,0,20
2023-08-28T09:37:34,4,16,0,20
2023-08-28T09:50:21,4,16,0,20
2023-08-28T10:03:08,4,16,0,20
2023-08-28T10:16:07,4,16,0,20
2023-08-28T10:28:54,4,16,0,20
2023-08-28T10:41:44,4,16,0,20
2023-08-28T10:54:30,4,16,0,20
2023-08-28T11:07:30,4,16,0,20
2023-08-28T11:20:16,4,16,0,20
2023-08-28T11:33:07,4,16,0,20
2023-08-28T11:46:05,4,16,0,20
2023-08-28T11:58:51,4,16,0,20
2023-08-28T12:11:39,4,16,0,20
2023-08-28T12:24:26,4,16,0,20
2023-08-28T12:37:24,4,16,0,20
2023-08-28T12:50:11,4,16,0,20
2023-08-28T13:02:58,4,16,0,20
2023-08-28T13:15:45,4,16,0,20
2023-08-28T13:28:44,4,16,0,20
2023-08-28T13:41:30,4,16,0,20
2023-08-28T13:54:17,4,16,0,20
2023-08-28T14:07:03,4,16,0,20
2023-08-28T14:20:00,4,16,0,20
2023-08-28T14:32:45,4,16,0,20
2023-08-28T14:45:29,4,16,0,20
2023-08-28T14:58:14,4,16,0,20
2023-08-28T15:11:08,4,16,0,20
2023-08-28T15:23:53,4,16,0,20
2023-08-28T15:36:40,4,16,0,20
2023-08-28T15:49:27,4,16,0,20
2023-08-28T16:02:23,4,16,0,20
2023-08-28T16:15:10,4,16,0,20
2023-08-28T16:27:57,4,16,0,20
2023-08-28T16:40:45,4,16,0,20
2023-08-28T16:53:42,4,16,0,20
2023-08-28T17:06:30,4,16,0,20
2023-08-28T17:19:18,4,16,0,20
2023-08-28T17:32:05,4,16,0,20
2023-08-28T17:44:52,4,16,0,20
2023-08-28T17:57:51,4,16,0,20
2023-08-28T18:10:38,4,16,0,20
2023-08-28T18:23:25,4,16,0,20
2023-08-28T18:36:12,4,16,0,20
2023-08-28T18:48:59,4,16,0,20
2023-08-28T19:01:46,4,16,0,20
2023-08-28T19:14:44,4,16,0,20
2023-08-28T19:27:31,4,16,0,20
2023-08-28T19:40:19,4,16,0,20
2023-08-28T19:53:06,4,16,0,20
2023-08-28T20:05:54,4,16,0,20
2023-08-28T20:18:51,4,16,0,20
2023-08-28T20:31:38,4,16,0,20
2023-08-28T20:44:25,4,16,0,20
2023-08-28T20:57:12,4,16,0,20
2023-08-28T21:09:59,4,16,0,20
2023-08-28T21:22:56,4,16,0,20
2023-08-28T21:35:43,4,16,0,20
2023-08-28T21:48:31,4,16,0,20
2023-08-28T22:01:18,4,16,0,20
2023-08-28T22:14:04,4,16,0,20
2023-08-28T22:27:01,4,16,0,20
2023-08-28T22:39:49,4,16,0,20
2023-08-28T22:52:37,4,16,0,20
2023-08-28T23:05:24,4,16,0,20
2023-08-28T23:18:14,4,16,0,20
2023-08-28T23:31:12,4,16,0,20
2023-08-28T23:44:01,4,16,0,20
2023-08-28T23:56:49,4,16,0,20
2023-08-29T00:09:41,4,16,0,20
2023-08-29T00:22:45,4,16,0,20
2023-08-29T00:35:36,4,16,0,20
2023-08-29T00:48:23,4,16,0,20
2023-08-29T01:01:24,4,16,0,20
2023-08-29T01:14:14,4,16,0,20
2023-08-29T01:27:04,4,16,0,20
2023-08-29T01:39:54,4,16,0,20
2023-08-29T01:52:44,4,16,0,20
2023-08-29T02:05:33,4,16,0,20
2023-08-29T02:18:24,4,16,0,20
2023-08-29T02:31:15,4,16,0,20
2023-08-29T02:44:03,4,16,0,20
2023-08-29T02:57:02,4,16,0,20
2023-08-29T03:09:53,4,16,0,20
2023-08-29T03:22:44,4,16,0,20
2023-08-29T03:35:35,4,16,0,20
2023-08-29T03:48:26,4,16,0,20
2023-08-29T04:01:18,4,16,0,20
2023-08-29T04:27:04,4,16,0,20
2023-08-29T04:39:56,4,16,0,20
2023-08-29T04:54:27,4,16,0,20
2023-08-29T05:07:42,4,16,0,20
2023-08-29T05:20:34,4,16,0,20
2023-08-29T05:33:25,4,16,0,20
2023-08-29T05:46:17,4,16,0,20
2023-08-29T05:59:08,4,16,0,20
2023-08-29T06:11:59,4,16,0,20
2023-08-29T06:24:49,4,16,0,20
2023-08-29T06:37:43,4,16,0,20
2023-08-29T06:50:33,4,16,0,20
2023-08-29T07:03:27,4,16,0,20
2023-08-29T07:16:25,4,16,0,20
2023-08-29T07:29:15,4,16,0,20
2023-08-29T07:42:04,4,16,0,20
2023-08-29T07:54:53,4,16,0,20
2023-08-29T08:07:47,4,16,0,20
2023-08-29T08:20:41,4,16,0,20
2023-08-29T08:33:34,4,16,0,20
2023-08-29T08:46:39,4,16,0,20
2023-08-29T08:59:31,4,16,0,20
2023-08-29T09:12:27,4,16,0,20
2023-08-29T09:25:22,4,16,0,20
2023-08-29T09:38:15,4,16,0,20
2023-08-29T09:51:24,4,16,0,20
2023-08-29T10:04:20,4,16,0,20
2023-08-29T10:17:13,4,16,0,20
2023-08-29T10:30:10,4,16,0,20
2023-08-29T10:43:21,4,16,0,20
2023-08-29T10:56:20,4,16,0,20
2023-08-29T11:09:17,4,16,0,20
2023-08-29T11:22:28,4,16,0,20
2023-08-29T11:35:25,4,16,0,20
2023-08-29T11:48:21,4,16,0,20
2023-08-29T12:01:37,4,16,0,20
2023-08-29T12:14:33,4,16,0,20
2023-08-29T12:27:28,4,16,0,20
2023-08-29T12:40:37,4,16,0,20
2023-08-29T12:53:31,4,16,0,20
2023-08-29T13:06:28,4,16,0,20
2023-08-29T13:19:32,4,16,0,20
2023-08-29T13:32:30,4,16,0,20
2023-08-29T13:45:25,4,16,0,20
2023-08-29T13:58:20,4,16,0,20
2023-08-29T14:11:31,4,16,0,20
2023-08-29T14:24:27,4,16,0,20
2023-08-29T14:37:35,4,16,0,20
2023-08-29T14:50:34,4,16,0,20
2023-08-29T15:03:30,4,16,0,20
2023-08-29T15:16:35,4,16,0,20
2023-08-29T15:29:28,4,16,0,20
2023-08-29T15:42:27,4,16,0,20
2023-08-29T15:55:33,4,16,0,20
2023-08-29T16:08:37,4,16,0,20
2023-08-29T16:21:34,4,16,0,20
2023-08-29T16:34:41,4,16,0,20
2023-08-29T16:47:36,4,16,0,20
2023-08-29T17:00:34,4,16,0,20
2023-08-29T17:13:37,4,16,0,20
2023-08-29T17:26:40,4,16,0,20
2023-08-29T17:39:31,4,16,0,20
2023-08-29T17:52:26,4,16,0,20
2023-08-29T18:05:41,4,16,0,20
2023-08-29T18:18:37,4,16,0,20
2023-08-29T18:31:44,4,16,0,20
2023-08-29T18:44:37,4,16,0,20
2023-08-29T18:57:39,4,16,0,20
2023-08-29T19:10:35,4,16,0,20
2023-08-29T19:23:28,4,16,0,20
2023-08-29T19:36:18,4,16,0,20
2023-08-29T19:49:23,4,16,0,20
2023-08-29T20:02:18,4,16,0,20
2023-08-29T20:15:10,4,16,0,20
2023-08-29T20:28:11,4,16,0,20
2023-08-29T20:40:59,4,16,0,20
2023-08-29T20:53:46,4,16,0,20
2023-08-29T21:06:33,4,16,0,20
2023-08-29T21:19:32,4,16,0,20
2023-08-29T21:32:19,4,16,0,20
2023-08-29T21:45:06,4,16,0,20
2023-08-29T21:57:52,4,16,0,20
2023-08-29T22:10:40,4,16,0,20
2023-08-29T22:23:40,4,16,0,20
2023-08-29T22:36:27,4,16,0,20
2023-08-29T22:49:15,4,16,0,20
2023-08-29T23:02:03,4,16,0,20
2023-08-29T23:15:03,4,16,0,20
2023-08-29T23:27:50,4,16,0,20
2023-08-29T23:40:38,4,16,0,20
2023-08-29T23:53:26,4,16,0,20
2023-08-30T00:06:15,4,16,0,20
2023-08-30T00:19:07,4,16,0,20
2023-08-30T00:32:10,4,16,0,20
2023-08-30T00:45:02,4,16,0,20
2023-08-30T00:57:53,4,16,0,20
2023-08-30T01:10:46,4,16,0,20
2023-08-30T01:23:39,4,16,0,20
2023-08-30T01:36:30,4,16,0,20
2023-08-30T01:49:21,4,16,0,20
2023-08-30T02:02:11,4,16,0,20
2023-08-30T02:15:14,4,16,0,20
2023-08-30T02:28:04,4,16,0,20
2023-08-30T02:40:53,4,16,0,20
2023-08-30T02:53:42,4,16,0,20
2023-08-30T03:06:31,4,16,0,20
2023-08-30T03:19:21,4,16,0,20
2023-08-30T03:32:12,4,16,0,20
2023-08-30T03:45:03,4,16,0,20
2023-08-30T03:57:55,4,16,0,20
2023-08-30T06:32:21,4,16,0,20
2023-08-30T06:45:12,4,16,0,20
2023-08-30T06:58:03,4,16,0,20
2023-08-30T07:10:53,4,16,0,20
2023-08-30T07:23:42,4,16,0,20
2023-08-30T07:36:31,4,16,0,20
2023-08-30T07:49:20,4,16,0,20
2023-08-30T08:02:09,4,16,0,20
2023-08-30T08:14:58,4,16,0,20
2023-08-30T08:27:48,4,16,0,20
2023-08-30T08:40:36,4,16,0,20
2023-08-30T08:53:23,4,16,0,20
2023-08-30T09:06:11,4,16,0,20
2023-08-30T09:19:08,4,16,0,20
2023-08-30T09:31:55,4,16,0,20
2023-08-30T09:44:42,4,16,0,20
2023-08-30T09:57:30,4,16,0,20
2023-08-30T10:10:18,4,16,0,20
2023-08-30T10:23:06,4,16,0,20
2023-08-30T10:35:55,4,16,0,20
2023-08-30T10:48:45,4,16,0,20
2023-08-30T11:01:43,4,16,0,20
2023-08-30T11:14:32,4,16,0,20
2023-08-30T11:27:21,4,16,0,20
2023-08-30T11:40:09,4,16,0,20
2023-08-30T11:52:57,4,16,0,20
2023-08-30T12:05:46,4,16,0,20
2023-08-30T12:18:43,4,16,0,20
2023-08-30T12:31:31,4,16,0,20
2023-08-30T12:44:19,4,16,0,20
2023-08-30T12:57:07,4,16,0,20
2023-08-30T13:09:55,4,16,0,20
2023-08-30T13:22:44,4,16,0,20
2023-08-30T13:35:33,4,16,0,20
2023-08-30T13:48:31,4,16,0,20
2023-08-30T14:01:21,4,16,0,20
2023-08-30T14:14:11,4,16,0,20
2023-08-30T14:26:59,4,16,0,20
2023-08-30T14:39:48,4,16,0,20
2023-08-30T14:52:36,4,16,0,20
2023-08-30T15:05:23,4,16,0,20
2023-08-30T15:18:22,4,16,0,20
2023-08-30T15:31:11,4,16,0,20
2023-08-30T15:43:59,4,16,0,20
2023-08-30T15:56:47,4,16,0,20
2023-08-30T16:09:36,4,16,0,20
2023-08-30T16:22:25,4,16,0,20
2023-08-30T16:35:24,4,16,0,20
2023-08-30T16:48:13,4,16,0,20
2023-08-30T17:01:02,4,16,0,20
2023-08-30T17:13:52,4,16,0,20
2023-08-30T17:26:41,4,16,0,20
2023-08-30T17:39:29,4,16,0,20
2023-08-30T17:52:18,4,16,0,20
2023-08-30T18:05:07,4,16,0,20
2023-08-30T18:18:06,4,16,0,20
2023-08-30T18:30:54,4,16,0,20
2023-08-30T18:43:43,4,16,0,20
2023-08-30T18:56:32,4,16,0,20
2023-08-30T19:09:22,4,16,0,20
2023-08-30T19:22:10,4,16,0,20
2023-08-30T19:34:59,4,16,0,20
2023-08-30T19:47:49,4,16,0,20
2023-08-30T20:00:48,4,16,0,20
2023-08-30T20:13:37,4,16,0,20
2023-08-30T20:26:26,4,16,0,20
2023-08-30T20:39:14,4,16,0,20
2023-08-30T20:52:03,4,16,0,20
2023-08-30T21:04:52,4,16,0,20
2023-08-30T21:17:41,4,16,0,20
2023-08-30T21:30:29,4,16,0,20
2023-08-30T21:43:28,4,16,0,20
2023-08-30T21:56:17,4,16,0,20
2023-08-30T22:09:05,4,16,0,20
2023-08-30T22:21:58,4,16,0,20
2023-08-30T22:34:46,4,16,0,20
2023-08-30T22:47:35,4,16,0,20
2023-08-30T23:00:24,4,16,0,20
2023-08-30T23:13:13,4,16,0,20
2023-08-30T23:26:11,4,16,0,20
2023-08-30T23:39:01,4,16,0,20
2023-08-30T23:51:50,4,16,0,20
2023-08-31T00:04:39,4,16,0,20
2023-08-31T00:17:51,4,16,0,20
2023-08-31T00:30:44,4,16,0,20
2023-08-31T00:43:35,4,16,0,20
2023-08-31T00:56:26,4,16,0,20
2023-08-31T01:09:17,4,16,0,20
2023-08-31T01:22:09,4,16,0,20
2023-08-31T01:35:01,4,16,0,20
2023-08-31T01:47:54,4,16,0,20
2023-08-31T02:00:57,4,16,0,20
2023-08-31T02:13:50,4,16,0,20
2023-08-31T02:26:40,4,16,0,20
2023-08-31T02:39:32,4,16,0,20
2023-08-31T02:52:21,4,16,0,20
2023-08-31T03:05:15,4,16,0,20
2023-08-31T03:18:15,4,16,0,20
2023-08-31T03:31:08,4,16,0,20
2023-08-31T03:43:59,4,16,0,20
2023-08-31T03:56:51,4,16,0,20
2023-08-31T04:09:44,4,16,0,20
2023-08-31T04:25:30,4,16,0,20
2023-08-31T04:39:40,4,16,0,20
2023-08-31T04:52:52,4,16,0,20
2023-08-31T05:05:47,4,16,0,20
2023-08-31T05:18:41,4,16,0,20
2023-08-31T05:31:34,4,16,0,20
2023-08-31T05:44:28,4,16,0,20
2023-08-31T05:57:21,4,16,0,20
2023-08-31T06:10:14,4,16,0,20
2023-08-31T06:23:06,4,16,0,20
2023-08-31T06:35:58,4,16,0,20
2023-08-31T06:48:51,4,16,0,20
2023-08-31T07:01:43,4,16,0,20
2023-08-31T07:14:35,4,16,0,20
2023-08-31T07:27:27,4,16,0,20
2023-08-31T07:40:16,4,16,0,20
2023-08-31T07:53:05,4,16,0,20
2023-08-31T08:05:57,4,16,0,20
2023-08-31T08:18:47,4,16,0,20
2023-08-31T08:31:46,4,16,0,20
2023-08-31T08:44:36,5,15,0,20
2023-08-31T08:57:25,5,15,0,20
2023-08-31T09:10:16,5,15,0,20
2023-08-31T09:23:06,5,15,0,20
2023-08-31T09:35:56,5,15,0,20
2023-08-31T09:48:47,5,15,0,20
2023-08-31T10:01:49,5,15,0,20
2023-08-31T10:14:41,5,15,0,20
2023-08-31T10:27:31,5,15,0,20
2023-08-31T10:40:21,5,15,0,20
2023-08-31T10:53:13,5,15,0,20
2023-08-31T11:06:04,5,15,0,20
2023-08-31T11:19:04,5,15,0,20
2023-08-31T11:31:55,5,15,0,20
2023-08-31T11:44:45,5,15,0,20
2023-08-31T11:57:36,5,15,0,20
2023-08-31T12:10:26,5,15,0,20
2023-08-31T12:23:28,5,15,0,20
2023-08-31T12:36:19,5,15,0,20
2023-08-31T12:49:10,5,15,0,20
2023-08-31T13:02:04,5,15,0,20
2023-08-31T13:14:56,5,15,0,20
2023-08-31T13:27:57,5,15,0,20
2023-08-31T13:40:48,5,15,0,20
2023-08-31T13:53:40,5,15,0,20
2023-08-31T14:06:31,5,15,0,20
2023-08-31T14:19:21,5,15,0,20
2023-08-31T14:32:11,5,15,0,20
2023-08-31T14:45:09,5,15,0,20
2023-08-31T14:58:00,5,15,0,20
2023-08-31T15:10:50,5,15,0,20
2023-08-31T15:23:40,5,15,0,20
2023-08-31T15:36:31,5,15,0,20
2023-08-31T15:49:30,5,15,0,20
2023-08-31T16:02:19,5,15,0,20
2023-08-31T16:15:08,5,15,0,20
2023-08-31T16:27:59,5,15,0,20
2023-08-31T16:40:49,5,15,0,20
2023-08-31T16:53:38,5,15,0,20
2023-08-31T17:06:38,5,15,0,20
2023-08-31T17:19:28,5,15,0,20
2023-08-31T17:32:18,5,15,0,20
2023-08-31T17:45:07,5,15,0,20
2023-08-31T17:57:55,5,15,0,20
2023-08-31T18:10:44,5,15,0,20
2023-08-31T18:23:33,5,15,0,20
2023-08-31T18:36:34,5,15,0,20
2023-08-31T18:49:22,5,15,0,20
2023-08-31T19:02:11,5,15,0,20
2023-08-31T19:15:01,5,15,0,20
2023-08-31T19:27:50,5,15,0,20
2023-08-31T19:40:39,5,15,0,20
2023-08-31T19:53:28,5,15,0,20
2023-08-31T20:06:17,5,15,0,20
2023-08-31T20:19:16,5,15,0,20
2023-08-31T20:32:05,5,15,0,20
2023-08-31T20:44:54,5,15,0,20
2023-08-31T20:57:44,5,15,0,20
2023-08-31T21:10:33,5,15,0,20
2023-08-31T21:23:22,5,15,0,20
2023-08-31T21:36:11,5,15,0,20
2023-08-31T21:49:10,5,15,0,20
2023-08-31T22:01:59,5,15,0,20
2023-08-31T22:14:48,5,15,0,20
2023-08-31T22:27:37,5,15,0,20
2023-08-31T22:40:27,5,15,0,20
2023-08-31T22:53:15,5,15,0,20
2023-08-31T23:06:05,5,15,0,20
2023-08-31T23:18:55,5,15,0,20
2023-08-31T23:31:54,5,15,0,20
2023-08-31T23:44:44,6,14,0,20
2023-08-31T23:57:33,6,14,0,20
2023-09-01T00:10:25,6,14,0,20
2023-09-01T00:23:26,6,14,0,20
2023-09-01T00:36:19,6,14,0,20
2023-09-01T00:49:12,6,14,0,20
2023-09-01T01:02:06,6,14,0,20
2023-09-01T01:14:59,6,14,0,20
2023-09-01T01:27:53,6,14,0,20
2023-09-01T01:41:01,6,14,0,20
2023-09-01T01:53:55,6,14,0,20
2023-09-01T02:06:48,6,14,0,20
2023-09-01T02:19:40,6,14,0,20
2023-09-01T02:32:33,6,14,0,20
2023-09-01T02:45:26,6,14,0,20
2023-09-01T02:58:17,6,14,0,20
2023-09-01T03:11:10,6,14,0,20
2023-09-01T03:24:05,6,14,0,20
2023-09-01T03:37:00,6,14,0,20
2023-09-01T03:49:53,6,14,0,20
2023-09-01T04:02:47,6,14,0,20
2023-09-01T04:27:16,6,14,0,20
2023-09-01T04:40:35,6,14,0,20
2023-09-01T04:53:30,6,14,0,20
2023-09-01T05:06:26,6,14,0,20
2023-09-01T05:19:19,6,14,0,20
2023-09-01T05:32:13,6,14,0,20
2023-09-01T05:45:07,6,14,0,20
2023-09-01T05:58:02,6,14,0,20
2023-09-01T06:10:56,6,14,0,20
2023-09-01T06:23:49,6,14,0,20
2023-09-01T06:36:42,6,14,0,20
2023-09-01T06:49:35,6,14,0,20
2023-09-01T07:02:28,6,14,0,20
2023-09-01T07:15:21,6,14,0,20
2023-09-01T07:28:15,6,14,0,20
2023-09-01T07:41:07,6,14,0,20
2023-09-01T07:54:06,6,14,0,20
2023-09-01T08:06:57,6,14,0,20
2023-09-01T08:19:48,6,14,0,20
2023-09-01T08:32:42,6,14,0,20
2023-09-01T08:45:37,6,14,0,20
2023-09-01T08:58:28,6,14,0,20
2023-09-01T09:11:30,6,14,0,20
2023-09-01T09:24:37,6,14,0,20
2023-09-01T09:37:32,6,14,0,20
2023-09-01T09:50:27,6,14,0,20
2023-09-01T10:03:22,6,14,0,20
2023-09-01T10:16:17,6,14,0,20
2023-09-01T10:29:21,6,14,0,20
2023-09-01T10:42:20,6,14,0,20
2023-09-01T10:55:15,6,14,0,20
2023-09-01T11:08:11,6,14,0,20
2023-09-01T11:21:09,6,14,0,20
2023-09-01T11:34:15,6,14,0,20
2023-09-01T11:47:10,6,14,0,20
2023-09-01T12:00:04,6,14,0,20
2023-09-01T12:13:03,6,14,0,20
2023-09-01T12:26:07,6,14,0,20
2023-09-01T12:39:01,7,13,0,20
2023-09-01T12:51:56,7,13,0,20
2023-09-01T13:04:52,7,13,0,20
2023-09-01T13:17:56,7,13,0,20
2023-09-01T13:30:52,7,13,0,20
2023-09-01T13:43:49,7,13,0,20
2023-09-01T13:56:45,7,13,0,20
2023-09-01T14:09:42,7,13,0,20
2023-09-01T14:22:56,7,13,0,20
2023-09-01T14:35:50,7,13,0,20
2023-09-01T14:48:44,7,13,0,20
2023-09-01T15:01:55,7,13,0,20
2023-09-01T15:14:54,7,13,0,20
2023-09-01T15:27:52,8,12,0,20
2023-09-01T15:40:49,8,12,0,20
2023-09-01T15:54:00,7,13,0,20
2023-09-01T16:06:57,7,13,0,20
2023-09-01T16:19:51,7,13,0,20
2023-09-01T16:32:48,7,13,0,20
2023-09-01T16:45:51,7,13,0,20
2023-09-01T16:58:45,7,13,0,20
2023-09-01T17:11:47,7,13,0,20
2023-09-01T17:24:43,7,13,0,20
2023-09-01T19:24:46,7,13,0,20
2023-09-01T19:37:39,7,13,0,20
2023-09-01T19:50:33,7,13,0,20
2023-09-01T20:03:26,7,13,0,20
2023-09-01T20:16:31,7,13,0,20
2023-09-01T20:29:22,8,12,0,20
2023-09-01T20:42:13,7,13,0,20
2023-09-01T20:55:03,7,13,0,20
2023-09-01T21:08:04,7,13,0,20
2023-09-01T21:20:55,7,13,0,20
2023-09-01T21:33:46,7,13,0,20
2023-09-01T21:46:36,7,13,0,20
2023-09-01T21:59:28,7,13,0,20
2023-09-01T22:12:30,9,11,0,20
2023-09-01T22:25:20,10,10,0,20
2023-09-01T22:38:10,11,9,0,20
2023-09-01T22:51:01,11,9,0,20
2023-09-01T23:03:52,11,9,0,20
2023-09-01T23:16:44,11,9,0,20
2023-09-01T23:29:46,11,9,0,20
2023-09-01T23:42:37,11,9,0,20
2023-09-01T23:55:29,11,9,0,20
2023-09-02T00:08:23,11,9,0,20
2023-09-02T00:21:23,11,9,0,20
2023-09-02T00:34:28,11,9,0,20
2023-09-02T00:47:22,11,9,0,20
2023-09-02T01:00:17,11,9,0,20
2023-09-02T01:13:11,11,9,0,20
2023-09-02T01:26:06,11,9,0,20
2023-09-02T01:39:03,11,9,0,20
2023-09-02T01:51:59,11,9,0,20
2023-09-02T02:04:53,11,9,0,20
2023-09-02T02:17:48,11,9,0,20
2023-09-02T02:30:50,11,9,0,20
2023-09-02T02:43:43,11,9,0,20
2023-09-02T02:56:36,11,9,0,20
2023-09-02T03:09:29,11,9,0,20
2023-09-02T03:22:24,11,9,0,20
2023-09-02T03:35:17,11,9,0,20
2023-09-02T03:48:11,11,9,0,20
2023-09-02T04:01:06,11,9,0,20
2023-09-02T04:24:42,11,9,0,20
2023-09-02T04:39:41,11,9,0,20
2023-09-02T04:52:39,11,9,0,20
2023-09-02T05:05:38,11,9,0,20
2023-09-02T05:18:33,11,9,0,20
2023-09-02T05:31:29,11,9,0,20
2023-09-02T05:44:24,11,9,0,20
2023-09-02T05:57:19,11,9,0,20
2023-09-02T06:10:14,11,9,0,20
2023-09-02T06:23:09,11,9,0,20
2023-09-02T06:36:03,11,9,0,20
2023-09-02T06:48:58,11,9,0,20
2023-09-02T07:01:54,11,9,0,20
2023-09-02T07:14:49,11,9,0,20
2023-09-02T07:27:44,11,9,0,20
2023-09-02T07:40:37,11,9,0,20
2023-09-02T07:53:31,11,9,0,20
2023-09-02T08:06:33,11,9,0,20
2023-09-02T08:19:28,11,9,0,20
2023-09-02T08:32:24,11,9,0,20
2023-09-02T08:45:18,11,9,0,20
2023-09-02T08:58:13,11,9,0,20
2023-09-02T09:11:08,11,9,0,20
2023-09-02T09:24:02,11,9,0,20
2023-09-02T09:36:55,11,9,0,20
2023-09-02T09:49:48,11,9,0,20
2023-09-02T10:02:42,11,9,0,20
2023-09-02T10:15:36,11,9,0,20
2023-09-02T10:28:29,11,9,0,20
2023-09-02T10:41:32,11,9,0,20
2023-09-02T10:54:25,11,9,0,20
2023-09-02T11:07:18,11,9,0,20
2023-09-02T11:20:09,11,9,0,20
2023-09-02T11:33:01,11,9,0,20
2023-09-02T11:45:52,11,9,0,20
2023-09-02T11:58:44,11,9,0,20
2023-09-02T12:11:34,11,9,0,20
2023-09-02T12:24:27,11,9,0,20
2023-09-02T12:37:18,11,9,0,20
2023-09-02T12:50:19,11,9,0,20
2023-09-02T13:03:10,11,9,0,20
2023-09-02T13:16:01,11,9,0,20
2023-09-02T13:28:52,11,9,0,20
2023-09-02T13:41:43,11,9,0,20
2023-09-02T13:54:34,11,9,0,20
2023-09-02T14:07:25,11,9,0,20
2023-09-02T14:20:17,11,9,0,20
2023-09-02T14:33:08,11,9,0,20
2023-09-02T14:46:10,11,9,0,20
2023-09-02T14:59:01,11,9,0,20
2023-09-02T15:11:53,11,9,0,20
2023-09-02T15:24:43,11,9,0,20
2023-09-02T15:37:35,11,9,0,20
2023-09-02T15:50:28,11,9,0,20
2023-09-02T16:03:19,11,9,0,20
2023-09-02T16:16:10,11,9,0,20
2023-09-02T16:29:01,11,9,0,20
2023-09-02T16:41:52,11,9,0,20
2023-09-02T16:54:44,11,9,0,20
2023-09-02T17:07:47,11,9,0,20
2023-09-02T17:20:39,11,9,0,20
2023-09-02T17:33:30,11,9,0,20
2023-09-02T17:46:21,11,9,0,20
2023-09-02T17:59:12,11,9,0,20
2023-09-02T18:12:04,11,9,0,20
2023-09-02T18:24:55,11,9,0,20
2023-09-02T18:37:46,11,9,0,20
2023-09-02T18:50:37,11,9,0,20
2023-09-02T19:03:28,11,9,0,20
2023-09-02T19:16:20,11,9,0,20
2023-09-02T19:29:11,11,9,0,20
2023-09-02T19:42:11,11,9,0,20
2023-09-02T19:55:01,11,9,0,20
2023-09-02T20:07:52,11,9,0,20
2023-09-02T20:20:43,11,9,0,20
2023-09-02T20:33:35,11,9,0,20
2023-09-02T20:46:25,11,9,0,20
2023-09-02T20:59:17,11,9,0,20
2023-09-02T21:12:08,11,9,0,20
2023-09-02T21:24:58,11,9,0,20
2023-09-02T21:37:49,11,9,0,20
2023-09-02T21:50:49,11,9,0,20
2023-09-02T22:03:40,11,9,0,20
2023-09-02T22:16:31,11,9,0,20
2023-09-02T22:29:22,11,9,0,20
2023-09-02T22:42:13,11,9,0,20
2023-09-02T22:55:04,11,9,0,20
2023-09-02T23:07:57,11,9,0,20
2023-09-02T23:20:49,11,9,0,20
2023-09-02T23:33:40,11,9,0,20
2023-09-02T23:46:33,11,9,0,20
2023-09-02T23:59:25,11,9,0,20
2023-09-03T00:12:30,11,9,0,20
2023-09-03T00:25:27,11,9,0,20
2023-09-03T00:38:22,11,9,0,20
2023-09-03T00:51:17,11,9,0,20
2023-09-03T01:04:11,11,9,0,20
2023-09-03T01:17:03,11,9,0,20
2023-09-03T01:29:58,11,9,0,20
2023-09-03T01:42:52,11,9,0,20
2023-09-03T01:55:46,11,9,0,20
2023-09-03T02:08:50,12,8,0,20
2023-09-03T02:21:44,12,8,0,20
2023-09-03T02:34:40,12,8,0,20
2023-09-03T02:47:34,12,8,0,20
2023-09-03T03:00:28,12,8,0,20
2023-09-03T03:13:22,12,8,0,20
2023-09-03T03:26:17,12,8,0,20
2023-09-03T03:39:12,12,8,0,20
2023-09-03T03:52:16,12,8,0,20
2023-09-03T04:05:13,12,8,0,20
2023-09-03T04:23:38,12,8,0,20
2023-09-03T04:36:35,12,8,0,20
2023-09-03T04:50:53,12,8,0,20
2023-09-03T05:04:04,12,8,0,20
2023-09-03T05:16:59,12,8,0,20
2023-09-03T05:29:55,12,8,0,20
2023-09-03T05:42:50,12,8,0,20
2023-09-03T05:55:48,12,8,0,20
2023-09-03T06:08:43,12,8,0,20
2023-09-03T06:21:36,12,8,0,20
2023-09-03T06:34:29,12,8,0,20
2023-09-03T06:47:21,12,8,0,20
2023-09-03T07:00:11,12,8,0,20
2023-09-03T07:13:04,12,8,0,20
2023-09-03T07:25:55,12,8,0,20
2023-09-03T07:38:47,12,8,0,20
2023-09-03T07:51:39,12,8,0,20
2023-09-03T08:04:30,12,8,0,20
2023-09-03T08:17:21,12,8,0,20
2023-09-03T08:30:15,12,8,0,20
2023-09-03T08:43:22,12,8,0,20
2023-09-03T08:56:13,12,8,0,20
2023-09-03T09:09:04,12,8,0,20
2023-09-03T09:21:56,12,8,0,20
2023-09-03T09:34:48,12,8,0,20
2023-09-03T09:47:39,12,8,0,20
2023-09-03T10:00:30,12,8,0,20
2023-09-03T10:13:23,12,8,0,20
2023-09-03T10:26:15,12,8,0,20
2023-09-03T10:39:08,12,8,0,20
2023-09-03T10:52:00,12,8,0,20
2023-09-03T11:04:52,12,8,0,20
2023-09-03T11:17:53,12,8,0,20
2023-09-03T11:30:44,12,8,0,20
2023-09-03T11:43:36,12,8,0,20
2023-09-03T11:56:28,12,8,0,20
2023-09-03T12:09:19,12,8,0,20
2023-09-03T12:22:09,12,8,0,20
2023-09-03T12:35:01,12,8,0,20
2023-09-03T12:47:52,12,8,0,20
2023-09-03T13:00:42,12,8,0,20
2023-09-03T13:13:33,12,8,0,20
2023-09-03T13:26:24,12,8,0,20
2023-09-03T13:39:25,12,8,0,20
2023-09-03T13:52:15,12,8,0,20
2023-09-03T14:05:06,12,8,0,20
2023-09-03T14:17:57,12,8,0,20
2023-09-03T14:30:48,12,8,0,20
2023-09-03T14:43:38,12,8,0,20
2023-09-03T14:56:29,12,8,0,20
2023-09-03T15:09:19,12,8,0,20
2023-09-03T15:22:10,12,8,0,20
2023-09-03T15:35:01,12,8,0,20
2023-09-03T15:47:52,12,8,0,20
2023-09-03T16:00:43,12,8,0,20
2023-09-03T16:13:44,12,8,0,20
2023-09-03T16:26:36,12,8,0,20
2023-09-03T16:39:27,12,8,0,20
2023-09-03T16:52:18,12,8,0,20
2023-09-03T17:05:09,12,8,0,20
2023-09-03T17:18:00,12,8,0,20
2023-09-03T17:30:51,12,8,0,20
2023-09-03T17:43:41,12,8,0,20
2023-09-03T17:56:49,12,8,0,20
2023-09-03T18:09:40,12,8,0,20
2023-09-03T18:22:30,12,8,0,20
2023-09-03T18:35:20,12,8,0,20
2023-09-03T18:48:11,12,8,0,20
2023-09-03T19:01:02,12,8,0,20
2023-09-03T19:13:56,12,8,0,20
2023-09-03T19:26:47,12,8,0,20
2023-09-03T19:39:37,12,8,0,20
2023-09-03T19:52:28,12,8,0,20
2023-09-03T20:05:18,12,8,0,20
2023-09-03T20:18:09,12,8,0,20
2023-09-03T20:31:09,12,8,0,20
2023-09-03T20:44:00,12,8,0,20
2023-09-03T20:56:50,12,8,0,20
2023-09-03T21:09:41,12,8,0,20
2023-09-03T21:22:32,12,8,0,20
2023-09-03T21:35:24,12,8,0,20
2023-09-03T21:48:15,12,8,0,20
2023-09-03T22:01:06,12,8,0,20
2023-09-03T22:13:58,12,8,0,20
2023-09-03T22:26:49,12,8,0,20
2023-09-03T22:39:58,12,8,0,20
2023-09-03T22:52:49,12,8,0,20
2023-09-03T23:05:41,12,8,0,20
2023-09-03T23:18:34,12,8,0,20
2023-09-03T23:31:27,12,8,0,20
2023-09-03T23:44:17,12,8,0,20
2023-09-03T23:57:09,12,8,0,20
2023-09-04T00:10:04,12,8,0,20
2023-09-04T00:23:06,12,8,0,20
2023-09-04T00:36:10,12,8,0,20
2023-09-04T00:49:16,12,8,0,20
2023-09-04T01:02:10,12,8,0,20
2023-09-04T01:15:03,12,8,0,20
2023-09-04T01:27:59,12,8,0,20
2023-09-04T01:40:55,12,8,0,20
2023-09-04T01:53:52,12,8,0,20
2023-09-04T02:06:49,12,8,0,20
2023-09-04T02:19:43,12,8,0,20
2023-09-04T02:32:37,12,8,0,20
2023-09-04T02:45:29,12,8,0,20
2023-09-04T02:58:21,12,8,0,20
2023-09-04T03:11:15,12,8,0,20
2023-09-04T03:24:10,12,8,0,20
2023-09-04T03:37:05,12,8,0,20
2023-09-04T03:49:59,12,8,0,20
2023-09-04T04:02:53,12,8,0,20
2023-09-04T04:15:49,12,8,0,20
2023-09-04T04:31:52,12,8,0,20
2023-09-04T04:46:16,12,8,0,20
2023-09-04T04:59:12,12,8,0,20
2023-09-04T05:12:12,12,8,0,20
2023-09-04T05:25:07,12,8,0,20
2023-09-04T05:38:03,12,8,0,20
2023-09-04T05:50:59,12,8,0,20
2023-09-04T06:03:56,12,8,0,20
2023-09-04T06:16:49,12,8,0,20
2023-09-04T06:29:42,12,8,0,20
2023-09-04T06:42:35,12,8,0,20
2023-09-04T06:55:27,12,8,0,20
2023-09-04T07:08:19,12,8,0,20
2023-09-04T07:21:11,12,8,0,20
2023-09-04T07:34:02,12,8,0,20
2023-09-04T07:46:52,12,8,0,20
2023-09-04T07:59:43,12,8,0,20
2023-09-04T08:12:33,12,8,0,20
2023-09-04T08:25:24,12,8,0,20
2023-09-04T08:38:16,12,8,0,20
2023-09-04T08:51:06,12,8,0,20
2023-09-04T09:03:57,12,8,0,20
2023-09-04T09:16:47,12,8,0,20
2023-09-04T09:29:38,12,8,0,20
2023-09-04T09:42:37,12,8,0,20
2023-09-04T09:55:28,12,8,0,20
2023-09-04T10:08:19,12,8,0,20
2023-09-04T10:21:09,12,8,0,20
2023-09-04T10:34:00,12,8,0,20
2023-09-04T10:46:50,12,8,0,20
2023-09-04T10:59:41,12,8,0,20
2023-09-04T11:12:31,12,8,0,20
2023-09-04T11:25:22,12,8,0,20
2023-09-04T11:38:13,12,8,0,20
2023-09-04T11:51:03,12,8,0,20
2023-09-04T12:03:54,12,8,0,20
2023-09-04T12:16:54,12,8,0,20
2023-09-04T12:29:45,12,8,0,20
2023-09-04T12:42:35,12,8,0,20
2023-09-04T12:55:26,12,8,0,20
2023-09-04T13:08:17,12,8,0,20
2023-09-04T13:21:08,12,8,0,20
2023-09-04T13:33:59,12,8,0,20
2023-09-04T13:46:49,12,8,0,20
2023-09-04T13:59:40,12,8,0,20
2023-09-04T14:12:30,12,8,0,20
2023-09-04T14:25:22,12,8,0,20
2023-09-04T14:38:24,12,8,0,20
2023-09-04T14:51:15,12,8,0,20
2023-09-04T15:04:06,12,8,0,20
2023-09-04T15:16:58,12,8,0,20
2023-09-04T15:29:49,12,8,0,20
2023-09-04T15:42:40,12,8,0,20
2023-09-04T15:55:32,12,8,0,20
2023-09-04T16:08:22,12,8,0,20
2023-09-04T16:21:12,12,8,0,20
2023-09-04T16:34:03,12,8,0,20
2023-09-04T16:47:05,12,8,0,20
2023-09-04T16:59:56,12,8,0,20
2023-09-04T17:12:48,12,8,0,20
2023-09-04T17:25:39,12,8,0,20
2023-09-04T17:38:30,12,8,0,20
2023-09-04T17:51:20,12,8,0,20
2023-09-04T18:04:11,12,8,0,20
2023-09-04T18:17:01,12,8,0,20
2023-09-04T18:29:51,12,8,0,20
2023-09-04T18:42:42,12,8,0,20
2023-09-04T18:55:32,12,8,0,20
2023-09-04T19:08:24,12,8,0,20
2023-09-04T19:21:25,12,8,0,20
2023-09-04T19:34:15,12,8,0,20
2023-09-04T19:47:06,12,8,0,20
2023-09-04T19:59:57,12,8,0,20
2023-09-04T20:12:48,12,8,0,20
2023-09-04T20:25:39,12,8,0,20
2023-09-04T20:38:29,12,8,0,20
2023-09-04T20:51:20,12,8,0,20
2023-09-04T21:04:12,12,8,0,20
2023-09-04T21:17:16,12,8,0,20
2023-09-04T21:30:06,12,8,0,20
2023-09-04T21:42:57,12,8,0,20
2023-09-04T21:55:47,12,8,0,20
2023-09-04T22:08:38,12,8,0,20
2023-09-04T22:21:28,12,8,0,20
2023-09-04T22:34:19,12,8,0,20
2023-09-04T22:47:09,12,8,0,20
2023-09-04T23:00:00,12,8,0,20
2023-09-04T23:12:54,12,8,0,20
2023-09-04T23:25:46,12,8,0,20
2023-09-04T23:38:48,12,8,0,20
2023-09-04T23:51:41,12,8,0,20
2023-09-05T00:04:33,12,8,0,20
2023-09-05T00:17:26,12,8,0,20
2023-09-05T00:30:23,12,8,0,20
2023-09-05T00:43:17,12,8,0,20
2023-09-05T00:56:12,12,8,0,20
2023-09-05T01:09:05,12,8,0,20
2023-09-05T01:21:59,12,8,0,20
2023-09-05T01:34:54,12,8,0,20
2023-09-05T01:47:49,12,8,0,20
2023-09-05T02:00:44,12,8,0,20
2023-09-05T02:13:39,12,8,0,20
2023-09-05T02:26:33,12,8,0,20
2023-09-05T02:39:28,12,8,0,20
2023-09-05T02:52:34,12,8,0,20
2023-09-05T03:05:26,12,8,0,20
2023-09-05T03:18:20,12,8,0,20
2023-09-05T03:31:15,12,8,0,20
2023-09-05T03:44:09,12,8,0,20
2023-09-05T03:57:02,12,8,0,20
2023-09-05T04:09:57,12,8,0,20
2023-09-05T04:25:26,12,8,0,20
2023-09-05T04:38:50,12,8,0,20
2023-09-05T04:51:47,12,8,0,20
2023-09-05T05:04:45,12,8,0,20
2023-09-05T05:17:40,12,8,0,20
2023-09-05T05:30:35,12,8,0,20
2023-09-05T05:43:29,12,8,0,20
2023-09-05T05:56:25,12,8,0,20
2023-09-05T06:09:20,12,8,0,20
2023-09-05T06:22:13,12,8,0,20
2023-09-05T06:35:07,12,8,0,20
2023-09-05T06:47:59,12,8,0,20
2023-09-05T07:00:50,12,8,0,20
2023-09-05T07:13:42,12,8,0,20
2023-09-05T07:26:33,12,8,0,20
2023-09-05T07:39:24,12,8,0,20
2023-09-05T07:52:17,12,8,0,20
2023-09-05T08:05:07,12,8,0,20
2023-09-05T08:17:59,12,8,0,20
2023-09-05T08:30:50,12,8,0,20
2023-09-05T08:43:50,12,8,0,20
2023-09-05T08:56:42,12,8,0,20
2023-09-05T09:09:34,12,8,0,20
2023-09-05T09:22:27,12,8,0,20
2023-09-05T09:35:19,12,8,0,20
2023-09-05T09:48:11,12,8,0,20
2023-09-05T10:01:03,12,8,0,20
2023-09-05T10:13:54,12,8,0,20
2023-09-05T10:26:46,12,8,0,20
2023-09-05T10:39:51,12,8,0,20
2023-09-05T10:52:42,12,8,0,20
2023-09-05T11:05:35,12,8,0,20
2023-09-05T11:18:26,12,8,0,20
2023-09-05T11:31:19,12,8,0,20
2023-09-05T11:44:12,12,8,0,20
2023-09-05T11:57:04,12,8,0,20
2023-09-05T12:10:06,12,8,0,20
2023-09-05T12:22:58,12,8,0,20
2023-09-05T12:35:51,12,8,0,20
2023-09-05T12:48:43,12,8,0,20
2023-09-05T13:01:34,12,8,0,20
2023-09-05T13:14:26,12,8,0,20
2023-09-05T13:27:27,12,8,0,20
2023-09-05T13:40:19,12,8,0,20
2023-09-05T13:53:11,12,8,0,20
2023-09-05T14:06:04,12,8,0,20
2023-09-05T14:18:56,12,8,0,20
2023-09-05T14:31:49,12,8,0,20
2023-09-05T14:44:42,12,8,0,20
2023-09-05T14:57:34,12,8,0,20
2023-09-05T15:10:36,12,8,0,20
2023-09-05T15:23:28,12,8,0,20
2023-09-05T15:36:21,12,8,0,20
2023-09-05T15:49:15,12,8,0,20
2023-09-05T16:02:09,12,8,0,20
2023-09-05T16:15:01,12,8,0,20
2023-09-05T16:28:02,12,8,0,20
2023-09-05T16:40:55,13,7,0,20
2023-09-05T16:53:48,13,7,0,20
2023-09-05T17:06:42,13,7,0,20
2023-09-05T17:19:37,13,7,0,20
2023-09-05T17:32:30,13,7,0,20
2023-09-05T17:45:33,13,7,0,20
2023-09-05T17:58:27,13,7,0,20
2023-09-05T18:11:19,13,7,0,20
2023-09-05T18:24:12,13,7,0,20
2023-09-05T18:37:05,13,7,0,20
2023-09-05T18:50:08,13,7,0,20
2023-09-05T19:03:01,13,7,0,20
2023-09-05T19:15:53,13,7,0,20
2023-09-05T19:28:46,13,7,0,20
2023-09-05T19:41:49,13,7,0,20
2023-09-05T19:54:41,13,7,0,20
2023-09-05T20:07:34,13,7,0,20
2023-09-05T20:20:26,13,7,0,20
2023-09-05T20:33:19,13,7,0,20
2023-09-05T20:46:20,13,7,0,20
2023-09-05T20:59:13,13,7,0,20
2023-09-05T21:12:06,13,7,0,20
2023-09-05T21:24:58,13,7,0,20
2023-09-05T21:38:00,13,7,0,20
2023-09-05T21:50:53,13,7,0,20
2023-09-05T22:03:46,13,7,0,20
2023-09-05T22:16:39,13,7,0,20
2023-09-05T22:29:32,13,7,0,20
2023-09-05T22:42:35,13,7,0,20
2023-09-05T22:55:28,13,7,0,20
2023-09-05T23:08:22,13,7,0,20
2023-09-05T23:21:16,13,7,0,20
2023-09-05T23:34:10,13,7,0,20
2023-09-05T23:47:05,13,7,0,20
2023-09-05T23:59:58,13,7,0,20
2023-09-06T00:12:56,13,7,0,20
2023-09-06T00:26:07,13,7,0,20
2023-09-06T00:39:04,13,7,0,20
2023-09-06T00:52:04,13,7,0,20
2023-09-06T01:05:02,13,7,0,20
2023-09-06T01:18:00,13,7,0,20
2023-09-06T01:30:57,13,7,0,20
2023-09-06T01:43:58,13,7,0,20
2023-09-06T01:56:58,13,7,0,20
2023-09-06T02:09:55,13,7,0,20
2023-09-06T02:22:52,13,7,0,20
2023-09-06T02:35:46,13,7,0,20
2023-09-06T02:48:41,13,7,0,20
2023-09-06T03:01:54,13,7,0,20
2023-09-06T03:16:11,13,7,0,20
2023-09-06T03:29:08,13,7,0,20
2023-09-06T03:42:05,13,7,0,20
2023-09-06T03:55:02,13,7,0,20
2023-09-06T04:08:00,13,7,0,20
2023-09-06T04:30:40,13,7,0,20
2023-09-06T04:44:02,13,7,0,20
2023-09-06T04:57:00,13,7,0,20
2023-09-06T05:09:57,13,7,0,20
2023-09-06T05:22:54,13,7,0,20
2023-09-06T05:35:50,13,7,0,20
2023-09-06T05:48:46,13,7,0,20
2023-09-06T06:01:42,13,7,0,20
2023-09-06T06:14:39,13,7,0,20
2023-09-06T06:27:36,13,7,0,20
2023-09-06T06:40:42,13,7,0,20
2023-09-06T06:53:40,13,7,0,20
2023-09-06T07:06:45,13,7,0,20
2023-09-06T07:19:50,13,7,0,20
2023-09-06T07:32:49,13,7,0,20
2023-09-06T07:45:44,13,7,0,20
2023-09-06T07:58:40,13,7,0,20
2023-09-06T08:11:37,13,7,0,20
2023-09-06T08:24:33,13,7,0,20
2023-09-06T08:37:30,13,7,0,20
2023-09-06T08:50:25,13,7,0,20
2023-09-06T09:03:20,13,7,0,20
2023-09-06T09:16:26,13,7,0,20
2023-09-06T09:29:21,13,7,0,20
2023-09-06T09:42:19,13,7,0,20
2023-09-06T09:55:16,13,7,0,20
2023-09-06T10:08:12,13,7,0,20
2023-09-06T10:21:21,13,7,0,20
2023-09-06T10:34:17,13,7,0,20
2023-09-06T10:47:12,13,7,0,20
2023-09-06T11:00:19,13,7,0,20
2023-09-06T11:13:15,13,7,0,20
2023-09-06T11:26:09,13,7,0,20
2023-09-06T11:39:03,13,7,0,20
2023-09-06T11:52:07,13,7,0,20
2023-09-06T12:05:02,13,7,0,20
2023-09-06T12:17:57,13,7,0,20
2023-09-06T12:30:52,13,7,0,20
2023-09-06T12:43:47,13,7,0,20
2023-09-06T12:56:52,13,7,0,20
2023-09-06T13:09:46,13,7,0,20
2023-09-06T13:22:41,13,7,0,20
2023-09-06T13:35:36,13,7,0,20
2023-09-06T13:48:33,13,7,0,20
2023-09-06T14:01:37,13,7,0,20
2023-09-06T14:14:32,13,7,0,20
2023-09-06T14:27:28,13,7,0,20
2023-09-06T14:40:22,13,7,0,20
2023-09-06T14:53:18,13,7,0,20
2023-09-06T15:06:28,13,7,0,20
2023-09-06T15:19:22,13,7,0,20
2023-09-06T15:32:18,13,7,0,20
2023-09-06T15:45:11,13,7,0,20
2023-09-06T15:58:06,13,7,0,20
2023-09-06T16:10:59,13,7,0,20
2023-09-06T16:23:53,13,7,0,20
2023-09-06T16:36:58,13,7,0,20
2023-09-06T16:49:51,13,7,0,20
2023-09-06T17:02:46,13,7,0,20
2023-09-06T17:15:41,13,7,0,20
2023-09-06T17:28:34,13,7,0,20
2023-09-06T17:41:28,13,7,0,20
2023-09-06T17:54:21,13,7,0,20
2023-09-06T18:07:26,13,7,0,20
2023-09-06T18:20:19,13,7,0,20
2023-09-06T18:33:12,13,7,0,20
2023-09-06T18:46:06,13,7,0,20
2023-09-06T18:58:59,13,7,0,20
2023-09-06T19:11:52,13,7,0,20
2023-09-06T19:24:45,13,7,0,20
2023-09-06T19:37:39,13,7,0,20
2023-09-06T19:50:43,13,7,0,20
2023-09-06T20:03:36,13,7,0,20
2023-09-06T20:16:29,13,7,0,20
2023-09-06T20:29:23,13,7,0,20
2023-09-06T20:42:16,13,7,0,20
2023-09-06T20:55:11,13,7,0,20
2023-09-06T21:08:04,13,7,0,20
2023-09-06T21:20:58,13,7,0,20
2023-09-06T21:34:02,13,7,0,20
2023-09-06T21:46:56,13,7,0,20
2023-09-06T21:59:49,13,7,0,20
2023-09-06T22:12:43,13,7,0,20
2023-09-06T22:25:37,13,7,0,20
2023-09-06T22:38:32,13,7,0,20
2023-09-06T22:51:27,13,7,0,20
2023-09-06T23:04:31,13,7,0,20
2023-09-06T23:17:26,13,7,0,20
2023-09-06T23:30:21,13,7,0,20
2023-09-06T23:43:14,13,7,0,20
2023-09-06T23:56:08,13,7,0,20
2023-09-07T00:09:05,13,7,0,20
2023-09-07T00:22:09,13,7,0,20
2023-09-07T00:35:15,13,7,0,20
2023-09-07T00:48:13,13,7,0,20
2023-09-07T01:01:10,13,7,0,20
2023-09-07T01:14:07,13,7,0,20
2023-09-07T01:27:03,13,7,0,20
2023-09-07T01:40:00,13,7,0,20
2023-09-07T01:52:57,13,7,0,20
2023-09-07T02:05:53,13,7,0,20
2023-09-07T02:18:48,13,7,0,20
2023-09-07T02:31:54,13,7,0,20
2023-09-07T02:44:51,13,7,0,20
2023-09-07T02:57:46,13,7,0,20
2023-09-07T03:10:47,13,7,0,20
2023-09-07T03:23:43,13,7,0,20
2023-09-07T03:36:39,13,7,0,20
2023-09-07T03:49:35,13,7,0,20
2023-09-07T04:02:31,13,7,0,20
2023-09-07T04:26:42,13,7,0,20
2023-09-07T04:41:12,13,7,0,20
2023-09-07T04:54:16,13,7,0,20
2023-09-07T05:07:15,13,7,0,20
2023-09-07T05:20:15,13,7,0,20
2023-09-07T05:33:12,13,7,0,20
2023-09-07T05:46:10,13,7,0,20
2023-09-07T05:59:07,13,7,0,20
2023-09-07T06:12:06,13,7,0,20
2023-09-07T06:25:03,13,7,0,20
2023-09-07T06:37:59,13,7,0,20
2023-09-07T06:50:57,13,7,0,20
2023-09-07T07:03:54,13,7,0,20
2023-09-07T07:16:52,13,7,0,20
2023-09-07T07:29:48,13,7,0,20
2023-09-07T07:42:43,13,7,0,20
2023-09-07T07:55:40,13,7,0,20
2023-09-07T08:08:44,13,7,0,20
2023-09-07T08:21:40,13,7,0,20
2023-09-07T08:34:37,13,7,0,20
2023-09-07T08:47:33,13,7,0,20
2023-09-07T09:00:29,13,7,0,20
2023-09-07T09:13:25,13,7,0,20
2023-09-07T09:26:22,13,7,0,20
2023-09-07T09:39:17,13,7,0,20
2023-09-07T09:52:24,13,7,0,20
2023-09-07T10:05:19,13,7,0,20
2023-09-07T10:18:13,13,7,0,20
2023-09-07T10:31:08,12,8,0,20
2023-09-07T10:44:03,12,8,0,20
2023-09-07T10:56:58,12,8,0,20
2023-09-07T11:10:05,12,8,0,20
2023-09-07T11:23:00,12,8,0,20
2023-09-07T11:35:54,12,8,0,20
2023-09-07T11:48:49,12,8,0,20
2023-09-07T12:01:43,12,8,0,20
2023-09-07T12:14:48,12,8,0,20
2023-09-07T12:27:43,12,8,0,20
2023-09-07T12:40:37,12,8,0,20
2023-09-07T12:53:32,12,8,0,20
2023-09-07T13:06:28,12,8,0,20
2023-09-07T13:19:22,12,8,0,20
2023-09-07T13:32:26,12,8,0,20
2023-09-07T13:45:21,12,8,0,20
2023-09-07T13:58:15,12,8,0,20
2023-09-07T14:11:09,12,8,0,20
2023-09-07T14:24:04,12,8,0,20
2023-09-07T14:36:57,12,8,0,20
2023-09-07T14:50:02,12,8,0,20
2023-09-07T15:02:55,12,8,0,20
2023-09-07T15:15:48,12,8,0,20
2023-09-07T15:28:43,12,8,0,20
2023-09-07T15:41:38,12,8,0,20
2023-09-07T15:54:31,12,8,0,20
2023-09-07T16:07:35,12,8,0,20
2023-09-07T16:20:29,12,8,0,20
2023-09-07T16:33:22,12,8,0,20
2023-09-07T16:46:15,12,8,0,20
2023-09-07T16:59:08,12,8,0,20
2023-09-07T17:12:03,12,8,0,20
2023-09-07T17:25:07,12,8,0,20
2023-09-07T17:38:00,12,8,0,20
2023-09-07T17:50:54,12,8,0,20
2023-09-07T18:03:47,12,8,0,20
2023-09-07T18:16:40,12,8,0,20
2023-09-07T18:29:35,12,8,0,20
2023-09-07T18:42:28,12,8,0,20
2023-09-07T18:55:21,12,8,0,20
2023-09-07T19:08:26,12,8,0,20
2023-09-07T19:21:19,12,8,0,20
2023-09-07T19:34:12,12,8,0,20
2023-09-07T19:47:05,12,8,0,20
2023-09-07T20:00:00,12,8,0,20
2023-09-07T20:12:53,12,8,0,20
2023-09-07T20:25:46,12,8,0,20
2023-09-07T20:38:49,12,8,0,20
2023-09-07T20:51:42,12,8,0,20
2023-09-07T21:04:35,12,8,0,20
2023-09-07T21:17:28,12,8,0,20
2023-09-07T21:30:21,12,8,0,20
2023-09-07T21:43:14,12,8,0,20
2023-09-07T21:56:08,12,8,0,20
2023-09-07T22:09:02,12,8,0,20
2023-09-07T22:22:08,12,8,0,20
2023-09-07T22:35:02,12,8,0,20
2023-09-07T22:47:56,12,8,0,20
2023-09-07T23:00:50,12,8,0,20
2023-09-07T23:13:45,12,8,0,20
2023-09-07T23:26:39,12,8,0,20
2023-09-07T23:39:34,12,8,0,20
2023-09-07T23:52:29,12,8,0,20
2023-09-08T00:05:24,12,8,0,20
2023-09-08T00:18:46,12,8,0,20
2023-09-08T00:31:43,12,8,0,20
2023-09-08T00:44:41,12,8,0,20
2023-09-08T00:57:39,12,8,0,20
2023-09-08T01:10:37,12,8,0,20
2023-09-08T01:23:36,12,8,0,20
2023-09-08T01:36:33,12,8,0,20
2023-09-08T01:49:31,12,8,0,20
2023-09-08T02:02:29,12,8,0,20
2023-09-08T02:15:25,12,8,0,20
2023-09-08T02:28:21,12,8,0,20
2023-09-08T02:41:19,12,8,0,20
2023-09-08T02:54:14,12,8,0,20
2023-09-08T03:07:10,12,8,0,20
2023-09-08T03:20:07,12,8,0,20
2023-09-08T03:33:03,12,8,0,20
2023-09-08T03:46:10,12,8,0,20
2023-09-08T03:59:06,12,8,0,20
2023-09-08T04:22:47,12,8,0,20
2023-09-08T04:36:11,12,8,0,20
2023-09-08T04:49:09,12,8,0,20
2023-09-08T05:02:07,12,8,0,20
2023-09-08T05:15:01,12,8,0,20
2023-09-08T05:28:02,12,8,0,20
2023-09-08T05:41:01,12,8,0,20
2023-09-08T05:53:59,12,8,0,20
2023-09-08T06:07:00,12,8,0,20
2023-09-08T06:19:56,12,8,0,20
2023-09-08T06:32:53,12,8,0,20
2023-09-08T06:45:50,12,8,0,20
2023-09-08T06:58:48,12,8,0,20
2023-09-08T07:11:46,12,8,0,20
2023-09-08T07:24:46,12,8,0,20
2023-09-08T07:37:50,12,8,0,20
2023-09-08T07:50:45,12,8,0,20
2023-09-08T08:03:41,12,8,0,20
2023-09-08T08:16:36,12,8,0,20
2023-09-08T08:29:32,12,8,0,20
2023-09-08T08:42:28,12,8,0,20
2023-09-08T08:55:25,12,8,0,20
2023-09-08T09:08:22,12,8,0,20
2023-09-08T09:21:18,12,8,0,20
2023-09-08T09:34:15,12,8,0,20
2023-09-08T09:47:11,12,8,0,20
2023-09-08T10:00:06,12,8,0,20
2023-09-08T10:13:03,12,8,0,20
2023-09-08T10:25:59,12,8,0,20
2023-09-08T10:39:06,12,8,0,20
2023-09-08T10:52:01,12,8,0,20
2023-09-08T11:04:56,12,8,0,20
2023-09-08T11:17:51,12,8,0,20
2023-09-08T11:30:46,12,8,0,20
2023-09-08T11:43:41,12,8,0,20
2023-09-08T11:56:36,12,8,0,20
2023-09-08T12:09:42,12,8,0,20
2023-09-08T12:22:37,12,8,0,20
2023-09-08T12:35:32,12,8,0,20
2023-09-08T12:48:26,12,8,0,20
2023-09-08T13:01:21,12,8,0,20
2023-09-08T13:14:16,12,8,0,20
2023-09-08T13:27:12,12,8,0,20
2023-09-08T13:40:06,12,8,0,20
2023-09-08T13:53:11,12,8,0,20
2023-09-08T14:06:07,12,8,0,20
2023-09-08T14:19:03,12,8,0,20
2023-09-08T14:31:58,12,8,0,20
2023-09-08T14:44:53,12,8,0,20
2023-09-08T14:57:48,12,8,0,20
2023-09-08T15:10:54,12,8,0,20
2023-09-08T15:23:49,12,8,0,20
2023-09-08T15:36:45,12,8,0,20
2023-09-08T15:49:39,12,8,0,20
2023-09-08T16:02:34,12,8,0,20
2023-09-08T16:15:29,12,8,0,20
2023-09-08T16:28:25,12,8,0,20
2023-09-08T16:41:30,12,8,0,20
2023-09-08T16:54:24,12,8,0,20
2023-09-08T17:07:20,12,8,0,20
2023-09-08T17:20:16,12,8,0,20
2023-09-08T17:33:10,12,8,0,20
2023-09-08T17:46:05,12,8,0,20
2023-09-08T17:59:02,12,8,0,20
2023-09-08T18:11:58,12,8,0,20
2023-09-08T18:24:55,12,8,0,20
2023-09-08T18:38:00,12,8,0,20
2023-09-08T18:50:57,12,8,0,20
2023-09-08T19:03:53,12,8,0,20
2023-09-08T19:16:49,12,8,0,20
2023-09-08T19:29:44,12,8,0,20
2023-09-08T19:42:39,12,8,0,20
2023-09-08T19:55:34,12,8,0,20
2023-09-08T20:08:29,12,8,0,20
2023-09-08T20:21:24,12,8,0,20
2023-09-08T20:34:20,12,8,0,20
2023-09-08T20:47:15,12,8,0,20
2023-09-08T21:00:21,12,8,0,20
2023-09-08T21:13:16,12,8,0,20
2023-09-08T21:26:11,12,8,0,20
2023-09-08T21:39:06,12,8,0,20
2023-09-08T21:52:01,12,8,0,20
2023-09-08T22:04:56,12,8,0,20
2023-09-08T22:17:50,12,8,0,20
2023-09-08T22:30:45,12,8,0,20
2023-09-08T22:43:51,12,8,0,20
2023-09-08T22:56:45,12,8,0,20
2023-09-08T23:09:41,12,8,0,20
2023-09-08T23:22:36,12,8,0,20
2023-09-08T23:35:33,12,8,0,20
2023-09-08T23:48:28,12,8,0,20
2023-09-09T00:01:24,12,8,0,20
2023-09-09T00:14:26,11,9,0,20
2023-09-09T00:27:25,11,9,0,20
2023-09-09T00:40:24,11,9,0,20
2023-09-09T00:53:24,11,9,0,20
2023-09-09T01:06:24,11,9,0,20
2023-09-09T01:19:34,11,9,0,20
2023-09-09T01:32:34,11,9,0,20
2023-09-09T01:45:34,11,9,0,20
2023-09-09T01:58:34,11,9,0,20
2023-09-09T02:11:33,11,9,0,20
2023-09-09T02:24:29,11,9,0,20
2023-09-09T02:37:27,11,9,0,20
2023-09-09T02:50:23,11,9,0,20
2023-09-09T03:03:18,11,9,0,20
2023-09-09T03:16:15,11,9,0,20
2023-09-09T03:29:13,11,9,0,20
2023-09-09T03:42:09,11,9,0,20
2023-09-09T03:55:06,11,9,0,20
2023-09-09T04:25:28,11,9,0,20
2023-09-09T04:38:30,11,9,0,20
2023-09-09T04:51:31,11,9,0,20
2023-09-09T05:04:32,11,9,0,20
2023-09-09T05:17:36,11,9,0,20
2023-09-09T05:30:35,11,9,0,20
2023-09-09T05:43:35,11,9,0,20
2023-09-09T05:56:33,11,9,0,20
2023-09-09T06:09:32,11,9,0,20
2023-09-09T06:22:30,11,9,0,20
2023-09-09T06:35:31,11,9,0,20
2023-09-09T06:48:29,11,9,0,20
2023-09-09T07:01:28,11,9,0,20
2023-09-09T07:14:27,11,9,0,20
2023-09-09T07:27:26,11,9,0,20
2023-09-09T07:40:23,11,9,0,20
2023-09-09T07:53:29,11,9,0,20
2023-09-09T08:06:27,11,9,0,20
2023-09-09T08:19:26,11,9,0,20
2023-09-09T08:32:24,11,9,0,20
2023-09-09T08:45:22,11,9,0,20
2023-09-09T08:58:20,11,9,0,20
2023-09-09T09:11:19,11,9,0,20
2023-09-09T09:24:18,11,9,0,20
2023-09-09T09:37:16,11,9,0,20
2023-09-09T09:50:13,11,9,0,20
2023-09-09T10:03:11,11,9,0,20
2023-09-09T10:16:09,11,9,0,20
2023-09-09T10:29:06,11,9,0,20
2023-09-09T10:42:02,11,9,0,20
2023-09-09T10:55:11,11,9,0,20
2023-09-09T11:08:09,11,9,0,20
2023-09-09T11:21:04,11,9,0,20
2023-09-09T11:33:59,11,9,0,20
2023-09-09T11:46:55,11,9,0,20
2023-09-09T11:59:51,11,9,0,20
2023-09-09T12:12:46,11,9,0,20
2023-09-09T12:25:41,11,9,0,20
2023-09-09T12:38:36,11,9,0,20
2023-09-09T12:51:32,11,9,0,20
2023-09-09T13:04:27,11,9,0,20
2023-09-09T13:17:22,11,9,0,20
2023-09-09T13:30:17,11,9,0,20
2023-09-09T13:43:22,11,9,0,20
2023-09-09T13:56:18,11,9,0,20
2023-09-09T14:09:14,11,9,0,20
2023-09-09T14:22:09,11,9,0,20
2023-09-09T14:35:04,11,9,0,20
2023-09-09T14:47:59,11,9,0,20
2023-09-09T15:00:56,12,8,0,20
2023-09-09T15:13:50,12,8,0,20
2023-09-09T15:26:45,12,8,0,20
2023-09-09T15:39:40,12,8,0,20
2023-09-09T15:52:35,12,8,0,20
2023-09-09T16:05:29,12,8,0,20
2023-09-09T16:18:24,12,8,0,20
2023-09-09T16:31:29,12,8,0,20
2023-09-09T16:44:25,12,8,0,20
2023-09-09T16:57:20,12,8,0,20
2023-09-09T17:10:15,12,8,0,20
2023-09-09T17:23:10,12,8,0,20
2023-09-09T17:36:05,12,8,0,20
2023-09-09T17:49:00,12,8,0,20
2023-09-09T18:01:57,12,8,0,20
2023-09-09T18:14:52,12,8,0,20
2023-09-09T18:27:47,12,8,0,20
2023-09-09T18:40:42,12,8,0,20
2023-09-09T18:53:37,12,8,0,20
2023-09-09T19:06:41,12,8,0,20
2023-09-09T19:19:36,12,8,0,20
2023-09-09T19:32:32,12,8,0,20
2023-09-09T19:45:27,12,8,0,20
2023-09-09T19:58:22,12,8,0,20
2023-09-09T20:11:17,12,8,0,20
2023-09-09T20:24:13,12,8,0,20
2023-09-09T20:37:09,12,8,0,20
2023-09-09T20:50:03,12,8,0,20
2023-09-09T21:02:59,12,8,0,20
2023-09-09T21:15:54,12,8,0,20
2023-09-09T21:28:49,12,8,0,20
2023-09-09T21:41:44,12,8,0,20
2023-09-09T21:54:39,12,8,0,20
2023-09-09T22:07:44,12,8,0,20
2023-09-09T22:20:39,12,8,0,20
2023-09-09T22:33:35,12,8,0,20
2023-09-09T22:46:31,12,8,0,20
2023-09-09T22:59:26,12,8,0,20
2023-09-09T23:12:23,12,8,0,20
2023-09-09T23:25:19,12,8,0,20
2023-09-09T23:38:14,12,8,0,20
2023-09-09T23:51:10,12,8,0,20
2023-09-10T00:04:05,12,8,0,20
2023-09-10T00:17:06,12,8,0,20
2023-09-10T00:30:14,12,8,0,20
2023-09-10T00:43:11,12,8,0,20
2023-09-10T00:56:06,12,8,0,20
2023-09-10T01:09:01,12,8,0,20
2023-09-10T01:21:56,12,8,0,20
2023-09-10T01:35:01,12,8,0,20
2023-09-10T01:47:57,12,8,0,20
2023-09-10T02:00:52,12,8,0,20
2023-09-10T02:13:48,12,8,0,20
2023-09-10T02:26:48,12,8,0,20
2023-09-10T02:39:52,12,8,0,20
2023-09-10T02:52:51,12,8,0,20
2023-09-10T03:05:54,12,8,0,20
2023-09-10T03:19:18,12,8,0,20
2023-09-10T03:32:28,12,8,0,20
2023-09-10T03:45:27,12,8,0,20
2023-09-10T03:58:27,12,8,0,20
2023-09-10T04:11:27,12,8,0,20
2023-09-10T04:26:42,12,8,0,20
2023-09-10T04:40:07,12,8,0,20
2023-09-10T04:53:14,12,8,0,20
2023-09-10T05:06:17,12,8,0,20
2023-09-10T05:19:16,12,8,0,20
2023-09-10T05:32:15,12,8,0,20
2023-09-10T05:45:14,12,8,0,20
2023-09-10T05:58:13,12,8,0,20
2023-09-10T06:11:13,12,8,0,20
2023-09-10T06:24:21,12,8,0,20
2023-09-10T06:37:21,12,8,0,20
2023-09-10T06:50:21,12,8,0,20
2023-09-10T07:03:19,12,8,0,20
2023-09-10T07:16:18,12,8,0,20
2023-09-10T07:29:17,12,8,0,20
2023-09-10T07:42:15,12,8,0,20
2023-09-10T07:55:14,12,8,0,20
2023-09-10T08:08:12,12,8,0,20
2023-09-10T08:21:12,12,8,0,20
2023-09-10T08:34:14,12,8,0,20
2023-09-10T08:47:11,12,8,0,20
2023-09-10T09:00:09,12,8,0,20
2023-09-10T09:13:06,12,8,0,20
2023-09-10T09:26:08,12,8,0,20
2023-09-10T09:39:06,12,8,0,20
2023-09-10T09:52:04,12,8,0,20
2023-09-10T10:05:02,12,8,0,20
2023-09-10T10:18:10,12,8,0,20
2023-09-10T10:31:07,12,8,0,20
2023-09-10T10:44:03,12,8,0,20
2023-09-10T10:56:58,12,8,0,20
2023-09-10T11:09:53,12,8,0,20
2023-09-10T11:22:48,12,8,0,20
2023-09-10T11:35:43,12,8,0,20
2023-09-10T11:48:38,12,8,0,20
2023-09-10T12:01:33,12,8,0,20
2023-09-10T12:14:29,12,8,0,20
2023-09-10T12:27:24,12,8,0,20
2023-09-10T12:40:18,12,8,0,20
2023-09-10T12:53:14,12,8,0,20
2023-09-10T13:06:19,12,8,0,20
2023-09-10T13:19:14,12,8,0,20
2023-09-10T13:32:10,12,8,0,20
2023-09-10T13:45:05,12,8,0,20
2023-09-10T13:58:00,12,8,0,20
2023-09-10T14:10:56,12,8,0,20
2023-09-10T14:23:50,12,8,0,20
2023-09-10T14:36:45,12,8,0,20
2023-09-10T14:49:40,12,8,0,20
2023-09-10T15:02:36,12,8,0,20
2023-09-10T15:15:31,12,8,0,20
2023-09-10T15:28:35,12,8,0,20
2023-09-10T15:41:30,12,8,0,20
2023-09-10T15:54:26,12,8,0,20
2023-09-10T16:07:21,12,8,0,20
2023-09-10T16:20:16,12,8,0,20
2023-09-10T16:33:12,12,8,0,20
2023-09-10T16:46:08,12,8,0,20
2023-09-10T16:59:03,12,8,0,20
2023-09-10T17:11:58,12,8,0,20
2023-09-10T17:24:53,12,8,0,20
2023-09-10T17:37:49,12,8,0,20
2023-09-10T17:50:44,12,8,0,20
2023-09-10T18:03:39,12,8,0,20
2023-09-10T18:16:46,12,8,0,20
2023-09-10T18:29:42,12,8,0,20
2023-09-10T18:42:39,12,8,0,20
2023-09-10T18:55:34,12,8,0,20
2023-09-10T19:08:34,12,8,0,20
2023-09-10T19:21:30,12,8,0,20
2023-09-10T19:34:26,12,8,0,20
2023-09-10T19:47:22,12,8,0,20
2023-09-10T20:00:18,12,8,0,20
2023-09-10T20:13:13,12,8,0,20
2023-09-10T20:26:08,12,8,0,20
2023-09-10T20:39:04,12,8,0,20
2023-09-10T20:52:10,12,8,0,20
2023-09-10T21:05:04,12,8,0,20
2023-09-10T21:18:00,12,8,0,20
2023-09-10T21:30:57,12,8,0,20
2023-09-10T21:43:54,12,8,0,20
2023-09-10T21:56:51,12,8,0,20
2023-09-10T22:09:47,12,8,0,20
2023-09-10T22:22:43,12,8,0,20
2023-09-10T22:35:39,12,8,0,20
2023-09-10T22:48:35,12,8,0,20
2023-09-10T23:01:31,12,8,0,20
2023-09-10T23:14:39,12,8,0,20
2023-09-10T23:27:37,12,8,0,20
2023-09-10T23:40:33,12,8,0,20
2023-09-10T23:53:29,12,8,0,20
2023-09-11T00:06:26,12,8,0,20
2023-09-11T00:19:23,12,8,0,20
2023-09-11T00:32:30,12,8,0,20
2023-09-11T00:45:38,12,8,0,20
2023-09-11T00:58:36,12,8,0,20
2023-09-11T01:11:34,12,8,0,20
2023-09-11T01:24:33,12,8,0,20
2023-09-11T01:37:37,12,8,0,20
2023-09-11T01:50:38,12,8,0,20
2023-09-11T02:03:40,12,8,0,20
2023-09-11T02:16:42,12,8,0,20
2023-09-11T02:29:41,12,8,0,20
2023-09-11T02:42:40,12,8,0,20
2023-09-11T02:55:40,12,8,0,20
2023-09-11T03:08:50,12,8,0,20
2023-09-11T03:21:49,12,8,0,20
2023-09-11T03:34:50,12,8,0,20
2023-09-11T03:47:49,12,8,0,20
2023-09-11T04:00:49,12,8,0,20
2023-09-11T04:13:50,12,8,0,20
2023-09-11T04:31:45,12,8,0,20
2023-09-11T04:45:09,12,8,0,20
2023-09-11T04:58:11,12,8,0,20
2023-09-11T05:11:22,12,8,0,20
2023-09-11T05:24:22,12,8,0,20
2023-09-11T05:37:23,12,8,0,20
2023-09-11T05:50:23,12,8,0,20
2023-09-11T06:03:22,12,8,0,20
2023-09-11T06:16:23,12,8,0,20
2023-09-11T06:29:23,12,8,0,20
2023-09-11T06:42:24,12,8,0,20
2023-09-11T06:55:23,12,8,0,20
2023-09-11T07:08:22,12,8,0,20
2023-09-11T07:21:18,12,8,0,20
2023-09-11T07:34:13,12,8,0,20
2023-09-11T07:47:08,12,8,0,20
2023-09-11T08:00:03,12,8,0,20
2023-09-11T08:13:02,12,8,0,20
2023-09-11T08:25:58,12,8,0,20
2023-09-11T08:39:04,12,8,0,20
2023-09-11T08:52:00,12,8,0,20
2023-09-11T09:04:57,12,8,0,20
2023-09-11T09:17:54,12,8,0,20
2023-09-11T09:30:50,12,8,0,20
2023-09-11T09:43:48,12,8,0,20
2023-09-11T09:56:44,12,8,0,20
2023-09-11T10:09:54,12,8,0,20
2023-09-11T10:22:49,12,8,0,20
2023-09-11T10:35:46,12,8,0,20
2023-09-11T10:48:46,12,8,0,20
2023-09-11T11:01:42,12,8,0,20
2023-09-11T11:14:38,12,8,0,20
2023-09-11T11:27:45,12,8,0,20
2023-09-11T11:40:41,12,8,0,20
2023-09-11T11:53:37,12,8,0,20
2023-09-11T12:06:33,12,8,0,20
2023-09-11T12:19:29,12,8,0,20
2023-09-11T12:32:36,12,8,0,20
2023-09-11T12:45:32,12,8,0,20
2023-09-11T12:58:28,12,8,0,20
2023-09-11T13:11:24,12,8,0,20
2023-09-11T13:24:23,12,8,0,20
2023-09-11T13:37:19,12,8,0,20
2023-09-11T13:50:25,12,8,0,20
2023-09-11T14:03:22,12,8,0,20
2023-09-11T14:16:19,12,8,0,20
2023-09-11T14:29:17,12,8,0,20
2023-09-11T14:42:14,12,8,0,20
2023-09-11T14:55:11,12,8,0,20
2023-09-11T15:08:19,12,8,0,20
2023-09-11T15:21:16,12,8,0,20
2023-09-11T15:34:13,13,7,0,20
2023-09-11T15:47:10,13,7,0,20
2023-09-11T16:00:06,13,7,0,20
2023-09-11T16:13:03,13,7,0,20
2023-09-11T16:26:12,13,7,0,20
2023-09-11T16:39:09,13,7,0,20
2023-09-11T16:52:06,13,7,0,20
2023-09-11T17:05:03,13,7,0,20
2023-09-11T17:18:02,13,7,0,20
2023-09-11T17:31:12,13,7,0,20
2023-09-11T17:44:08,13,7,0,20
2023-09-11T17:57:07,13,7,0,20
2023-09-11T18:10:04,13,7,0,20
2023-09-11T18:23:02,13,7,0,20
2023-09-11T18:36:08,13,7,0,20
2023-09-11T18:49:04,13,7,0,20
2023-09-11T19:02:01,13,7,0,20
2023-09-11T19:14:58,13,7,0,20
2023-09-11T19:27:55,13,7,0,20
2023-09-11T19:40:51,13,7,0,20
2023-09-11T19:53:59,13,7,0,20
2023-09-11T20:07:01,13,7,0,20
2023-09-11T20:19:58,13,7,0,20
2023-09-11T20:32:53,13,7,0,20
2023-09-11T20:45:50,13,7,0,20
2023-09-11T20:58:47,13,7,0,20
2023-09-11T21:11:43,13,7,0,20
2023-09-11T21:24:50,13,7,0,20
2023-09-11T21:37:47,13,7,0,20
2023-09-11T21:50:44,13,7,0,20
2023-09-11T22:03:41,13,7,0,20
2023-09-11T22:16:37,13,7,0,20
2023-09-11T22:29:34,13,7,0,20
2023-09-11T22:42:30,13,7,0,20
2023-09-11T22:55:26,13,7,0,20
2023-09-11T23:08:37,13,7,0,20
2023-09-11T23:21:33,13,7,0,20
2023-09-11T23:34:29,13,7,0,20
2023-09-11T23:47:26,13,7,0,20
2023-09-12T00:00:23,13,7,0,20
2023-09-12T00:13:24,13,7,0,20
2023-09-12T00:26:29,13,7,0,20
2023-09-12T00:39:30,13,7,0,20
2023-09-12T00:52:31,13,7,0,20
2023-09-12T01:05:44,13,7,0,20
2023-09-12T01:18:44,13,7,0,20
2023-09-12T01:31:44,13,7,0,20
2023-09-12T01:44:46,13,7,0,20
2023-09-12T01:57:47,13,7,0,20
2023-09-12T02:10:47,13,7,0,20
2023-09-12T02:23:46,13,7,0,20
2023-09-12T02:36:45,13,7,0,20
2023-09-12T02:49:43,13,7,0,20
2023-09-12T03:02:40,13,7,0,20
2023-09-12T03:15:39,13,7,0,20
2023-09-12T03:28:38,13,7,0,20
2023-09-12T03:41:38,13,7,0,20
2023-09-12T03:54:37,13,7,0,20
2023-09-12T04:07:36,13,7,0,20
2023-09-12T04:33:10,13,7,0,20
2023-09-12T04:47:52,13,7,0,20
2023-09-12T05:00:55,13,7,0,20
2023-09-12T05:13:59,13,7,0,20
2023-09-12T05:27:00,13,7,0,20
2023-09-12T05:40:02,13,7,0,20
2023-09-12T05:53:03,13,7,0,20
2023-09-12T06:06:03,13,7,0,20
2023-09-12T06:19:03,13,7,0,20
2023-09-12T06:32:02,13,7,0,20
2023-09-12T06:45:04,13,7,0,20
2023-09-12T06:58:05,13,7,0,20
2023-09-12T07:11:06,13,7,0,20
2023-09-12T07:24:06,13,7,0,20
2023-09-12T07:37:05,13,7,0,20
2023-09-12T07:50:03,13,7,0,20
2023-09-12T08:03:03,13,7,0,20
2023-09-12T08:16:13,13,7,0,20
2023-09-12T08:29:13,13,7,0,20
2023-09-12T08:42:13,13,7,0,20
2023-09-12T08:55:12,13,7,0,20
2023-09-12T09:08:12,13,7,0,20
2023-09-12T09:21:12,13,7,0,20
2023-09-12T09:34:09,13,7,0,20
2023-09-12T09:47:05,13,7,0,20
2023-09-12T10:00:02,13,7,0,20
2023-09-12T10:13:12,13,7,0,20
2023-09-12T10:26:09,13,7,0,20
2023-09-12T10:39:07,13,7,0,20
2023-09-12T10:52:05,13,7,0,20
2023-09-12T11:05:02,13,7,0,20
2023-09-12T11:17:59,13,7,0,20
2023-09-12T11:31:07,13,7,0,20
2023-09-12T11:44:04,13,7,0,20
2023-09-12T11:57:02,13,7,0,20
2023-09-12T12:10:00,13,7,0,20
2023-09-12T12:22:57,13,7,0,20
2023-09-12T12:35:54,13,7,0,20
2023-09-12T12:49:01,13,7,0,20
2023-09-12T13:01:59,13,7,0,20
2023-09-12T13:14:56,13,7,0,20
2023-09-12T13:27:53,13,7,0,20
2023-09-12T13:40:50,13,7,0,20
2023-09-12T13:53:48,13,7,0,20
2023-09-12T14:06:58,13,7,0,20
2023-09-12T14:19:55,13,7,0,20
2023-09-12T14:32:53,13,7,0,20
2023-09-12T14:45:51,13,7,0,20
2023-09-12T14:58:48,13,7,0,20
2023-09-12T15:11:47,13,7,0,20
2023-09-12T15:24:56,13,7,0,20
2023-09-12T15:37:53,13,7,0,20
2023-09-12T15:50:51,13,7,0,20
2023-09-12T16:03:48,13,7,0,20
2023-09-12T16:16:46,13,7,0,20
2023-09-12T16:29:43,13,7,0,20
2023-09-12T16:42:51,13,7,0,20
2023-09-12T16:55:49,13,7,0,20
2023-09-12T17:08:46,13,7,0,20
2023-09-12T17:21:43,13,7,0,20
2023-09-12T17:34:41,13,7,0,20
2023-09-12T17:47:38,13,7,0,20
2023-09-12T18:00:35,13,7,0,20
2023-09-12T18:13:43,13,7,0,20
2023-09-12T18:26:40,13,7,0,20
2023-09-12T18:39:37,13,7,0,20
2023-09-12T18:52:34,13,7,0,20
2023-09-12T19:05:35,13,7,0,20
2023-09-12T19:18:32,13,7,0,20
2023-09-12T19:31:40,14,6,0,20
2023-09-12T19:44:38,14,6,0,20
2023-09-12T19:57:35,14,6,0,20
2023-09-12T20:10:32,14,6,0,20
2023-09-12T20:23:30,14,6,0,20
2023-09-12T20:36:28,14,6,0,20
2023-09-12T20:49:25,14,6,0,20
2023-09-12T21:02:22,14,6,0,20
2023-09-12T21:15:30,14,6,0,20
2023-09-12T21:28:28,14,6,0,20
2023-09-12T21:41:25,14,6,0,20
2023-09-12T21:54:23,14,6,0,20
2023-09-12T22:07:19,14,6,0,20
2023-09-12T22:20:17,14,6,0,20
2023-09-12T22:33:15,14,6,0,20
2023-09-12T22:46:24,14,6,0,20
2023-09-12T22:59:21,14,6,0,20
2023-09-12T23:12:19,14,6,0,20
2023-09-12T23:25:16,14,6,0,20
2023-09-12T23:38:15,14,6,0,20
2023-09-12T23:51:12,14,6,0,20
2023-09-13T00:04:10,14,6,0,20
2023-09-13T00:17:21,14,6,0,20
2023-09-13T00:30:21,14,6,0,20
2023-09-13T00:43:22,14,6,0,20
2023-09-13T00:56:24,14,6,0,20
2023-09-13T01:09:28,14,6,0,20
2023-09-13T01:22:32,14,6,0,20
2023-09-13T01:35:35,14,6,0,20
2023-09-13T01:48:36,14,6,0,20
2023-09-13T02:01:38,14,6,0,20
2023-09-13T02:14:41,14,6,0,20
2023-09-13T02:27:42,14,6,0,20
2023-09-13T02:40:52,14,6,0,20
2023-09-13T02:53:54,14,6,0,20
2023-09-13T03:06:54,14,6,0,20
2023-09-13T03:20:01,14,6,0,20
2023-09-13T03:33:02,14,6,0,20
2023-09-13T03:46:03,14,6,0,20
2023-09-13T03:59:06,14,6,0,20
2023-09-13T04:12:09,14,6,0,20
2023-09-13T04:27:26,14,6,0,20
2023-09-13T04:40:48,14,6,0,20
2023-09-13T04:53:52,14,6,0,20
2023-09-13T05:06:58,14,6,0,20
2023-09-13T05:20:00,14,6,0,20
2023-09-13T05:33:02,14,6,0,20
2023-09-13T05:46:03,14,6,0,20
2023-09-13T05:59:05,14,6,0,20
2023-09-13T06:12:06,14,6,0,20
2023-09-13T06:25:06,14,6,0,20
2023-09-13T06:38:08,14,6,0,20
2023-09-13T06:51:08,14,6,0,20
2023-09-13T07:04:09,14,6,0,20
2023-09-13T07:17:09,14,6,0,20
2023-09-13T07:30:12,14,6,0,20
2023-09-13T07:43:12,14,6,0,20
2023-09-13T07:56:11,14,6,0,20
2023-09-13T08:09:12,14,6,0,20
2023-09-13T08:22:21,14,6,0,20
2023-09-13T08:35:22,14,6,0,20
2023-09-13T08:48:22,14,6,0,20
2023-09-13T09:01:22,14,6,0,20
2023-09-13T09:14:22,14,6,0,20
2023-09-13T09:27:22,14,6,0,20
2023-09-13T09:40:20,14,6,0,20
2023-09-13T09:53:18,14,6,0,20
2023-09-13T10:06:15,14,6,0,20
2023-09-13T10:19:25,14,6,0,20
2023-09-13T10:32:23,14,6,0,20
2023-09-13T10:45:21,14,6,0,20
2023-09-13T10:58:18,14,6,0,20
2023-09-13T11:11:16,14,6,0,20
2023-09-13T11:24:15,14,6,0,20
2023-09-13T11:40:05,14,6,0,20
2023-09-13T11:53:14,14,6,0,20
2023-09-13T12:06:11,14,6,0,20
2023-09-13T12:19:10,14,6,0,20
2023-09-13T12:32:08,14,6,0,20
2023-09-13T12:45:06,14,6,0,20
2023-09-13T12:58:04,14,6,0,20
2023-09-13T13:11:11,14,6,0,20
2023-09-13T13:24:09,14,6,0,20
2023-09-13T13:37:06,14,6,0,20
2023-09-13T13:50:04,14,6,0,20
2023-09-13T14:03:01,14,6,0,20
2023-09-13T14:15:59,14,6,0,20
2023-09-13T14:28:56,14,6,0,20
2023-09-13T14:42:04,14,6,0,20
2023-09-13T14:55:01,14,6,0,20
2023-09-13T15:07:58,14,6,0,20
2023-09-13T15:20:55,14,6,0,20
2023-09-13T15:33:52,14,6,0,20
2023-09-13T15:46:50,14,6,0,20
2023-09-13T15:59:52,14,6,0,20
2023-09-13T16:12:59,14,6,0,20
2023-09-13T16:25:57,14,6,0,20
2023-09-13T16:38:54,14,6,0,20
2023-09-13T16:51:52,14,6,0,20
2023-09-13T17:04:50,14,6,0,20
2023-09-13T17:17:48,14,6,0,20
2023-09-13T17:30:46,14,6,0,20
2023-09-13T17:43:43,14,6,0,20
2023-09-13T17:56:49,14,6,0,20
2023-09-13T18:09:45,14,6,0,20
2023-09-13T18:22:42,14,6,0,20
2023-09-13T18:35:41,14,6,0,20
2023-09-13T18:48:38,14,6,0,20
2023-09-13T19:01:36,14,6,0,20
2023-09-13T19:14:34,14,6,0,20
2023-09-13T19:27:32,14,6,0,20
2023-09-13T19:40:38,14,6,0,20
2023-09-13T19:53:35,14,6,0,20
2023-09-13T20:06:33,14,6,0,20
2023-09-13T20:19:30,14,6,0,20
2023-09-13T20:32:28,14,6,0,20
2023-09-13T20:45:26,14,6,0,20
2023-09-13T20:58:23,14,6,0,20
2023-09-13T21:11:20,14,6,0,20
2023-09-13T21:24:16,14,6,0,20
2023-09-13T21:37:24,14,6,0,20
2023-09-13T21:50:23,14,6,0,20
2023-09-13T22:03:20,14,6,0,20
2023-09-13T22:16:17,14,6,0,20
2023-09-13T22:29:15,14,6,0,20
2023-09-13T22:42:13,14,6,0,20
2023-09-13T22:55:11,14,6,0,20
2023-09-13T23:08:09,14,6,0,20
2023-09-13T23:21:18,14,6,0,20
2023-09-13T23:34:16,14,6,0,20
2023-09-13T23:47:13,14,6,0,20
2023-09-14T00:00:11,14,6,0,20
2023-09-14T00:13:11,14,6,0,20
2023-09-14T00:26:13,14,6,0,20
2023-09-14T00:39:14,14,6,0,20
2023-09-14T00:52:16,14,6,0,20
2023-09-14T01:05:18,14,6,0,20
2023-09-14T01:18:20,14,6,0,20
2023-09-14T01:31:30,14,6,0,20
2023-09-14T01:44:32,14,6,0,20
2023-09-14T01:57:34,14,6,0,20
2023-09-14T02:10:36,14,6,0,20
2023-09-14T02:23:35,14,6,0,20
2023-09-14T02:36:33,14,6,0,20
2023-09-14T02:49:33,14,6,0,20
2023-09-14T03:02:31,14,6,0,20
2023-09-14T03:15:30,14,6,0,20
2023-09-14T03:28:30,14,6,0,20
2023-09-14T03:41:30,14,6,0,20
2023-09-14T03:54:31,14,6,0,20
2023-09-14T04:07:35,14,6,0,20
2023-09-14T04:32:14,14,6,0,20
2023-09-14T04:46:29,14,6,0,20
2023-09-14T04:59:46,14,6,0,20
2023-09-14T05:12:50,14,6,0,20
2023-09-14T05:25:54,14,6,0,20
2023-09-14T05:38:57,14,6,0,20
2023-09-14T05:51:59,14,6,0,20
2023-09-14T06:05:00,14,6,0,20
2023-09-14T06:18:02,14,6,0,20
2023-09-14T06:31:03,14,6,0,20
2023-09-14T06:44:04,14,6,0,20
2023-09-14T06:57:04,14,6,0,20
2023-09-14T07:10:06,14,6,0,20
2023-09-14T07:23:09,14,6,0,20
2023-09-14T07:36:09,14,6,0,20
2023-09-14T07:49:09,14,6,0,20
2023-09-14T08:02:10,14,6,0,20
2023-09-14T08:15:10,14,6,0,20
2023-09-14T08:28:19,14,6,0,20
2023-09-14T08:41:20,14,6,0,20
2023-09-14T08:54:21,14,6,0,20
2023-09-14T09:07:21,14,6,0,20
2023-09-14T09:20:19,14,6,0,20
2023-09-14T09:33:17,14,6,0,20
2023-09-14T09:46:16,14,6,0,20
2023-09-14T09:59:15,14,6,0,20
2023-09-14T10:12:13,14,6,0,20
2023-09-14T10:25:21,14,6,0,20
2023-09-14T10:38:20,14,6,0,20
2023-09-14T10:51:18,14,6,0,20
2023-09-14T11:04:16,14,6,0,20
2023-09-14T11:17:16,14,6,0,20
2023-09-14T11:30:16,14,6,0,20
2023-09-14T11:43:15,14,6,0,20
2023-09-14T11:56:25,14,6,0,20
2023-09-14T12:09:24,14,6,0,20
2023-09-14T12:22:22,14,6,0,20
2023-09-14T12:35:20,14,6,0,20
2023-09-14T12:48:19,14,6,0,20
2023-09-14T13:01:18,14,6,0,20
2023-09-14T13:14:16,14,6,0,20
2023-09-14T13:27:25,14,6,0,20
2023-09-14T13:40:23,14,6,0,20
2023-09-14T13:53:23,14,6,0,20
2023-09-14T14:06:22,14,6,0,20
2023-09-14T14:19:21,14,6,0,20
2023-09-14T14:32:19,14,6,0,20
2023-09-14T14:45:21,14,6,0,20
2023-09-14T14:58:31,14,6,0,20
2023-09-14T15:11:29,14,6,0,20
2023-09-14T15:24:27,14,6,0,20
2023-09-14T15:37:25,14,6,0,20
2023-09-14T15:50:25,14,6,0,20
2023-09-14T16:03:23,14,6,0,20
2023-09-14T16:16:21,14,6,0,20
2023-09-14T16:29:30,14,6,0,20
2023-09-14T16:42:30,14,6,0,20
2023-09-14T16:55:29,14,6,0,20
2023-09-14T17:08:27,14,6,0,20
2023-09-14T17:21:26,14,6,0,20
2023-09-14T17:34:25,14,6,0,20
2023-09-14T17:47:23,14,6,0,20
2023-09-14T18:00:22,14,6,0,20
2023-09-14T18:13:30,14,6,0,20
2023-09-14T18:26:28,14,6,0,20
2023-09-14T18:39:27,14,6,0,20
2023-09-14T18:52:25,14,6,0,20
2023-09-14T19:05:23,14,6,0,20
2023-09-14T19:18:22,14,6,0,20
2023-09-14T19:31:21,14,6,0,20
2023-09-14T19:44:20,14,6,0,20
2023-09-14T19:57:29,14,6,0,20
2023-09-14T20:10:28,14,6,0,20
2023-09-14T20:23:26,14,6,0,20
2023-09-14T20:36:25,14,6,0,20
2023-09-14T20:49:23,14,6,0,20
2023-09-14T21:02:21,14,6,0,20
2023-09-14T21:15:19,14,6,0,20
2023-09-14T21:28:17,14,6,0,20
2023-09-14T21:41:16,14,6,0,20
2023-09-14T21:54:26,14,6,0,20
2023-09-14T22:07:25,14,6,0,20
2023-09-14T22:20:23,14,6,0,20
2023-09-14T22:33:21,14,6,0,20
2023-09-14T22:46:19,14,6,0,20
2023-09-14T22:59:17,14,6,0,20
2023-09-14T23:12:15,14,6,0,20
2023-09-14T23:25:14,14,6,0,20
2023-09-14T23:38:23,14,6,0,20
2023-09-14T23:51:22,14,6,0,20
2023-09-15T00:04:21,14,6,0,20
2023-09-15T00:17:25,14,6,0,20
2023-09-15T00:30:27,14,6,0,20
2023-09-15T00:43:30,14,6,0,20
2023-09-15T00:56:33,14,6,0,20
2023-09-15T01:09:36,14,6,0,20
2023-09-15T01:22:39,14,6,0,20
2023-09-15T01:36:21,14,6,0,20
2023-09-15T01:49:24,14,6,0,20
2023-09-15T02:02:26,14,6,0,20
2023-09-15T02:15:38,14,6,0,20
2023-09-15T02:28:39,14,6,0,20
2023-09-15T02:41:40,14,6,0,20
2023-09-15T02:54:40,14,6,0,20
2023-09-15T03:07:40,14,6,0,20
2023-09-15T03:20:43,14,6,0,20
2023-09-15T03:33:47,14,6,0,20
2023-09-15T03:46:50,14,6,0,20
2023-09-15T03:59:52,14,6,0,20
2023-09-15T04:25:33,14,6,0,20
2023-09-15T04:38:54,14,6,0,20
2023-09-15T04:51:57,14,6,0,20
2023-09-15T05:05:02,14,6,0,20
2023-09-15T05:18:05,14,6,0,20
2023-09-15T05:31:08,14,6,0,20
2023-09-15T05:44:11,14,6,0,20
2023-09-15T05:57:12,14,6,0,20
2023-09-15T06:10:16,14,6,0,20
2023-09-15T06:23:20,14,6,0,20
2023-09-15T06:36:22,14,6,0,20
2023-09-15T06:49:24,14,6,0,20
2023-09-15T07:02:26,14,6,0,20
2023-09-15T07:15:27,14,6,0,20
2023-09-15T07:28:31,14,6,0,20
2023-09-15T07:41:34,14,6,0,20
2023-09-15T07:54:44,14,6,0,20
2023-09-15T08:07:46,14,6,0,20
2023-09-15T08:20:45,14,6,0,20
2023-09-15T08:33:46,14,6,0,20
2023-09-15T08:46:45,14,6,0,20
2023-09-15T08:59:43,14,6,0,20
2023-09-15T09:12:41,14,6,0,20
2023-09-15T09:25:40,14,6,0,20
2023-09-15T09:38:39,14,6,0,20
2023-09-15T09:51:38,14,6,0,20
2023-09-15T10:04:36,14,6,0,20
2023-09-15T10:17:46,14,6,0,20
2023-09-15T10:30:44,14,6,0,20
2023-09-15T10:43:43,14,6,0,20
2023-09-15T10:56:41,14,6,0,20
2023-09-15T11:09:40,14,6,0,20
2023-09-15T11:22:40,14,6,0,20
2023-09-15T11:35:40,14,6,0,20
2023-09-15T11:48:51,14,6,0,20
2023-09-15T12:01:50,14,6,0,20
2023-09-15T12:14:50,14,6,0,20
2023-09-15T12:27:49,14,6,0,20
2023-09-15T12:40:48,14,6,0,20
2023-09-15T12:53:47,14,6,0,20
2023-09-15T13:06:47,14,6,0,20
2023-09-15T13:19:56,14,6,0,20
2023-09-15T13:32:56,14,6,0,20
2023-09-15T13:45:55,14,6,0,20
2023-09-15T13:58:54,14,6,0,20
2023-09-15T14:11:54,14,6,0,20
2023-09-15T14:24:54,14,6,0,20
2023-09-15T14:37:53,14,6,0,20
2023-09-15T14:51:03,14,6,0,20
2023-09-15T15:04:01,14,6,0,20
2023-09-15T15:17:01,14,6,0,20
2023-09-15T15:30:00,14,6,0,20
2023-09-15T15:43:00,14,6,0,20
2023-09-15T15:56:00,14,6,0,20
2023-09-15T16:09:00,14,6,0,20
2023-09-15T16:22:08,14,6,0,20
2023-09-15T16:35:08,14,6,0,20
2023-09-15T16:48:07,14,6,0,20
2023-09-15T17:01:06,14,6,0,20
2023-09-15T17:14:06,14,6,0,20
2023-09-15T17:27:05,14,6,0,20
2023-09-15T17:40:05,14,6,0,20
2023-09-15T17:53:04,14,6,0,20
2023-09-15T18:06:03,14,6,0,20
2023-09-15T18:19:11,14,6,0,20
2023-09-15T18:32:10,14,6,0,20
2023-09-15T18:45:09,14,6,0,20
2023-09-15T18:58:07,14,6,0,20
2023-09-15T19:11:06,14,6,0,20
2023-09-15T19:24:06,14,6,0,20
2023-09-15T19:37:05,14,6,0,20
2023-09-15T19:50:04,14,6,0,20
2023-09-15T20:03:13,14,6,0,20
2023-09-15T20:16:12,14,6,0,20
2023-09-15T20:29:11,14,6,0,20
2023-09-15T20:42:10,14,6,0,20
2023-09-15T20:55:09,14,6,0,20
2023-09-15T21:08:08,14,6,0,20
2023-09-15T21:21:08,14,6,0,20
2023-09-15T21:34:06,14,6,0,20
2023-09-15T21:47:05,14,6,0,20
2023-09-15T22:00:04,14,6,0,20
2023-09-15T22:13:13,14,6,0,20
2023-09-15T22:26:12,14,6,0,20
2023-09-15T22:39:11,14,6,0,20
2023-09-15T22:52:09,14,6,0,20
2023-09-15T23:05:08,14,6,0,20
2023-09-15T23:18:08,14,6,0,20
2023-09-15T23:31:07,14,6,0,20
2023-09-15T23:44:07,14,6,0,20
2023-09-15T23:57:07,14,6,0,20
2023-09-16T00:10:19,14,6,0,20
2023-09-16T00:23:26,14,6,0,20
2023-09-16T00:36:29,14,6,0,20
2023-09-16T00:49:34,14,6,0,20
2023-09-16T01:02:38,14,6,0,20
2023-09-16T01:15:41,14,6,0,20
2023-09-16T01:28:45,14,6,0,20
2023-09-16T01:41:50,14,6,0,20
2023-09-16T01:54:54,14,6,0,20
2023-09-16T02:07:59,14,6,0,20
2023-09-16T02:20:59,14,6,0,20
2023-09-16T02:34:00,14,6,0,20
2023-09-16T02:47:02,14,6,0,20
2023-09-16T03:00:01,14,6,0,20
2023-09-16T03:13:02,14,6,0,20
2023-09-16T03:26:15,14,6,0,20
2023-09-16T03:39:17,14,6,0,20
2023-09-16T03:52:21,14,6,0,20
2023-09-16T04:18:34,14,6,0,20
2023-09-16T04:33:01,14,6,0,20
2023-09-16T04:46:25,14,6,0,20
2023-09-16T04:59:29,14,6,0,20
2023-09-16T05:12:33,14,6,0,20
2023-09-16T05:25:35,14,6,0,20
2023-09-16T05:38:38,14,6,0,20
2023-09-16T05:51:40,14,6,0,20
2023-09-16T06:04:44,14,6,0,20
2023-09-16T06:17:46,14,6,0,20
2023-09-16T06:30:49,14,6,0,20
2023-09-16T06:43:52,14,6,0,20
2023-09-16T06:56:55,14,6,0,20
2023-09-16T07:09:58,14,6,0,20
2023-09-16T07:22:59,14,6,0,20
2023-09-16T07:36:04,14,6,0,20
2023-09-16T07:49:06,14,6,0,20
2023-09-16T08:02:16,14,6,0,20
2023-09-16T08:15:19,14,6,0,20
2023-09-16T08:28:21,14,6,0,20
2023-09-16T08:41:25,14,6,0,20
2023-09-16T08:54:36,14,6,0,20
2023-09-16T09:07:38,14,6,0,20
2023-09-16T09:20:40,14,6,0,20
2023-09-16T09:33:43,14,6,0,20
2023-09-16T09:46:46,14,6,0,20
2023-09-16T09:59:57,14,6,0,20
2023-09-16T10:12:59,14,6,0,20
2023-09-16T10:26:11,14,6,0,20
2023-09-16T10:39:13,14,6,0,20
2023-09-16T10:52:15,14,6,0,20
2023-09-16T11:05:17,14,6,0,20
2023-09-16T11:18:19,14,6,0,20
2023-09-16T11:31:19,14,6,0,20
2023-09-16T11:44:17,14,6,0,20
2023-09-16T11:57:16,14,6,0,20
2023-09-16T12:10:16,14,6,0,20
2023-09-16T12:23:15,14,6,0,20
2023-09-16T12:36:23,14,6,0,20
2023-09-16T12:49:21,14,6,0,20
2023-09-16T13:02:21,14,6,0,20
2023-09-16T13:15:20,14,6,0,20
2023-09-16T13:28:20,14,6,0,20
2023-09-16T13:41:19,14,6,0,20
2023-09-16T13:54:17,14,6,0,20
2023-09-16T14:07:17,14,6,0,20
2023-09-16T14:20:16,14,6,0,20
2023-09-16T14:33:15,14,6,0,20
2023-09-16T14:46:25,14,6,0,20
2023-09-16T14:59:24,14,6,0,20
2023-09-16T15:12:25,14,6,0,20
2023-09-16T15:25:24,14,6,0,20
2023-09-16T15:38:22,14,6,0,20
2023-09-16T15:51:21,14,6,0,20
2023-09-16T16:04:21,14,6,0,20
2023-09-16T16:17:19,14,6,0,20
2023-09-16T16:30:18,14,6,0,20
2023-09-16T16:43:17,14,6,0,20
2023-09-16T16:56:16,14,6,0,20
2023-09-16T17:09:25,14,6,0,20
2023-09-16T17:22:24,14,6,0,20
2023-09-16T17:35:23,14,6,0,20
2023-09-16T17:48:24,14,6,0,20
2023-09-16T18:01:22,14,6,0,20
2023-09-16T18:14:21,14,6,0,20
2023-09-16T18:27:20,14,6,0,20
2023-09-16T18:40:19,14,6,0,20
2023-09-16T18:53:18,14,6,0,20
2023-09-16T19:06:17,14,6,0,20
2023-09-16T19:19:17,14,6,0,20
2023-09-16T19:32:16,14,6,0,20
2023-09-16T19:45:26,14,6,0,20
2023-09-16T19:58:25,14,6,0,20
2023-09-16T20:11:24,14,6,0,20
2023-09-16T20:24:23,14,6,0,20
2023-09-16T20:37:22,14,6,0,20
2023-09-16T20:50:21,14,6,0,20
2023-09-16T21:03:21,14,6,0,20
2023-09-16T21:16:20,14,6,0,20
2023-09-16T21:29:19,14,6,0,20
2023-09-16T21:42:18,14,6,0,20
2023-09-16T21:55:17,14,6,0,20
2023-09-16T22:08:15,14,6,0,20
2023-09-16T22:21:26,14,6,0,20
2023-09-16T22:34:25,14,6,0,20
2023-09-16T22:47:23,14,6,0,20
2023-09-16T23:00:21,14,6,0,20
2023-09-16T23:13:22,14,6,0,20
2023-09-16T23:26:21,14,6,0,20
2023-09-16T23:39:19,14,6,0,20
2023-09-16T23:52:18,14,6,0,20
2023-09-17T00:05:18,14,6,0,20
2023-09-17T00:18:19,14,6,0,20
2023-09-17T00:31:19,14,6,0,20
2023-09-17T00:57:16,14,6,0,20
2023-09-17T01:10:15,14,6,0,20
2023-09-17T01:23:14,14,6,0,20
2023-09-17T01:36:12,14,6,0,20
2023-09-17T01:49:15,14,6,0,20
2023-09-17T02:02:19,14,6,0,20
2023-09-17T02:15:24,14,6,0,20
2023-09-17T02:28:44,14,6,0,20
2023-09-17T02:42:10,14,6,0,20
2023-09-17T02:55:12,14,6,0,20
2023-09-17T03:08:14,14,6,0,20
2023-09-17T03:21:18,14,6,0,20
2023-09-17T03:34:20,14,6,0,20
2023-09-17T03:47:24,14,6,0,20
2023-09-17T04:00:28,14,6,0,20
2023-09-17T04:23:01,14,6,0,20
2023-09-17T04:36:06,14,6,0,20
2023-09-17T04:50:46,14,6,0,20
2023-09-17T05:03:53,14,6,0,20
2023-09-17T05:16:57,14,6,0,20
2023-09-17T05:30:01,14,6,0,20
2023-09-17T05:43:02,14,6,0,20
2023-09-17T05:56:03,14,6,0,20
2023-09-17T06:09:05,14,6,0,20
2023-09-17T06:22:09,14,6,0,20
2023-09-17T06:35:12,14,6,0,20
2023-09-17T06:48:12,14,6,0,20
2023-09-17T07:01:11,14,6,0,20
2023-09-17T07:14:09,14,6,0,20
2023-09-17T07:27:08,14,6,0,20
2023-09-17T07:40:08,14,6,0,20
2023-09-17T07:53:07,14,6,0,20
2023-09-17T08:06:08,14,6,0,20
2023-09-17T08:19:09,14,6,0,20
2023-09-17T08:32:13,14,6,0,20
2023-09-17T08:45:25,14,6,0,20
2023-09-17T08:58:32,14,6,0,20
2023-09-17T09:11:34,14,6,0,20
2023-09-17T09:24:50,14,6,0,20
2023-09-17T09:37:56,14,6,0,20
2023-09-17T09:51:03,14,6,0,20
2023-09-17T10:04:11,14,6,0,20
2023-09-17T10:17:17,14,6,0,20
2023-09-17T10:30:29,14,6,0,20
2023-09-17T10:43:31,14,6,0,20
2023-09-17T10:56:29,14,6,0,20
2023-09-17T11:09:29,14,6,0,20
2023-09-17T11:22:28,14,6,0,20
2023-09-17T11:35:27,14,6,0,20
2023-09-17T11:48:26,14,6,0,20
2023-09-17T12:01:24,14,6,0,20
2023-09-17T12:14:23,14,6,0,20
2023-09-17T12:27:21,14,6,0,20
2023-09-17T12:40:19,14,6,0,20
2023-09-17T12:53:27,14,6,0,20
2023-09-17T13:06:25,14,6,0,20
2023-09-17T13:19:24,14,6,0,20
2023-09-17T13:32:22,14,6,0,20
2023-09-17T13:45:22,14,6,0,20
2023-09-17T13:58:20,14,6,0,20
2023-09-17T14:11:19,14,6,0,20
2023-09-17T14:24:18,14,6,0,20
2023-09-17T14:37:16,14,6,0,20
2023-09-17T14:50:24,14,6,0,20
2023-09-17T15:03:23,14,6,0,20
2023-09-17T15:16:21,14,6,0,20
2023-09-17T15:29:20,14,6,0,20
2023-09-17T15:42:19,14,6,0,20
2023-09-17T15:55:17,14,6,0,20
2023-09-17T16:08:15,14,6,0,20
2023-09-17T16:21:15,14,6,0,20
2023-09-17T16:34:14,14,6,0,20
2023-09-17T16:47:13,14,6,0,20
2023-09-17T17:00:12,14,6,0,20
2023-09-17T17:13:21,14,6,0,20
2023-09-17T17:26:20,14,6,0,20
2023-09-17T17:39:22,14,6,0,20
2023-09-17T17:52:20,14,6,0,20
2023-09-17T18:05:18,14,6,0,20
2023-09-17T18:18:16,14,6,0,20
2023-09-17T18:31:15,14,6,0,20
2023-09-17T18:44:16,14,6,0,20
2023-09-17T18:57:14,14,6,0,20
2023-09-17T19:10:16,14,6,0,20
2023-09-17T19:23:15,14,6,0,20
2023-09-17T19:36:26,14,6,0,20
2023-09-17T19:49:26,14,6,0,20
2023-09-17T20:02:25,14,6,0,20
2023-09-17T20:15:24,14,6,0,20
2023-09-17T20:28:23,14,6,0,20
2023-09-17T20:41:23,14,6,0,20
2023-09-17T20:54:21,14,6,0,20
2023-09-17T21:07:20,14,6,0,20
2023-09-17T21:20:20,14,6,0,20
2023-09-17T21:33:33,14,6,0,20
2023-09-17T21:46:34,14,6,0,20
2023-09-17T21:59:34,14,6,0,20
2023-09-17T22:12:33,14,6,0,20
2023-09-17T22:25:33,14,6,0,20
2023-09-17T22:38:32,14,6,0,20
2023-09-17T22:51:32,14,6,0,20
2023-09-17T23:04:32,14,6,0,20
2023-09-17T23:17:30,14,6,0,20
2023-09-17T23:30:31,14,6,0,20
2023-09-17T23:43:42,14,6,0,20
2023-09-17T23:56:42,14,6,0,20
2023-09-18T00:09:43,14,6,0,20
2023-09-18T00:22:52,14,6,0,20
2023-09-18T00:36:04,14,6,0,20
2023-09-18T00:49:14,14,6,0,20
2023-09-18T01:02:18,14,6,0,20
2023-09-18T01:15:18,14,6,0,20
2023-09-18T01:28:36,14,6,0,20
2023-09-18T01:41:41,14,6,0,20
2023-09-18T01:54:45,14,6,0,20
2023-09-18T02:07:52,14,6,0,20
2023-09-18T02:20:53,14,6,0,20
2023-09-18T02:34:02,14,6,0,20
2023-09-18T02:47:05,14,6,0,20
2023-09-18T03:00:07,14,6,0,20
2023-09-18T03:13:12,14,6,0,20
2023-09-18T03:26:16,14,6,0,20
2023-09-18T03:39:19,14,6,0,20
2023-09-18T03:52:21,14,6,0,20
2023-09-18T04:05:25,14,6,0,20
2023-09-18T04:31:32,14,6,0,20
2023-09-18T04:45:01,14,6,0,20
2023-09-18T04:58:07,14,6,0,20
2023-09-18T05:11:16,14,6,0,20
2023-09-18T05:24:20,14,6,0,20
2023-09-18T05:37:23,14,6,0,20
2023-09-18T05:50:28,14,6,0,20
2023-09-18T06:03:32,14,6,0,20
2023-09-18T06:16:36,14,6,0,20
2023-09-18T06:29:41,14,6,0,20
2023-09-18T06:42:45,14,6,0,20
2023-09-18T06:55:47,14,6,0,20
2023-09-18T07:08:49,14,6,0,20
2023-09-18T07:21:51,14,6,0,20
2023-09-18T07:34:52,14,6,0,20
2023-09-18T07:47:52,14,6,0,20
2023-09-18T08:00:54,14,6,0,20
2023-09-18T08:13:56,14,6,0,20
2023-09-18T08:27:01,14,6,0,20
2023-09-18T08:40:03,14,6,0,20
2023-09-18T08:53:23,14,6,0,20
2023-09-18T09:06:23,14,6,0,20
2023-09-18T09:19:22,14,6,0,20
2023-09-18T09:32:21,14,6,0,20
2023-09-18T09:45:20,14,6,0,20
2023-09-18T09:58:21,14,6,0,20
2023-09-18T10:11:22,14,6,0,20
2023-09-18T10:24:21,14,6,0,20
2023-09-18T10:37:39,14,6,0,20
2023-09-18T10:50:38,14,6,0,20
2023-09-18T11:03:38,14,6,0,20
2023-09-18T11:16:37,14,6,0,20
2023-09-18T11:29:36,14,6,0,20
2023-09-18T11:42:37,14,6,0,20
2023-09-18T11:55:36,14,6,0,20
2023-09-18T12:08:45,14,6,0,20
2023-09-18T12:21:45,14,6,0,20
2023-09-18T12:34:46,14,6,0,20
2023-09-18T12:47:46,14,6,0,20
2023-09-18T13:00:46,14,6,0,20
2023-09-18T13:13:57,14,6,0,20
2023-09-18T13:26:57,14,6,0,20
2023-09-18T13:39:57,14,6,0,20
2023-09-18T13:52:56,14,6,0,20
2023-09-18T14:05:56,14,6,0,20
2023-09-18T14:19:14,14,6,0,20
2023-09-18T14:32:14,14,6,0,20
2023-09-18T14:45:14,14,6,0,20
2023-09-18T14:58:14,14,6,0,20
2023-09-18T15:11:14,14,6,0,20
2023-09-18T15:24:15,14,6,0,20
2023-09-18T15:37:26,14,6,0,20
2023-09-18T15:50:25,14,6,0,20
2023-09-18T16:03:26,14,6,0,20
2023-09-18T16:16:26,14,6,0,20
2023-09-18T16:29:45,14,6,0,20
2023-09-18T16:42:44,14,6,0,20
2023-09-18T16:55:44,14,6,0,20
2023-09-18T17:08:44,14,6,0,20
2023-09-18T17:21:44,14,6,0,20
2023-09-18T17:34:43,14,6,0,20
2023-09-18T17:47:43,14,6,0,20
2023-09-18T18:00:54,14,6,0,20
2023-09-18T18:13:54,14,6,0,20
2023-09-18T18:26:54,14,6,0,20
2023-09-18T18:39:54,14,6,0,20
2023-09-18T18:52:54,14,6,0,20
2023-09-18T19:05:54,14,6,0,20
2023-09-18T19:18:54,14,6,0,20
2023-09-18T19:31:54,14,6,0,20
2023-09-18T19:45:04,14,6,0,20
2023-09-18T19:58:04,14,6,0,20
2023-09-18T20:11:04,14,6,0,20
2023-09-18T20:24:06,14,6,0,20
2023-09-18T20:37:05,14,6,0,20
2023-09-18T20:50:05,14,6,0,20
2023-09-18T21:03:05,14,6,0,20
2023-09-18T21:16:04,14,6,0,20
2023-09-18T21:29:04,14,6,0,20
2023-09-18T21:42:14,14,6,0,20
2023-09-18T21:55:15,14,6,0,20
2023-09-18T22:08:14,14,6,0,20
2023-09-18T22:21:14,14,6,0,20
2023-09-18T22:34:15,14,6,0,20
2023-09-18T22:47:15,14,6,0,20
2023-09-18T23:00:14,14,6,0,20
2023-09-18T23:13:31,14,6,0,20
2023-09-18T23:26:52,14,6,0,20
2023-09-18T23:39:52,14,6,0,20
2023-09-18T23:52:52,14,6,0,20
2023-09-19T00:05:54,14,6,0,20
2023-09-19T00:19:03,14,6,0,20
2023-09-19T00:32:08,14,6,0,20
2023-09-19T00:45:12,14,6,0,20
2023-09-19T00:58:17,14,6,0,20
2023-09-19T01:11:22,14,6,0,20
2023-09-19T01:24:26,14,6,0,20
2023-09-19T01:37:48,14,6,0,20
2023-09-19T01:50:51,14,6,0,20
2023-09-19T02:03:56,14,6,0,20
2023-09-19T02:17:09,14,6,0,20
2023-09-19T02:30:12,14,6,0,20
2023-09-19T02:43:15,14,6,0,20
2023-09-19T02:56:16,14,6,0,20
2023-09-19T03:09:18,14,6,0,20
2023-09-19T03:22:21,14,6,0,20
2023-09-19T03:35:23,14,6,0,20
2023-09-19T03:48:27,14,6,0,20
2023-09-19T04:01:31,14,6,0,20
2023-09-19T04:14:38,14,6,0,20
2023-09-19T04:33:08,14,6,0,20
2023-09-19T04:47:53,14,6,0,20
2023-09-19T05:01:01,14,6,0,20
2023-09-19T05:14:10,14,6,0,20
2023-09-19T05:27:15,14,6,0,20
2023-09-19T05:40:20,14,6,0,20
2023-09-19T05:53:24,14,6,0,20
2023-09-19T06:06:28,14,6,0,20
2023-09-19T06:19:31,14,6,0,20
2023-09-19T06:32:35,14,6,0,20
2023-09-19T06:45:38,14,6,0,20
2023-09-19T06:58:41,14,6,0,20
2023-09-19T07:11:46,14,6,0,20
2023-09-19T07:24:49,14,6,0,20
2023-09-19T07:37:53,14,6,0,20
2023-09-19T07:50:55,14,6,0,20
2023-09-19T08:03:57,14,6,0,20
2023-09-19T08:16:59,14,6,0,20
2023-09-19T08:30:01,14,6,0,20
2023-09-19T08:43:05,14,6,0,20
2023-09-19T08:56:07,14,6,0,20
2023-09-19T09:09:10,14,6,0,20
2023-09-19T09:22:27,14,6,0,20
2023-09-19T09:35:29,14,6,0,20
2023-09-19T09:48:31,14,6,0,20
2023-09-19T10:01:31,14,6,0,20
2023-09-19T10:14:32,14,6,0,20
2023-09-19T10:27:34,14,6,0,20
2023-09-19T10:40:35,14,6,0,20
2023-09-19T10:53:35,14,6,0,20
2023-09-19T11:06:50,14,6,0,20
2023-09-19T11:19:50,14,6,0,20
2023-09-19T11:32:51,14,6,0,20
2023-09-19T11:45:50,14,6,0,20
2023-09-19T11:58:50,14,6,0,20
2023-09-19T12:11:51,14,6,0,20
2023-09-19T12:25:13,14,6,0,20
2023-09-19T12:38:13,14,6,0,20
2023-09-19T12:51:13,14,6,0,20
2023-09-19T13:04:12,14,6,0,20
2023-09-19T13:17:12,14,6,0,20
2023-09-19T13:30:11,14,6,0,20
2023-09-19T13:43:21,14,6,0,20
2023-09-19T13:56:21,14,6,0,20
2023-09-19T14:09:21,14,6,0,20
2023-09-19T14:22:21,14,6,0,20
2023-09-19T14:35:21,14,6,0,20
2023-09-19T14:48:21,15,5,0,20
2023-09-19T15:01:44,15,5,0,20
2023-09-19T15:14:45,15,5,0,20
2023-09-19T15:27:44,15,5,0,20
2023-09-19T15:40:44,15,5,0,20
2023-09-19T15:53:44,15,5,0,20
2023-09-19T16:06:44,15,5,0,20
2023-09-19T16:19:54,15,5,0,20
2023-09-19T16:32:54,15,5,0,20
2023-09-19T16:45:53,15,5,0,20
2023-09-19T16:58:53,15,5,0,20
2023-09-19T17:11:52,15,5,0,20
2023-09-19T17:24:53,15,5,0,20
2023-09-19T17:37:53,15,5,0,20
2023-09-19T17:51:13,15,5,0,20
2023-09-19T18:04:12,15,5,0,20
2023-09-19T18:17:12,15,5,0,20
2023-09-19T18:30:11,15,5,0,20
2023-09-19T18:43:12,15,5,0,20
2023-09-19T18:56:11,15,5,0,20
2023-09-19T19:09:11,15,5,0,20
2023-09-19T19:22:22,15,5,0,20
2023-09-19T19:35:22,15,5,0,20
2023-09-19T19:48:22,15,5,0,20
2023-09-19T20:01:23,15,5,0,20
2023-09-19T20:14:24,15,5,0,20
2023-09-19T20:27:24,15,5,0,20
2023-09-19T20:40:45,15,5,0,20
2023-09-19T20:53:44,15,5,0,20
2023-09-19T21:06:44,15,5,0,20
2023-09-19T21:19:44,15,5,0,20
2023-09-19T21:32:44,15,5,0,20
2023-09-19T21:45:44,15,5,0,20
2023-09-19T21:58:54,15,5,0,20
2023-09-19T22:11:54,15,5,0,20
2023-09-19T22:24:54,15,5,0,20
2023-09-19T22:37:53,15,5,0,20
2023-09-19T22:50:52,15,5,0,20
2023-09-19T23:03:52,15,5,0,20
2023-09-19T23:16:53,15,5,0,20
2023-09-19T23:30:13,15,5,0,20
2023-09-19T23:43:14,15,5,0,20
2023-09-19T23:56:14,15,5,0,20
2023-09-20T00:09:15,15,5,0,20
2023-09-20T00:22:20,15,5,0,20
2023-09-20T00:35:25,15,5,0,20
2023-09-20T00:48:31,15,5,0,20
2023-09-20T01:01:35,15,5,0,20
2023-09-20T01:14:40,15,5,0,20
2023-09-20T01:27:45,15,5,0,20
2023-09-20T01:40:50,15,5,0,20
2023-09-20T01:54:08,15,5,0,20
2023-09-20T02:07:13,15,5,0,20
2023-09-20T02:20:17,15,5,0,20
2023-09-20T02:33:21,15,5,0,20
2023-09-20T02:46:23,15,5,0,20
2023-09-20T02:59:24,15,5,0,20
2023-09-20T03:12:29,15,5,0,20
2023-09-20T03:26:14,15,5,0,20
2023-09-20T03:39:18,15,5,0,20
2023-09-20T03:52:22,15,5,0,20
2023-09-20T04:06:30,15,5,0,20
2023-09-20T04:29:54,15,5,0,20
2023-09-20T04:43:21,15,5,0,20
2023-09-20T04:56:25,15,5,0,20
2023-09-20T05:09:41,15,5,0,20
2023-09-20T05:22:46,15,5,0,20
2023-09-20T05:35:50,15,5,0,20
2023-09-20T05:49:04,15,5,0,20
2023-09-20T06:02:10,15,5,0,20
2023-09-20T06:15:14,15,5,0,20
2023-09-20T06:28:18,15,5,0,20
2023-09-20T06:41:21,15,5,0,20
2023-09-20T06:54:24,15,5,0,20
2023-09-20T07:07:28,15,5,0,20
2023-09-20T07:20:31,15,5,0,20
2023-09-20T07:33:33,15,5,0,20
2023-09-20T07:46:36,15,5,0,20
2023-09-20T07:59:38,15,5,0,20
2023-09-20T08:12:40,15,5,0,20
2023-09-20T08:25:51,15,5,0,20
2023-09-20T08:38:51,15,5,0,20
2023-09-20T08:51:50,15,5,0,20
2023-09-20T09:04:50,15,5,0,20
2023-09-20T09:17:54,15,5,0,20
2023-09-20T09:30:54,15,5,0,20
2023-09-20T09:43:54,15,5,0,20
2023-09-20T09:56:54,15,5,0,20
2023-09-20T10:10:03,15,5,0,20
2023-09-20T10:23:04,15,5,0,20
2023-09-20T10:36:04,15,5,0,20
2023-09-20T10:49:03,15,5,0,20
2023-09-20T11:02:04,15,5,0,20
2023-09-20T11:15:04,15,5,0,20
2023-09-20T11:28:03,15,5,0,20
2023-09-20T11:41:14,15,5,0,20
2023-09-20T11:54:14,15,5,0,20
2023-09-20T12:07:14,15,5,0,20
2023-09-20T12:20:14,15,5,0,20
2023-09-20T12:33:14,15,5,0,20
2023-09-20T12:46:14,15,5,0,20
2023-09-20T12:59:25,15,5,0,20
2023-09-20T13:12:24,15,5,0,20
2023-09-20T13:25:23,15,5,0,20
2023-09-20T13:38:23,15,5,0,20
2023-09-20T13:51:25,15,5,0,20
2023-09-20T14:04:25,15,5,0,20
2023-09-20T14:17:36,15,5,0,20
2023-09-20T14:30:37,15,5,0,20
2023-09-20T14:43:38,15,5,0,20
2023-09-20T14:56:38,15,5,0,20
2023-09-20T15:09:39,15,5,0,20
2023-09-20T15:22:41,15,5,0,20
2023-09-20T15:35:52,15,5,0,20
2023-09-20T15:48:52,15,5,0,20
2023-09-20T16:01:52,15,5,0,20
2023-09-20T16:14:52,15,5,0,20
2023-09-20T16:27:52,15,5,0,20
2023-09-20T16:40:52,15,5,0,20
2023-09-20T16:53:53,15,5,0,20
2023-09-20T17:07:05,15,5,0,20
2023-09-20T17:20:08,15,5,0,20
2023-09-20T17:33:08,15,5,0,20
2023-09-20T17:46:07,15,5,0,20
2023-09-20T17:59:09,15,5,0,20
2023-09-20T18:12:09,15,5,0,20
2023-09-20T18:25:09,15,5,0,20
2023-09-20T18:38:19,15,5,0,20
2023-09-20T18:51:19,15,5,0,20
2023-09-20T19:04:19,15,5,0,20
2023-09-20T19:17:20,15,5,0,20
2023-09-20T19:30:22,15,5,0,20
2023-09-20T19:43:22,15,5,0,20
2023-09-20T19:56:22,15,5,0,20
2023-09-20T20:09:34,15,5,0,20
2023-09-20T20:22:34,15,5,0,20
2023-09-20T20:35:34,15,5,0,20
2023-09-20T20:48:35,15,5,0,20
2023-09-20T21:01:35,15,5,0,20
2023-09-20T21:14:34,15,5,0,20
2023-09-20T21:27:46,15,5,0,20
2023-09-20T21:40:47,15,5,0,20
2023-09-20T21:53:46,15,5,0,20
2023-09-20T22:06:47,15,5,0,20
2023-09-20T22:19:46,15,5,0,20
2023-09-20T22:32:47,15,5,0,20
2023-09-20T22:45:48,15,5,0,20
2023-09-20T22:58:58,15,5,0,20
2023-09-20T23:11:59,15,5,0,20
2023-09-20T23:25:00,15,5,0,20
2023-09-20T23:38:00,15,5,0,20
2023-09-20T23:51:01,15,5,0,20
2023-09-21T00:04:02,15,5,0,20
2023-09-21T00:17:08,15,5,0,20
2023-09-21T00:30:12,15,5,0,20
2023-09-21T00:43:18,15,5,0,20
2023-09-21T00:56:34,15,5,0,20
2023-09-21T01:09:39,15,5,0,20
2023-09-21T01:22:42,15,5,0,20
2023-09-21T01:35:46,15,5,0,20
2023-09-21T01:48:50,15,5,0,20
2023-09-21T02:01:55,15,5,0,20
2023-09-21T02:14:59,15,5,0,20
2023-09-21T02:28:02,15,5,0,20
2023-09-21T02:41:05,15,5,0,20
2023-09-21T02:54:06,15,5,0,20
2023-09-21T03:07:08,15,5,0,20
2023-09-21T03:20:13,15,5,0,20
2023-09-21T03:33:16,15,5,0,20
2023-09-21T03:46:19,15,5,0,20
2023-09-21T03:59:26,15,5,0,20
2023-09-21T04:12:32,15,5,0,20
2023-09-21T04:28:48,15,5,0,20
2023-09-21T04:43:15,15,5,0,20
2023-09-21T04:56:37,15,5,0,20
2023-09-21T05:09:45,15,5,0,20
2023-09-21T05:22:49,15,5,0,20
2023-09-21T05:35:53,15,5,0,20
2023-09-21T05:48:56,15,5,0,20
2023-09-21T06:02:00,15,5,0,20
2023-09-21T06:15:03,15,5,0,20
2023-09-21T06:28:09,15,5,0,20
2023-09-21T06:41:16,15,5,0,20
2023-09-21T06:54:20,15,5,0,20
2023-09-21T07:07:24,15,5,0,20
2023-09-21T07:20:28,15,5,0,20
2023-09-21T07:33:31,15,5,0,20
2023-09-21T07:46:34,15,5,0,20
2023-09-21T07:59:39,15,5,0,20
2023-09-21T08:12:43,15,5,0,20
2023-09-21T08:25:48,15,5,0,20
2023-09-21T08:39:05,15,5,0,20
2023-09-21T08:52:08,15,5,0,20
2023-09-21T09:05:09,15,5,0,20
2023-09-21T09:18:11,15,5,0,20
2023-09-21T09:31:11,15,5,0,20
2023-09-21T09:44:11,15,5,0,20
2023-09-21T09:57:12,15,5,0,20
2023-09-21T10:10:12,15,5,0,20
2023-09-21T10:23:13,15,5,0,20
2023-09-21T10:36:23,15,5,0,20
2023-09-21T10:49:24,15,5,0,20
2023-09-21T11:02:24,15,5,0,20
2023-09-21T11:15:24,15,5,0,20
2023-09-21T11:28:24,15,5,0,20
2023-09-21T11:41:25,15,5,0,20
2023-09-21T11:54:45,15,5,0,20
2023-09-21T12:07:46,15,5,0,20
2023-09-21T12:20:46,15,5,0,20
2023-09-21T12:33:46,15,5,0,20
2023-09-21T12:46:47,15,5,0,20
2023-09-21T12:59:48,15,5,0,20
2023-09-21T13:12:59,15,5,0,20
2023-09-21T13:25:59,15,5,0,20
2023-09-21T13:39:03,15,5,0,20
2023-09-21T13:52:03,15,5,0,20
2023-09-21T14:05:04,15,5,0,20
2023-09-21T14:18:15,15,5,0,20
2023-09-21T14:31:16,15,5,0,20
2023-09-21T14:44:17,15,5,0,20
2023-09-21T14:57:18,15,5,0,20
2023-09-21T15:10:19,15,5,0,20
2023-09-21T15:23:19,15,5,0,20
2023-09-21T15:36:32,15,5,0,20
2023-09-21T15:49:34,15,5,0,20
2023-09-21T16:02:35,15,5,0,20
2023-09-21T16:15:36,15,5,0,20
2023-09-21T16:28:38,15,5,0,20
2023-09-21T16:41:40,15,5,0,20
2023-09-21T16:54:51,15,5,0,20
2023-09-21T17:07:52,15,5,0,20
2023-09-21T17:20:54,15,5,0,20
2023-09-21T17:33:54,15,5,0,20
2023-09-21T17:46:55,15,5,0,20
2023-09-21T17:59:56,15,5,0,20
2023-09-21T18:12:57,15,5,0,20
2023-09-21T18:26:10,15,5,0,20
2023-09-21T18:39:11,15,5,0,20
2023-09-21T18:52:11,15,5,0,20
2023-09-21T19:05:13,15,5,0,20
2023-09-21T19:18:13,15,5,0,20
2023-09-21T19:31:15,15,5,0,20
2023-09-21T19:44:15,15,5,0,20
2023-09-21T19:57:34,15,5,0,20
2023-09-21T20:10:35,15,5,0,20
2023-09-21T20:23:37,15,5,0,20
2023-09-21T20:36:37,15,5,0,20
2023-09-21T20:49:38,15,5,0,20
2023-09-21T21:02:38,15,5,0,20
2023-09-21T21:15:39,15,5,0,20
2023-09-21T21:28:42,15,5,0,20
2023-09-21T21:41:54,15,5,0,20
2023-09-21T21:54:55,15,5,0,20
2023-09-21T22:07:56,15,5,0,20
2023-09-21T22:20:56,15,5,0,20
2023-09-21T22:33:57,15,5,0,20
2023-09-21T22:46:57,15,5,0,20
2023-09-21T23:00:18,15,5,0,20
2023-09-21T23:13:19,15,5,0,20
2023-09-21T23:26:21,15,5,0,20
2023-09-21T23:39:22,15,5,0,20
2023-09-21T23:52:24,15,5,0,20
2023-09-22T00:05:27,15,5,0,20
2023-09-22T00:18:32,15,5,0,20
2023-09-22T00:31:37,15,5,0,20
2023-09-22T00:44:43,15,5,0,20
2023-09-22T00:57:48,15,5,0,20
2023-09-22T01:11:05,15,5,0,20
2023-09-22T01:24:11,15,5,0,20
2023-09-22T01:37:18,15,5,0,20
2023-09-22T01:50:23,15,5,0,20
2023-09-22T02:03:31,15,5,0,20
2023-09-22T02:16:36,15,5,0,20
2023-09-22T02:29:38,15,5,0,20
2023-09-22T02:42:44,15,5,0,20
2023-09-22T02:55:48,15,5,0,20
2023-09-22T03:08:51,15,5,0,20
2023-09-22T03:21:58,15,5,0,20
2023-09-22T03:35:22,15,5,0,20
2023-09-22T03:48:28,15,5,0,20
2023-09-22T04:01:33,15,5,0,20
2023-09-22T07:06:50,15,5,0,20
2023-09-22T07:19:54,15,5,0,20
2023-09-22T07:33:02,15,5,0,20
2023-09-22T07:46:05,15,5,0,20
2023-09-22T07:59:09,15,5,0,20
2023-09-22T08:12:20,15,5,0,20
2023-09-22T08:25:24,15,5,0,20
2023-09-22T08:38:25,15,5,0,20
2023-09-22T08:51:29,15,5,0,20
2023-09-22T09:04:30,15,5,0,20
2023-09-22T09:17:33,15,5,0,20
2023-09-22T09:30:35,15,5,0,20
2023-09-22T09:43:37,15,5,0,20
2023-09-22T09:56:38,15,5,0,20
2023-09-22T10:09:52,15,5,0,20
2023-09-22T10:22:54,15,5,0,20
2023-09-22T10:35:56,15,5,0,20
2023-09-22T10:48:59,15,5,0,20
2023-09-22T11:02:00,15,5,0,20
2023-09-22T11:15:01,15,5,0,20
2023-09-22T11:28:13,15,5,0,20
2023-09-22T11:41:15,15,5,0,20
2023-09-22T11:54:16,15,5,0,20
2023-09-22T12:07:17,15,5,0,20
2023-09-22T12:20:19,15,5,0,20
2023-09-22T12:33:23,15,5,0,20
2023-09-22T12:46:42,15,5,0,20
2023-09-22T12:59:44,15,5,0,20
2023-09-22T13:12:46,15,5,0,20
2023-09-22T13:25:47,15,5,0,20
2023-09-22T13:38:49,15,5,0,20
2023-09-22T13:51:50,15,5,0,20
2023-09-22T14:04:53,15,5,0,20
2023-09-22T14:18:08,15,5,0,20
2023-09-22T14:31:14,15,5,0,20
2023-09-22T14:44:17,15,5,0,20
2023-09-22T14:57:21,15,5,0,20
2023-09-22T15:10:26,15,5,0,20
2023-09-22T15:23:31,15,5,0,20
2023-09-22T15:36:45,15,5,0,20
2023-09-22T15:49:47,15,5,0,20
2023-09-22T16:02:48,15,5,0,20
2023-09-22T16:15:49,15,5,0,20
2023-09-22T16:28:50,15,5,0,20
2023-09-22T16:41:51,15,5,0,20
2023-09-22T16:55:11,15,5,0,20
2023-09-22T17:08:13,15,5,0,20
2023-09-22T17:21:15,15,5,0,20
2023-09-22T17:34:15,15,5,0,20
2023-09-22T17:47:17,15,5,0,20
2023-09-22T18:00:17,15,5,0,20
2023-09-22T18:13:29,15,5,0,20
2023-09-22T18:26:30,15,5,0,20
2023-09-22T18:39:33,15,5,0,20
2023-09-22T18:52:35,15,5,0,20
2023-09-22T19:05:37,15,5,0,20
2023-09-22T19:18:38,15,5,0,20
2023-09-22T19:31:40,15,5,0,20
2023-09-22T19:44:51,15,5,0,20
2023-09-22T19:57:52,15,5,0,20
2023-09-22T20:10:53,15,5,0,20
2023-09-22T20:23:55,15,5,0,20
2023-09-22T20:36:56,15,5,0,20
2023-09-22T20:56:50,15,5,0,20
2023-09-22T21:09:51,15,5,0,20
2023-09-22T21:22:52,15,5,0,20
2023-09-22T21:35:52,15,5,0,20
2023-09-22T21:48:53,15,5,0,20
2023-09-22T22:01:54,15,5,0,20
2023-09-22T22:14:55,15,5,0,20
2023-09-22T22:28:07,15,5,0,20
2023-09-22T22:41:07,15,5,0,20
2023-09-22T22:54:07,15,5,0,20
2023-09-22T23:07:11,15,5,0,20
2023-09-22T23:20:12,15,5,0,20
2023-09-22T23:33:13,15,5,0,20
2023-09-22T23:46:15,15,5,0,20
2023-09-22T23:59:16,15,5,0,20
2023-09-23T00:12:21,15,5,0,20
2023-09-23T00:25:40,15,5,0,20
2023-09-23T00:38:45,15,5,0,20
2023-09-23T00:51:53,15,5,0,20
2023-09-23T01:00:06,15,5,0,20
2023-09-23T01:13:12,15,5,0,20
2023-09-23T01:26:19,15,5,0,20
2023-09-23T01:39:26,15,5,0,20
2023-09-23T01:52:33,15,5,0,20
2023-09-23T02:05:39,15,5,0,20
2023-09-23T02:18:43,15,5,0,20
2023-09-23T02:31:48,15,5,0,20
2023-09-23T02:44:53,15,5,0,20
2023-09-23T02:57:55,15,5,0,20
2023-09-23T03:10:58,15,5,0,20
2023-09-23T03:24:02,15,5,0,20
2023-09-23T03:37:06,15,5,0,20
2023-09-23T03:50:13,15,5,0,20
2023-09-23T04:07:29,15,5,0,20
2023-09-23T04:23:08,15,5,0,20
2023-09-23T04:36:41,15,5,0,20
2023-09-23T04:49:49,15,5,0,20
2023-09-23T05:02:55,15,5,0,20
2023-09-23T05:16:01,15,5,0,20
2023-09-23T05:29:07,15,5,0,20
2023-09-23T05:42:14,15,5,0,20
2023-09-23T05:55:19,15,5,0,20
2023-09-23T06:08:26,15,5,0,20
2023-09-23T06:21:31,15,5,0,20
2023-09-23T06:34:36,15,5,0,20
2023-09-23T06:47:41,15,5,0,20
2023-09-23T07:00:46,15,5,0,20
2023-09-23T07:13:51,15,5,0,20
2023-09-23T07:26:55,15,5,0,20
2023-09-23T07:39:59,15,5,0,20
2023-09-23T07:53:04,15,5,0,20
2023-09-23T08:06:16,15,5,0,20
2023-09-23T08:19:20,15,5,0,20
2023-09-23T08:32:26,15,5,0,20
2023-09-23T08:45:31,15,5,0,20
2023-09-23T08:58:34,15,5,0,20
2023-09-23T09:11:38,15,5,0,20
2023-09-23T09:24:41,15,5,0,20
2023-09-23T09:37:45,15,5,0,20
2023-09-23T09:50:48,15,5,0,20
2023-09-23T10:03:51,15,5,0,20
2023-09-23T10:16:53,15,5,0,20
2023-09-23T10:29:55,15,5,0,20
2023-09-23T10:43:08,15,5,0,20
2023-09-23T10:56:11,15,5,0,20
2023-09-23T11:09:12,15,5,0,20
2023-09-23T11:22:12,15,5,0,20
2023-09-23T11:35:13,15,5,0,20
2023-09-23T11:48:16,15,5,0,20
2023-09-23T12:01:16,15,5,0,20
2023-09-23T12:14:17,15,5,0,20
2023-09-23T12:27:31,16,4,0,20
2023-09-23T12:40:32,16,4,0,20
2023-09-23T12:53:33,16,4,0,20
2023-09-23T13:06:34,16,4,0,20
2023-09-23T13:19:34,16,4,0,20
2023-09-23T13:32:35,16,4,0,20
2023-09-23T13:45:36,16,4,0,20
2023-09-23T13:58:37,16,4,0,20
2023-09-23T14:11:47,16,4,0,20
2023-09-23T14:24:49,16,4,0,20
2023-09-23T14:37:55,16,4,0,20
2023-09-23T14:50:56,16,4,0,20
2023-09-23T15:03:57,16,4,0,20
2023-09-23T15:16:59,16,4,0,20
2023-09-23T15:29:59,16,4,0,20
2023-09-23T15:43:00,16,4,0,20
2023-09-23T15:56:11,16,4,0,20
2023-09-23T16:09:11,16,4,0,20
2023-09-23T16:22:12,16,4,0,20
2023-09-23T16:35:13,16,4,0,20
2023-09-23T16:48:14,16,4,0,20
2023-09-23T17:01:15,16,4,0,20
2023-09-23T17:14:16,16,4,0,20
2023-09-23T17:27:17,16,4,0,20
2023-09-23T17:40:18,16,4,0,20
2023-09-23T17:53:19,16,4,0,20
2023-09-23T18:06:30,16,4,0,20
2023-09-23T18:19:31,16,4,0,20
2023-09-23T18:32:32,16,4,0,20
2023-09-23T18:45:33,16,4,0,20
2023-09-23T18:58:34,16,4,0,20
2023-09-23T19:11:36,16,4,0,20
2023-09-23T19:24:37,16,4,0,20
2023-09-23T19:37:38,16,4,0,20
2023-09-23T19:50:49,16,4,0,20
2023-09-23T20:03:49,16,4,0,20
2023-09-23T20:16:50,16,4,0,20
2023-09-23T20:29:51,16,4,0,20
2023-09-23T20:42:52,16,4,0,20
2023-09-23T20:55:53,16,4,0,20
2023-09-23T21:08:55,16,4,0,20
2023-09-23T21:21:55,16,4,0,20
2023-09-23T21:34:57,16,4,0,20
2023-09-23T21:47:58,16,4,0,20
2023-09-23T22:01:08,16,4,0,20
2023-09-23T22:14:09,16,4,0,20
2023-09-23T22:27:10,16,4,0,20
2023-09-23T22:40:11,16,4,0,20
2023-09-23T22:53:11,16,4,0,20
2023-09-23T23:06:13,16,4,0,20
2023-09-23T23:19:14,16,4,0,20
2023-09-23T23:32:15,16,4,0,20
2023-09-23T23:45:15,16,4,0,20
2023-09-23T23:58:16,16,4,0,20
2023-09-24T00:11:28,16,4,0,20
2023-09-24T00:24:35,16,4,0,20
2023-09-24T00:37:38,16,4,0,20
2023-09-24T00:50:40,16,4,0,20
2023-09-24T01:03:41,16,4,0,20
2023-09-24T01:16:41,16,4,0,20
2023-09-24T01:29:42,16,4,0,20
2023-09-24T01:42:42,16,4,0,20
2023-09-24T01:55:45,16,4,0,20
2023-09-24T02:08:47,16,4,0,20
2023-09-24T02:21:48,16,4,0,20
2023-09-24T02:34:50,16,4,0,20
2023-09-24T02:47:53,16,4,0,20
2023-09-24T03:00:55,16,4,0,20
2023-09-24T03:13:55,16,4,0,20
2023-09-24T03:26:58,16,4,0,20
2023-09-24T03:40:01,16,4,0,20
2023-09-24T03:53:33,16,4,0,20
2023-09-24T04:06:40,16,4,0,20
2023-09-24T04:23:53,16,4,0,20
2023-09-24T04:37:25,16,4,0,20
2023-09-24T04:50:32,16,4,0,20
2023-09-24T05:03:39,16,4,0,20
2023-09-24T05:16:47,16,4,0,20
2023-09-24T05:29:53,16,4,0,20
2023-09-24T05:43:00,16,4,0,20
2023-09-24T05:56:06,16,4,0,20
2023-09-24T06:09:12,16,4,0,20
2023-09-24T06:22:18,16,4,0,20
2023-09-24T06:35:23,16,4,0,20
2023-09-24T06:48:29,16,4,0,20
2023-09-24T07:01:35,16,4,0,20
2023-09-24T07:14:56,16,4,0,20
2023-09-24T07:28:01,16,4,0,20
2023-09-24T07:41:04,16,4,0,20
2023-09-24T07:54:07,16,4,0,20
2023-09-24T08:07:13,16,4,0,20
2023-09-24T08:20:16,16,4,0,20
2023-09-24T08:33:20,16,4,0,20
2023-09-24T08:46:28,16,4,0,20
2023-09-24T08:59:30,16,4,0,20
2023-09-24T09:12:36,16,4,0,20
2023-09-24T09:25:50,16,4,0,20
2023-09-24T09:38:56,16,4,0,20
2023-09-24T09:52:02,16,4,0,20
2023-09-24T10:05:07,16,4,0,20
2023-09-24T10:18:14,16,4,0,20
2023-09-24T10:31:21,16,4,0,20
2023-09-24T10:44:30,16,4,0,20
2023-09-24T10:57:40,16,4,0,20
2023-09-24T11:10:45,16,4,0,20
2023-09-24T11:23:48,16,4,0,20
2023-09-24T11:37:01,16,4,0,20
2023-09-24T11:50:02,16,4,0,20
2023-09-24T12:03:03,16,4,0,20
2023-09-24T12:16:06,16,4,0,20
2023-09-24T12:29:06,16,4,0,20
2023-09-24T12:42:07,16,4,0,20
2023-09-24T12:55:19,16,4,0,20
2023-09-24T13:08:20,16,4,0,20
2023-09-24T13:21:20,16,4,0,20
2023-09-24T13:34:21,16,4,0,20
2023-09-24T13:47:21,16,4,0,20
2023-09-24T14:00:22,16,4,0,20
2023-09-24T14:13:24,16,4,0,20
2023-09-24T14:26:34,16,4,0,20
2023-09-24T14:39:35,16,4,0,20
2023-09-24T14:52:36,16,4,0,20
2023-09-24T15:05:37,16,4,0,20
2023-09-24T15:18:38,16,4,0,20
2023-09-24T15:31:40,16,4,0,20
2023-09-24T15:44:41,16,4,0,20
2023-09-24T15:57:42,16,4,0,20
2023-09-24T16:10:53,16,4,0,20
2023-09-24T16:23:54,16,4,0,20
2023-09-24T16:36:56,16,4,0,20
2023-09-24T16:49:58,16,4,0,20
2023-09-24T17:02:58,16,4,0,20
2023-09-24T17:15:59,16,4,0,20
2023-09-24T17:29:00,16,4,0,20
2023-09-24T17:42:11,16,4,0,20
2023-09-24T17:55:12,16,4,0,20
2023-09-24T18:08:12,16,4,0,20
2023-09-24T18:21:13,16,4,0,20
2023-09-24T18:34:14,16,4,0,20
2023-09-24T18:47:25,16,4,0,20
2023-09-24T19:00:25,16,4,0,20
2023-09-24T19:13:30,16,4,0,20
2023-09-24T19:26:31,16,4,0,20
2023-09-24T19:39:32,16,4,0,20
2023-09-24T19:52:33,16,4,0,20
2023-09-24T20:05:33,16,4,0,20
2023-09-24T20:18:44,16,4,0,20
2023-09-24T20:31:45,16,4,0,20
2023-09-24T20:44:45,16,4,0,20
2023-09-24T20:57:46,16,4,0,20
2023-09-24T21:10:47,16,4,0,20
2023-09-24T21:23:48,16,4,0,20
2023-09-24T21:36:50,16,4,0,20
2023-09-24T21:50:02,16,4,0,20
2023-09-24T22:03:04,16,4,0,20
2023-09-24T22:16:06,16,4,0,20
2023-09-24T22:29:07,16,4,0,20
2023-09-24T22:42:08,16,4,0,20
2023-09-24T22:55:08,16,4,0,20
2023-09-24T23:08:20,16,4,0,20
2023-09-24T23:21:21,16,4,0,20
2023-09-24T23:34:25,16,4,0,20
2023-09-24T23:47:26,16,4,0,20
2023-09-25T00:00:27,16,4,0,20
2023-09-25T00:13:34,16,4,0,20
2023-09-25T00:27:03,16,4,0,20
2023-09-25T00:40:16,16,4,0,20
2023-09-25T00:53:22,16,4,0,20
2023-09-25T01:06:24,16,4,0,20
2023-09-25T01:19:36,16,4,0,20
2023-09-25T01:32:43,16,4,0,20
2023-09-25T01:45:49,16,4,0,20
2023-09-25T01:58:58,16,4,0,20
2023-09-25T02:12:16,16,4,0,20
2023-09-25T02:25:20,16,4,0,20
2023-09-25T02:38:25,16,4,0,20
2023-09-25T02:51:29,16,4,0,20
2023-09-25T03:04:32,16,4,0,20
2023-09-25T03:17:47,16,4,0,20
2023-09-25T03:30:52,16,4,0,20
2023-09-25T03:43:57,16,4,0,20
2023-09-25T03:57:02,16,4,0,20
2023-09-25T04:10:08,16,4,0,20
2023-09-25T04:24:08,16,4,0,20
2023-09-25T04:37:16,16,4,0,20
2023-09-25T04:51:49,16,4,0,20
2023-09-25T05:05:22,16,4,0,20
2023-09-25T05:18:31,16,4,0,20
2023-09-25T05:31:46,16,4,0,20
2023-09-25T05:44:52,16,4,0,20
2023-09-25T05:57:58,16,4,0,20
2023-09-25T06:11:11,16,4,0,20
2023-09-25T06:24:16,16,4,0,20
2023-09-25T06:37:22,16,4,0,20
2023-09-25T06:50:26,16,4,0,20
2023-09-25T07:03:32,16,4,0,20
2023-09-25T07:16:36,16,4,0,20
2023-09-25T07:29:39,16,4,0,20
2023-09-25T07:42:40,16,4,0,20
2023-09-25T07:55:40,16,4,0,20
2023-09-25T08:08:41,16,4,0,20
2023-09-25T08:21:51,16,4,0,20
2023-09-25T08:34:52,16,4,0,20
2023-09-25T08:47:53,16,4,0,20
2023-09-25T09:01:08,16,4,0,20
2023-09-25T09:14:09,16,4,0,20
2023-09-25T09:27:12,16,4,0,20
2023-09-25T09:40:17,16,4,0,20
2023-09-25T09:53:18,16,4,0,20
2023-09-25T10:06:30,16,4,0,20
2023-09-25T10:19:31,16,4,0,20
2023-09-25T10:32:31,16,4,0,20
2023-09-25T10:45:32,16,4,0,20
2023-09-25T10:58:45,16,4,0,20
2023-09-25T11:11:47,16,4,0,20
2023-09-25T11:24:49,16,4,0,20
2023-09-25T11:37:50,16,4,0,20
2023-09-25T11:51:01,16,4,0,20
2023-09-25T12:04:02,16,4,0,20
2023-09-25T12:17:03,16,4,0,20
2023-09-25T12:30:04,16,4,0,20
2023-09-25T12:43:16,16,4,0,20
2023-09-25T12:56:17,16,4,0,20
2023-09-25T13:09:18,16,4,0,20
2023-09-25T13:22:19,16,4,0,20
2023-09-25T13:35:31,16,4,0,20
2023-09-25T13:48:33,16,4,0,20
2023-09-25T14:01:34,16,4,0,20
2023-09-25T14:14:37,16,4,0,20
2023-09-25T14:27:49,16,4,0,20
2023-09-25T14:40:51,16,4,0,20
2023-09-25T14:53:53,16,4,0,20
2023-09-25T15:06:55,16,4,0,20
2023-09-25T15:19:56,16,4,0,20
2023-09-25T15:33:09,16,4,0,20
2023-09-25T15:46:11,16,4,0,20
2023-09-25T15:59:13,16,4,0,20
2023-09-25T16:12:24,16,4,0,20
2023-09-25T16:25:26,16,4,0,20
2023-09-25T16:38:27,17,3,0,20
2023-09-25T16:51:28,17,3,0,20
2023-09-25T17:04:43,17,3,0,20
2023-09-25T17:17:46,17,3,0,20
2023-09-25T17:30:48,17,3,0,20
2023-09-25T17:43:49,18,2,0,20
2023-09-25T17:56:50,18,2,0,20
2023-09-25T18:10:02,18,2,0,20
2023-09-25T18:23:03,18,2,0,20
2023-09-25T18:36:04,18,2,0,20
2023-09-25T18:49:05,18,2,0,20
2023-09-25T19:02:17,18,2,0,20
2023-09-25T19:15:19,18,2,0,20
2023-09-25T19:28:20,18,2,0,20
2023-09-25T19:41:22,19,1,0,20
2023-09-25T19:54:22,19,1,0,20
2023-09-25T20:07:35,19,1,0,20
2023-09-25T20:20:36,19,1,0,20
2023-09-25T20:33:37,19,1,0,20
2023-09-25T20:46:38,19,1,0,20
2023-09-25T20:59:39,19,1,0,20
2023-09-25T21:12:51,19,1,0,20
2023-09-25T21:25:52,19,1,0,20
2023-09-25T21:38:54,19,1,0,20
2023-09-25T21:51:55,19,1,0,20
2023-09-25T22:04:56,19,1,0,20
2023-09-25T22:18:08,19,1,0,20
2023-09-25T22:31:09,19,1,0,20
2023-09-25T22:44:10,19,1,0,20
2023-09-25T22:57:11,19,1,0,20
2023-09-25T23:10:13,19,1,0,20
2023-09-25T23:23:15,19,1,0,20
2023-09-25T23:36:27,19,1,0,20
2023-09-25T23:49:30,19,1,0,20
2023-09-26T00:02:32,19,1,0,20
2023-09-26T00:15:36,19,1,0,20
2023-09-26T00:28:44,19,1,0,20
2023-09-26T00:41:51,19,1,0,20
2023-09-26T00:55:11,19,1,0,20
2023-09-26T01:08:17,19,1,0,20
2023-09-26T01:21:23,19,1,0,20
2023-09-26T01:34:29,19,1,0,20
2023-09-26T01:47:34,19,1,0,20
2023-09-26T02:00:41,19,1,0,20
2023-09-26T02:13:46,19,1,0,20
2023-09-26T02:26:50,19,1,0,20
2023-09-26T02:39:53,19,1,0,20
2023-09-26T02:52:56,19,1,0,20
2023-09-26T03:05:59,19,1,0,20
2023-09-26T03:19:04,19,1,0,20
2023-09-26T03:32:10,19,1,0,20
2023-09-26T03:45:29,19,1,0,20
2023-09-26T03:58:36,19,1,0,20
2023-09-26T04:11:42,19,1,0,20
2023-09-26T04:26:13,19,1,0,20
2023-09-26T04:39:39,19,1,0,20
2023-09-26T04:52:47,19,1,0,20
2023-09-26T05:05:56,19,1,0,20
2023-09-26T05:19:03,19,1,0,20
2023-09-26T05:32:09,19,1,0,20
2023-09-26T05:45:20,19,1,0,20
2023-09-26T05:58:29,19,1,0,20
2023-09-26T06:11:34,19,1,0,20
2023-09-26T06:24:40,19,1,0,20
2023-09-26T06:37:46,19,1,0,20
2023-09-26T06:50:51,19,1,0,20
2023-09-26T07:03:59,19,1,0,20
2023-09-26T07:17:03,19,1,0,20
2023-09-26T07:30:07,19,1,0,20
2023-09-26T07:43:10,19,1,0,20
2023-09-26T07:56:13,19,1,0,20
2023-09-26T08:09:17,19,1,0,20
2023-09-26T08:22:21,19,1,0,20
2023-09-26T08:35:37,19,1,0,20
2023-09-26T08:48:40,19,1,0,20
2023-09-26T09:01:42,20,0,0,20
2023-09-26T09:14:43,20,0,0,20
2023-09-26T09:27:45,20,0,0,20
2023-09-26T09:40:46,20,0,0,20
2023-09-26T09:53:49,20,0,0,20
2023-09-26T10:07:01,20,0,0,20
2023-09-26T10:20:02,20,0,0,20
2023-09-26T10:33:05,20,0,0,20
2023-09-26T10:46:08,20,0,0,20
2023-09-26T10:59:10,20,0,0,20
2023-09-26T11:12:23,20,0,0,20
2023-09-26T11:25:25,20,0,0,20
2023-09-26T11:38:27,20,0,0,20
2023-09-26T11:51:43,20,0,0,20
2023-09-26T12:04:45,20,0,0,20
2023-09-26T12:17:47,20,0,0,20
2023-09-26T12:30:59,20,0,0,20
2023-09-26T12:44:00,20,0,0,20
2023-09-26T12:57:02,20,0,0,20
2023-09-26T13:10:03,20,0,0,20
2023-09-26T13:23:16,20,0,0,20
2023-09-26T13:36:18,20,0,0,20
2023-09-26T13:49:20,20,0,0,20
2023-09-26T14:02:23,20,0,0,20
2023-09-26T14:15:35,20,0,0,20
2023-09-26T14:28:37,20,0,0,20
2023-09-26T14:41:39,20,0,0,20
2023-09-26T14:54:41,20,0,0,20
2023-09-26T15:07:54,20,0,0,20
2023-09-26T15:20:56,20,0,0,20
2023-09-26T15:33:58,20,0,0,20
2023-09-26T15:47:01,20,0,0,20
2023-09-26T16:00:13,20,0,0,20
2023-09-26T16:13:16,20,0,0,20
2023-09-26T16:26:18,20,0,0,20
2023-09-26T16:39:20,20,0,0,20
2023-09-26T16:52:35,20,0,0,20
2023-09-26T17:05:37,20,0,0,20
2023-09-26T17:18:41,20,0,0,20
2023-09-26T17:31:43,20,0,0,20
2023-09-26T17:44:45,20,0,0,20
2023-09-26T17:57:59,20,0,0,20
2023-09-26T18:11:00,20,0,0,20
2023-09-26T18:24:02,20,0,0,20
2023-09-26T18:37:04,20,0,0,20
2023-09-26T18:50:17,20,0,0,20
2023-09-26T19:03:19,20,0,0,20
2023-09-26T19:16:22,20,0,0,20
2023-09-26T19:29:24,20,0,0,20
2023-09-26T19:42:26,20,0,0,20
2023-09-26T19:55:27,20,0,0,20
2023-09-26T20:08:41,20,0,0,20
2023-09-26T20:21:43,20,0,0,20
2023-09-26T20:34:46,20,0,0,20
2023-09-26T20:47:48,20,0,0,20
2023-09-26T21:00:49,20,0,0,20
2023-09-26T21:13:51,20,0,0,20
2023-09-26T21:27:04,20,0,0,20
2023-09-26T21:40:06,20,0,0,20
2023-09-26T21:53:09,20,0,0,20
2023-09-26T22:06:10,20,0,0,20
2023-09-26T22:19:12,20,0,0,20
2023-09-26T22:32:25,20,0,0,20
2023-09-26T22:45:27,20,0,0,20
2023-09-26T22:58:30,20,0,0,20
2023-09-26T23:11:33,20,0,0,20
2023-09-26T23:24:36,20,0,0,20
2023-09-26T23:37:49,20,0,0,20
2023-09-26T23:50:52,20,0,0,20
2023-09-27T00:04:03,20,0,0,20
2023-09-27T00:17:11,20,0,0,20
2023-09-27T00:30:19,20,0,0,20
2023-09-27T00:43:25,20,0,0,20
2023-09-27T00:56:33,20,0,0,20
2023-09-27T01:09:41,20,0,0,20
2023-09-27T01:22:58,20,0,0,20
2023-09-27T01:36:05,20,0,0,20
2023-09-27T01:49:13,20,0,0,20
2023-09-27T02:02:21,20,0,0,20
2023-09-27T02:15:32,20,0,0,20
2023-09-27T02:28:36,20,0,0,20
2023-09-27T02:41:40,20,0,0,20
2023-09-27T02:54:47,20,0,0,20
2023-09-27T03:07:54,20,0,0,20
2023-09-27T03:21:02,20,0,0,20
2023-09-27T03:34:10,20,0,0,20
2023-09-27T03:47:17,20,0,0,20
2023-09-27T04:00:25,20,0,0,20
2023-09-27T04:13:32,20,0,0,20
2023-09-27T04:27:42,20,0,0,20
2023-09-27T04:40:50,20,0,0,20
2023-09-27T04:55:33,20,0,0,20
2023-09-27T05:08:41,20,0,0,20
2023-09-27T05:21:48,20,0,0,20
2023-09-27T05:34:55,20,0,0,20
2023-09-27T05:48:03,20,0,0,20
2023-09-27T06:01:09,20,0,0,20
2023-09-27T06:14:15,20,0,0,20
2023-09-27T06:27:20,20,0,0,20
2023-09-27T06:40:27,20,0,0,20
2023-09-27T06:53:33,20,0,0,20
2023-09-27T07:06:42,20,0,0,20
2023-09-27T07:19:47,20,0,0,20
2023-09-27T07:32:52,20,0,0,20
2023-09-27T07:45:55,20,0,0,20
2023-09-27T07:58:59,20,0,0,20
2023-09-27T08:12:12,20,0,0,20
2023-09-27T08:25:16,20,0,0,20
2023-09-27T08:38:19,20,0,0,20
2023-09-27T08:51:22,20,0,0,20
2023-09-27T09:04:24,20,0,0,20
2023-09-27T09:17:29,20,0,0,20
2023-09-27T09:30:32,20,0,0,20
2023-09-27T09:43:45,20,0,0,20
2023-09-27T09:56:47,20,0,0,20
2023-09-27T10:09:49,20,0,0,20
2023-09-27T10:22:51,20,0,0,20
2023-09-27T10:36:07,20,0,0,20
2023-09-27T10:49:10,20,0,0,20
2023-09-27T11:02:13,20,0,0,20
2023-09-27T11:15:15,20,0,0,20
2023-09-27T11:28:29,20,0,0,20
2023-09-27T11:41:32,20,0,0,20
2023-09-27T11:54:35,20,0,0,20
2023-09-27T12:07:51,20,0,0,20
2023-09-27T12:20:53,20,0,0,20
2023-09-27T12:33:56,20,0,0,20
2023-09-27T12:47:12,20,0,0,20
2023-09-27T13:00:14,20,0,0,20
2023-09-27T13:13:18,20,0,0,20
2023-09-27T13:26:33,20,0,0,20
2023-09-27T13:39:36,20,0,0,20
2023-09-27T13:52:39,20,0,0,20
2023-09-27T14:05:52,20,0,0,20
2023-09-27T14:18:55,20,0,0,20
2023-09-27T14:31:58,20,0,0,20
2023-09-27T14:45:14,20,0,0,20
2023-09-27T14:58:16,20,0,0,20
2023-09-27T15:11:19,20,0,0,20
2023-09-27T15:24:33,20,0,0,20
2023-09-27T15:37:35,20,0,0,20
2023-09-27T15:50:39,20,0,0,20
2023-09-27T16:03:53,20,0,0,20
2023-09-27T16:16:55,20,0,0,20
2023-09-27T16:29:58,20,0,0,20
2023-09-27T16:43:13,20,0,0,20
2023-09-27T16:56:17,20,0,0,20
2023-09-27T17:09:21,20,0,0,20
2023-09-27T17:22:37,20,0,0,20
2023-09-27T17:35:41,20,0,0,20
2023-09-27T17:48:43,20,0,0,20
2023-09-27T18:01:45,20,0,0,20
2023-09-27T18:14:59,20,0,0,20
2023-09-27T18:28:02,20,0,0,20
2023-09-27T18:41:15,20,0,0,20
2023-09-27T18:54:17,20,0,0,20
2023-09-27T19:07:20,20,0,0,20
2023-09-27T19:20:23,20,0,0,20
2023-09-27T19:33:41,20,0,0,20
2023-09-27T19:46:44,20,0,0,20
2023-09-27T19:59:46,20,0,0,20
2023-09-27T20:12:48,20,0,0,20
2023-09-27T20:26:02,20,0,0,20
2023-09-27T20:39:04,20,0,0,20
2023-09-27T20:52:06,20,0,0,20
2023-09-27T21:05:21,20,0,0,20
2023-09-27T21:18:23,20,0,0,20
2023-09-27T21:31:38,20,0,0,20
2023-09-27T21:44:40,20,0,0,20
2023-09-27T21:57:43,20,0,0,20
2023-09-27T22:10:58,20,0,0,20
2023-09-27T22:24:01,20,0,0,20
2023-09-27T22:37:04,20,0,0,20
2023-09-27T22:50:19,20,0,0,20
2023-09-27T23:03:21,20,0,0,20
2023-09-27T23:16:37,20,0,0,20
2023-09-27T23:29:41,20,0,0,20
2023-09-27T23:42:47,20,0,0,20
2023-09-27T23:55:52,20,0,0,20
2023-09-28T00:10:25,20,0,0,20
2023-09-28T00:23:37,20,0,0,20
2023-09-28T00:36:43,20,0,0,20
2023-09-28T00:50:02,20,0,0,20
2023-09-28T01:03:08,20,0,0,20
2023-09-28T01:16:14,20,0,0,20
2023-09-28T01:29:20,20,0,0,20
2023-09-28T01:42:25,20,0,0,20
2023-09-28T01:55:34,20,0,0,20
2023-09-28T02:08:40,20,0,0,20
2023-09-28T02:21:57,20,0,0,20
2023-09-28T02:35:05,20,0,0,20
2023-09-28T02:48:09,20,0,0,20
2023-09-28T03:01:13,20,0,0,20
2023-09-28T03:14:17,20,0,0,20
2023-09-28T03:27:26,20,0,0,20
2023-09-28T03:40:32,20,0,0,20
2023-09-28T03:53:37,20,0,0,20
2023-09-28T04:06:45,20,0,0,20
2023-09-28T04:19:22,20,0,0,20
2023-09-28T04:34:06,20,0,0,20
2023-09-28T04:47:15,20,0,0,20
2023-09-28T05:00:22,20,0,0,20
2023-09-28T05:13:30,20,0,0,20
2023-09-28T05:26:36,20,0,0,20
2023-09-28T05:39:42,20,0,0,20
2023-09-28T05:52:49,20,0,0,20
2023-09-28T06:05:54,20,0,0,20
2023-09-28T06:19:00,20,0,0,20
2023-09-28T06:32:06,20,0,0,20
2023-09-28T06:45:12,20,0,0,20
2023-09-28T06:58:18,20,0,0,20
2023-09-28T07:11:24,20,0,0,20
2023-09-28T07:24:36,20,0,0,20
2023-09-28T07:37:40,20,0,0,20
2023-09-28T07:50:45,20,0,0,20
2023-09-28T08:03:53,20,0,0,20
2023-09-28T08:17:14,20,0,0,20
2023-09-28T08:30:18,20,0,0,20
2023-09-28T08:43:32,20,0,0,20
2023-09-28T08:56:36,20,0,0,20
2023-09-28T09:09:51,20,0,0,20
2023-09-28T09:22:55,20,0,0,20
2023-09-28T09:36:18,20,0,0,20
2023-09-28T09:49:33,20,0,0,20
2023-09-28T10:02:37,20,0,0,20
2023-09-28T10:15:57,20,0,0,20
2023-09-28T10:29:00,20,0,0,20
2023-09-28T10:42:14,20,0,0,20
2023-09-28T10:55:27,20,0,0,20
2023-09-28T11:08:31,20,0,0,20
2023-09-28T11:21:43,20,0,0,20
2023-09-28T11:34:56,20,0,0,20
2023-09-28T11:47:59,20,0,0,20
2023-09-28T12:01:12,20,0,0,20
2023-09-28T12:14:31,20,0,0,20
2023-09-28T12:27:44,20,0,0,20
2023-09-28T12:40:47,20,0,0,20
2023-09-28T12:54:10,20,0,0,20
2023-09-28T13:07:13,20,0,0,20
2023-09-28T13:20:26,20,0,0,20
2023-09-28T13:33:28,20,0,0,20
2023-09-28T13:46:50,20,0,0,20
2023-09-28T14:00:03,20,0,0,20
2023-09-28T14:13:07,20,0,0,20
2023-09-28T14:26:27,20,0,0,20
2023-09-28T14:39:29,20,0,0,20
2023-09-28T14:52:43,20,0,0,20
2023-09-28T15:05:57,20,0,0,20
2023-09-28T15:18:59,20,0,0,20
2023-09-28T15:32:22,20,0,0,20
2023-09-28T15:45:25,20,0,0,20
2023-09-28T15:58:38,20,0,0,20
2023-09-28T16:11:40,20,0,0,20
2023-09-28T16:25:03,20,0,0,20
2023-09-28T16:38:06,20,0,0,20
2023-09-28T16:51:08,20,0,0,20
2023-09-28T17:04:26,20,0,0,20
2023-09-28T17:17:30,20,0,0,20
2023-09-28T17:30:51,20,0,0,20
2023-09-28T17:43:53,20,0,0,20
2023-09-28T17:56:55,20,0,0,20
2023-09-28T18:10:21,20,0,0,20
2023-09-28T18:23:23,20,0,0,20
2023-09-28T18:36:25,20,0,0,20
2023-09-28T18:49:38,20,0,0,20
2023-09-28T19:02:41,20,0,0,20
2023-09-28T19:15:42,20,0,0,20
2023-09-28T19:28:44,20,0,0,20
2023-09-28T19:41:56,20,0,0,20
2023-09-28T19:54:57,20,0,0,20
2023-09-28T20:07:59,20,0,0,20
2023-09-28T20:21:01,20,0,0,20
2023-09-28T20:34:03,20,0,0,20
2023-09-28T20:47:15,20,0,0,20
2023-09-28T21:00:16,20,0,0,20
2023-09-28T21:13:18,20,0,0,20
2023-09-28T21:26:20,20,0,0,20
2023-09-28T21:39:33,20,0,0,20
2023-09-28T21:52:35,20,0,0,20
2023-09-28T22:05:37,20,0,0,20
2023-09-28T22:18:38,20,0,0,20
2023-09-28T22:31:51,20,0,0,20
2023-09-28T22:44:54,20,0,0,20
2023-09-28T22:57:56,20,0,0,20
2023-09-28T23:10:58,20,0,0,20
2023-09-28T23:24:11,20,0,0,20
2023-09-28T23:37:13,20,0,0,20
2023-09-28T23:50:16,20,0,0,20
2023-09-29T00:03:19,20,0,0,20
2023-09-29T00:16:30,20,0,0,20
2023-09-29T00:29:35,20,0,0,20
2023-09-29T00:42:50,20,0,0,20
2023-09-29T00:55:58,20,0,0,20
2023-09-29T01:09:05,20,0,0,20
2023-09-29T01:22:12,20,0,0,20
2023-09-29T01:36:08,20,0,0,20
2023-09-29T01:49:15,20,0,0,20
2023-09-29T02:02:24,20,0,0,20
2023-09-29T02:15:29,20,0,0,20
2023-09-29T02:28:34,20,0,0,20
2023-09-29T02:41:38,20,0,0,20
2023-09-29T02:54:43,20,0,0,20
2023-09-29T03:08:11,20,0,0,20
2023-09-29T03:21:19,20,0,0,20
2023-09-29T03:34:26,20,0,0,20
2023-09-29T03:47:34,20,0,0,20
2023-09-29T04:00:41,20,0,0,20
2023-09-29T04:13:49,20,0,0,20
2023-09-29T04:33:27,20,0,0,20
2023-09-29T04:46:57,20,0,0,20
2023-09-29T05:00:05,20,0,0,20
2023-09-29T05:13:14,20,0,0,20
2023-09-29T05:26:20,20,0,0,20
2023-09-29T05:39:26,20,0,0,20
2023-09-29T05:52:35,20,0,0,20
2023-09-29T06:05:41,20,0,0,20
2023-09-29T06:18:46,20,0,0,20
2023-09-29T06:31:50,20,0,0,20
2023-09-29T06:44:55,20,0,0,20
2023-09-29T06:58:01,20,0,0,20
2023-09-29T07:11:06,20,0,0,20
2023-09-29T07:24:10,20,0,0,20
2023-09-29T07:37:14,20,0,0,20
2023-09-29T07:50:33,20,0,0,20
2023-09-29T08:03:37,20,0,0,20
2023-09-29T08:16:39,20,0,0,20
2023-09-29T08:29:42,20,0,0,20
2023-09-29T08:42:44,20,0,0,20
2023-09-29T08:55:54,20,0,0,20
2023-09-29T09:08:57,20,0,0,20
2023-09-29T09:22:08,20,0,0,20
2023-09-29T09:35:10,20,0,0,20
2023-09-29T09:48:12,20,0,0,20
2023-09-29T10:01:23,20,0,0,20
2023-09-29T10:14:26,20,0,0,20
2023-09-29T10:27:28,20,0,0,20
2023-09-29T10:40:39,20,0,0,20
2023-09-29T10:53:42,20,0,0,20
2023-09-29T11:06:53,20,0,0,20
2023-09-29T11:19:55,20,0,0,20
2023-09-29T11:33:16,20,0,0,20
2023-09-29T11:46:18,20,0,0,20
2023-09-29T11:59:29,20,0,0,20
2023-09-29T12:12:31,20,0,0,20
2023-09-29T12:25:52,20,0,0,20
2023-09-29T12:38:54,20,0,0,20
2023-09-29T12:52:08,20,0,0,20
2023-09-29T13:05:09,20,0,0,20
2023-09-29T13:18:29,20,0,0,20
2023-09-29T13:31:31,20,0,0,20
2023-09-29T13:44:33,20,0,0,20
2023-09-29T13:57:46,20,0,0,20
2023-09-29T14:10:48,20,0,0,20
2023-09-29T14:24:07,20,0,0,20
2023-09-29T14:37:09,20,0,0,20
2023-09-29T14:50:11,20,0,0,20
2023-09-29T15:03:24,20,0,0,20
2023-09-29T15:16:26,20,0,0,20
2023-09-29T15:29:46,20,0,0,20
2023-09-29T15:42:48,20,0,0,20
2023-09-29T15:56:00,20,0,0,20
2023-09-29T16:09:03,20,0,0,20
2023-09-29T16:22:05,20,0,0,20
2023-09-29T16:35:26,20,0,0,20
2023-09-29T16:48:30,20,0,0,20
2023-09-29T17:01:32,20,0,0,20
2023-09-29T17:14:36,20,0,0,20
2023-09-29T17:27:39,20,0,0,20
2023-09-29T17:40:51,20,0,0,20
2023-09-29T17:53:53,20,0,0,20
2023-09-29T18:07:15,20,0,0,20
2023-09-29T18:20:17,20,0,0,20
2023-09-29T18:33:20,20,0,0,20
2023-09-29T18:47:22,20,0,0,20
2023-09-29T19:00:34,20,0,0,20
2023-09-29T19:13:37,20,0,0,20
2023-09-29T19:26:40,20,0,0,20
2023-09-29T19:39:42,20,0,0,20
2023-09-29T19:52:55,20,0,0,20
2023-09-29T20:05:58,20,0,0,20
2023-09-29T20:19:00,20,0,0,20
2023-09-29T20:32:03,20,0,0,20
2023-09-29T20:45:24,20,0,0,20
2023-09-29T20:58:26,20,0,0,20
2023-09-29T21:11:29,20,0,0,20
2023-09-29T21:24:31,20,0,0,20
2023-09-29T21:37:34,20,0,0,20
2023-09-29T21:50:46,20,0,0,20
2023-09-29T22:03:49,20,0,0,20
2023-09-29T22:16:53,20,0,0,20
2023-09-29T22:29:56,20,0,0,20
2023-09-29T22:43:16,20,0,0,20
2023-09-29T22:56:18,20,0,0,20
2023-09-29T23:09:21,20,0,0,20
2023-09-29T23:22:25,20,0,0,20
2023-09-29T23:35:28,20,0,0,20
2023-09-29T23:48:41,20,0,0,20
2023-09-30T00:01:45,20,0,0,20
2023-09-30T00:14:52,20,0,0,20
2023-09-30T00:28:00,20,0,0,20
2023-09-30T00:41:09,20,0,0,20
2023-09-30T00:54:19,20,0,0,20
2023-09-30T01:07:25,20,0,0,20
2023-09-30T01:20:53,20,0,0,20
2023-09-30T01:34:02,20,0,0,20
2023-09-30T01:47:09,20,0,0,20
2023-09-30T02:00:21,20,0,0,20
2023-09-30T02:13:27,20,0,0,20
2023-09-30T02:26:31,20,0,0,20
2023-09-30T02:39:35,20,0,0,20
2023-09-30T02:52:39,20,0,0,20
2023-09-30T03:05:43,20,0,0,20
2023-09-30T03:18:52,20,0,0,20
2023-09-30T03:33:04,20,0,0,20
2023-09-30T03:46:12,20,0,0,20
2023-09-30T03:59:21,20,0,0,20
2023-09-30T04:12:32,20,0,0,20
2023-09-30T04:23:43,20,0,0,20
2023-09-30T04:38:38,20,0,0,20
2023-09-30T04:51:47,20,0,0,20
2023-09-30T05:04:56,20,0,0,20
2023-09-30T05:18:03,20,0,0,20
2023-09-30T05:31:11,20,0,0,20
2023-09-30T05:44:18,20,0,0,20
2023-09-30T05:57:26,20,0,0,20
2023-09-30T06:10:34,20,0,0,20
2023-09-30T06:23:41,20,0,0,20
2023-09-30T06:36:48,20,0,0,20
2023-09-30T06:49:54,20,0,0,20
2023-09-30T07:03:02,20,0,0,20
2023-09-30T07:16:09,20,0,0,20
2023-09-30T07:29:15,20,0,0,20
2023-09-30T07:42:21,20,0,0,20
2023-09-30T07:55:27,20,0,0,20
2023-09-30T08:08:34,20,0,0,20
2023-09-30T08:21:51,20,0,0,20
2023-09-30T08:34:58,20,0,0,20
2023-09-30T08:48:03,20,0,0,20
2023-09-30T09:01:08,20,0,0,20
2023-09-30T09:14:12,20,0,0,20
2023-09-30T09:27:16,20,0,0,20
2023-09-30T09:40:20,20,0,0,20
2023-09-30T09:53:24,20,0,0,20
2023-09-30T10:06:28,20,0,0,20
2023-09-30T10:19:32,20,0,0,20
2023-09-30T10:32:48,20,0,0,20
2023-09-30T10:45:51,20,0,0,20
2023-09-30T10:58:53,20,0,0,20
2023-09-30T11:11:55,20,0,0,20
2023-09-30T11:24:56,20,0,0,20
2023-09-30T11:37:58,20,0,0,20
2023-09-30T11:51:01,20,0,0,20
2023-09-30T12:04:03,20,0,0,20
2023-09-30T12:17:06,20,0,0,20
2023-09-30T12:30:19,20,0,0,20
2023-09-30T12:43:22,20,0,0,20
2023-09-30T12:56:24,20,0,0,20
2023-09-30T13:09:26,20,0,0,20
2023-09-30T13:22:29,20,0,0,20
2023-09-30T13:35:34,20,0,0,20
2023-09-30T13:48:46,20,0,0,20
2023-09-30T14:01:48,20,0,0,20
2023-09-30T14:14:50,20,0,0,20
2023-09-30T14:27:52,20,0,0,20
2023-09-30T14:40:54,20,0,0,20
2023-09-30T14:53:57,20,0,0,20
2023-09-30T15:07:00,20,0,0,20
2023-09-30T15:20:02,20,0,0,20
2023-09-30T15:33:16,20,0,0,20
2023-09-30T15:46:18,20,0,0,20
2023-09-30T15:59:21,20,0,0,20
2023-09-30T16:12:24,20,0,0,20
2023-09-30T16:25:26,20,0,0,20
2023-09-30T16:38:28,20,0,0,20
2023-09-30T16:51:30,20,0,0,20
2023-09-30T17:04:43,20,0,0,20
2023-09-30T17:17:46,20,0,0,20
2023-09-30T17:30:48,20,0,0,20
2023-09-30T17:43:50,20,0,0,20
2023-09-30T17:56:53,20,0,0,20
2023-09-30T18:09:56,20,0,0,20
2023-09-30T18:22:58,20,0,0,20
2023-09-30T18:36:00,20,0,0,20
2023-09-30T18:49:12,20,0,0,20
2023-09-30T19:02:15,20,0,0,20
2023-09-30T19:15:17,20,0,0,20
2023-09-30T19:28:20,20,0,0,20
2023-09-30T19:41:23,20,0,0,20
2023-09-30T19:54:25,20,0,0,20
2023-09-30T20:07:28,20,0,0,20
2023-09-30T20:20:30,20,0,0,20
2023-09-30T20:33:33,20,0,0,20
2023-09-30T20:46:36,20,0,0,20
2023-09-30T20:59:49,20,0,0,20
2023-09-30T21:12:51,20,0,0,20
2023-09-30T21:25:54,20,0,0,20
2023-09-30T21:38:57,20,0,0,20
2023-09-30T21:51:59,20,0,0,20
2023-09-30T22:05:02,20,0,0,20
2023-09-30T22:18:05,20,0,0,20
2023-09-30T22:31:07,20,0,0,20
2023-09-30T22:44:10,20,0,0,20
2023-09-30T22:57:23,20,0,0,20
2023-09-30T23:10:27,20,0,0,20
2023-09-30T23:23:31,20,0,0,20
2023-09-30T23:36:34,20,0,0,20
2023-09-30T23:49:38,20,0,0,20
2023-10-01T00:02:42,20,0,0,20
2023-10-01T00:15:50,20,0,0,20
2023-10-01T00:28:59,20,0,0,20
2023-10-01T00:42:07,20,0,0,20
2023-10-01T00:55:14,20,0,0,20
2023-10-01T01:08:21,20,0,0,20
2023-10-01T01:21:26,20,0,0,20
2023-10-01T01:34:34,20,0,0,20
2023-10-01T01:47:50,20,0,0,20
2023-10-01T02:01:00,20,0,0,20
2023-10-01T02:14:08,20,0,0,20
2023-10-01T02:27:15,20,0,0,20
2023-10-01T02:40:22,20,0,0,20
2023-10-01T02:53:29,20,0,0,20
2023-10-01T03:06:34,20,0,0,20
2023-10-01T03:19:40,20,0,0,20
2023-10-01T03:32:47,20,0,0,20
2023-10-01T03:45:54,20,0,0,20
2023-10-01T03:59:01,20,0,0,20
2023-10-01T04:14:02,20,0,0,20
2023-10-01T04:31:46,20,0,0,20
2023-10-01T04:45:19,20,0,0,20
2023-10-01T04:58:27,20,0,0,20
2023-10-01T05:11:35,20,0,0,20
2023-10-01T05:24:41,20,0,0,20
2023-10-01T05:37:49,20,0,0,20
2023-10-01T05:50:57,20,0,0,20
2023-10-01T06:04:04,20,0,0,20
2023-10-01T06:17:12,20,0,0,20
2023-10-01T06:30:19,20,0,0,20
2023-10-01T06:43:24,20,0,0,20
2023-10-01T06:56:29,20,0,0,20
2023-10-01T07:09:33,20,0,0,20
2023-10-01T07:22:35,20,0,0,20
2023-10-01T07:35:38,20,0,0,20
2023-10-01T07:48:41,20,0,0,20
2023-10-01T08:01:45,20,0,0,20
2023-10-01T08:14:47,20,0,0,20
2023-10-01T08:27:50,20,0,0,20
2023-10-01T08:40:54,20,0,0,20
2023-10-01T08:53:56,20,0,0,20
2023-10-01T09:06:59,20,0,0,20
2023-10-01T09:20:01,20,0,0,20
2023-10-01T09:33:04,20,0,0,20
2023-10-01T09:46:17,20,0,0,20
2023-10-01T09:59:20,20,0,0,20
2023-10-01T10:12:23,20,0,0,20
2023-10-01T10:25:25,20,0,0,20
2023-10-01T10:38:28,20,0,0,20
2023-10-01T10:51:34,20,0,0,20
2023-10-01T11:04:39,20,0,0,20
2023-10-01T11:17:44,20,0,0,20
2023-10-01T11:30:46,20,0,0,20
2023-10-01T11:43:49,20,0,0,20
2023-10-01T11:57:02,20,0,0,20
2023-10-01T12:10:05,20,0,0,20
2023-10-01T12:23:07,20,0,0,20
2023-10-01T12:36:10,20,0,0,20
2023-10-01T12:49:12,20,0,0,20
2023-10-01T13:02:14,20,0,0,20
2023-10-01T13:15:16,20,0,0,20
2023-10-01T13:28:29,20,0,0,20
2023-10-01T13:41:32,20,0,0,20
2023-10-01T13:54:34,20,0,0,20
2023-10-01T14:07:36,20,0,0,20
2023-10-01T14:20:38,20,0,0,20
2023-10-01T14:33:40,20,0,0,20
2023-10-01T14:46:43,20,0,0,20
2023-10-01T14:59:57,20,0,0,20
2023-10-01T15:13:00,20,0,0,20
2023-10-01T15:26:02,20,0,0,20
2023-10-01T15:39:04,20,0,0,20
2023-10-01T15:52:06,20,0,0,20
2023-10-01T16:05:09,20,0,0,20
2023-10-01T16:18:22,20,0,0,20
2023-10-01T16:31:25,20,0,0,20
2023-10-01T16:44:28,20,0,0,20
2023-10-01T16:57:30,20,0,0,20
2023-10-01T17:10:33,20,0,0,20
2023-10-01T17:23:36,20,0,0,20
2023-10-01T17:36:38,20,0,0,20
2023-10-01T17:49:51,20,0,0,20
2023-10-01T18:02:53,20,0,0,20
2023-10-01T18:15:56,20,0,0,20
2023-10-01T18:28:58,20,0,0,20
2023-10-01T18:42:11,20,0,0,20
2023-10-01T18:50:52,20,0,0,20
2023-10-01T19:03:56,20,0,0,20
2023-10-01T19:16:59,20,0,0,20
2023-10-01T19:30:01,20,0,0,20
2023-10-01T19:43:04,20,0,0,20
2023-10-01T19:56:18,20,0,0,20
2023-10-01T20:09:21,20,0,0,20
2023-10-01T20:22:25,20,0,0,20
2023-10-01T20:35:28,20,0,0,20
2023-10-01T20:48:30,20,0,0,20
2023-10-01T21:01:44,20,0,0,20
2023-10-01T21:14:47,20,0,0,20
2023-10-01T21:27:49,20,0,0,20
2023-10-01T21:40:52,20,0,0,20
2023-10-01T21:53:55,20,0,0,20
2023-10-01T22:06:58,20,0,0,20
2023-10-01T22:20:11,20,0,0,20
2023-10-01T22:33:13,20,0,0,20
2023-10-01T22:46:16,20,0,0,20
2023-10-01T22:59:22,20,0,0,20
2023-10-01T23:12:36,20,0,0,20
2023-10-01T23:25:39,20,0,0,20
2023-10-01T23:38:42,20,0,0,20
2023-10-01T23:51:45,20,0,0,20
2023-10-02T00:04:49,20,0,0,20
2023-10-02T00:18:03,20,0,0,20
2023-10-02T00:31:28,20,0,0,20
2023-10-02T00:44:39,20,0,0,20
2023-10-02T00:58:15,20,0,0,20
2023-10-02T01:11:26,20,0,0,20
2023-10-02T01:24:36,20,0,0,20
2023-10-02T01:37:44,20,0,0,20
2023-10-02T01:50:52,20,0,0,20
2023-10-02T02:04:00,20,0,0,20
2023-10-02T02:17:08,20,0,0,20
2023-10-02T02:30:14,20,0,0,20
2023-10-02T02:43:29,20,0,0,20
2023-10-02T02:56:34,20,0,0,20
2023-10-02T03:09:40,20,0,0,20
2023-10-02T03:22:48,20,0,0,20
2023-10-02T03:35:54,20,0,0,20
2023-10-02T03:49:01,20,0,0,20
2023-10-02T04:02:08,20,0,0,20
2023-10-02T04:22:05,20,0,0,20
2023-10-02T04:36:34,20,0,0,20
2023-10-02T04:50:03,20,0,0,20
2023-10-02T05:03:12,20,0,0,20
2023-10-02T05:16:24,20,0,0,20
2023-10-02T05:29:31,20,0,0,20
2023-10-02T05:42:40,20,0,0,20
2023-10-02T05:55:48,20,0,0,20
2023-10-02T06:08:55,20,0,0,20
2023-10-02T06:22:02,20,0,0,20
2023-10-02T06:35:08,20,0,0,20
2023-10-02T06:48:15,20,0,0,20
2023-10-02T07:01:20,20,0,0,20
2023-10-02T07:14:24,20,0,0,20
2023-10-02T07:27:27,20,0,0,20
2023-10-02T07:40:30,20,0,0,20
2023-10-02T07:53:44,20,0,0,20
2023-10-02T08:06:48,20,0,0,20
2023-10-02T08:19:51,20,0,0,20
2023-10-02T08:32:55,20,0,0,20
2023-10-02T08:45:58,20,0,0,20
2023-10-02T08:59:01,20,0,0,20
2023-10-02T09:12:15,20,0,0,20
2023-10-02T09:25:18,20,0,0,20
2023-10-02T09:38:21,20,0,0,20
2023-10-02T09:51:34,20,0,0,20
2023-10-02T10:04:38,20,0,0,20
2023-10-02T10:17:42,20,0,0,20
2023-10-02T10:30:56,20,0,0,20
2023-10-02T10:43:59,20,0,0,20
2023-10-02T10:57:12,20,0,0,20
2023-10-02T11:10:17,20,0,0,20
2023-10-02T11:23:29,20,0,0,20
2023-10-02T11:36:43,20,0,0,20
2023-10-02T11:49:47,20,0,0,20
2023-10-02T12:03:01,20,0,0,20
2023-10-02T12:16:05,20,0,0,20
2023-10-02T12:29:19,20,0,0,20
2023-10-02T12:42:22,20,0,0,20
2023-10-02T12:55:25,20,0,0,20
2023-10-02T13:08:42,20,0,0,20
2023-10-02T13:21:45,20,0,0,20
2023-10-02T13:34:49,20,0,0,20
2023-10-02T13:48:03,20,0,0,20
2023-10-02T14:01:06,20,0,0,20
2023-10-02T14:14:22,20,0,0,20
2023-10-02T14:27:31,20,0,0,20
2023-10-02T14:40:34,20,0,0,20
2023-10-02T14:53:50,20,0,0,20
2023-10-02T15:06:53,20,0,0,20
2023-10-02T15:19:56,20,0,0,20
2023-10-02T15:33:11,20,0,0,20
2023-10-02T15:46:15,20,0,0,20
2023-10-02T15:59:30,20,0,0,20
2023-10-02T16:12:33,20,0,0,20
2023-10-02T16:25:37,20,0,0,20
2023-10-02T16:38:52,20,0,0,20
2023-10-02T16:52:06,20,0,0,20
2023-10-02T17:05:10,20,0,0,20
2023-10-02T17:18:26,20,0,0,20
2023-10-02T17:31:29,20,0,0,20
2023-10-02T17:44:32,20,0,0,20
2023-10-02T17:57:45,20,0,0,20
2023-10-02T18:10:48,20,0,0,20
2023-10-02T18:23:51,20,0,0,20
2023-10-02T18:36:54,20,0,0,20
2023-10-02T18:50:08,20,0,0,20
2023-10-02T19:03:11,20,0,0,20
2023-10-02T19:16:14,20,0,0,20
2023-10-02T19:29:17,20,0,0,20
2023-10-02T19:42:30,20,0,0,20
2023-10-02T19:55:33,20,0,0,20
2023-10-02T20:08:37,20,0,0,20
2023-10-02T20:21:39,20,0,0,20
2023-10-02T20:34:53,20,0,0,20
2023-10-02T20:47:56,20,0,0,20
2023-10-02T21:00:59,20,0,0,20
2023-10-02T21:14:02,20,0,0,20
2023-10-02T21:27:05,20,0,0,20
2023-10-02T21:40:18,20,0,0,20
2023-10-02T21:53:21,20,0,0,20
2023-10-02T22:06:23,20,0,0,20
2023-10-02T22:19:26,20,0,0,20
2023-10-02T22:32:40,20,0,0,20
2023-10-02T22:45:43,20,0,0,20
2023-10-02T22:58:45,20,0,0,20
2023-10-02T23:11:50,20,0,0,20
2023-10-02T23:24:53,20,0,0,20
2023-10-02T23:38:07,20,0,0,20
2023-10-02T23:51:10,20,0,0,20
2023-10-03T00:04:15,20,0,0,20
2023-10-03T00:17:22,20,0,0,20
2023-10-03T00:30:29,20,0,0,20
2023-10-03T00:43:37,20,0,0,20
2023-10-03T00:56:46,20,0,0,20
2023-10-03T01:10:06,20,0,0,20
2023-10-03T01:23:13,20,0,0,20
2023-10-03T01:36:37,20,0,0,20
2023-10-03T01:49:44,20,0,0,20
2023-10-03T02:02:53,20,0,0,20
2023-10-03T02:16:00,20,0,0,20
2023-10-03T02:29:05,20,0,0,20
2023-10-03T02:42:09,20,0,0,20
2023-10-03T02:55:13,20,0,0,20
2023-10-03T03:08:17,20,0,0,20
2023-10-03T03:21:23,20,0,0,20
2023-10-03T03:34:29,20,0,0,20
2023-10-03T03:47:35,20,0,0,20
2023-10-03T04:00:41,20,0,0,20
2023-10-03T04:22:17,20,0,0,20
2023-10-03T04:35:28,20,0,0,20
2023-10-03T04:50:11,20,0,0,20
2023-10-03T05:03:20,20,0,0,20
2023-10-03T05:16:28,20,0,0,20
2023-10-03T05:29:36,20,0,0,20
2023-10-03T05:42:43,20,0,0,20
2023-10-03T05:55:51,20,0,0,20
2023-10-03T06:08:59,20,0,0,20
2023-10-03T06:22:05,20,0,0,20
2023-10-03T06:35:11,20,0,0,20
2023-10-03T06:48:17,20,0,0,20
2023-10-03T07:01:23,20,0,0,20
2023-10-03T07:14:32,20,0,0,20
2023-10-03T07:27:37,20,0,0,20
2023-10-03T07:40:39,20,0,0,20
2023-10-03T07:53:45,20,0,0,20
2023-10-03T08:07:11,20,0,0,20
2023-10-03T08:20:23,20,0,0,20
2023-10-03T08:33:34,20,0,0,20
2023-10-03T08:46:42,20,0,0,20
2023-10-03T08:59:50,20,0,0,20
2023-10-03T09:12:56,20,0,0,20
2023-10-03T09:26:13,20,0,0,20
2023-10-03T09:39:18,20,0,0,20
2023-10-03T09:52:23,20,0,0,20
2023-10-03T10:05:38,20,0,0,20
2023-10-03T10:18:46,20,0,0,20
2023-10-03T10:31:56,20,0,0,20
2023-10-03T10:45:06,20,0,0,20
2023-10-03T10:58:25,20,0,0,20
2023-10-03T11:11:34,20,0,0,20
2023-10-03T11:24:38,20,0,0,20
2023-10-03T11:37:54,20,0,0,20
2023-10-03T11:50:58,20,0,0,20
2023-10-03T12:04:01,20,0,0,20
2023-10-03T12:17:15,20,0,0,20
2023-10-03T12:30:18,20,0,0,20
2023-10-03T12:43:21,20,0,0,20
2023-10-03T12:56:34,20,0,0,20
2023-10-03T13:09:37,20,0,0,20
2023-10-03T13:22:41,20,0,0,20
2023-10-03T13:35:55,20,0,0,20
2023-10-03T13:48:59,20,0,0,20
2023-10-03T14:02:02,20,0,0,20
2023-10-03T14:15:19,20,0,0,20
2023-10-03T14:28:24,20,0,0,20
2023-10-03T14:41:48,20,0,0,20
2023-10-03T14:55:05,20,0,0,20
2023-10-03T15:08:21,20,0,0,20
2023-10-03T15:21:45,20,0,0,20
2023-10-03T15:34:49,20,0,0,20
2023-10-03T15:47:52,20,0,0,20
2023-10-03T16:01:07,20,0,0,20
2023-10-03T16:14:11,20,0,0,20
2023-10-03T16:27:14,20,0,0,20
2023-10-03T16:40:37,20,0,0,20
2023-10-03T16:53:39,20,0,0,20
2023-10-03T17:06:42,20,0,0,20
2023-10-03T17:19:57,20,0,0,20
2023-10-03T17:33:00,20,0,0,20
2023-10-03T17:46:04,20,0,0,20
2023-10-03T17:59:18,20,0,0,20
2023-10-03T18:12:22,20,0,0,20
2023-10-03T18:25:25,20,0,0,20
2023-10-03T18:38:29,20,0,0,20
2023-10-03T18:51:54,20,0,0,20
2023-10-03T19:04:58,20,0,0,20
2023-10-03T19:18:03,20,0,0,20
2023-10-03T19:31:06,20,0,0,20
2023-10-03T19:44:21,20,0,0,20
2023-10-03T19:57:23,20,0,0,20
2023-10-03T20:10:26,20,0,0,20
2023-10-03T20:23:29,20,0,0,20
2023-10-03T20:36:43,20,0,0,20
2023-10-03T20:49:46,20,0,0,20
2023-10-03T21:02:50,20,0,0,20
2023-10-03T21:16:03,20,0,0,20
2023-10-03T21:29:06,20,0,0,20
2023-10-03T21:42:09,20,0,0,20
2023-10-03T21:55:12,20,0,0,20
2023-10-03T22:08:15,20,0,0,20
2023-10-03T22:21:18,20,0,0,20
2023-10-03T22:34:25,20,0,0,20
2023-10-03T22:47:40,20,0,0,20
2023-10-03T23:00:42,20,0,0,20
2023-10-03T23:13:45,20,0,0,20
2023-10-03T23:26:50,20,0,0,20
2023-10-03T23:39:54,20,0,0,20
2023-10-03T23:53:08,20,0,0,20
2023-10-04T00:06:12,20,0,0,20
2023-10-04T00:19:20,20,0,0,20
2023-10-04T00:32:26,20,0,0,20
2023-10-04T00:45:33,20,0,0,20
2023-10-04T00:58:42,20,0,0,20
2023-10-04T01:11:50,20,0,0,20
2023-10-04T01:24:57,20,0,0,20
2023-10-04T01:38:14,20,0,0,20
2023-10-04T01:51:21,20,0,0,20
2023-10-04T02:04:28,20,0,0,20
2023-10-04T02:17:33,20,0,0,20
2023-10-04T02:30:38,20,0,0,20
2023-10-04T02:43:44,20,0,0,20
2023-10-04T02:56:51,20,0,0,20
2023-10-04T03:10:00,20,0,0,20
2023-10-04T03:23:07,20,0,0,20
2023-10-04T03:36:13,20,0,0,20
2023-10-04T03:49:19,20,0,0,20
2023-10-04T04:02:27,20,0,0,20
2023-10-04T04:27:22,20,0,0,20
2023-10-04T04:40:56,20,0,0,20
2023-10-04T04:54:07,20,0,0,20
2023-10-04T05:07:16,20,0,0,20
2023-10-04T05:20:25,20,0,0,20
2023-10-04T05:33:32,20,0,0,20
2023-10-04T05:46:40,20,0,0,20
2023-10-04T05:59:47,20,0,0,20
2023-10-04T06:12:52,20,0,0,20
2023-10-04T06:25:58,20,0,0,20
2023-10-04T06:39:05,20,0,0,20
2023-10-04T06:52:14,20,0,0,20
2023-10-04T07:05:21,20,0,0,20
2023-10-04T07:18:28,20,0,0,20
2023-10-04T07:31:33,20,0,0,20
2023-10-04T07:44:38,20,0,0,20
2023-10-04T07:57:44,20,0,0,20
2023-10-04T08:10:59,20,0,0,20
2023-10-04T08:24:04,20,0,0,20
2023-10-04T08:37:10,20,0,0,20
2023-10-04T08:50:16,20,0,0,20
2023-10-04T09:03:21,20,0,0,20
2023-10-04T09:16:24,20,0,0,20
2023-10-04T09:32:29,20,0,0,20
2023-10-04T09:45:25,20,0,0,20
2023-10-04T09:58:21,20,0,0,20
2023-10-04T10:11:17,19,1,0,20
2023-10-04T10:24:25,19,1,0,20
2023-10-04T10:37:22,19,1,0,20
2023-10-04T10:50:17,19,1,0,20
2023-10-04T11:03:14,19,1,0,20
2023-10-04T11:16:21,19,1,0,20
2023-10-04T11:29:17,19,1,0,20
2023-10-04T11:42:13,19,1,0,20
2023-10-04T11:55:19,19,1,0,20
2023-10-04T12:08:16,19,1,0,20
2023-10-04T12:21:12,19,1,0,20
2023-10-04T12:34:18,19,1,0,20
2023-10-04T12:47:14,19,1,0,20
2023-10-04T13:00:09,20,0,0,20
2023-10-04T13:13:05,20,0,0,20
2023-10-04T13:26:12,20,0,0,20
2023-10-04T13:39:08,20,0,0,20
2023-10-04T13:52:04,20,0,0,20
2023-10-04T14:05:00,20,0,0,20
2023-10-04T14:18:06,20,0,0,20
2023-10-04T14:31:00,20,0,0,20
2023-10-04T14:43:57,20,0,0,20
2023-10-04T14:57:04,20,0,0,20
2023-10-04T15:10:02,20,0,0,20
2023-10-04T15:22:59,20,0,0,20
2023-10-04T15:35:57,20,0,0,20
2023-10-04T15:49:05,20,0,0,20
2023-10-04T16:02:03,20,0,0,20
2023-10-04T16:15:04,20,0,0,20
2023-10-04T16:28:12,20,0,0,20
2023-10-04T16:41:09,20,0,0,20
2023-10-04T16:54:05,20,0,0,20
2023-10-04T17:07:02,20,0,0,20
2023-10-04T17:20:09,20,0,0,20
2023-10-04T17:33:06,20,0,0,20
2023-10-04T17:46:02,20,0,0,20
2023-10-04T17:58:58,20,0,0,20
2023-10-04T18:12:08,20,0,0,20
2023-10-04T18:25:05,20,0,0,20
2023-10-04T18:38:01,20,0,0,20
2023-10-04T18:50:57,20,0,0,20
2023-10-04T19:04:04,20,0,0,20
2023-10-04T19:17:00,20,0,0,20
2023-10-04T19:29:56,20,0,0,20
2023-10-04T19:42:52,20,0,0,20
2023-10-04T19:55:47,20,0,0,20
2023-10-04T20:08:54,20,0,0,20
2023-10-04T20:21:49,20,0,0,20
2023-10-04T20:34:46,20,0,0,20
2023-10-04T20:47:43,20,0,0,20
2023-10-04T21:00:43,20,0,0,20
2023-10-04T21:13:50,20,0,0,20
2023-10-04T21:26:46,20,0,0,20
2023-10-04T21:39:42,20,0,0,20
2023-10-04T21:52:38,20,0,0,20
2023-10-04T22:05:34,20,0,0,20
2023-10-04T22:18:41,20,0,0,20
2023-10-04T22:31:37,20,0,0,20
2023-10-04T22:44:34,20,0,0,20
2023-10-04T22:57:30,20,0,0,20
2023-10-04T23:10:27,20,0,0,20
2023-10-04T23:23:24,20,0,0,20
2023-10-04T23:36:32,20,0,0,20
2023-10-04T23:49:29,20,0,0,20
2023-10-05T00:02:27,20,0,0,20
2023-10-05T00:15:27,20,0,0,20
2023-10-05T00:28:31,20,0,0,20
2023-10-05T00:41:32,20,0,0,20
2023-10-05T00:54:33,20,0,0,20
2023-10-05T01:07:35,20,0,0,20
2023-10-05T01:20:47,20,0,0,20
2023-10-05T01:33:47,20,0,0,20
2023-10-05T01:46:47,20,0,0,20
2023-10-05T01:59:53,20,0,0,20
2023-10-05T02:12:54,20,0,0,20
2023-10-05T02:25:52,20,0,0,20
2023-10-05T02:38:50,20,0,0,20
2023-10-05T02:51:47,20,0,0,20
2023-10-05T03:04:43,20,0,0,20
2023-10-05T03:17:44,20,0,0,20
2023-10-05T03:30:45,20,0,0,20
2023-10-05T03:43:46,20,0,0,20
2023-10-05T03:56:49,20,0,0,20
2023-10-05T04:22:34,20,0,0,20
2023-10-05T04:36:32,20,0,0,20
2023-10-05T04:50:14,20,0,0,20
2023-10-05T05:03:21,20,0,0,20
2023-10-05T05:16:27,20,0,0,20
2023-10-05T05:29:27,20,0,0,20
2023-10-05T05:42:29,20,0,0,20
2023-10-05T05:56:07,20,0,0,20
2023-10-05T06:09:18,20,0,0,20
2023-10-05T06:22:26,20,0,0,20
2023-10-05T06:35:35,20,0,0,20
2023-10-05T06:48:42,20,0,0,20
2023-10-05T07:01:49,20,0,0,20
2023-10-05T07:15:02,20,0,0,20
2023-10-05T07:28:10,20,0,0,20
2023-10-05T07:41:17,20,0,0,20
2023-10-05T07:54:23,20,0,0,20
2023-10-05T08:07:30,20,0,0,20
2023-10-05T08:20:45,20,0,0,20
2023-10-05T08:33:53,20,0,0,20
2023-10-05T08:47:00,20,0,0,20
2023-10-05T09:00:05,20,0,0,20
2023-10-05T09:13:09,20,0,0,20
2023-10-05T09:26:14,20,0,0,20
2023-10-05T09:39:18,20,0,0,20
2023-10-05T09:52:33,20,0,0,20
2023-10-05T10:05:37,20,0,0,20
2023-10-05T10:18:42,20,0,0,20
2023-10-05T10:31:49,20,0,0,20
2023-10-05T10:45:04,20,0,0,20
2023-10-05T10:58:09,20,0,0,20
2023-10-05T11:11:15,20,0,0,20
2023-10-05T11:24:20,20,0,0,20
2023-10-05T11:37:34,20,0,0,20
2023-10-05T11:50:39,20,0,0,20
2023-10-05T12:03:43,20,0,0,20
2023-10-05T12:16:49,20,0,0,20
2023-10-05T12:30:03,20,0,0,20
2023-10-05T12:43:08,20,0,0,20
2023-10-05T12:56:12,20,0,0,20
2023-10-05T13:09:18,20,0,0,20
2023-10-05T13:22:33,20,0,0,20
2023-10-05T13:35:37,20,0,0,20
2023-10-05T13:48:43,20,0,0,20
2023-10-05T14:01:59,20,0,0,20
2023-10-05T14:15:05,20,0,0,20
2023-10-05T14:28:10,20,0,0,20
2023-10-05T14:41:25,20,0,0,20
2023-10-05T14:54:30,20,0,0,20
2023-10-05T15:07:35,20,0,0,20
2023-10-05T15:20:39,20,0,0,20
2023-10-05T15:33:55,20,0,0,20
2023-10-05T15:46:59,20,0,0,20
2023-10-05T16:00:03,20,0,0,20
2023-10-05T16:13:07,20,0,0,20
2023-10-05T16:26:22,20,0,0,20
2023-10-05T16:39:26,20,0,0,20
2023-10-05T16:52:41,20,0,0,20
2023-10-05T17:05:47,20,0,0,20
2023-10-05T17:18:53,20,0,0,20
2023-10-05T17:31:57,20,0,0,20
2023-10-05T17:45:11,20,0,0,20
2023-10-05T17:58:15,20,0,0,20
2023-10-05T18:11:20,20,0,0,20
2023-10-05T18:24:24,20,0,0,20
2023-10-05T18:37:28,20,0,0,20
2023-10-05T18:50:31,20,0,0,20
2023-10-05T19:03:46,20,0,0,20
2023-10-05T19:16:50,20,0,0,20
2023-10-05T19:29:58,20,0,0,20
2023-10-05T19:43:02,20,0,0,20
2023-10-05T19:56:06,20,0,0,20
2023-10-05T20:09:23,20,0,0,20
2023-10-05T20:22:26,20,0,0,20
2023-10-05T20:35:30,20,0,0,20
2023-10-05T20:48:34,20,0,0,20
2023-10-05T21:01:40,20,0,0,20
2023-10-05T21:14:44,20,0,0,20
2023-10-05T21:27:48,20,0,0,20
2023-10-05T21:41:03,20,0,0,20
2023-10-05T21:54:07,20,0,0,20
2023-10-05T22:07:11,20,0,0,20
2023-10-05T22:20:15,20,0,0,20
2023-10-05T22:33:19,20,0,0,20
2023-10-05T22:46:25,19,1,0,20
2023-10-05T22:59:29,19,1,0,20
2023-10-05T23:12:46,19,1,0,20
2023-10-05T23:25:51,19,1,0,20
2023-10-05T23:38:55,19,1,0,20
2023-10-05T23:52:01,19,1,0,20
2023-10-06T00:05:08,19,1,0,20
2023-10-06T00:18:17,19,1,0,20
2023-10-06T00:31:37,19,1,0,20
2023-10-06T00:44:46,19,1,0,20
2023-10-06T00:57:56,19,1,0,20
2023-10-06T01:11:05,19,1,0,20
2023-10-06T01:24:16,19,1,0,20
2023-10-06T01:37:35,19,1,0,20
2023-10-06T01:50:45,19,1,0,20
2023-10-06T02:03:58,19,1,0,20
2023-10-06T02:17:07,19,1,0,20
2023-10-06T02:30:15,19,1,0,20
2023-10-06T02:43:22,19,1,0,20
2023-10-06T02:56:31,19,1,0,20
2023-10-06T03:09:52,19,1,0,20
2023-10-06T03:23:03,19,1,0,20
2023-10-06T03:36:12,19,1,0,20
2023-10-06T03:49:22,19,1,0,20
2023-10-06T04:02:31,19,1,0,20
2023-10-06T04:15:41,19,1,0,20
2023-10-06T04:32:34,19,1,0,20
2023-10-06T04:46:06,19,1,0,20
2023-10-06T04:59:17,19,1,0,20
2023-10-06T05:12:29,19,1,0,20
2023-10-06T05:25:39,19,1,0,20
2023-10-06T05:38:49,19,1,0,20
2023-10-06T05:52:00,19,1,0,20
2023-10-06T06:05:09,19,1,0,20
2023-10-06T06:18:16,19,1,0,20
2023-10-06T06:31:26,19,1,0,20
2023-10-06T06:44:35,19,1,0,20
2023-10-06T06:57:42,19,1,0,20
2023-10-06T07:10:54,19,1,0,20
2023-10-06T07:24:03,19,1,0,20
2023-10-06T07:37:10,19,1,0,20
2023-10-06T07:50:27,19,1,0,20
2023-10-06T08:03:32,19,1,0,20
2023-10-06T08:16:37,19,1,0,20
2023-10-06T08:29:46,19,1,0,20
2023-10-06T08:42:51,19,1,0,20
2023-10-06T08:55:55,19,1,0,20
2023-10-06T09:09:03,19,1,0,20
2023-10-06T09:22:08,19,1,0,20
2023-10-06T09:35:23,19,1,0,20
2023-10-06T09:48:29,19,1,0,20
2023-10-06T10:01:33,19,1,0,20
2023-10-06T10:14:38,19,1,0,20
2023-10-06T10:28:08,19,1,0,20
2023-10-06T10:41:13,19,1,0,20
2023-10-06T10:54:17,19,1,0,20
2023-10-06T11:07:24,19,1,0,20
2023-10-06T11:20:32,19,1,0,20
2023-10-06T11:33:48,19,1,0,20
2023-10-06T11:46:53,19,1,0,20
2023-10-06T11:59:59,19,1,0,20
2023-10-06T12:13:03,19,1,0,20
2023-10-06T12:26:07,19,1,0,20
2023-10-06T12:39:31,19,1,0,20
2023-10-06T12:52:36,19,1,0,20
2023-10-06T13:05:41,19,1,0,20
2023-10-06T13:18:56,19,1,0,20
2023-10-06T13:32:01,19,1,0,20
2023-10-06T13:45:05,19,1,0,20
2023-10-06T13:58:11,19,1,0,20
2023-10-06T14:11:16,19,1,0,20
2023-10-06T14:24:48,19,1,0,20
2023-10-06T14:37:53,19,1,0,20
2023-10-06T14:50:57,19,1,0,20
2023-10-06T15:04:01,19,1,0,20
2023-10-06T15:17:05,19,1,0,20
2023-10-06T15:30:19,19,1,0,20
2023-10-06T15:43:23,19,1,0,20
2023-10-06T15:56:28,19,1,0,20
2023-10-06T16:09:32,19,1,0,20
2023-10-06T16:22:38,19,1,0,20
2023-10-06T16:36:04,19,1,0,20
2023-10-06T16:49:09,19,1,0,20
2023-10-06T17:02:13,19,1,0,20
2023-10-06T17:15:19,19,1,0,20
2023-10-06T17:28:24,19,1,0,20
2023-10-06T17:41:29,19,1,0,20
2023-10-06T17:54:34,19,1,0,20
2023-10-06T18:07:58,19,1,0,20
2023-10-06T18:21:02,19,1,0,20
2023-10-06T18:34:08,19,1,0,20
2023-10-06T18:47:12,19,1,0,20
2023-10-06T19:00:17,19,1,0,20
2023-10-06T19:13:23,19,1,0,20
2023-10-06T19:26:28,19,1,0,20
2023-10-06T19:39:33,19,1,0,20
2023-10-06T19:52:49,19,1,0,20
2023-10-06T20:05:53,19,1,0,20
2023-10-06T20:18:58,19,1,0,20
2023-10-06T20:32:03,19,1,0,20
2023-10-06T20:45:08,19,1,0,20
2023-10-06T20:58:13,19,1,0,20
2023-10-06T21:11:18,19,1,0,20
2023-10-06T21:24:23,19,1,0,20
2023-10-06T21:37:29,19,1,0,20
2023-10-06T21:50:53,19,1,0,20
2023-10-06T22:03:57,19,1,0,20
2023-10-06T22:17:01,19,1,0,20
2023-10-06T22:30:07,19,1,0,20
2023-10-06T22:43:12,19,1,0,20
2023-10-06T22:56:18,19,1,0,20
2023-10-06T23:09:24,19,1,0,20
2023-10-06T23:22:32,19,1,0,20
2023-10-06T23:35:39,19,1,0,20
2023-10-06T23:48:46,19,1,0,20
2023-10-07T00:02:04,19,1,0,20
2023-10-07T00:15:20,19,1,0,20
2023-10-07T00:28:30,19,1,0,20
2023-10-07T00:41:38,19,1,0,20
2023-10-07T00:55:00,19,1,0,20
2023-10-07T01:08:10,19,1,0,20
2023-10-07T01:21:21,19,1,0,20
2023-10-07T01:34:31,19,1,0,20
2023-10-07T01:47:41,19,1,0,20
2023-10-07T02:00:53,19,1,0,20
2023-10-07T02:14:03,19,1,0,20
2023-10-07T02:27:14,19,1,0,20
2023-10-07T02:40:24,19,1,0,20
2023-10-07T02:53:45,19,1,0,20
2023-10-07T03:07:45,19,1,0,20
2023-10-07T03:20:55,19,1,0,20
2023-10-07T03:34:07,19,1,0,20
2023-10-07T03:47:17,19,1,0,20
2023-10-07T04:00:29,19,1,0,20
2023-10-07T04:23:04,19,1,0,20
2023-10-07T04:36:40,19,1,0,20
2023-10-07T04:49:51,19,1,0,20
2023-10-07T05:02:59,19,1,0,20
2023-10-07T05:16:10,19,1,0,20
2023-10-07T05:31:03,19,1,0,20
2023-10-07T05:44:13,19,1,0,20
2023-10-07T05:57:23,19,1,0,20
2023-10-07T06:10:36,19,1,0,20
2023-10-07T06:23:44,19,1,0,20
2023-10-07T06:36:54,19,1,0,20
2023-10-07T06:50:03,19,1,0,20
2023-10-07T07:03:13,19,1,0,20
2023-10-07T07:16:30,19,1,0,20
2023-10-07T07:29:37,19,1,0,20
2023-10-07T07:42:44,19,1,0,20
2023-10-07T07:55:51,19,1,0,20
2023-10-07T08:08:58,19,1,0,20
2023-10-07T08:22:08,19,1,0,20
2023-10-07T08:35:16,19,1,0,20
2023-10-07T08:48:23,19,1,0,20
2023-10-07T09:01:30,19,1,0,20
2023-10-07T09:14:38,19,1,0,20
2023-10-07T09:27:45,19,1,0,20
2023-10-07T09:40:52,19,1,0,20
2023-10-07T09:53:58,19,1,0,20
2023-10-07T10:07:04,19,1,0,20
2023-10-07T10:20:10,19,1,0,20
2023-10-07T10:33:27,19,1,0,20
2023-10-07T10:46:33,19,1,0,20
2023-10-07T10:59:37,19,1,0,20
2023-10-07T11:12:41,19,1,0,20
2023-10-07T11:25:45,19,1,0,20
2023-10-07T11:38:49,19,1,0,20
2023-10-07T11:51:53,19,1,0,20
2023-10-07T12:04:58,19,1,0,20
2023-10-07T12:18:03,19,1,0,20
2023-10-07T12:31:07,19,1,0,20
2023-10-07T12:44:12,19,1,0,20
2023-10-07T12:57:16,19,1,0,20
2023-10-07T13:10:22,19,1,0,20
2023-10-07T13:23:39,19,1,0,20
2023-10-07T13:36:43,19,1,0,20
2023-10-07T13:49:48,19,1,0,20
2023-10-07T14:02:52,19,1,0,20
2023-10-07T14:15:56,19,1,0,20
2023-10-07T14:29:01,19,1,0,20
2023-10-07T14:42:06,19,1,0,20
2023-10-07T14:55:11,19,1,0,20
2023-10-07T15:08:15,19,1,0,20
2023-10-07T15:21:19,19,1,0,20
2023-10-07T15:34:24,19,1,0,20
2023-10-07T15:47:38,19,1,0,20
2023-10-07T16:00:43,19,1,0,20
2023-10-07T16:13:47,19,1,0,20
2023-10-07T16:26:52,19,1,0,20
2023-10-07T16:39:57,19,1,0,20
2023-10-07T16:53:01,19,1,0,20
2023-10-07T17:06:07,19,1,0,20
2023-10-07T17:19:13,19,1,0,20
2023-10-07T17:32:17,19,1,0,20
2023-10-07T17:45:23,19,1,0,20
2023-10-07T17:58:28,19,1,0,20
2023-10-07T18:11:32,19,1,0,20
2023-10-07T18:24:47,19,1,0,20
2023-10-07T18:37:53,19,1,0,20
2023-10-07T18:50:58,19,1,0,20
2023-10-07T19:04:08,19,1,0,20
2023-10-07T19:17:12,19,1,0,20
2023-10-07T19:30:17,19,1,0,20
2023-10-07T19:43:21,19,1,0,20
2023-10-07T19:56:26,19,1,0,20
2023-10-07T20:09:30,19,1,0,20
2023-10-07T20:22:36,19,1,0,20
2023-10-07T20:35:41,19,1,0,20
2023-10-07T20:48:46,19,1,0,20
2023-10-07T21:01:50,19,1,0,20
2023-10-07T21:15:03,19,1,0,20
2023-10-07T21:28:08,19,1,0,20
2023-10-07T21:41:13,19,1,0,20
2023-10-07T21:54:19,19,1,0,20
2023-10-07T22:07:24,19,1,0,20
2023-10-07T22:20:29,19,1,0,20
2023-10-07T22:33:37,19,1,0,20
2023-10-07T22:46:43,19,1,0,20
2023-10-07T22:59:47,19,1,0,20
2023-10-07T23:12:54,19,1,0,20
2023-10-07T23:25:59,19,1,0,20
2023-10-07T23:39:05,19,1,0,20
2023-10-07T23:52:09,19,1,0,20
2023-10-08T00:05:14,19,1,0,20
2023-10-08T00:18:39,19,1,0,20
2023-10-08T00:31:46,19,1,0,20
2023-10-08T00:44:53,19,1,0,20
2023-10-08T00:57:58,19,1,0,20
2023-10-08T01:11:04,19,1,0,20
2023-10-08T01:24:09,19,1,0,20
2023-10-08T01:37:13,19,1,0,20
2023-10-08T01:50:18,19,1,0,20
2023-10-08T02:03:23,19,1,0,20
2023-10-08T02:16:30,19,1,0,20
2023-10-08T02:29:34,19,1,0,20
2023-10-08T02:42:39,19,1,0,20
2023-10-08T02:55:45,19,1,0,20
2023-10-08T03:09:01,19,1,0,20
2023-10-08T03:22:13,19,1,0,20
2023-10-08T03:35:24,19,1,0,20
2023-10-08T03:48:35,19,1,0,20
2023-10-08T04:01:48,19,1,0,20
2023-10-08T04:20:22,19,1,0,20
2023-10-08T04:35:13,19,1,0,20
2023-10-08T04:48:27,19,1,0,20
2023-10-08T05:01:40,19,1,0,20
2023-10-08T05:14:52,19,1,0,20
2023-10-08T05:28:02,19,1,0,20
2023-10-08T05:41:12,19,1,0,20
2023-10-08T05:54:21,19,1,0,20
2023-10-08T06:07:30,19,1,0,20
2023-10-08T06:20:41,19,1,0,20
2023-10-08T06:33:51,19,1,0,20
2023-10-08T06:47:00,19,1,0,20
2023-10-08T07:00:06,19,1,0,20
2023-10-08T07:13:14,19,1,0,20
2023-10-08T07:26:22,19,1,0,20
2023-10-08T07:39:30,19,1,0,20
2023-10-08T07:52:37,19,1,0,20
2023-10-08T08:05:45,19,1,0,20
