time,enrolled,available,waitlisted,total
2023-05-25T01:20:51,0,395,0,395
2023-05-25T01:32:27,0,395,0,395
2023-05-25T01:44:11,0,395,0,395
2023-05-25T01:55:46,0,395,0,395
2023-05-25T02:07:22,0,395,0,395
2023-05-25T02:18:58,0,395,0,395
2023-05-25T02:30:33,0,395,0,395
2023-05-25T02:42:07,0,395,0,395
2023-05-25T02:53:40,0,395,0,395
2023-05-25T03:05:13,0,395,0,395
2023-05-25T03:16:52,0,395,0,395
2023-05-25T03:28:50,0,395,0,395
2023-05-25T03:40:27,0,395,0,395
2023-05-25T03:52:03,0,395,0,395
2023-05-25T04:03:38,0,395,0,395
2023-05-25T04:23:26,0,395,0,395
2023-05-25T04:35:02,0,395,0,395
2023-05-25T04:46:39,0,395,0,395
2023-05-25T04:58:14,0,395,0,395
2023-05-25T05:09:51,0,395,0,395
2023-05-25T05:21:27,0,395,0,395
2023-05-25T05:33:04,0,395,0,395
2023-05-25T05:44:40,0,395,0,395
2023-05-25T05:56:17,0,395,0,395
2023-05-25T06:07:53,0,395,0,395
2023-05-25T06:19:28,0,395,0,395
2023-05-25T06:31:03,0,395,0,395
2023-05-25T06:42:38,0,395,0,395
2023-05-25T06:54:13,0,395,0,395
2023-05-25T07:05:49,0,395,0,395
2023-05-25T07:17:24,0,395,0,395
2023-05-25T07:28:58,0,395,0,395
2023-05-25T07:40:34,0,395,0,395
2023-05-25T07:52:10,0,395,0,395
2023-05-25T08:03:45,0,395,0,395
2023-05-25T08:15:19,0,395,0,395
2023-05-25T08:27:03,0,395,0,395
2023-05-25T08:38:37,0,395,0,395
2023-05-25T08:50:09,0,395,0,395
2023-05-25T09:01:42,0,395,0,395
2023-05-25T09:13:15,0,395,0,395
2023-05-25T09:24:48,0,395,0,395
2023-05-25T09:36:20,0,395,0,395
2023-05-25T09:47:53,0,395,0,395
2023-05-25T09:59:27,0,395,0,395
2023-05-25T10:11:11,0,395,0,395
2023-05-25T10:22:44,0,395,0,395
2023-05-25T10:34:17,0,395,0,395
2023-05-25T10:45:49,0,395,0,395
2023-05-25T10:57:32,0,395,0,395
2023-05-25T11:09:05,0,395,0,395
2023-05-25T11:20:37,0,395,0,395
2023-05-25T11:32:10,0,395,0,395
2023-05-25T11:43:43,0,395,0,395
2023-05-25T11:55:27,0,395,0,395
2023-05-25T12:07:00,0,395,0,395
2023-05-25T12:18:33,0,395,0,395
2023-05-25T12:30:06,0,395,0,395
2023-05-25T12:41:39,0,395,0,395
2023-05-25T12:53:11,0,395,0,395
2023-05-25T13:04:55,0,395,0,395
2023-05-25T13:16:27,0,395,0,395
2023-05-25T13:28:01,0,395,0,395
2023-05-25T13:39:34,0,395,0,395
2023-05-25T13:51:07,0,395,0,395
2023-05-25T14:02:51,0,395,0,395
2023-05-25T14:14:25,0,395,0,395
2023-05-25T14:25:58,0,395,0,395
2023-05-25T14:37:31,0,395,0,395
2023-05-25T14:49:04,0,395,0,395
2023-05-25T15:00:48,0,395,0,395
2023-05-25T15:12:22,0,395,0,395
2023-05-25T15:23:56,0,395,0,395
2023-05-25T15:35:31,0,395,0,395
2023-05-25T15:47:05,0,395,0,395
2023-05-25T15:58:40,0,395,0,395
2023-05-25T16:10:25,0,395,0,395
2023-05-25T16:22:01,0,395,0,395
2023-05-25T16:33:35,0,395,0,395
2023-05-25T16:45:11,0,395,0,395
2023-05-25T16:56:46,0,395,0,395
2023-05-25T17:08:23,0,395,0,395
2023-05-25T17:20:10,0,395,0,395
2023-05-25T17:31:45,0,395,0,395
2023-05-25T17:43:21,0,395,0,395
2023-05-25T17:54:57,0,395,0,395
2023-05-25T18:06:34,0,395,0,395
2023-05-25T18:18:09,0,395,0,395
2023-05-25T18:29:45,0,395,0,395
2023-05-25T18:41:30,0,395,0,395
2023-05-25T18:53:06,0,395,0,395
2023-05-25T19:04:42,0,395,0,395
2023-05-25T19:16:18,0,395,0,395
2023-05-25T19:27:54,0,395,0,395
2023-05-25T19:39:30,0,395,0,395
2023-05-25T19:51:16,0,395,0,395
2023-05-25T20:02:51,0,395,0,395
2023-05-25T20:14:27,0,395,0,395
2023-05-25T20:26:03,0,395,0,395
2023-05-25T20:37:39,0,395,0,395
2023-05-25T20:49:14,0,395,0,395
2023-05-25T21:00:50,0,395,0,395
2023-05-25T21:12:26,0,395,0,395
2023-05-25T21:24:13,0,395,0,395
2023-05-25T21:35:48,0,395,0,395
2023-05-25T21:47:24,0,395,0,395
2023-05-25T21:59:00,0,395,0,395
2023-05-25T22:10:35,0,395,0,395
2023-05-25T22:22:10,0,395,0,395
2023-05-25T22:33:46,0,395,0,395
2023-05-25T22:45:32,0,395,0,395
2023-05-25T22:57:08,0,395,0,395
2023-05-25T23:08:46,0,395,0,395
2023-05-25T23:20:21,0,395,0,395
2023-05-25T23:31:57,0,395,0,395
2023-05-25T23:43:33,0,395,0,395
2023-05-25T23:55:10,0,395,0,395
2023-05-26T00:07:06,0,395,0,395
2023-05-26T00:18:46,0,395,0,395
2023-05-26T00:30:25,0,395,0,395
2023-05-26T00:42:04,0,395,0,395
2023-05-26T00:53:42,0,395,0,395
2023-05-26T01:05:22,0,395,0,395
2023-05-26T01:17:01,0,395,0,395
2023-05-26T01:28:39,0,395,0,395
2023-05-26T01:40:16,0,395,0,395
2023-05-26T01:52:05,0,395,0,395
2023-05-26T02:03:47,0,395,0,395
2023-05-26T02:15:25,0,395,0,395
2023-05-26T02:27:02,0,395,0,395
2023-05-26T02:38:41,0,395,0,395
2023-05-26T02:50:30,0,395,0,395
2023-05-26T03:02:10,0,395,0,395
2023-05-26T03:13:49,0,395,0,395
2023-05-26T03:25:30,0,395,0,395
2023-05-26T03:37:09,0,395,0,395
2023-05-26T03:48:47,0,395,0,395
2023-05-26T04:00:26,0,395,0,395
2023-05-26T04:12:14,0,395,0,395
2023-05-26T04:34:37,0,395,0,395
2023-05-26T04:46:18,0,395,0,395
2023-05-26T04:57:58,0,395,0,395
2023-05-26T05:09:41,0,395,0,395
2023-05-26T05:21:20,0,395,0,395
2023-05-26T05:32:58,0,395,0,395
2023-05-26T05:44:38,0,395,0,395
2023-05-26T05:56:16,0,395,0,395
2023-05-26T06:07:54,0,395,0,395
2023-05-26T06:19:34,0,395,0,395
2023-05-26T06:31:13,0,395,0,395
2023-05-26T06:42:52,0,395,0,395
2023-05-26T06:54:30,0,395,0,395
2023-05-26T07:06:08,0,395,0,395
2023-05-26T07:17:47,0,395,0,395
2023-05-26T07:29:25,0,395,0,395
2023-05-26T07:41:10,0,395,0,395
2023-05-26T07:52:48,0,395,0,395
2023-05-26T08:04:24,0,395,0,395
2023-05-26T08:16:00,0,395,0,395
2023-05-26T08:27:36,0,395,0,395
2023-05-26T08:39:13,0,395,0,395
2023-05-26T08:50:49,0,395,0,395
2023-05-26T09:02:24,0,395,0,395
2023-05-26T09:14:01,0,395,0,395
2023-05-26T09:25:37,0,395,0,395
2023-05-26T09:37:24,0,395,0,395
2023-05-26T09:49:01,0,395,0,395
2023-05-26T10:00:36,0,395,0,395
2023-05-26T10:12:13,0,395,0,395
2023-05-26T10:23:49,0,395,0,395
2023-05-26T10:35:26,0,395,0,395
2023-05-26T10:47:14,0,395,0,395
2023-05-26T10:58:50,0,395,0,395
2023-05-26T11:10:27,0,395,0,395
2023-05-26T11:22:03,0,395,0,395
2023-05-26T11:33:39,0,395,0,395
2023-05-26T11:45:26,0,395,0,395
2023-05-26T11:57:02,0,395,0,395
2023-05-26T12:08:38,0,395,0,395
2023-05-26T12:20:14,0,395,0,395
2023-05-26T12:31:50,0,395,0,395
2023-05-26T12:43:38,0,395,0,395
2023-05-26T12:55:13,0,395,0,395
2023-05-26T13:06:49,0,395,0,395
2023-05-26T13:18:25,0,395,0,395
2023-05-26T13:30:11,0,395,0,395
2023-05-26T13:41:47,0,395,0,395
2023-05-26T13:53:23,0,395,0,395
2023-05-26T14:04:59,0,395,0,395
2023-05-26T14:16:35,0,395,0,395
2023-05-26T14:28:22,0,395,0,395
2023-05-26T14:39:58,0,395,0,395
2023-05-26T14:51:34,0,395,0,395
2023-05-26T15:03:10,0,395,0,395
2023-05-26T15:14:48,0,395,0,395
2023-05-26T15:26:35,0,395,0,395
2023-05-26T15:38:10,0,395,0,395
2023-05-26T15:49:46,0,395,0,395
2023-05-26T16:01:22,0,395,0,395
2023-05-26T16:12:58,0,395,0,395
2023-05-26T16:24:34,0,395,0,395
2023-05-26T16:36:20,0,395,0,395
2023-05-26T16:47:55,0,395,0,395
2023-05-26T16:59:31,0,395,0,395
2023-05-26T17:11:07,0,395,0,395
2023-05-26T17:22:44,0,395,0,395
2023-05-26T17:34:19,0,395,0,395
2023-05-26T17:46:05,0,395,0,395
2023-05-26T17:57:40,0,395,0,395
2023-05-26T18:09:16,0,395,0,395
2023-05-26T18:20:52,0,395,0,395
2023-05-26T18:32:28,0,395,0,395
2023-05-26T18:44:03,0,395,0,395
2023-05-26T18:55:49,0,395,0,395
2023-05-26T19:07:25,0,395,0,395
2023-05-26T19:19:02,0,395,0,395
2023-05-26T19:30:38,0,395,0,395
2023-05-26T19:42:13,0,395,0,395
2023-05-26T19:53:49,0,395,0,395
2023-05-26T20:05:25,0,395,0,395
2023-05-26T20:17:10,0,395,0,395
2023-05-26T20:28:46,0,395,0,395
2023-05-26T20:40:21,0,395,0,395
2023-05-26T20:51:57,0,395,0,395
2023-05-26T21:03:32,0,395,0,395
2023-05-26T21:15:09,0,395,0,395
2023-05-26T21:26:45,0,395,0,395
2023-05-26T21:38:21,0,395,0,395
2023-05-26T21:50:07,0,395,0,395
2023-05-26T22:01:44,0,395,0,395
2023-05-26T22:13:20,0,395,0,395
2023-05-26T22:24:56,0,395,0,395
2023-05-26T22:36:32,0,395,0,395
2023-05-26T22:48:08,0,395,0,395
2023-05-26T22:59:43,0,395,0,395
2023-05-26T23:11:33,0,395,0,395
2023-05-26T23:23:08,0,395,0,395
2023-05-26T23:34:45,0,395,0,395
2023-05-26T23:46:22,0,395,0,395
2023-05-26T23:57:58,0,395,0,395
2023-05-27T00:09:35,0,395,0,395
2023-05-27T00:21:16,0,395,0,395
2023-05-27T00:32:54,0,395,0,395
2023-05-27T00:44:33,0,395,0,395
2023-05-27T00:56:13,0,395,0,395
2023-05-27T01:07:51,0,395,0,395
2023-05-27T01:19:40,0,395,0,395
2023-05-27T01:31:19,0,395,0,395
2023-05-27T01:42:59,0,395,0,395
2023-05-27T01:54:38,0,395,0,395
2023-05-27T02:06:15,0,395,0,395
2023-05-27T02:17:53,0,395,0,395
2023-05-27T02:29:31,0,395,0,395
2023-05-27T02:41:07,0,395,0,395
2023-05-27T02:52:43,0,395,0,395
2023-05-27T03:04:19,0,395,0,395
2023-05-27T03:15:58,0,395,0,395
2023-05-27T03:27:36,0,395,0,395
2023-05-27T03:39:12,0,395,0,395
2023-05-27T03:50:50,0,395,0,395
2023-05-27T04:02:29,0,395,0,395
2023-05-27T04:14:22,0,395,0,395
2023-05-27T04:36:37,0,395,0,395
2023-05-27T04:48:55,0,395,0,395
2023-05-27T05:00:34,0,395,0,395
2023-05-27T05:12:13,0,395,0,395
2023-05-27T05:23:52,0,395,0,395
2023-05-27T05:35:32,0,395,0,395
2023-05-27T05:47:11,0,395,0,395
2023-05-27T05:58:49,0,395,0,395
2023-05-27T06:10:27,0,395,0,395
2023-05-27T06:22:09,0,395,0,395
2023-05-27T06:33:47,0,395,0,395
2023-05-27T06:45:26,0,395,0,395
2023-05-27T06:57:04,0,395,0,395
2023-05-27T07:08:42,0,395,0,395
2023-05-27T07:20:20,0,395,0,395
2023-05-27T07:31:58,0,395,0,395
2023-05-27T07:43:35,0,395,0,395
2023-05-27T07:55:26,0,395,0,395
2023-05-27T08:07:04,0,395,0,395
2023-05-27T08:18:41,0,395,0,395
2023-05-27T08:30:19,0,395,0,395
2023-05-27T08:41:58,0,395,0,395
2023-05-27T08:53:36,0,395,0,395
2023-05-27T09:05:14,0,395,0,395
2023-05-27T09:16:51,0,395,0,395
2023-05-27T09:28:30,0,395,0,395
2023-05-27T09:40:08,0,395,0,395
2023-05-27T09:51:47,0,395,0,395
2023-05-27T10:03:23,0,395,0,395
2023-05-27T10:15:18,0,395,0,395
2023-05-27T10:26:54,0,395,0,395
2023-05-27T10:38:32,0,395,0,395
2023-05-27T10:50:09,0,395,0,395
2023-05-27T11:01:46,0,395,0,395
2023-05-27T11:13:21,0,395,0,395
2023-05-27T11:24:56,0,395,0,395
2023-05-27T11:36:31,0,395,0,395
2023-05-27T11:48:06,0,395,0,395
2023-05-27T11:59:41,0,395,0,395
2023-05-27T12:11:26,0,395,0,395
2023-05-27T12:23:01,1,394,0,395
2023-05-27T12:34:36,1,394,0,395
2023-05-27T12:46:12,1,394,0,395
2023-05-27T12:57:47,1,394,0,395
2023-05-27T13:09:22,1,394,0,395
2023-05-27T13:20:57,1,394,0,395
2023-05-27T13:32:52,1,394,0,395
2023-05-27T13:44:27,1,394,0,395
2023-05-27T13:56:03,1,394,0,395
2023-05-27T14:07:38,1,394,0,395
2023-05-27T14:19:14,1,394,0,395
2023-05-27T14:30:50,1,394,0,395
2023-05-27T14:42:25,1,394,0,395
2023-05-27T14:53:59,1,394,0,395
2023-05-27T15:05:45,1,394,0,395
2023-05-27T15:17:20,1,394,0,395
2023-05-27T15:28:55,1,394,0,395
2023-05-27T15:40:31,1,394,0,395
2023-05-27T15:52:06,1,394,0,395
2023-05-27T16:03:40,1,394,0,395
2023-05-27T16:15:15,1,394,0,395
2023-05-27T16:27:00,1,394,0,395
2023-05-27T16:38:36,1,394,0,395
2023-05-27T16:50:11,1,394,0,395
2023-05-27T17:01:47,1,394,0,395
2023-05-27T17:13:25,1,394,0,395
2023-05-27T17:25:00,1,394,0,395
2023-05-27T17:36:37,1,394,0,395
2023-05-27T17:48:21,1,394,0,395
2023-05-27T17:59:57,1,394,0,395
2023-05-27T18:11:32,1,394,0,395
2023-05-27T18:23:08,1,394,0,395
2023-05-27T18:34:43,1,394,0,395
2023-05-27T18:46:18,1,394,0,395
2023-05-27T18:57:53,1,394,0,395
2023-05-27T19:09:49,1,394,0,395
2023-05-27T19:21:25,1,394,0,395
2023-05-27T19:33:01,2,393,0,395
2023-05-27T19:44:36,2,393,0,395
2023-05-27T19:56:11,2,393,0,395
2023-05-27T20:07:47,2,393,0,395
2023-05-27T20:19:22,2,393,0,395
2023-05-27T20:30:58,2,393,0,395
2023-05-27T20:42:32,2,393,0,395
2023-05-27T20:54:17,2,393,0,395
2023-05-27T21:05:52,2,393,0,395
2023-05-27T21:17:27,2,393,0,395
2023-05-27T21:29:03,2,393,0,395
2023-05-27T21:40:38,2,393,0,395
2023-05-27T21:52:14,2,393,0,395
2023-05-27T22:03:49,2,393,0,395
2023-05-27T22:15:34,2,393,0,395
2023-05-27T22:27:09,2,393,0,395
2023-05-27T22:38:45,2,393,0,395
2023-05-27T22:50:20,2,393,0,395
2023-05-27T23:01:57,2,393,0,395
2023-05-27T23:13:36,2,393,0,395
2023-05-27T23:25:11,2,393,0,395
2023-05-27T23:37:04,2,393,0,395
2023-05-27T23:48:39,2,393,0,395
2023-05-28T00:00:15,2,393,0,395
2023-05-28T00:11:52,2,393,0,395
2023-05-28T00:23:33,2,393,0,395
2023-05-28T00:35:10,2,393,0,395
2023-05-28T00:46:47,2,393,0,395
2023-05-28T00:58:24,2,393,0,395
2023-05-28T01:10:01,2,393,0,395
2023-05-28T01:21:37,2,393,0,395
2023-05-28T01:33:22,2,393,0,395
2023-05-28T01:44:58,2,393,0,395
2023-05-28T01:56:33,2,393,0,395
2023-05-28T02:08:09,2,393,0,395
2023-05-28T02:19:45,2,393,0,395
2023-05-28T02:31:22,2,393,0,395
2023-05-28T02:43:02,2,393,0,395
2023-05-28T02:54:42,2,393,0,395
2023-05-28T03:06:24,2,393,0,395
2023-05-28T03:18:04,2,393,0,395
2023-05-28T03:29:43,2,393,0,395
2023-05-28T03:41:43,2,393,0,395
2023-05-28T03:54:10,2,393,0,395
2023-05-28T04:06:08,2,393,0,395
2023-05-28T04:31:48,2,393,0,395
2023-05-28T04:45:01,2,393,0,395
2023-05-28T04:56:42,2,393,0,395
2023-05-28T05:08:21,2,393,0,395
2023-05-28T05:19:59,2,393,0,395
2023-05-28T05:31:38,2,393,0,395
2023-05-28T05:43:20,2,393,0,395
2023-05-28T05:55:00,2,393,0,395
2023-05-28T06:06:40,2,393,0,395
2023-05-28T06:18:19,2,393,0,395
2023-05-28T06:29:57,2,393,0,395
2023-05-28T06:41:35,2,393,0,395
2023-05-28T06:53:13,2,393,0,395
2023-05-28T07:04:51,2,393,0,395
2023-05-28T07:16:29,2,393,0,395
2023-05-28T07:28:07,2,393,0,395
2023-05-28T07:39:46,2,393,0,395
2023-05-28T07:51:25,2,393,0,395
2023-05-28T08:03:07,2,393,0,395
2023-05-28T08:14:46,2,393,0,395
2023-05-28T08:26:24,2,393,0,395
2023-05-28T08:38:01,2,393,0,395
2023-05-28T08:49:40,2,393,0,395
2023-05-28T09:01:19,2,393,0,395
2023-05-28T09:12:55,2,393,0,395
2023-05-28T09:24:40,2,393,0,395
2023-05-28T09:36:16,2,393,0,395
2023-05-28T09:47:52,2,393,0,395
2023-05-28T09:59:28,2,393,0,395
2023-05-28T10:11:04,2,393,0,395
2023-05-28T10:22:40,2,393,0,395
2023-05-28T10:34:16,2,393,0,395
2023-05-28T10:45:51,2,393,0,395
2023-05-28T10:57:26,2,393,0,395
2023-05-28T11:09:03,2,393,0,395
2023-05-28T11:20:39,2,393,0,395
2023-05-28T11:32:15,2,393,0,395
2023-05-28T11:43:50,2,393,0,395
2023-05-28T11:55:26,2,393,0,395
2023-05-28T12:07:11,2,393,0,395
2023-05-28T12:18:46,2,393,0,395
2023-05-28T12:30:22,2,393,0,395
2023-05-28T12:41:58,2,393,0,395
2023-05-28T12:53:34,2,393,0,395
2023-05-28T13:05:10,2,393,0,395
2023-05-28T13:16:45,2,393,0,395
2023-05-28T13:28:21,2,393,0,395
2023-05-28T13:39:57,2,393,0,395
2023-05-28T13:51:32,2,393,0,395
2023-05-28T14:03:07,2,393,0,395
2023-05-28T14:14:52,2,393,0,395
2023-05-28T14:26:27,2,393,0,395
2023-05-28T14:38:03,2,393,0,395
2023-05-28T14:49:38,2,393,0,395
2023-05-28T15:01:13,2,393,0,395
2023-05-28T15:12:49,2,393,0,395
2023-05-28T15:24:26,2,393,0,395
2023-05-28T15:36:01,2,393,0,395
2023-05-28T15:47:36,2,393,0,395
2023-05-28T15:59:12,2,393,0,395
2023-05-28T16:10:58,2,393,0,395
2023-05-28T16:22:34,2,393,0,395
2023-05-28T16:34:10,2,393,0,395
2023-05-28T16:45:45,2,393,0,395
2023-05-28T16:57:20,2,393,0,395
2023-05-28T17:08:56,2,393,0,395
2023-05-28T17:20:31,2,393,0,395
2023-05-28T17:32:07,2,393,0,395
2023-05-28T17:43:42,2,393,0,395
2023-05-28T17:55:27,2,393,0,395
2023-05-28T18:07:03,2,393,0,395
2023-05-28T18:18:38,2,393,0,395
2023-05-28T18:30:14,2,393,0,395
2023-05-28T18:41:50,2,393,0,395
2023-05-28T18:53:25,2,393,0,395
2023-05-28T19:05:01,2,393,0,395
2023-05-28T19:16:38,2,393,0,395
2023-05-28T19:28:13,2,393,0,395
2023-05-28T19:39:48,2,393,0,395
2023-05-28T19:51:34,2,393,0,395
2023-05-28T20:03:09,2,393,0,395
2023-05-28T20:14:44,2,393,0,395
2023-05-28T20:26:19,2,393,0,395
2023-05-28T20:37:54,2,393,0,395
2023-05-28T20:49:30,2,393,0,395
2023-05-28T21:01:05,2,393,0,395
2023-05-28T21:12:40,2,393,0,395
2023-05-28T21:24:16,2,393,0,395
2023-05-28T21:36:01,2,393,0,395
2023-05-28T21:47:37,2,393,0,395
2023-05-28T21:59:12,2,393,0,395
2023-05-28T22:10:47,2,393,0,395
2023-05-28T22:22:23,2,393,0,395
2023-05-28T22:33:59,2,393,0,395
2023-05-28T22:45:35,2,393,0,395
2023-05-28T22:57:11,2,393,0,395
2023-05-28T23:08:59,2,393,0,395
2023-05-28T23:20:35,2,393,0,395
2023-05-28T23:32:12,2,393,0,395
2023-05-28T23:43:48,2,393,0,395
2023-05-28T23:55:24,2,393,0,395
2023-05-29T00:07:02,2,393,0,395
2023-05-29T00:18:50,2,393,0,395
2023-05-29T00:30:34,2,393,0,395
2023-05-29T00:42:13,2,393,0,395
2023-05-29T00:53:51,2,393,0,395
2023-05-29T01:05:40,2,393,0,395
2023-05-29T01:17:21,2,393,0,395
2023-05-29T01:29:00,2,393,0,395
2023-05-29T01:40:38,2,393,0,395
2023-05-29T01:52:16,2,393,0,395
2023-05-29T02:03:55,2,393,0,395
2023-05-29T02:15:40,2,393,0,395
2023-05-29T02:27:17,2,393,0,395
2023-05-29T02:38:54,2,393,0,395
2023-05-29T02:50:30,2,393,0,395
2023-05-29T03:02:07,2,393,0,395
2023-05-29T03:13:44,2,393,0,395
2023-05-29T03:25:22,2,393,0,395
2023-05-29T03:37:00,2,393,0,395
2023-05-29T03:48:46,2,393,0,395
2023-05-29T04:00:25,2,393,0,395
2023-05-29T04:12:04,2,393,0,395
2023-05-29T04:34:48,2,393,0,395
2023-05-29T04:47:38,2,393,0,395
2023-05-29T04:59:37,2,393,0,395
2023-05-29T05:11:16,2,393,0,395
2023-05-29T05:22:55,2,393,0,395
2023-05-29T05:34:33,2,393,0,395
2023-05-29T05:46:13,2,393,0,395
2023-05-29T05:57:51,2,393,0,395
2023-05-29T06:09:29,2,393,0,395
2023-05-29T06:21:08,2,393,0,395
2023-05-29T06:32:46,2,393,0,395
2023-05-29T06:44:24,2,393,0,395
2023-05-29T06:56:03,2,393,0,395
2023-05-29T07:07:40,2,393,0,395
2023-05-29T07:19:16,2,393,0,395
2023-05-29T07:30:59,2,393,0,395
2023-05-29T07:42:34,2,393,0,395
2023-05-29T07:54:10,2,393,0,395
2023-05-29T08:05:45,2,393,0,395
2023-05-29T08:17:20,2,393,0,395
2023-05-29T08:28:55,2,393,0,395
2023-05-29T08:40:30,2,393,0,395
2023-05-29T08:52:05,2,393,0,395
2023-05-29T09:03:41,2,393,0,395
2023-05-29T09:15:16,2,393,0,395
2023-05-29T09:26:51,2,393,0,395
2023-05-29T09:38:26,2,393,0,395
2023-05-29T09:50:12,3,392,0,395
2023-05-29T10:01:48,3,392,0,395
2023-05-29T10:13:23,3,392,0,395
2023-05-29T10:24:58,3,392,0,395
2023-05-29T10:36:33,3,392,0,395
2023-05-29T10:48:08,3,392,0,395
2023-05-29T10:59:43,3,392,0,395
2023-05-29T11:11:28,3,392,0,395
2023-05-29T11:23:03,3,392,0,395
2023-05-29T11:34:39,3,392,0,395
2023-05-29T11:46:14,4,391,0,395
2023-05-29T11:57:49,4,391,0,395
2023-05-29T12:09:24,4,391,0,395
2023-05-29T12:21:08,4,391,0,395
2023-05-29T12:32:45,4,391,0,395
2023-05-29T12:44:21,4,391,0,395
2023-05-29T12:55:57,4,391,0,395
2023-05-29T13:07:33,4,391,0,395
2023-05-29T13:19:17,4,391,0,395
2023-05-29T13:30:53,4,391,0,395
2023-05-29T13:42:30,4,391,0,395
2023-05-29T13:54:05,4,391,0,395
2023-05-29T14:05:41,4,391,0,395
2023-05-29T14:17:28,4,391,0,395
2023-05-29T14:29:03,4,391,0,395
2023-05-29T14:40:41,4,391,0,395
2023-05-29T14:52:18,4,391,0,395
2023-05-29T15:04:05,4,391,0,395
2023-05-29T15:15:42,4,391,0,395
2023-05-29T15:27:17,4,391,0,395
2023-05-29T15:38:53,4,391,0,395
2023-05-29T15:50:30,4,391,0,395
2023-05-29T16:02:17,4,391,0,395
2023-05-29T16:13:55,4,391,0,395
2023-05-29T16:25:31,4,391,0,395
2023-05-29T16:37:08,4,391,0,395
2023-05-29T16:48:53,4,391,0,395
2023-05-29T17:00:30,4,391,0,395
2023-05-29T17:12:09,4,391,0,395
2023-05-29T17:23:47,4,391,0,395
2023-05-29T17:35:23,4,391,0,395
2023-05-29T17:47:08,4,391,0,395
2023-05-29T17:58:46,4,391,0,395
2023-05-29T18:10:24,4,391,0,395
2023-05-29T18:22:01,4,391,0,395
2023-05-29T18:33:38,4,391,0,395
2023-05-29T18:45:28,4,391,0,395
2023-05-29T18:57:03,5,390,0,395
2023-05-29T19:08:40,5,390,0,395
2023-05-29T19:20:17,5,390,0,395
2023-05-29T19:31:53,5,390,0,395
2023-05-29T19:43:38,5,390,0,395
2023-05-29T19:55:16,5,390,0,395
2023-05-29T20:06:53,5,390,0,395
2023-05-29T20:18:30,5,390,0,395
2023-05-29T20:30:07,5,390,0,395
2023-05-29T20:41:53,6,389,0,395
2023-05-29T20:53:29,6,389,0,395
2023-05-29T21:05:06,6,389,0,395
2023-05-29T21:16:43,6,389,0,395
2023-05-29T21:28:19,6,389,0,395
2023-05-29T21:40:09,6,389,0,395
2023-05-29T21:51:48,6,389,0,395
2023-05-29T22:03:24,6,389,0,395
2023-05-29T22:14:59,6,389,0,395
2023-05-29T22:26:35,6,389,0,395
2023-05-29T22:38:20,6,389,0,395
2023-05-29T22:49:56,6,389,0,395
2023-05-29T23:01:32,6,389,0,395
2023-05-29T23:13:09,6,389,0,395
2023-05-29T23:24:45,6,389,0,395
2023-05-29T23:36:31,6,389,0,395
2023-05-29T23:48:08,6,389,0,395
2023-05-29T23:59:44,6,389,0,395
2023-05-30T00:11:22,6,389,0,395
2023-05-30T00:22:59,6,389,0,395
2023-05-30T00:34:36,6,389,0,395
2023-05-30T00:46:15,6,389,0,395
2023-05-30T00:58:01,6,389,0,395
2023-05-30T01:09:39,6,389,0,395
2023-05-30T01:21:16,6,389,0,395
2023-05-30T01:32:54,6,389,0,395
2023-05-30T01:44:30,6,389,0,395
2023-05-30T01:56:06,6,389,0,395
2023-05-30T02:07:43,6,389,0,395
2023-05-30T02:19:21,6,389,0,395
2023-05-30T02:31:06,6,389,0,395
2023-05-30T02:42:43,6,389,0,395
2023-05-30T02:54:29,6,389,0,395
2023-05-30T03:06:07,6,389,0,395
2023-05-30T03:17:46,6,389,0,395
2023-05-30T03:29:24,6,389,0,395
2023-05-30T03:41:02,6,389,0,395
2023-05-30T03:52:40,6,389,0,395
2023-05-30T04:04:17,6,389,0,395
2023-05-30T04:15:55,6,389,0,395
2023-05-30T04:38:04,6,389,0,395
2023-05-30T04:49:45,6,389,0,395
2023-05-30T05:01:25,6,389,0,395
2023-05-30T05:13:04,6,389,0,395
2023-05-30T05:24:43,6,389,0,395
2023-05-30T05:36:21,6,389,0,395
2023-05-30T05:48:00,6,389,0,395
2023-05-30T05:59:39,6,389,0,395
2023-05-30T06:11:17,6,389,0,395
2023-05-30T06:22:56,6,389,0,395
2023-05-30T06:34:35,6,389,0,395
2023-05-30T06:46:13,6,389,0,395
2023-05-30T06:57:51,6,389,0,395
2023-05-30T07:09:29,6,389,0,395
2023-05-30T07:21:05,6,389,0,395
2023-05-30T07:32:41,6,389,0,395
2023-05-30T07:44:20,6,389,0,395
2023-05-30T07:55:56,6,389,0,395
2023-05-30T08:07:32,6,389,0,395
2023-05-30T08:19:18,6,389,0,395
2023-05-30T08:30:55,6,389,0,395
2023-05-30T08:42:31,6,389,0,395
2023-05-30T08:54:08,6,389,0,395
2023-05-30T09:05:44,6,389,0,395
2023-05-30T09:17:21,6,389,0,395
2023-05-30T09:28:59,6,389,0,395
2023-05-30T09:40:48,6,389,0,395
2023-05-30T09:52:26,6,389,0,395
2023-05-30T10:04:05,6,389,0,395
2023-05-30T10:15:43,7,388,0,395
2023-05-30T10:27:33,7,388,0,395
2023-05-30T10:39:15,7,388,0,395
2023-05-30T10:50:55,7,388,0,395
2023-05-30T11:02:36,7,388,0,395
2023-05-30T11:14:32,7,388,0,395
2023-05-30T11:26:11,7,388,0,395
2023-05-30T11:38:02,7,388,0,395
2023-05-30T11:49:41,7,388,0,395
2023-05-30T12:01:24,7,388,0,395
2023-05-30T12:13:12,7,388,0,395
2023-05-30T12:24:50,7,388,0,395
2023-05-30T12:36:30,7,388,0,395
2023-05-30T12:48:13,7,388,0,395
2023-05-30T13:00:06,7,388,0,395
2023-05-30T13:11:51,7,388,0,395
2023-05-30T13:23:31,7,388,0,395
2023-05-30T13:35:21,7,388,0,395
2023-05-30T13:47:03,7,388,0,395
2023-05-30T13:58:43,7,388,0,395
2023-05-30T14:10:35,7,388,0,395
2023-05-30T14:22:18,7,388,0,395
2023-05-30T14:34:12,7,388,0,395
2023-05-30T14:45:51,7,388,0,395
2023-05-30T14:57:29,7,388,0,395
2023-05-30T15:09:21,7,388,0,395
2023-05-30T15:21:02,7,388,0,395
2023-05-30T15:32:43,7,388,0,395
2023-05-30T15:44:36,7,388,0,395
2023-05-30T15:56:16,7,388,0,395
2023-05-30T16:08:00,7,388,0,395
2023-05-30T16:19:51,8,387,0,395
2023-05-30T16:31:34,8,387,0,395
2023-05-30T16:43:12,8,387,0,395
2023-05-30T16:54:51,8,387,0,395
2023-05-30T17:06:43,8,387,0,395
2023-05-30T17:18:22,8,387,0,395
2023-05-30T17:30:01,8,387,0,395
2023-05-30T17:41:51,8,387,0,395
2023-05-30T17:53:29,8,387,0,395
2023-05-30T18:05:16,8,387,0,395
2023-05-30T18:16:55,8,387,0,395
2023-05-30T18:28:46,8,387,0,395
2023-05-30T18:40:25,8,387,0,395
2023-05-30T18:52:04,8,387,0,395
2023-05-30T19:03:43,8,387,0,395
2023-05-30T19:15:33,8,387,0,395
2023-05-30T19:27:13,8,387,0,395
2023-05-30T19:38:53,8,387,0,395
2023-05-30T19:50:31,8,387,0,395
2023-05-30T20:02:20,8,387,0,395
2023-05-30T20:13:59,8,387,0,395
2023-05-30T20:25:38,8,387,0,395
2023-05-30T20:37:16,8,387,0,395
2023-05-30T20:49:05,8,387,0,395
2023-05-30T21:00:46,8,387,0,395
2023-05-30T21:12:24,8,387,0,395
2023-05-30T21:24:04,8,387,0,395
2023-05-30T21:35:42,8,387,0,395
2023-05-30T21:47:31,8,387,0,395
2023-05-30T21:59:09,8,387,0,395
2023-05-30T22:10:48,8,387,0,395
2023-05-30T22:22:24,8,387,0,395
2023-05-30T22:34:12,8,387,0,395
2023-05-30T22:45:48,8,387,0,395
2023-05-30T22:57:24,8,387,0,395
2023-05-30T23:09:00,8,387,0,395
2023-05-30T23:20:39,8,387,0,395
2023-05-30T23:32:16,8,387,0,395
2023-05-30T23:44:04,8,387,0,395
2023-05-30T23:55:40,8,387,0,395
2023-05-31T00:07:18,8,387,0,395
2023-05-31T00:18:59,8,387,0,395
2023-05-31T00:30:38,8,387,0,395
2023-05-31T00:42:17,8,387,0,395
2023-05-31T00:53:55,8,387,0,395
2023-05-31T01:05:33,8,387,0,395
2023-05-31T01:17:24,8,387,0,395
2023-05-31T01:29:04,8,387,0,395
2023-05-31T01:40:42,8,387,0,395
2023-05-31T01:52:21,8,387,0,395
2023-05-31T02:04:00,8,387,0,395
2023-05-31T02:15:39,8,387,0,395
2023-05-31T02:27:17,8,387,0,395
2023-05-31T02:38:55,8,387,0,395
2023-05-31T02:50:33,8,387,0,395
2023-05-31T03:02:11,8,387,0,395
2023-05-31T03:14:01,8,387,0,395
2023-05-31T03:25:40,8,387,0,395
2023-05-31T03:37:20,8,387,0,395
2023-05-31T03:49:00,8,387,0,395
2023-05-31T04:00:54,8,387,0,395
2023-05-31T04:12:34,8,387,0,395
2023-05-31T04:35:52,8,387,0,395
2023-05-31T04:47:50,8,387,0,395
2023-05-31T04:59:31,8,387,0,395
2023-05-31T05:11:12,8,387,0,395
2023-05-31T05:22:52,8,387,0,395
2023-05-31T05:34:33,8,387,0,395
2023-05-31T05:46:14,8,387,0,395
2023-05-31T05:57:52,8,387,0,395
2023-05-31T06:09:32,8,387,0,395
2023-05-31T06:21:10,8,387,0,395
2023-05-31T06:32:49,8,387,0,395
2023-05-31T06:44:28,8,387,0,395
2023-05-31T06:56:07,8,387,0,395
2023-05-31T07:07:46,8,387,0,395
2023-05-31T07:19:23,8,387,0,395
2023-05-31T07:31:01,8,387,0,395
2023-05-31T07:42:42,8,387,0,395
2023-05-31T07:54:20,8,387,0,395
2023-05-31T08:05:57,8,387,0,395
2023-05-31T08:17:45,8,387,0,395
2023-05-31T08:29:24,8,387,0,395
2023-05-31T08:41:03,8,387,0,395
2023-05-31T08:52:43,9,386,0,395
2023-05-31T09:04:24,9,386,0,395
2023-05-31T09:16:03,9,386,0,395
2023-05-31T09:27:43,10,385,0,395
2023-05-31T09:39:31,9,386,0,395
2023-05-31T09:51:12,9,386,0,395
2023-05-31T10:02:52,9,386,0,395
2023-05-31T10:14:31,9,386,0,395
2023-05-31T10:26:10,9,386,0,395
2023-05-31T10:38:01,9,386,0,395
2023-05-31T10:49:41,9,386,0,395
2023-05-31T11:01:24,9,386,0,395
2023-05-31T11:13:04,9,386,0,395
2023-05-31T11:24:55,9,386,0,395
2023-05-31T11:36:34,9,386,0,395
2023-05-31T11:48:14,9,386,0,395
2023-05-31T11:59:52,9,386,0,395
2023-05-31T12:11:43,9,386,0,395
2023-05-31T12:23:22,9,386,0,395
2023-05-31T12:35:01,9,386,0,395
2023-05-31T12:46:39,10,385,0,395
2023-05-31T12:58:28,10,385,0,395
2023-05-31T13:10:06,10,385,0,395
2023-05-31T13:21:43,10,385,0,395
2023-05-31T13:33:21,10,385,0,395
2023-05-31T13:45:11,10,385,0,395
2023-05-31T13:56:48,10,385,0,395
2023-05-31T14:08:27,10,385,0,395
2023-05-31T14:20:04,10,385,0,395
2023-05-31T14:31:42,10,385,0,395
2023-05-31T14:43:31,10,385,0,395
2023-05-31T14:55:11,10,385,0,395
2023-05-31T15:06:51,10,385,0,395
2023-05-31T15:18:30,10,385,0,395
2023-05-31T15:30:08,10,385,0,395
2023-05-31T15:41:57,10,385,0,395
2023-05-31T15:53:35,10,385,0,395
2023-05-31T16:05:13,10,385,0,395
2023-05-31T16:16:51,10,385,0,395
2023-05-31T16:28:29,10,385,0,395
2023-05-31T16:40:18,10,385,0,395
2023-05-31T16:51:56,10,385,0,395
2023-05-31T17:03:34,10,385,0,395
2023-05-31T17:15:14,10,385,0,395
2023-05-31T17:26:52,10,385,0,395
2023-05-31T17:38:30,10,385,0,395
2023-05-31T17:50:09,10,385,0,395
2023-05-31T18:01:58,10,385,0,395
2023-05-31T18:13:36,10,385,0,395
2023-05-31T18:25:14,10,385,0,395
2023-05-31T18:36:52,10,385,0,395
2023-05-31T18:48:30,10,385,0,395
2023-05-31T19:00:08,10,385,0,395
2023-05-31T19:11:48,10,385,0,395
2023-05-31T19:23:36,10,385,0,395
2023-05-31T19:35:14,10,385,0,395
2023-05-31T19:46:52,10,385,0,395
2023-05-31T19:58:30,10,385,0,395
2023-05-31T20:10:08,10,385,0,395
2023-05-31T20:21:46,10,385,0,395
2023-05-31T20:33:24,10,385,0,395
2023-05-31T20:45:01,10,385,0,395
2023-05-31T20:56:50,10,385,0,395
2023-05-31T21:08:28,10,385,0,395
2023-05-31T21:20:06,10,385,0,395
2023-05-31T21:31:44,10,385,0,395
2023-05-31T21:43:22,10,385,0,395
2023-05-31T21:55:00,10,385,0,395
2023-05-31T22:06:37,10,385,0,395
2023-05-31T22:18:26,10,385,0,395
2023-05-31T22:30:04,10,385,0,395
2023-05-31T22:41:42,10,385,0,395
2023-05-31T22:53:20,10,385,0,395
2023-05-31T23:04:59,10,385,0,395
2023-05-31T23:16:37,10,385,0,395
2023-05-31T23:28:16,10,385,0,395
2023-05-31T23:40:06,10,385,0,395
2023-05-31T23:51:44,10,385,0,395
2023-06-01T00:03:24,10,385,0,395
2023-06-01T00:15:09,10,385,0,395
2023-06-01T00:26:50,10,385,0,395
2023-06-01T00:38:31,10,385,0,395
2023-06-01T00:50:13,10,385,0,395
2023-06-01T01:01:55,10,385,0,395
2023-06-01T01:13:35,10,385,0,395
2023-06-01T01:25:17,10,385,0,395
2023-06-01T01:37:08,10,385,0,395
2023-06-01T01:48:47,10,385,0,395
2023-06-01T02:00:26,10,385,0,395
2023-06-01T02:12:05,10,385,0,395
2023-06-01T02:23:43,10,385,0,395
2023-06-01T02:35:23,10,385,0,395
2023-06-01T02:47:03,10,385,0,395
2023-06-01T02:58:42,10,385,0,395
2023-06-01T03:10:24,10,385,0,395
2023-06-01T03:22:05,10,385,0,395
2023-06-01T03:33:46,10,385,0,395
2023-06-01T03:45:28,10,385,0,395
2023-06-01T03:57:09,10,385,0,395
2023-06-01T04:08:50,10,385,0,395
2023-06-01T04:34:28,10,385,0,395
2023-06-01T04:47:29,10,385,0,395
2023-06-01T04:59:30,10,385,0,395
2023-06-01T05:11:14,10,385,0,395
2023-06-01T05:22:55,11,384,0,395
2023-06-01T05:34:36,11,384,0,395
2023-06-01T05:46:18,11,384,0,395
2023-06-01T05:57:59,11,384,0,395
2023-06-01T06:09:40,11,384,0,395
2023-06-01T06:21:21,11,384,0,395
2023-06-01T06:33:02,11,384,0,395
2023-06-01T06:44:43,11,384,0,395
2023-06-01T06:56:24,11,384,0,395
2023-06-01T07:08:06,11,384,0,395
2023-06-01T07:19:46,11,384,0,395
2023-06-01T07:31:26,11,384,0,395
2023-06-01T07:43:06,11,384,0,395
2023-06-01T07:54:45,11,384,0,395
2023-06-01T08:06:30,11,384,0,395
2023-06-01T08:18:10,11,384,0,395
2023-06-01T08:29:50,11,384,0,395
2023-06-01T08:41:30,11,384,0,395
2023-06-01T08:53:21,11,384,0,395
2023-06-01T09:05:00,11,384,0,395
2023-06-01T09:16:40,11,384,0,395
2023-06-01T09:28:20,11,384,0,395
2023-06-01T09:39:58,11,384,0,395
2023-06-01T09:51:36,11,384,0,395
2023-06-01T10:03:19,11,384,0,395
2023-06-01T10:14:57,11,384,0,395
2023-06-01T10:26:35,11,384,0,395
2023-06-01T10:38:25,11,384,0,395
2023-06-01T10:50:02,11,384,0,395
2023-06-01T11:01:40,11,384,0,395
2023-06-01T11:13:19,11,384,0,395
2023-06-01T11:24:57,11,384,0,395
2023-06-01T11:36:35,11,384,0,395
2023-06-01T11:48:13,11,384,0,395
2023-06-01T12:00:01,11,384,0,395
2023-06-01T12:11:39,11,384,0,395
2023-06-01T12:23:17,11,384,0,395
2023-06-01T12:34:55,11,384,0,395
2023-06-01T12:46:34,11,384,0,395
2023-06-01T12:58:13,11,384,0,395
2023-06-01T13:10:02,11,384,0,395
2023-06-01T13:21:40,11,384,0,395
2023-06-01T13:33:19,11,384,0,395
2023-06-01T13:44:57,11,384,0,395
2023-06-01T13:56:36,11,384,0,395
2023-06-01T14:08:15,11,384,0,395
2023-06-01T14:20:04,11,384,0,395
2023-06-01T14:31:43,11,384,0,395
2023-06-01T14:43:21,11,384,0,395
2023-06-01T14:55:00,11,384,0,395
2023-06-01T15:06:41,11,384,0,395
2023-06-01T15:18:32,11,384,0,395
2023-06-01T15:30:11,11,384,0,395
2023-06-01T15:41:50,11,384,0,395
2023-06-01T15:53:29,11,384,0,395
2023-06-01T16:05:07,11,384,0,395
2023-06-01T16:16:46,11,384,0,395
2023-06-01T16:28:24,11,384,0,395
2023-06-01T16:40:15,11,384,0,395
2023-06-01T16:51:53,11,384,0,395
2023-06-01T17:03:32,11,384,0,395
2023-06-01T17:15:13,11,384,0,395
2023-06-01T17:26:52,11,384,0,395
2023-06-01T17:38:30,11,384,0,395
2023-06-01T17:50:09,11,384,0,395
2023-06-01T18:01:59,11,384,0,395
2023-06-01T18:13:37,11,384,0,395
2023-06-01T18:25:18,11,384,0,395
2023-06-01T18:36:58,11,384,0,395
2023-06-01T18:48:38,11,384,0,395
2023-06-01T19:00:19,11,384,0,395
2023-06-01T19:12:00,11,384,0,395
2023-06-01T19:23:40,11,384,0,395
2023-06-01T19:35:21,12,383,0,395
2023-06-01T19:47:01,12,383,0,395
2023-06-01T19:58:53,12,383,0,395
2023-06-01T20:10:34,12,383,0,395
2023-06-01T20:22:15,12,383,0,395
2023-06-01T20:33:55,12,383,0,395
2023-06-01T20:45:36,12,383,0,395
2023-06-01T20:57:16,12,383,0,395
2023-06-01T21:08:57,12,383,0,395
2023-06-01T21:20:37,12,383,0,395
2023-06-01T21:32:18,12,383,0,395
2023-06-01T21:44:09,12,383,0,395
2023-06-01T21:55:49,12,383,0,395
2023-06-01T22:07:30,12,383,0,395
2023-06-01T22:19:10,12,383,0,395
2023-06-01T22:30:51,12,383,0,395
2023-06-01T22:42:42,12,383,0,395
2023-06-01T22:54:22,12,383,0,395
2023-06-01T23:06:03,12,383,0,395
2023-06-01T23:17:44,12,383,0,395
2023-06-01T23:29:25,12,383,0,395
2023-06-01T23:41:06,12,383,0,395
2023-06-01T23:52:46,12,383,0,395
2023-06-02T00:04:27,12,383,0,395
2023-06-02T00:16:23,12,383,0,395
2023-06-02T00:28:07,12,383,0,395
2023-06-02T00:39:52,12,383,0,395
2023-06-02T00:51:37,12,383,0,395
2023-06-02T01:03:22,12,383,0,395
2023-06-02T01:15:07,12,383,0,395
2023-06-02T01:26:52,12,383,0,395
2023-06-02T01:38:36,12,383,0,395
2023-06-02T01:50:20,12,383,0,395
2023-06-02T02:02:05,12,383,0,395
2023-06-02T02:13:48,12,383,0,395
2023-06-02T02:25:31,12,383,0,395
2023-06-02T02:37:14,12,383,0,395
2023-06-02T02:49:07,12,383,0,395
2023-06-02T03:00:50,12,383,0,395
2023-06-02T03:12:34,12,383,0,395
2023-06-02T03:24:17,12,383,0,395
2023-06-02T03:36:01,12,383,0,395
2023-06-02T03:47:45,12,383,0,395
2023-06-02T03:59:28,12,383,0,395
2023-06-02T04:11:11,12,383,0,395
2023-06-02T04:31:47,12,383,0,395
2023-06-02T04:45:00,12,383,0,395
2023-06-02T04:56:44,12,383,0,395
2023-06-02T05:08:28,12,383,0,395
2023-06-02T05:20:11,12,383,0,395
2023-06-02T05:31:57,12,383,0,395
2023-06-02T05:43:58,12,383,0,395
2023-06-02T05:55:43,12,383,0,395
2023-06-02T06:07:27,12,383,0,395
2023-06-02T06:19:10,12,383,0,395
2023-06-02T06:30:52,12,383,0,395
2023-06-02T06:42:36,12,383,0,395
2023-06-02T06:54:17,12,383,0,395
2023-06-02T07:06:00,12,383,0,395
2023-06-02T07:17:42,12,383,0,395
2023-06-02T07:29:24,12,383,0,395
2023-06-02T07:41:06,12,383,0,395
2023-06-02T07:52:49,12,383,0,395
2023-06-02T08:04:41,12,383,0,395
2023-06-02T08:16:24,12,383,0,395
2023-06-02T08:28:06,12,383,0,395
2023-06-02T08:39:49,12,383,0,395
2023-06-02T08:51:31,12,383,0,395
2023-06-02T09:03:14,12,383,0,395
2023-06-02T09:14:56,12,383,0,395
2023-06-02T09:26:39,12,383,0,395
2023-06-02T09:38:22,12,383,0,395
2023-06-02T09:50:04,12,383,0,395
2023-06-02T10:01:46,12,383,0,395
2023-06-02T10:13:27,12,383,0,395
2023-06-02T10:25:21,12,383,0,395
2023-06-02T10:37:01,12,383,0,395
2023-06-02T10:48:42,12,383,0,395
2023-06-02T11:00:22,12,383,0,395
2023-06-02T11:12:03,12,383,0,395
2023-06-02T11:23:44,12,383,0,395
2023-06-02T11:35:24,12,383,0,395
2023-06-02T11:47:16,12,383,0,395
2023-06-02T11:58:56,12,383,0,395
2023-06-02T12:10:36,12,383,0,395
2023-06-02T12:22:16,12,383,0,395
2023-06-02T12:33:57,12,383,0,395
2023-06-02T12:45:37,12,383,0,395
2023-06-02T12:57:30,12,383,0,395
2023-06-02T13:09:10,12,383,0,395
2023-06-02T13:20:51,12,383,0,395
2023-06-02T13:32:31,12,383,0,395
2023-06-02T13:44:12,12,383,0,395
2023-06-02T13:55:52,12,383,0,395
2023-06-02T14:07:33,12,383,0,395
2023-06-02T14:19:25,12,383,0,395
2023-06-02T14:31:06,12,383,0,395
2023-06-02T14:42:47,12,383,0,395
2023-06-02T14:54:28,12,383,0,395
2023-06-02T15:06:09,12,383,0,395
2023-06-02T15:17:49,12,383,0,395
2023-06-02T15:29:32,12,383,0,395
2023-06-02T15:41:14,12,383,0,395
2023-06-02T15:53:05,12,383,0,395
2023-06-02T16:04:47,12,383,0,395
2023-06-02T16:16:29,12,383,0,395
2023-06-02T16:28:11,12,383,0,395
2023-06-02T16:39:52,12,383,0,395
2023-06-02T16:51:34,12,383,0,395
2023-06-02T17:03:16,12,383,0,395
2023-06-02T17:14:59,12,383,0,395
2023-06-02T17:26:51,12,383,0,395
2023-06-02T17:38:31,12,383,0,395
2023-06-02T17:50:13,12,383,0,395
2023-06-02T18:01:53,12,383,0,395
2023-06-02T18:13:34,12,383,0,395
2023-06-02T18:25:15,12,383,0,395
2023-06-02T18:36:56,12,383,0,395
2023-06-02T18:48:37,12,383,0,395
2023-06-02T19:00:18,12,383,0,395
2023-06-02T19:12:00,12,383,0,395
2023-06-02T19:23:52,12,383,0,395
2023-06-02T19:35:33,12,383,0,395
2023-06-02T19:47:15,12,383,0,395
2023-06-02T19:58:56,12,383,0,395
2023-06-02T20:10:37,12,383,0,395
2023-06-02T20:22:19,12,383,0,395
2023-06-02T20:34:00,12,383,0,395
2023-06-02T20:45:41,12,383,0,395
2023-06-02T20:57:22,12,383,0,395
2023-06-02T21:09:03,12,383,0,395
2023-06-02T21:20:45,12,383,0,395
2023-06-02T21:32:37,12,383,0,395
2023-06-02T21:44:17,12,383,0,395
2023-06-02T21:55:58,12,383,0,395
2023-06-02T22:07:39,12,383,0,395
2023-06-02T22:19:20,12,383,0,395
2023-06-02T22:31:01,12,383,0,395
2023-06-02T22:42:42,12,383,0,395
2023-06-02T22:54:23,12,383,0,395
2023-06-02T23:06:05,12,383,0,395
2023-06-02T23:17:47,12,383,0,395
2023-06-02T23:29:29,12,383,0,395
2023-06-02T23:41:21,12,383,0,395
2023-06-02T23:53:03,12,383,0,395
2023-06-03T00:05:20,12,383,0,395
2023-06-03T00:17:08,12,383,0,395
2023-06-03T00:28:55,12,383,0,395
2023-06-03T00:40:39,12,383,0,395
2023-06-03T00:52:23,12,383,0,395
2023-06-03T01:04:07,12,383,0,395
2023-06-03T01:15:52,12,383,0,395
2023-06-03T01:27:37,12,383,0,395
2023-06-03T01:39:21,12,383,0,395
2023-06-03T01:51:16,12,383,0,395
2023-06-03T02:02:59,12,383,0,395
2023-06-03T02:14:42,12,383,0,395
2023-06-03T02:26:25,12,383,0,395
2023-06-03T02:38:08,12,383,0,395
2023-06-03T02:49:50,12,383,0,395
2023-06-03T03:01:32,12,383,0,395
2023-06-03T03:13:15,12,383,0,395
2023-06-03T03:24:58,12,383,0,395
2023-06-03T03:36:41,12,383,0,395
2023-06-03T03:48:23,12,383,0,395
2023-06-03T04:00:09,12,383,0,395
2023-06-03T04:27:28,12,383,0,395
2023-06-03T04:39:14,12,383,0,395
2023-06-03T04:50:59,12,383,0,395
2023-06-03T05:02:44,12,383,0,395
2023-06-03T05:14:28,12,383,0,395
2023-06-03T05:26:14,12,383,0,395
2023-06-03T05:37:59,12,383,0,395
2023-06-03T05:49:44,12,383,0,395
2023-06-03T06:01:28,12,383,0,395
2023-06-03T06:13:12,12,383,0,395
2023-06-03T06:24:56,12,383,0,395
2023-06-03T06:36:43,12,383,0,395
2023-06-03T06:48:31,12,383,0,395
2023-06-03T07:00:15,12,383,0,395
2023-06-03T07:11:59,12,383,0,395
2023-06-03T07:23:42,12,383,0,395
2023-06-03T07:35:34,12,383,0,395
2023-06-03T07:47:17,12,383,0,395
2023-06-03T07:59:01,12,383,0,395
2023-06-03T08:10:44,12,383,0,395
2023-06-03T08:22:28,12,383,0,395
2023-06-03T08:34:13,12,383,0,395
2023-06-03T08:45:58,12,383,0,395
2023-06-03T08:57:41,12,383,0,395
2023-06-03T09:09:25,12,383,0,395
2023-06-03T09:21:08,12,383,0,395
2023-06-03T09:33:02,12,383,0,395
2023-06-03T09:44:45,12,383,0,395
2023-06-03T09:56:27,12,383,0,395
2023-06-03T10:08:08,12,383,0,395
2023-06-03T10:19:50,12,383,0,395
2023-06-03T10:31:32,12,383,0,395
2023-06-03T10:43:14,12,383,0,395
2023-06-03T10:54:56,12,383,0,395
2023-06-03T11:06:36,12,383,0,395
2023-06-03T11:18:17,13,382,0,395
2023-06-03T11:30:08,13,382,0,395
2023-06-03T11:41:49,13,382,0,395
2023-06-03T11:53:29,13,382,0,395
2023-06-03T12:05:10,13,382,0,395
2023-06-03T12:16:50,13,382,0,395
2023-06-03T12:28:31,13,382,0,395
2023-06-03T12:40:12,13,382,0,395
2023-06-03T12:51:52,13,382,0,395
2023-06-03T13:03:33,13,382,0,395
2023-06-03T13:15:13,13,382,0,395
2023-06-03T13:27:04,13,382,0,395
2023-06-03T13:38:45,13,382,0,395
2023-06-03T13:50:26,13,382,0,395
2023-06-03T14:02:07,13,382,0,395
2023-06-03T14:13:47,13,382,0,395
2023-06-03T14:25:28,14,381,0,395
2023-06-03T14:37:09,14,381,0,395
2023-06-03T14:48:59,14,381,0,395
2023-06-03T15:00:40,14,381,0,395
2023-06-03T15:12:20,14,381,0,395
2023-06-03T15:24:01,14,381,0,395
2023-06-03T15:35:42,14,381,0,395
2023-06-03T15:47:23,14,381,0,395
2023-06-03T15:59:03,14,381,0,395
2023-06-03T16:10:44,14,381,0,395
2023-06-03T16:22:24,14,381,0,395
2023-06-03T16:34:15,14,381,0,395
2023-06-03T16:45:55,14,381,0,395
2023-06-03T16:57:36,14,381,0,395
2023-06-03T17:09:18,14,381,0,395
2023-06-03T17:21:00,14,381,0,395
2023-06-03T17:32:41,14,381,0,395
2023-06-03T17:44:21,14,381,0,395
2023-06-03T17:56:02,14,381,0,395
2023-06-03T18:07:42,14,381,0,395
2023-06-03T18:19:23,14,381,0,395
2023-06-03T18:31:04,14,381,0,395
2023-06-03T18:42:54,14,381,0,395
2023-06-03T18:54:34,14,381,0,395
2023-06-03T19:06:15,14,381,0,395
2023-06-03T19:17:56,14,381,0,395
2023-06-03T19:29:37,14,381,0,395
2023-06-03T19:41:18,14,381,0,395
2023-06-03T19:52:59,14,381,0,395
2023-06-03T20:04:39,14,381,0,395
2023-06-03T20:16:20,14,381,0,395
2023-06-03T20:28:01,14,381,0,395
2023-06-03T20:39:52,14,381,0,395
2023-06-03T20:51:33,14,381,0,395
2023-06-03T21:03:14,14,381,0,395
2023-06-03T21:14:55,14,381,0,395
2023-06-03T21:26:36,14,381,0,395
2023-06-03T21:38:17,14,381,0,395
2023-06-03T21:49:58,14,381,0,395
2023-06-03T22:01:40,14,381,0,395
2023-06-03T22:13:20,14,381,0,395
2023-06-03T22:25:01,14,381,0,395
2023-06-03T22:36:42,14,381,0,395
2023-06-03T22:48:23,14,381,0,395
2023-06-03T23:00:13,14,381,0,395
2023-06-03T23:11:55,14,381,0,395
2023-06-03T23:23:37,14,381,0,395
2023-06-03T23:35:18,14,381,0,395
2023-06-03T23:46:59,14,381,0,395
2023-06-03T23:58:41,14,381,0,395
2023-06-04T00:10:27,14,381,0,395
2023-06-04T00:22:14,14,381,0,395
2023-06-04T00:33:57,14,381,0,395
2023-06-04T00:45:41,14,381,0,395
2023-06-04T00:57:25,14,381,0,395
2023-06-04T01:09:08,14,381,0,395
2023-06-04T01:21:02,14,381,0,395
2023-06-04T01:32:46,14,381,0,395
2023-06-04T01:44:30,14,381,0,395
2023-06-04T01:56:14,14,381,0,395
2023-06-04T02:07:59,14,381,0,395
2023-06-04T02:19:58,14,381,0,395
2023-06-04T02:31:44,14,381,0,395
2023-06-04T02:43:27,14,381,0,395
2023-06-04T02:55:10,14,381,0,395
2023-06-04T03:06:54,14,381,0,395
2023-06-04T03:18:38,14,381,0,395
2023-06-04T03:30:22,14,381,0,395
2023-06-04T03:42:06,14,381,0,395
2023-06-04T03:53:49,14,381,0,395
2023-06-04T04:05:34,14,381,0,395
2023-06-04T04:33:37,14,381,0,395
2023-06-04T04:45:24,14,381,0,395
2023-06-04T04:57:10,14,381,0,395
2023-06-04T05:08:55,14,381,0,395
2023-06-04T05:20:39,14,381,0,395
2023-06-04T05:32:23,14,381,0,395
2023-06-04T05:44:07,14,381,0,395
2023-06-04T05:55:51,14,381,0,395
2023-06-04T06:07:35,14,381,0,395
2023-06-04T06:19:19,14,381,0,395
2023-06-04T06:31:03,14,381,0,395
2023-06-04T06:42:47,14,381,0,395
2023-06-04T06:54:30,14,381,0,395
2023-06-04T07:06:13,14,381,0,395
2023-06-04T07:17:56,14,381,0,395
2023-06-04T07:29:37,14,381,0,395
2023-06-04T07:41:18,14,381,0,395
2023-06-04T07:52:59,14,381,0,395
2023-06-04T08:04:40,14,381,0,395
2023-06-04T08:16:33,14,381,0,395
2023-06-04T08:28:16,14,381,0,395
2023-06-04T08:39:58,14,381,0,395
2023-06-04T08:51:38,14,381,0,395
2023-06-04T09:03:20,14,381,0,395
2023-06-04T09:15:02,14,381,0,395
2023-06-04T09:26:44,14,381,0,395
2023-06-04T09:38:25,14,381,0,395
2023-06-04T09:50:06,14,381,0,395
2023-06-04T10:01:47,14,381,0,395
2023-06-04T10:13:29,14,381,0,395
2023-06-04T10:25:10,14,381,0,395
2023-06-04T10:36:51,14,381,0,395
2023-06-04T10:48:32,14,381,0,395
2023-06-04T11:00:14,14,381,0,395
2023-06-04T11:11:56,14,381,0,395
2023-06-04T11:23:48,14,381,0,395
2023-06-04T11:35:30,14,381,0,395
2023-06-04T11:47:11,14,381,0,395
2023-06-04T11:58:52,14,381,0,395
2023-06-04T12:10:33,14,381,0,395
2023-06-04T12:22:14,14,381,0,395
2023-06-04T12:33:54,14,381,0,395
2023-06-04T12:45:35,14,381,0,395
2023-06-04T12:57:16,14,381,0,395
2023-06-04T13:08:56,14,381,0,395
2023-06-04T13:20:37,14,381,0,395
2023-06-04T13:32:18,14,381,0,395
2023-06-04T13:44:08,14,381,0,395
2023-06-04T13:55:49,14,381,0,395
2023-06-04T14:07:30,14,381,0,395
2023-06-04T14:19:10,14,381,0,395
2023-06-04T14:30:50,14,381,0,395
2023-06-04T14:42:31,14,381,0,395
2023-06-04T14:54:11,14,381,0,395
2023-06-04T15:05:52,14,381,0,395
2023-06-04T15:17:32,14,381,0,395
2023-06-04T15:29:13,14,381,0,395
2023-06-04T15:41:05,14,381,0,395
2023-06-04T15:52:45,14,381,0,395
2023-06-04T16:04:26,14,381,0,395
2023-06-04T16:16:08,14,381,0,395
2023-06-04T16:27:49,14,381,0,395
2023-06-04T16:39:30,14,381,0,395
2023-06-04T16:51:12,14,381,0,395
2023-06-04T17:02:53,14,381,0,395
2023-06-04T17:14:34,14,381,0,395
2023-06-04T17:26:16,14,381,0,395
2023-06-04T17:38:07,14,381,0,395
2023-06-04T17:49:48,14,381,0,395
2023-06-04T18:01:28,14,381,0,395
2023-06-04T18:13:09,14,381,0,395
2023-06-04T18:24:50,14,381,0,395
2023-06-04T18:36:32,14,381,0,395
2023-06-04T18:48:12,14,381,0,395
2023-06-04T18:59:53,14,381,0,395
2023-06-04T19:11:38,14,381,0,395
2023-06-04T19:23:29,14,381,0,395
2023-06-04T19:35:10,14,381,0,395
2023-06-04T19:46:51,14,381,0,395
2023-06-04T19:58:31,14,381,0,395
2023-06-04T20:10:13,14,381,0,395
2023-06-04T20:21:54,14,381,0,395
2023-06-04T20:33:35,14,381,0,395
2023-06-04T20:45:15,14,381,0,395
2023-06-04T20:56:56,14,381,0,395
2023-06-04T21:08:38,14,381,0,395
2023-06-04T21:20:19,14,381,0,395
2023-06-04T21:32:11,14,381,0,395
2023-06-04T21:43:52,14,381,0,395
2023-06-04T21:55:34,14,381,0,395
2023-06-04T22:07:15,14,381,0,395
2023-06-04T22:18:56,14,381,0,395
2023-06-04T22:30:37,14,381,0,395
2023-06-04T22:42:18,14,381,0,395
2023-06-04T22:53:59,14,381,0,395
2023-06-04T23:05:40,14,381,0,395
2023-06-04T23:17:31,14,381,0,395
2023-06-04T23:29:13,14,381,0,395
2023-06-04T23:40:55,14,381,0,395
2023-06-04T23:52:37,14,381,0,395
2023-06-05T00:04:19,14,381,0,395
2023-06-05T00:16:07,14,381,0,395
2023-06-05T00:27:55,14,381,0,395
2023-06-05T00:39:49,14,381,0,395
2023-06-05T00:51:33,14,381,0,395
2023-06-05T01:03:14,14,381,0,395
2023-06-05T01:15:12,14,381,0,395
2023-06-05T01:26:58,14,381,0,395
2023-06-05T01:38:42,14,381,0,395
2023-06-05T01:50:26,14,381,0,395
2023-06-05T02:02:16,14,381,0,395
2023-06-05T02:13:59,14,381,0,395
2023-06-05T02:25:42,14,381,0,395
2023-06-05T02:37:25,14,381,0,395
2023-06-05T02:49:08,14,381,0,395
2023-06-05T03:00:50,14,381,0,395
2023-06-05T03:12:34,14,381,0,395
2023-06-05T03:24:18,14,381,0,395
2023-06-05T03:36:02,14,381,0,395
2023-06-05T03:47:46,14,381,0,395
2023-06-05T03:59:31,14,381,0,395
2023-06-05T04:11:16,14,381,0,395
2023-06-05T04:37:08,14,381,0,395
2023-06-05T04:49:18,14,381,0,395
2023-06-05T05:01:04,14,381,0,395
2023-06-05T05:12:48,14,381,0,395
2023-06-05T05:24:33,14,381,0,395
2023-06-05T05:36:18,14,381,0,395
2023-06-05T05:48:03,14,381,0,395
2023-06-05T05:59:47,14,381,0,395
2023-06-05T06:11:35,14,381,0,395
2023-06-05T06:23:19,14,381,0,395
2023-06-05T06:35:03,14,381,0,395
2023-06-05T06:46:48,14,381,0,395
2023-06-05T06:58:31,14,381,0,395
2023-06-05T07:10:17,14,381,0,395
2023-06-05T07:21:59,14,381,0,395
2023-06-05T07:33:40,14,381,0,395
2023-06-05T07:45:21,14,381,0,395
2023-06-05T07:57:02,14,381,0,395
2023-06-05T08:08:44,14,381,0,395
2023-06-05T08:20:25,14,381,0,395
2023-06-05T08:32:17,14,381,0,395
2023-06-05T08:43:58,14,381,0,395
2023-06-05T08:55:39,14,381,0,395
2023-06-05T09:07:21,14,381,0,395
2023-06-05T09:19:02,14,381,0,395
2023-06-05T09:30:43,14,381,0,395
2023-06-05T09:42:24,14,381,0,395
2023-06-05T09:54:06,14,381,0,395
2023-06-05T10:05:47,14,381,0,395
2023-06-05T10:17:39,14,381,0,395
2023-06-05T10:29:20,14,381,0,395
2023-06-05T10:41:02,14,381,0,395
2023-06-05T10:52:43,14,381,0,395
2023-06-05T11:04:25,14,381,0,395
2023-06-05T11:16:06,14,381,0,395
2023-06-05T11:27:58,14,381,0,395
2023-06-05T11:39:39,14,381,0,395
2023-06-05T11:51:21,14,381,0,395
2023-06-05T12:03:02,14,381,0,395
2023-06-05T12:14:44,14,381,0,395
2023-06-05T12:26:37,14,381,0,395
2023-06-05T12:38:19,14,381,0,395
2023-06-05T12:50:02,14,381,0,395
2023-06-05T13:01:44,14,381,0,395
2023-06-05T13:13:37,14,381,0,395
2023-06-05T13:25:19,14,381,0,395
2023-06-05T13:37:00,14,381,0,395
2023-06-05T13:48:41,14,381,0,395
2023-06-05T14:00:22,14,381,0,395
2023-06-05T14:12:14,14,381,0,395
2023-06-05T14:23:55,14,381,0,395
2023-06-05T14:35:40,14,381,0,395
2023-06-05T14:47:21,14,381,0,395
2023-06-05T14:59:14,14,381,0,395
2023-06-05T15:10:56,14,381,0,395
2023-06-05T15:22:38,14,381,0,395
2023-06-05T15:34:20,14,381,0,395
2023-06-05T15:46:02,14,381,0,395
2023-06-05T15:57:53,14,381,0,395
2023-06-05T16:09:35,14,381,0,395
2023-06-05T16:21:16,14,381,0,395
2023-06-05T16:32:57,14,381,0,395
2023-06-05T16:44:40,14,381,0,395
2023-06-05T16:56:32,14,381,0,395
2023-06-05T17:08:14,14,381,0,395
2023-06-05T17:19:56,14,381,0,395
2023-06-05T17:31:37,14,381,0,395
2023-06-05T17:43:21,14,381,0,395
2023-06-05T17:55:02,14,381,0,395
2023-06-05T18:06:53,14,381,0,395
2023-06-05T18:18:35,14,381,0,395
2023-06-05T18:30:16,14,381,0,395
2023-06-05T18:41:56,14,381,0,395
2023-06-05T18:53:37,14,381,0,395
2023-06-05T19:05:20,14,381,0,395
2023-06-05T19:17:11,14,381,0,395
2023-06-05T19:28:52,14,381,0,395
2023-06-05T19:40:34,14,381,0,395
2023-06-05T19:52:15,14,381,0,395
2023-06-05T20:03:57,14,381,0,395
2023-06-05T20:15:39,14,381,0,395
2023-06-05T20:27:20,14,381,0,395
2023-06-05T20:39:14,14,381,0,395
2023-06-05T20:50:55,14,381,0,395
2023-06-05T21:02:36,14,381,0,395
2023-06-05T21:14:18,14,381,0,395
2023-06-05T21:25:59,14,381,0,395
2023-06-05T21:37:41,14,381,0,395
2023-06-05T21:49:23,14,381,0,395
2023-06-05T22:01:16,14,381,0,395
2023-06-05T22:12:57,14,381,0,395
2023-06-05T22:24:38,14,381,0,395
2023-06-05T22:36:20,14,381,0,395
2023-06-05T22:48:01,14,381,0,395
2023-06-05T22:59:43,14,381,0,395
2023-06-05T23:11:26,14,381,0,395
2023-06-05T23:23:19,14,381,0,395
2023-06-05T23:35:01,14,381,0,395
2023-06-05T23:46:42,14,381,0,395
2023-06-05T23:58:24,14,381,0,395
2023-06-06T00:10:08,14,381,0,395
2023-06-06T00:21:52,14,381,0,395
2023-06-06T00:33:36,14,381,0,395
2023-06-06T00:45:21,14,381,0,395
2023-06-06T00:57:17,14,381,0,395
2023-06-06T01:09:02,14,381,0,395
2023-06-06T01:20:46,14,381,0,395
2023-06-06T01:32:30,14,381,0,395
2023-06-06T01:44:15,14,381,0,395
2023-06-06T01:55:59,14,381,0,395
2023-06-06T02:07:44,14,381,0,395
2023-06-06T02:19:27,14,381,0,395
2023-06-06T02:31:11,14,381,0,395
2023-06-06T02:42:54,14,381,0,395
2023-06-06T02:54:36,14,381,0,395
2023-06-06T03:06:18,14,381,0,395
2023-06-06T03:18:02,14,381,0,395
2023-06-06T03:29:46,14,381,0,395
2023-06-06T03:41:29,14,381,0,395
2023-06-06T03:53:13,14,381,0,395
2023-06-06T04:04:57,14,381,0,395
2023-06-06T04:16:42,14,381,0,395
2023-06-06T04:32:44,14,381,0,395
2023-06-06T04:45:52,14,381,0,395
2023-06-06T04:57:57,14,381,0,395
2023-06-06T05:09:43,14,381,0,395
2023-06-06T05:21:28,14,381,0,395
2023-06-06T05:33:12,14,381,0,395
2023-06-06T05:44:57,14,381,0,395
2023-06-06T05:56:41,14,381,0,395
2023-06-06T06:08:28,14,381,0,395
2023-06-06T06:20:14,14,381,0,395
2023-06-06T06:31:58,14,381,0,395
2023-06-06T06:43:43,14,381,0,395
2023-06-06T06:55:27,14,381,0,395
2023-06-06T07:07:12,14,381,0,395
2023-06-06T07:18:55,14,381,0,395
2023-06-06T07:30:38,14,381,0,395
2023-06-06T07:42:22,14,381,0,395
2023-06-06T07:54:05,14,381,0,395
2023-06-06T08:05:48,14,381,0,395
2023-06-06T08:17:31,14,381,0,395
2023-06-06T08:29:15,14,381,0,395
2023-06-06T08:40:58,14,381,0,395
2023-06-06T08:52:50,14,381,0,395
2023-06-06T09:04:34,14,381,0,395
2023-06-06T09:16:18,14,381,0,395
2023-06-06T09:28:00,14,381,0,395
2023-06-06T09:39:43,14,381,0,395
2023-06-06T09:51:26,14,381,0,395
2023-06-06T10:03:07,14,381,0,395
2023-06-06T10:14:49,14,381,0,395
2023-06-06T10:26:43,14,381,0,395
2023-06-06T10:38:24,14,381,0,395
2023-06-06T10:50:06,14,381,0,395
2023-06-06T11:01:48,14,381,0,395
2023-06-06T11:13:31,14,381,0,395
2023-06-06T11:25:24,14,381,0,395
2023-06-06T11:37:07,14,381,0,395
2023-06-06T11:48:49,14,381,0,395
2023-06-06T12:00:30,14,381,0,395
2023-06-06T12:12:23,14,381,0,395
2023-06-06T12:24:05,14,381,0,395
2023-06-06T12:35:47,14,381,0,395
2023-06-06T12:47:29,14,381,0,395
2023-06-06T12:59:11,14,381,0,395
2023-06-06T13:11:04,14,381,0,395
2023-06-06T13:22:46,14,381,0,395
2023-06-06T13:34:29,14,381,0,395
2023-06-06T13:46:12,14,381,0,395
2023-06-06T13:58:06,14,381,0,395
2023-06-06T14:09:50,14,381,0,395
2023-06-06T14:21:34,14,381,0,395
2023-06-06T14:33:18,14,381,0,395
2023-06-06T14:45:11,14,381,0,395
2023-06-06T14:56:53,14,381,0,395
2023-06-06T15:08:35,14,381,0,395
2023-06-06T15:20:20,15,380,0,395
2023-06-06T15:32:13,15,380,0,395
2023-06-06T15:43:56,15,380,0,395
2023-06-06T15:55:38,15,380,0,395
2023-06-06T16:07:22,15,380,0,395
2023-06-06T16:19:16,15,380,0,395
2023-06-06T16:30:58,15,380,0,395
2023-06-06T16:42:41,15,380,0,395
2023-06-06T16:54:23,16,379,0,395
2023-06-06T17:06:08,16,379,0,395
2023-06-06T17:18:02,16,379,0,395
2023-06-06T17:29:44,16,379,0,395
2023-06-06T17:41:28,16,379,0,395
2023-06-06T17:53:10,16,379,0,395
2023-06-06T18:05:07,16,379,0,395
2023-06-06T18:16:49,16,379,0,395
2023-06-06T18:28:31,17,378,0,395
2023-06-06T18:40:14,17,378,0,395
2023-06-06T18:51:57,17,378,0,395
2023-06-06T19:03:50,17,378,0,395
2023-06-06T19:15:31,17,378,0,395
2023-06-06T19:27:10,17,378,0,395
2023-06-06T19:38:49,17,378,0,395
2023-06-06T19:50:28,17,378,0,395
2023-06-06T20:02:19,17,378,0,395
2023-06-06T20:13:59,17,378,0,395
2023-06-06T20:25:38,17,378,0,395
2023-06-06T20:37:17,17,378,0,395
2023-06-06T20:48:56,17,378,0,395
2023-06-06T21:00:46,17,378,0,395
2023-06-06T21:12:25,17,378,0,395
2023-06-06T21:24:04,17,378,0,395
2023-06-06T21:35:43,18,377,0,395
2023-06-06T21:47:22,18,377,0,395
2023-06-06T21:59:00,18,377,0,395
2023-06-06T22:10:39,18,377,0,395
2023-06-06T22:22:28,18,377,0,395
2023-06-06T22:34:07,18,377,0,395
2023-06-06T22:45:45,18,377,0,395
2023-06-06T22:57:23,18,377,0,395
2023-06-06T23:09:03,18,377,0,395
2023-06-06T23:20:42,18,377,0,395
2023-06-06T23:32:22,18,377,0,395
2023-06-06T23:44:12,19,376,0,395
2023-06-06T23:55:51,19,376,0,395
2023-06-07T00:07:31,19,376,0,395
2023-06-07T00:19:17,19,376,0,395
2023-06-07T00:30:57,19,376,0,395
2023-06-07T00:42:39,19,376,0,395
2023-06-07T00:54:21,19,376,0,395
2023-06-07T01:06:03,19,376,0,395
2023-06-07T01:17:45,19,376,0,395
2023-06-07T01:29:38,19,376,0,395
2023-06-07T01:41:20,19,376,0,395
2023-06-07T01:53:02,19,376,0,395
2023-06-07T02:04:43,19,376,0,395
2023-06-07T02:16:23,19,376,0,395
2023-06-07T02:28:03,19,376,0,395
2023-06-07T02:39:44,19,376,0,395
2023-06-07T02:51:27,19,376,0,395
2023-06-07T03:03:10,19,376,0,395
2023-06-07T03:14:52,19,376,0,395
2023-06-07T03:26:34,19,376,0,395
2023-06-07T03:38:17,19,376,0,395
2023-06-07T03:49:59,19,376,0,395
2023-06-07T04:01:41,19,376,0,395
2023-06-07T04:24:05,19,376,0,395
2023-06-07T04:35:50,19,376,0,395
2023-06-07T04:49:24,19,376,0,395
2023-06-07T05:01:09,19,376,0,395
2023-06-07T05:12:57,19,376,0,395
2023-06-07T05:24:42,19,376,0,395
2023-06-07T05:36:27,19,376,0,395
2023-06-07T05:48:12,19,376,0,395
2023-06-07T05:59:57,19,376,0,395
2023-06-07T06:11:42,19,376,0,395
2023-06-07T06:23:27,19,376,0,395
2023-06-07T06:35:12,19,376,0,395
2023-06-07T06:46:57,19,376,0,395
2023-06-07T06:58:41,19,376,0,395
2023-06-07T07:10:28,19,376,0,395
2023-06-07T07:22:13,19,376,0,395
2023-06-07T07:33:57,19,376,0,395
2023-06-07T07:45:40,19,376,0,395
2023-06-07T07:57:22,19,376,0,395
2023-06-07T08:09:05,19,376,0,395
2023-06-07T08:20:48,19,376,0,395
2023-06-07T08:32:40,19,376,0,395
2023-06-07T08:44:23,19,376,0,395
2023-06-07T08:56:06,19,376,0,395
2023-06-07T09:07:49,19,376,0,395
2023-06-07T09:19:32,19,376,0,395
2023-06-07T09:31:15,19,376,0,395
2023-06-07T09:42:58,19,376,0,395
2023-06-07T09:54:40,19,376,0,395
2023-06-07T10:06:35,19,376,0,395
2023-06-07T10:18:18,19,376,0,395
2023-06-07T10:30:01,19,376,0,395
2023-06-07T10:41:44,19,376,0,395
2023-06-07T10:53:37,19,376,0,395
2023-06-07T11:05:22,20,375,0,395
2023-06-07T11:17:05,20,375,0,395
2023-06-07T11:28:50,20,375,0,395
2023-06-07T11:40:33,20,375,0,395
2023-06-07T11:52:39,22,373,0,395
2023-06-07T12:04:22,22,373,0,395
2023-06-07T12:16:06,22,373,0,395
2023-06-07T12:27:59,22,373,0,395
2023-06-07T12:39:41,22,373,0,395
2023-06-07T12:51:24,22,373,0,395
2023-06-07T13:03:06,22,373,0,395
2023-06-07T13:14:49,22,373,0,395
2023-06-07T13:26:41,23,372,0,395
2023-06-07T13:38:24,23,372,0,395
2023-06-07T13:50:06,24,371,0,395
2023-06-07T14:02:06,24,371,0,395
2023-06-07T14:13:48,24,371,0,395
2023-06-07T14:25:30,24,371,0,395
2023-06-07T14:37:12,24,371,0,395
2023-06-07T14:48:54,24,371,0,395
2023-06-07T15:00:47,24,371,0,395
2023-06-07T15:12:32,24,371,0,395
2023-06-07T15:24:15,24,371,0,395
2023-06-07T15:35:58,24,371,0,395
2023-06-07T15:48:02,24,371,0,395
2023-06-07T15:59:45,24,371,0,395
2023-06-07T16:11:28,23,372,0,395
2023-06-07T16:23:12,24,371,0,395
2023-06-07T16:35:06,25,370,0,395
2023-06-07T16:46:49,25,370,0,395
2023-06-07T16:58:31,26,369,0,395
2023-06-07T17:10:17,26,369,0,395
2023-06-07T17:22:20,27,368,0,395
2023-06-07T17:34:02,27,368,0,395
2023-06-07T17:45:45,27,368,0,395
2023-06-07T17:57:28,27,368,0,395
2023-06-07T18:09:27,28,367,0,395
2023-06-07T18:21:10,28,367,0,395
2023-06-07T18:32:53,28,367,0,395
2023-06-07T18:44:36,28,367,0,395
2023-06-07T18:56:19,28,367,0,395
2023-06-07T19:08:13,28,367,0,395
2023-06-07T19:19:56,28,367,0,395
2023-06-07T19:31:39,28,367,0,395
2023-06-07T19:43:22,28,367,0,395
2023-06-07T19:55:05,28,367,0,395
2023-06-07T20:06:48,29,366,0,395
2023-06-07T20:18:41,29,366,0,395
2023-06-07T20:30:23,29,366,0,395
2023-06-07T20:42:05,30,365,0,395
2023-06-07T20:53:47,30,365,0,395
2023-06-07T21:05:30,30,365,0,395
2023-06-07T21:17:31,32,363,0,395
2023-06-07T21:29:13,32,363,0,395
2023-06-07T21:40:57,32,363,0,395
2023-06-07T21:52:40,33,362,0,395
2023-06-07T22:04:22,33,362,0,395
2023-06-07T22:16:15,33,362,0,395
2023-06-07T22:27:57,33,362,0,395
2023-06-07T22:39:40,33,362,0,395
2023-06-07T22:51:21,33,362,0,395
2023-06-07T23:03:04,33,362,0,395
2023-06-07T23:14:46,33,362,0,395
2023-06-07T23:26:29,33,362,0,395
2023-06-07T23:38:22,33,362,0,395
2023-06-07T23:50:05,33,362,0,395
2023-06-08T00:01:48,33,362,0,395
2023-06-08T00:13:33,33,362,0,395
2023-06-08T00:25:19,33,362,0,395
2023-06-08T00:37:05,33,362,0,395
2023-06-08T00:48:51,33,362,0,395
2023-06-08T01:00:59,33,362,0,395
2023-06-08T01:12:43,33,362,0,395
2023-06-08T01:24:28,33,362,0,395
2023-06-08T01:36:13,33,362,0,395
2023-06-08T01:47:58,33,362,0,395
2023-06-08T01:59:46,33,362,0,395
2023-06-08T02:11:30,33,362,0,395
2023-06-08T02:23:15,33,362,0,395
2023-06-08T02:34:59,33,362,0,395
2023-06-08T02:46:42,33,362,0,395
2023-06-08T02:58:24,33,362,0,395
2023-06-08T03:10:08,33,362,0,395
2023-06-08T03:21:52,33,362,0,395
2023-06-08T03:33:48,33,362,0,395
2023-06-08T03:45:32,33,362,0,395
2023-06-08T03:57:17,33,362,0,395
2023-06-08T04:09:04,33,362,0,395
2023-06-08T04:20:50,33,362,0,395
2023-06-08T04:37:55,33,362,0,395
2023-06-08T04:49:45,33,362,0,395
2023-06-08T05:01:31,33,362,0,395
2023-06-08T05:13:17,33,362,0,395
2023-06-08T05:25:02,33,362,0,395
2023-06-08T05:36:47,33,362,0,395
2023-06-08T05:48:32,33,362,0,395
2023-06-08T06:02:16,33,362,0,395
2023-06-08T06:14:01,33,362,0,395
2023-06-08T06:25:46,33,362,0,395
2023-06-08T06:37:31,33,362,0,395
2023-06-08T06:49:16,33,362,0,395
2023-06-08T07:01:00,33,362,0,395
2023-06-08T07:12:46,33,362,0,395
2023-06-08T07:24:33,33,362,0,395
2023-06-08T07:36:17,33,362,0,395
2023-06-08T07:48:00,33,362,0,395
2023-06-08T07:59:45,33,362,0,395
2023-06-08T08:11:29,33,362,0,395
2023-06-08T08:23:14,34,361,0,395
2023-06-08T08:35:14,34,361,0,395
2023-06-08T08:46:58,34,361,0,395
2023-06-08T08:58:42,34,361,0,395
2023-06-08T09:10:26,34,361,0,395
2023-06-08T09:22:09,34,361,0,395
2023-06-08T09:33:52,34,361,0,395
2023-06-08T09:45:35,34,361,0,395
2023-06-08T09:57:19,34,361,0,395
2023-06-08T10:09:13,34,361,0,395
2023-06-08T10:20:56,35,360,0,395
2023-06-08T10:32:38,35,360,0,395
2023-06-08T10:44:21,36,359,0,395
2023-06-08T10:56:05,36,359,0,395
2023-06-08T11:07:48,36,359,0,395
2023-06-08T11:19:42,36,359,0,395
2023-06-08T11:31:26,36,359,0,395
2023-06-08T11:43:09,37,358,0,395
2023-06-08T11:54:53,37,358,0,395
2023-06-08T12:06:37,37,358,0,395
2023-06-08T12:18:30,37,358,0,395
2023-06-08T12:30:14,37,358,0,395
2023-06-08T12:41:57,36,359,0,395
2023-06-08T12:53:39,36,359,0,395
2023-06-08T13:05:23,36,359,0,395
2023-06-08T13:17:14,36,359,0,395
2023-06-08T13:28:57,36,359,0,395
2023-06-08T13:40:39,36,359,0,395
2023-06-08T13:52:22,36,359,0,395
2023-06-08T14:04:05,36,359,0,395
2023-06-08T14:15:48,36,359,0,395
2023-06-08T14:27:41,37,358,0,395
2023-06-08T14:39:24,37,358,0,395
2023-06-08T14:51:06,37,358,0,395
2023-06-08T15:02:48,37,358,0,395
2023-06-08T15:14:31,38,357,0,395
2023-06-08T15:26:31,38,357,0,395
2023-06-08T15:38:14,38,357,0,395
2023-06-08T15:49:56,38,357,0,395
2023-06-08T16:01:39,38,357,0,395
2023-06-08T16:13:21,38,357,0,395
2023-06-08T16:25:03,38,357,0,395
2023-06-08T16:36:45,38,357,0,395
2023-06-08T16:48:38,38,357,0,395
2023-06-08T17:00:20,38,357,0,395
2023-06-08T17:12:04,38,357,0,395
2023-06-08T17:23:47,38,357,0,395
2023-06-08T17:35:29,38,357,0,395
2023-06-08T17:47:12,38,357,0,395
2023-06-08T17:58:55,38,357,0,395
2023-06-08T18:10:38,38,357,0,395
2023-06-08T18:22:30,38,357,0,395
2023-06-08T18:34:12,38,357,0,395
2023-06-08T18:45:54,39,356,0,395
2023-06-08T18:57:37,39,356,0,395
2023-06-08T19:09:19,39,356,0,395
2023-06-08T19:21:02,39,356,0,395
2023-06-08T19:32:44,39,356,0,395
2023-06-08T19:44:27,39,356,0,395
2023-06-08T20:04:06,39,356,0,395
2023-06-08T20:15:49,39,356,0,395
2023-06-08T20:27:32,39,356,0,395
2023-06-08T20:39:14,39,356,0,395
2023-06-08T20:50:56,39,356,0,395
2023-06-08T21:02:38,39,356,0,395
2023-06-08T21:14:20,39,356,0,395
2023-06-08T21:26:03,39,356,0,395
2023-06-08T21:37:45,39,356,0,395
2023-06-08T21:49:27,39,356,0,395
2023-06-08T22:01:10,39,356,0,395
2023-06-08T22:13:03,39,356,0,395
2023-06-08T22:24:45,39,356,0,395
2023-06-08T22:36:27,39,356,0,395
2023-06-08T22:48:09,39,356,0,395
2023-06-08T22:59:51,39,356,0,395
2023-06-08T23:11:35,39,356,0,395
2023-06-08T23:23:18,39,356,0,395
2023-06-08T23:35:01,39,356,0,395
2023-06-08T23:46:44,39,356,0,395
2023-06-08T23:58:26,39,356,0,395
2023-06-09T00:10:13,39,356,0,395
2023-06-09T00:22:14,39,356,0,395
2023-06-09T00:34:00,39,356,0,395
2023-06-09T00:45:46,39,356,0,395
2023-06-09T00:57:32,39,356,0,395
2023-06-09T01:09:18,39,356,0,395
2023-06-09T01:21:04,39,356,0,395
2023-06-09T01:32:50,39,356,0,395
2023-06-09T01:44:36,39,356,0,395
2023-06-09T01:56:23,39,356,0,395
2023-06-09T02:08:09,39,356,0,395
2023-06-09T02:19:53,39,356,0,395
2023-06-09T02:31:38,39,356,0,395
2023-06-09T02:43:41,39,356,0,395
2023-06-09T02:55:41,39,356,0,395
2023-06-09T03:07:28,39,356,0,395
2023-06-09T03:19:14,39,356,0,395
2023-06-09T03:31:00,39,356,0,395
2023-06-09T03:42:45,39,356,0,395
2023-06-09T03:54:31,39,356,0,395
2023-06-09T04:06:16,39,356,0,395
2023-06-09T04:30:57,39,356,0,395
2023-06-09T04:42:46,39,356,0,395
2023-06-09T04:54:33,39,356,0,395
2023-06-09T05:06:24,39,356,0,395
2023-06-09T05:18:10,39,356,0,395
2023-06-09T05:29:56,39,356,0,395
2023-06-09T05:41:42,39,356,0,395
2023-06-09T05:53:28,39,356,0,395
2023-06-09T06:05:14,39,356,0,395
2023-06-09T06:17:00,39,356,0,395
2023-06-09T06:28:46,39,356,0,395
2023-06-09T06:40:32,39,356,0,395
2023-06-09T06:52:17,39,356,0,395
2023-06-09T07:04:03,39,356,0,395
2023-06-09T07:15:48,39,356,0,395
2023-06-09T07:27:36,39,356,0,395
2023-06-09T07:39:20,39,356,0,395
2023-06-09T07:51:03,39,356,0,395
2023-06-09T08:02:48,39,356,0,395
2023-06-09T08:14:31,39,356,0,395
2023-06-09T08:26:14,39,356,0,395
2023-06-09T08:37:57,39,356,0,395
2023-06-09T08:49:40,39,356,0,395
2023-06-09T09:01:23,39,356,0,395
2023-06-09T09:13:16,39,356,0,395
2023-06-09T09:24:59,39,356,0,395
2023-06-09T09:36:42,39,356,0,395
2023-06-09T09:48:25,39,356,0,395
2023-06-09T10:00:10,39,356,0,395
2023-06-09T10:11:53,39,356,0,395
2023-06-09T10:23:35,39,356,0,395
2023-06-09T10:35:18,39,356,0,395
2023-06-09T10:47:00,39,356,0,395
2023-06-09T10:58:43,39,356,0,395
2023-06-09T11:10:44,39,356,0,395
2023-06-09T11:22:27,39,356,0,395
2023-06-09T11:34:09,39,356,0,395
2023-06-09T11:45:52,39,356,0,395
2023-06-09T11:57:34,39,356,0,395
2023-06-09T12:09:16,39,356,0,395
2023-06-09T12:21:00,39,356,0,395
2023-06-09T12:32:44,39,356,0,395
2023-06-09T12:44:39,39,356,0,395
2023-06-09T12:56:23,39,356,0,395
2023-06-09T13:08:06,39,356,0,395
2023-06-09T13:19:50,39,356,0,395
2023-06-09T13:31:35,39,356,0,395
2023-06-09T13:43:19,40,355,0,395
2023-06-09T13:55:03,40,355,0,395
2023-06-09T14:07:04,40,355,0,395
2023-06-09T14:18:48,40,355,0,395
2023-06-09T14:30:32,40,355,0,395
2023-06-09T14:42:16,40,355,0,395
2023-06-09T14:54:01,40,355,0,395
2023-06-09T15:05:45,40,355,0,395
2023-06-09T15:17:29,40,355,0,395
2023-06-09T15:29:13,40,355,0,395
2023-06-09T15:40:57,40,355,0,395
2023-06-09T15:52:52,40,355,0,395
2023-06-09T16:04:37,40,355,0,395
2023-06-09T16:16:22,40,355,0,395
2023-06-09T16:28:06,40,355,0,395
2023-06-09T16:39:51,40,355,0,395
2023-06-09T16:51:36,40,355,0,395
2023-06-09T17:03:22,40,355,0,395
2023-06-09T17:15:19,40,355,0,395
2023-06-09T17:27:04,40,355,0,395
2023-06-09T17:38:49,40,355,0,395
2023-06-09T17:50:34,40,355,0,395
2023-06-09T18:02:19,40,355,0,395
2023-06-09T18:14:04,40,355,0,395
2023-06-09T18:25:50,40,355,0,395
2023-06-09T18:37:34,40,355,0,395
2023-06-09T18:49:19,40,355,0,395
2023-06-09T19:01:15,40,355,0,395
2023-06-09T19:13:00,40,355,0,395
2023-06-09T19:24:46,40,355,0,395
2023-06-09T19:36:31,40,355,0,395
2023-06-09T19:48:16,40,355,0,395
2023-06-09T20:00:01,40,355,0,395
2023-06-09T20:11:47,40,355,0,395
2023-06-09T20:23:32,40,355,0,395
2023-06-09T20:35:36,40,355,0,395
2023-06-09T20:47:21,40,355,0,395
2023-06-09T20:59:06,40,355,0,395
2023-06-09T21:10:51,40,355,0,395
2023-06-09T21:22:36,40,355,0,395
2023-06-09T21:34:21,40,355,0,395
2023-06-09T21:46:07,40,355,0,395
2023-06-09T21:57:52,40,355,0,395
2023-06-09T22:09:37,40,355,0,395
2023-06-09T22:21:23,40,355,0,395
2023-06-09T22:33:08,40,355,0,395
2023-06-09T22:44:53,40,355,0,395
2023-06-09T22:56:49,40,355,0,395
2023-06-09T23:08:36,40,355,0,395
2023-06-09T23:20:21,40,355,0,395
2023-06-09T23:32:07,40,355,0,395
2023-06-09T23:43:53,40,355,0,395
2023-06-09T23:55:39,40,355,0,395
2023-06-10T00:07:26,40,355,0,395
2023-06-10T00:19:17,40,355,0,395
2023-06-10T00:31:05,40,355,0,395
2023-06-10T00:42:54,40,355,0,395
2023-06-10T00:55:04,40,355,0,395
2023-06-10T01:06:52,40,355,0,395
2023-06-10T01:18:41,40,355,0,395
2023-06-10T01:30:31,40,355,0,395
2023-06-10T01:42:21,40,355,0,395
2023-06-10T01:54:10,40,355,0,395
2023-06-10T02:06:00,40,355,0,395
2023-06-10T02:17:48,40,355,0,395
2023-06-10T02:29:35,40,355,0,395
2023-06-10T02:41:22,40,355,0,395
2023-06-10T02:53:07,40,355,0,395
2023-06-10T03:04:53,40,355,0,395
2023-06-10T03:16:40,40,355,0,395
2023-06-10T03:28:27,40,355,0,395
2023-06-10T03:40:15,40,355,0,395
2023-06-10T03:52:02,40,355,0,395
2023-06-10T04:03:51,40,355,0,395
2023-06-10T04:16:22,40,355,0,395
2023-06-10T04:34:11,40,355,0,395
2023-06-10T04:47:16,40,355,0,395
2023-06-10T04:59:26,40,355,0,395
2023-06-10T05:11:15,40,355,0,395
2023-06-10T05:23:04,40,355,0,395
2023-06-10T05:34:52,40,355,0,395
2023-06-10T05:46:41,40,355,0,395
2023-06-10T05:58:29,40,355,0,395
2023-06-10T06:10:17,40,355,0,395
2023-06-10T06:22:05,40,355,0,395
2023-06-10T06:33:53,40,355,0,395
2023-06-10T06:45:42,40,355,0,395
2023-06-10T06:57:31,40,355,0,395
2023-06-10T07:09:20,40,355,0,395
2023-06-10T07:21:08,40,355,0,395
2023-06-10T07:32:56,40,355,0,395
2023-06-10T07:44:46,40,355,0,395
2023-06-10T07:56:34,40,355,0,395
2023-06-10T08:08:30,40,355,0,395
2023-06-10T08:20:18,40,355,0,395
2023-06-10T08:32:06,40,355,0,395
2023-06-10T08:43:55,40,355,0,395
2023-06-10T08:55:43,40,355,0,395
2023-06-10T09:07:31,40,355,0,395
2023-06-10T09:19:19,40,355,0,395
2023-06-10T09:31:06,40,355,0,395
2023-06-10T09:42:54,40,355,0,395
2023-06-10T09:54:42,40,355,0,395
2023-06-10T10:06:28,40,355,0,395
2023-06-10T10:18:15,40,355,0,395
2023-06-10T10:30:01,40,355,0,395
2023-06-10T10:41:47,40,355,0,395
2023-06-10T10:53:33,40,355,0,395
2023-06-10T11:05:31,40,355,0,395
2023-06-10T11:17:16,41,354,0,395
2023-06-10T11:29:01,41,354,0,395
2023-06-10T11:40:46,41,354,0,395
2023-06-10T11:52:31,41,354,0,395
2023-06-10T12:04:15,40,355,0,395
2023-06-10T12:16:00,40,355,0,395
2023-06-10T12:27:45,40,355,0,395
2023-06-10T12:39:30,40,355,0,395
2023-06-10T12:51:15,40,355,0,395
2023-06-10T13:03:00,40,355,0,395
2023-06-10T13:14:45,40,355,0,395
2023-06-10T13:26:30,40,355,0,395
2023-06-10T13:38:24,40,355,0,395
2023-06-10T13:50:09,40,355,0,395
2023-06-10T14:01:54,40,355,0,395
2023-06-10T14:13:39,40,355,0,395
2023-06-10T14:25:24,40,355,0,395
2023-06-10T14:37:09,40,355,0,395
2023-06-10T14:48:54,40,355,0,395
2023-06-10T15:00:39,40,355,0,395
2023-06-10T15:12:23,40,355,0,395
2023-06-10T15:24:08,40,355,0,395
2023-06-10T15:35:53,40,355,0,395
2023-06-10T15:47:38,40,355,0,395
2023-06-10T15:59:33,40,355,0,395
2023-06-10T16:11:17,40,355,0,395
2023-06-10T16:23:02,40,355,0,395
2023-06-10T16:34:47,40,355,0,395
2023-06-10T16:46:31,40,355,0,395
2023-06-10T16:58:16,40,355,0,395
2023-06-10T17:10:02,40,355,0,395
2023-06-10T17:21:48,40,355,0,395
2023-06-10T17:33:33,40,355,0,395
2023-06-10T17:45:18,40,355,0,395
2023-06-10T17:57:03,40,355,0,395
2023-06-10T18:08:59,41,354,0,395
2023-06-10T18:20:43,41,354,0,395
2023-06-10T18:32:28,41,354,0,395
2023-06-10T18:44:13,41,354,0,395
2023-06-10T18:55:58,41,354,0,395
2023-06-10T19:07:43,41,354,0,395
2023-06-10T19:19:29,41,354,0,395
2023-06-10T19:31:14,41,354,0,395
2023-06-10T19:42:59,41,354,0,395
2023-06-10T19:54:44,41,354,0,395
2023-06-10T20:06:29,41,354,0,395
2023-06-10T20:18:14,41,354,0,395
2023-06-10T20:29:59,41,354,0,395
2023-06-10T20:41:54,41,354,0,395
2023-06-10T20:53:39,41,354,0,395
2023-06-10T21:05:24,41,354,0,395
2023-06-10T21:17:09,41,354,0,395
2023-06-10T21:28:54,41,354,0,395
2023-06-10T21:40:39,41,354,0,395
2023-06-10T21:52:24,41,354,0,395
2023-06-10T22:04:09,41,354,0,395
2023-06-10T22:15:54,41,354,0,395
2023-06-10T22:27:39,41,354,0,395
2023-06-10T22:39:24,41,354,0,395
2023-06-10T22:51:08,41,354,0,395
2023-06-10T23:02:53,41,354,0,395
2023-06-10T23:14:39,41,354,0,395
2023-06-10T23:26:34,41,354,0,395
2023-06-10T23:38:19,40,355,0,395
2023-06-10T23:50:04,40,355,0,395
2023-06-11T00:01:50,40,355,0,395
2023-06-11T00:13:43,39,356,0,395
2023-06-11T00:25:34,39,356,0,395
2023-06-11T00:37:22,39,356,0,395
2023-06-11T00:49:11,39,356,0,395
2023-06-11T01:01:00,39,356,0,395
2023-06-11T01:12:47,39,356,0,395
2023-06-11T01:24:34,39,356,0,395
2023-06-11T01:36:22,39,356,0,395
2023-06-11T01:48:10,39,356,0,395
2023-06-11T01:59:59,39,356,0,395
2023-06-11T02:11:48,39,356,0,395
2023-06-11T02:23:36,39,356,0,395
2023-06-11T02:35:25,39,356,0,395
2023-06-11T02:47:12,39,356,0,395
2023-06-11T02:58:59,39,356,0,395
2023-06-11T03:10:48,39,356,0,395
2023-06-11T03:22:46,39,356,0,395
2023-06-11T03:34:34,39,356,0,395
2023-06-11T03:46:22,39,356,0,395
2023-06-11T03:58:11,39,356,0,395
2023-06-11T04:09:59,39,356,0,395
2023-06-11T04:36:07,39,356,0,395
2023-06-11T04:49:12,39,356,0,395
2023-06-11T05:01:21,39,356,0,395
2023-06-11T05:13:10,39,356,0,395
2023-06-11T05:24:57,39,356,0,395
2023-06-11T05:36:45,39,356,0,395
2023-06-11T05:48:34,39,356,0,395
2023-06-11T06:00:22,39,356,0,395
2023-06-11T06:12:09,39,356,0,395
2023-06-11T06:23:57,39,356,0,395
2023-06-11T06:35:47,39,356,0,395
2023-06-11T06:47:35,39,356,0,395
2023-06-11T06:59:22,39,356,0,395
2023-06-11T07:11:10,39,356,0,395
2023-06-11T07:22:55,39,356,0,395
2023-06-11T07:34:41,39,356,0,395
2023-06-11T07:46:25,39,356,0,395
2023-06-11T07:58:10,39,356,0,395
2023-06-11T08:09:57,39,356,0,395
2023-06-11T08:21:46,39,356,0,395
2023-06-11T08:33:32,39,356,0,395
2023-06-11T08:45:17,39,356,0,395
2023-06-11T08:57:02,39,356,0,395
2023-06-11T09:08:48,39,356,0,395
2023-06-11T09:20:33,39,356,0,395
2023-06-11T09:32:18,39,356,0,395
2023-06-11T09:44:11,39,356,0,395
2023-06-11T09:55:55,39,356,0,395
2023-06-11T10:07:41,39,356,0,395
2023-06-11T10:19:26,39,356,0,395
2023-06-11T10:31:11,39,356,0,395
2023-06-11T10:42:56,39,356,0,395
2023-06-11T10:54:41,39,356,0,395
2023-06-11T11:06:27,39,356,0,395
2023-06-11T11:18:13,39,356,0,395
2023-06-11T11:29:59,39,356,0,395
2023-06-11T11:41:46,39,356,0,395
2023-06-11T11:53:32,39,356,0,395
2023-06-11T12:05:18,39,356,0,395
2023-06-11T12:17:05,39,356,0,395
2023-06-11T12:29:00,39,356,0,395
2023-06-11T12:40:44,39,356,0,395
2023-06-11T12:52:29,39,356,0,395
2023-06-11T13:04:15,39,356,0,395
2023-06-11T13:16:00,39,356,0,395
2023-06-11T13:27:45,39,356,0,395
2023-06-11T13:39:30,39,356,0,395
2023-06-11T13:51:15,39,356,0,395
2023-06-11T14:03:00,39,356,0,395
2023-06-11T14:14:45,39,356,0,395
2023-06-11T14:26:29,39,356,0,395
2023-06-11T14:38:25,39,356,0,395
2023-06-11T14:50:10,39,356,0,395
2023-06-11T15:01:55,39,356,0,395
2023-06-11T15:13:39,39,356,0,395
2023-06-11T15:25:24,39,356,0,395
2023-06-11T15:37:08,39,356,0,395
2023-06-11T15:48:53,39,356,0,395
2023-06-11T16:00:37,39,356,0,395
2023-06-11T16:12:24,39,356,0,395
2023-06-11T16:24:09,39,356,0,395
2023-06-11T16:36:05,39,356,0,395
2023-06-11T16:47:49,39,356,0,395
2023-06-11T16:59:34,39,356,0,395
2023-06-11T17:11:19,39,356,0,395
2023-06-11T17:23:06,39,356,0,395
2023-06-11T17:34:51,39,356,0,395
2023-06-11T17:46:35,39,356,0,395
2023-06-11T17:58:20,39,356,0,395
2023-06-11T18:10:04,39,356,0,395
2023-06-11T18:21:50,39,356,0,395
2023-06-11T18:33:34,39,356,0,395
2023-06-11T18:45:29,39,356,0,395
2023-06-11T18:57:14,39,356,0,395
2023-06-11T19:09:01,39,356,0,395
2023-06-11T19:20:47,39,356,0,395
2023-06-11T19:32:32,39,356,0,395
2023-06-11T19:44:17,39,356,0,395
2023-06-11T19:56:02,39,356,0,395
2023-06-11T20:07:46,39,356,0,395
2023-06-11T20:19:31,39,356,0,395
2023-06-11T20:31:16,39,356,0,395
2023-06-11T20:43:01,39,356,0,395
2023-06-11T20:54:55,39,356,0,395
2023-06-11T21:06:41,39,356,0,395
2023-06-11T21:18:26,39,356,0,395
2023-06-11T21:30:11,39,356,0,395
2023-06-11T21:41:57,39,356,0,395
2023-06-11T21:53:43,39,356,0,395
2023-06-11T22:05:28,39,356,0,395
2023-06-11T22:17:13,39,356,0,395
2023-06-11T22:28:58,39,356,0,395
2023-06-11T22:40:43,39,356,0,395
2023-06-11T22:52:39,39,356,0,395
2023-06-11T23:04:25,39,356,0,395
2023-06-11T23:16:10,39,356,0,395
2023-06-11T23:27:56,39,356,0,395
2023-06-11T23:39:42,39,356,0,395
2023-06-11T23:51:28,39,356,0,395
2023-06-12T00:03:14,39,356,0,395
2023-06-12T00:15:02,39,356,0,395
2023-06-12T00:26:59,39,356,0,395
2023-06-12T00:38:50,39,356,0,395
2023-06-12T00:50:50,39,356,0,395
2023-06-12T01:02:38,39,356,0,395
2023-06-12T01:14:24,39,356,0,395
2023-06-12T01:26:15,39,356,0,395
2023-06-12T01:38:04,39,356,0,395
2023-06-12T01:49:52,39,356,0,395
2023-06-12T02:01:40,39,356,0,395
2023-06-12T02:13:27,39,356,0,395
2023-06-12T02:25:14,39,356,0,395
2023-06-12T02:37:02,39,356,0,395
2023-06-12T02:48:48,39,356,0,395
2023-06-12T03:00:35,39,356,0,395
2023-06-12T03:12:23,39,356,0,395
2023-06-12T03:24:11,39,356,0,395
2023-06-12T03:36:02,39,356,0,395
2023-06-12T03:47:51,39,356,0,395
2023-06-12T03:59:39,39,356,0,395
2023-06-12T04:11:28,39,356,0,395
2023-06-12T04:32:43,39,356,0,395
2023-06-12T04:45:40,39,356,0,395
2023-06-12T04:58:00,39,356,0,395
2023-06-12T05:09:56,39,356,0,395
2023-06-12T05:21:42,39,356,0,395
2023-06-12T05:33:28,39,356,0,395
2023-06-12T05:45:14,39,356,0,395
2023-06-12T05:57:04,39,356,0,395
2023-06-12T06:08:53,39,356,0,395
2023-06-12T06:20:42,39,356,0,395
2023-06-12T06:32:30,39,356,0,395
2023-06-12T06:44:19,39,356,0,395
2023-06-12T06:56:07,39,356,0,395
2023-06-12T07:07:58,39,356,0,395
2023-06-12T07:19:48,39,356,0,395
2023-06-12T07:31:34,39,356,0,395
2023-06-12T07:43:21,39,356,0,395
2023-06-12T07:55:08,39,356,0,395
2023-06-12T08:06:55,39,356,0,395
2023-06-12T08:18:43,39,356,0,395
2023-06-12T08:30:30,39,356,0,395
2023-06-12T08:42:16,39,356,0,395
2023-06-12T08:54:11,39,356,0,395
2023-06-12T09:05:57,39,356,0,395
2023-06-12T09:17:42,39,356,0,395
2023-06-12T09:29:27,39,356,0,395
2023-06-12T09:41:12,39,356,0,395
2023-06-12T09:52:58,39,356,0,395
2023-06-12T10:04:43,39,356,0,395
2023-06-12T10:16:28,39,356,0,395
2023-06-12T10:28:13,39,356,0,395
2023-06-12T10:39:59,39,356,0,395
2023-06-12T10:51:44,39,356,0,395
2023-06-12T11:03:39,39,356,0,395
2023-06-12T11:15:25,39,356,0,395
2023-06-12T11:27:10,39,356,0,395
2023-06-12T11:38:55,39,356,0,395
2023-06-12T11:50:41,39,356,0,395
2023-06-12T12:02:27,39,356,0,395
2023-06-12T12:14:14,39,356,0,395
2023-06-12T12:25:59,39,356,0,395
2023-06-12T12:37:55,39,356,0,395
2023-06-12T12:49:40,39,356,0,395
2023-06-12T13:01:26,39,356,0,395
2023-06-12T13:13:11,39,356,0,395
2023-06-12T13:24:57,39,356,0,395
2023-06-12T13:36:43,39,356,0,395
2023-06-12T13:48:28,39,356,0,395
2023-06-12T14:00:13,39,356,0,395
2023-06-12T14:12:09,39,356,0,395
2023-06-12T14:23:55,39,356,0,395
2023-06-12T14:35:40,39,356,0,395
2023-06-12T14:47:25,39,356,0,395
2023-06-12T14:59:10,39,356,0,395
2023-06-12T15:10:55,39,356,0,395
2023-06-12T15:22:41,39,356,0,395
2023-06-12T15:34:37,39,356,0,395
2023-06-12T15:46:23,39,356,0,395
2023-06-12T15:58:08,39,356,0,395
2023-06-12T16:09:53,39,356,0,395
2023-06-12T16:21:39,39,356,0,395
2023-06-12T16:33:23,39,356,0,395
2023-06-12T16:45:09,39,356,0,395
2023-06-12T16:57:05,39,356,0,395
2023-06-12T17:08:51,39,356,0,395
2023-06-12T17:20:37,39,356,0,395
2023-06-12T17:32:23,39,356,0,395
2023-06-12T17:44:09,39,356,0,395
2023-06-12T17:55:54,39,356,0,395
2023-06-12T18:07:39,39,356,0,395
2023-06-12T18:19:35,39,356,0,395
2023-06-12T18:31:19,39,356,0,395
2023-06-12T18:43:04,39,356,0,395
2023-06-12T18:54:49,39,356,0,395
2023-06-12T19:06:35,39,356,0,395
2023-06-12T19:18:20,39,356,0,395
2023-06-12T19:30:05,39,356,0,395
2023-06-12T19:41:51,39,356,0,395
2023-06-12T19:53:36,39,356,0,395
2023-06-12T20:05:32,39,356,0,395
2023-06-12T20:17:16,39,356,0,395
2023-06-12T20:29:02,39,356,0,395
2023-06-12T20:40:46,39,356,0,395
2023-06-12T20:52:31,39,356,0,395
2023-06-12T21:04:17,39,356,0,395
2023-06-12T21:16:12,39,356,0,395
2023-06-12T21:27:58,39,356,0,395
2023-06-12T21:39:43,39,356,0,395
2023-06-12T21:51:29,39,356,0,395
2023-06-12T22:03:15,39,356,0,395
2023-06-12T22:15:00,39,356,0,395
2023-06-12T22:26:47,39,356,0,395
2023-06-12T22:38:32,39,356,0,395
2023-06-12T22:50:18,39,356,0,395
2023-06-12T23:02:03,39,356,0,395
2023-06-12T23:13:49,39,356,0,395
2023-06-12T23:25:46,39,356,0,395
2023-06-12T23:37:32,39,356,0,395
2023-06-12T23:49:17,39,356,0,395
2023-06-13T00:01:03,39,356,0,395
2023-06-13T00:12:52,39,356,0,395
2023-06-13T00:24:43,39,356,0,395
2023-06-13T00:36:32,39,356,0,395
2023-06-13T00:48:20,39,356,0,395
2023-06-13T01:00:09,39,356,0,395
2023-06-13T01:11:58,39,356,0,395
2023-06-13T01:23:47,39,356,0,395
2023-06-13T01:35:36,39,356,0,395
2023-06-13T01:47:24,39,356,0,395
2023-06-13T01:59:22,39,356,0,395
2023-06-13T02:11:08,39,356,0,395
2023-06-13T02:22:53,39,356,0,395
2023-06-13T02:34:38,39,356,0,395
2023-06-13T02:46:25,39,356,0,395
2023-06-13T02:58:11,39,356,0,395
2023-06-13T03:10:00,39,356,0,395
2023-06-13T03:21:48,39,356,0,395
2023-06-13T03:33:36,39,356,0,395
2023-06-13T03:45:23,39,356,0,395
2023-06-13T03:57:11,39,356,0,395
2023-06-13T04:08:59,39,356,0,395
2023-06-13T04:26:32,39,356,0,395
2023-06-13T04:38:21,39,356,0,395
2023-06-13T04:51:53,39,356,0,395
2023-06-13T05:03:41,39,356,0,395
2023-06-13T05:15:28,39,356,0,395
2023-06-13T05:27:21,39,356,0,395
2023-06-13T05:39:18,39,356,0,395
2023-06-13T05:51:08,39,356,0,395
2023-06-13T06:02:56,39,356,0,395
2023-06-13T06:14:44,39,356,0,395
2023-06-13T06:26:32,39,356,0,395
2023-06-13T06:38:21,39,356,0,395
2023-06-13T06:50:09,39,356,0,395
2023-06-13T07:01:58,39,356,0,395
2023-06-13T07:13:46,39,356,0,395
2023-06-13T07:25:34,39,356,0,395
2023-06-13T07:37:20,39,356,0,395
2023-06-13T07:49:06,39,356,0,395
2023-06-13T08:00:54,39,356,0,395
2023-06-13T08:12:41,39,356,0,395
2023-06-13T08:24:29,39,356,0,395
2023-06-13T08:36:15,39,356,0,395
2023-06-13T08:48:11,39,356,0,395
2023-06-13T08:59:58,39,356,0,395
2023-06-13T09:11:46,39,356,0,395
2023-06-13T09:23:33,39,356,0,395
2023-06-13T09:35:19,39,356,0,395
2023-06-13T09:47:07,39,356,0,395
2023-06-13T09:58:54,39,356,0,395
2023-06-13T10:10:41,39,356,0,395
2023-06-13T10:22:28,39,356,0,395
2023-06-13T10:34:31,39,356,0,395
2023-06-13T10:46:17,39,356,0,395
2023-06-13T10:58:02,39,356,0,395
2023-06-13T11:09:48,39,356,0,395
2023-06-13T11:21:34,39,356,0,395
2023-06-13T11:33:20,39,356,0,395
2023-06-13T11:45:06,39,356,0,395
2023-06-13T11:57:02,39,356,0,395
2023-06-13T12:08:49,39,356,0,395
2023-06-13T12:20:35,39,356,0,395
2023-06-13T12:32:22,39,356,0,395
2023-06-13T12:44:08,39,356,0,395
2023-06-13T12:55:53,39,356,0,395
2023-06-13T13:07:39,39,356,0,395
2023-06-13T13:19:24,39,356,0,395
2023-06-13T13:31:10,38,357,0,395
2023-06-13T13:43:08,38,357,0,395
2023-06-13T13:54:55,38,357,0,395
2023-06-13T14:06:42,38,357,0,395
2023-06-13T14:18:30,38,357,0,395
2023-06-13T14:30:17,38,357,0,395
2023-06-13T14:42:05,38,357,0,395
2023-06-13T14:53:52,38,357,0,395
2023-06-13T15:05:39,39,356,0,395
2023-06-13T15:17:39,39,356,0,395
2023-06-13T15:29:26,39,356,0,395
2023-06-13T15:41:13,39,356,0,395
2023-06-13T15:53:00,39,356,0,395
2023-06-13T16:04:48,39,356,0,395
2023-06-13T16:16:35,39,356,0,395
2023-06-13T16:28:22,39,356,0,395
2023-06-13T16:40:09,39,356,0,395
2023-06-13T16:51:56,39,356,0,395
2023-06-13T17:03:54,39,356,0,395
2023-06-13T17:15:43,39,356,0,395
2023-06-13T17:27:30,39,356,0,395
2023-06-13T17:39:18,39,356,0,395
2023-06-13T17:51:05,39,356,0,395
2023-06-13T18:02:52,39,356,0,395
2023-06-13T18:14:40,39,356,0,395
2023-06-13T18:26:27,39,356,0,395
2023-06-13T18:38:14,39,356,0,395
2023-06-13T18:50:10,39,356,0,395
2023-06-13T19:01:58,39,356,0,395
2023-06-13T19:13:45,39,356,0,395
2023-06-13T19:25:33,39,356,0,395
2023-06-13T19:37:19,39,356,0,395
2023-06-13T19:49:06,39,356,0,395
2023-06-13T20:00:54,39,356,0,395
2023-06-13T20:12:41,39,356,0,395
2023-06-13T20:24:28,39,356,0,395
2023-06-13T20:36:15,39,356,0,395
2023-06-13T20:48:14,39,356,0,395
2023-06-13T21:00:02,39,356,0,395
2023-06-13T21:11:48,39,356,0,395
2023-06-13T21:23:35,39,356,0,395
2023-06-13T21:35:22,39,356,0,395
2023-06-13T21:47:09,39,356,0,395
2023-06-13T21:58:57,39,356,0,395
2023-06-13T22:10:46,39,356,0,395
2023-06-13T22:22:37,39,356,0,395
2023-06-13T22:34:34,39,356,0,395
2023-06-13T22:46:21,39,356,0,395
2023-06-13T22:58:08,39,356,0,395
2023-06-13T23:09:58,39,356,0,395
2023-06-13T23:21:45,39,356,0,395
2023-06-13T23:33:33,39,356,0,395
2023-06-13T23:45:21,39,356,0,395
2023-06-13T23:57:08,39,356,0,395
2023-06-14T00:08:58,39,356,0,395
2023-06-14T00:20:50,39,356,0,395
2023-06-14T00:32:40,39,356,0,395
2023-06-14T00:44:30,39,356,0,395
2023-06-14T00:56:32,39,356,0,395
2023-06-14T01:08:24,39,356,0,395
2023-06-14T01:20:15,39,356,0,395
2023-06-14T01:32:06,39,356,0,395
2023-06-14T01:43:58,39,356,0,395
2023-06-14T01:55:51,39,356,0,395
2023-06-14T02:07:42,39,356,0,395
2023-06-14T02:19:31,39,356,0,395
2023-06-14T02:31:21,39,356,0,395
2023-06-14T02:43:11,39,356,0,395
2023-06-14T02:55:02,39,356,0,395
2023-06-14T03:06:53,39,356,0,395
2023-06-14T03:18:43,39,356,0,395
2023-06-14T03:30:46,39,356,0,395
2023-06-14T03:42:38,39,356,0,395
2023-06-14T03:54:28,39,356,0,395
2023-06-14T04:06:19,39,356,0,395
2023-06-14T04:18:21,39,356,0,395
2023-06-14T04:35:10,39,356,0,395
2023-06-14T04:47:03,39,356,0,395
2023-06-14T04:58:55,39,356,0,395
2023-06-14T05:10:47,39,356,0,395
2023-06-14T05:22:37,39,356,0,395
2023-06-14T05:34:28,39,356,0,395
2023-06-14T05:46:19,39,356,0,395
2023-06-14T05:58:11,39,356,0,395
2023-06-14T06:10:02,39,356,0,395
2023-06-14T06:21:52,39,356,0,395
2023-06-14T06:33:46,39,356,0,395
2023-06-14T06:45:46,39,356,0,395
2023-06-14T06:57:36,39,356,0,395
2023-06-14T07:09:26,39,356,0,395
2023-06-14T07:21:29,39,356,0,395
2023-06-14T07:33:18,39,356,0,395
2023-06-14T07:45:07,39,356,0,395
2023-06-14T07:56:56,39,356,0,395
2023-06-14T08:08:46,39,356,0,395
2023-06-14T08:20:35,39,356,0,395
2023-06-14T08:32:33,39,356,0,395
2023-06-14T08:44:24,39,356,0,395
2023-06-14T08:56:12,39,356,0,395
2023-06-14T09:08:01,39,356,0,395
2023-06-14T09:19:49,39,356,0,395
2023-06-14T09:31:37,39,356,0,395
2023-06-14T09:43:25,39,356,0,395
2023-06-14T09:55:24,39,356,0,395
2023-06-14T10:07:14,39,356,0,395
2023-06-14T10:19:04,39,356,0,395
2023-06-14T10:30:52,39,356,0,395
2023-06-14T10:42:42,39,356,0,395
2023-06-14T10:54:31,39,356,0,395
2023-06-14T11:06:20,39,356,0,395
2023-06-14T11:18:10,39,356,0,395
2023-06-14T11:30:01,39,356,0,395
2023-06-14T11:42:00,39,356,0,395
2023-06-14T11:53:51,39,356,0,395
2023-06-14T12:05:39,39,356,0,395
2023-06-14T12:17:28,39,356,0,395
2023-06-14T12:29:16,39,356,0,395
2023-06-14T12:41:05,39,356,0,395
2023-06-14T12:52:54,39,356,0,395
2023-06-14T13:04:42,39,356,0,395
2023-06-14T13:16:32,39,356,0,395
2023-06-14T13:28:32,39,356,0,395
2023-06-14T13:40:27,39,356,0,395
2023-06-14T13:52:27,39,356,0,395
2023-06-14T14:04:28,39,356,0,395
2023-06-14T14:16:33,39,356,0,395
2023-06-14T14:28:42,39,356,0,395
2023-06-14T14:40:58,39,356,0,395
2023-06-14T14:53:24,39,356,0,395
2023-06-14T15:05:39,39,356,0,395
2023-06-14T15:17:53,38,357,0,395
2023-06-14T15:30:08,38,357,0,395
2023-06-14T15:42:22,38,357,0,395
2023-06-14T15:54:37,38,357,0,395
2023-06-14T16:06:54,38,357,0,395
2023-06-14T16:19:19,38,357,0,395
2023-06-14T16:31:33,38,357,0,395
2023-06-14T16:43:49,38,357,0,395
2023-06-14T16:56:04,39,356,0,395
2023-06-14T17:08:20,39,356,0,395
2023-06-14T17:20:36,39,356,0,395
2023-06-14T17:32:50,39,356,0,395
2023-06-14T17:45:16,39,356,0,395
2023-06-14T17:57:30,39,356,0,395
2023-06-14T18:09:44,39,356,0,395
2023-06-14T18:21:58,39,356,0,395
2023-06-14T18:34:12,39,356,0,395
2023-06-14T18:46:26,39,356,0,395
2023-06-14T18:58:40,39,356,0,395
2023-06-14T19:11:07,39,356,0,395
2023-06-14T19:23:21,39,356,0,395
2023-06-14T19:35:35,39,356,0,395
2023-06-14T19:47:49,39,356,0,395
2023-06-14T20:00:03,39,356,0,395
2023-06-14T20:12:21,39,356,0,395
2023-06-14T20:24:34,39,356,0,395
2023-06-14T20:36:48,39,356,0,395
2023-06-14T20:49:02,39,356,0,395
2023-06-14T21:01:27,39,356,0,395
2023-06-14T21:13:42,39,356,0,395
2023-06-14T21:25:55,39,356,0,395
2023-06-14T21:38:10,39,356,0,395
2023-06-14T21:50:24,39,356,0,395
2023-06-14T22:02:38,39,356,0,395
2023-06-14T22:14:51,39,356,0,395
2023-06-14T22:27:06,39,356,0,395
2023-06-14T22:39:31,39,356,0,395
2023-06-14T22:51:46,39,356,0,395
2023-06-14T23:04:01,39,356,0,395
2023-06-14T23:16:17,39,356,0,395
2023-06-14T23:28:31,39,356,0,395
2023-06-14T23:40:45,39,356,0,395
2023-06-14T23:52:59,39,356,0,395
2023-06-15T00:05:14,39,356,0,395
2023-06-15T00:17:33,39,356,0,395
2023-06-15T00:29:51,39,356,0,395
2023-06-15T00:42:11,39,356,0,395
2023-06-15T00:54:42,39,356,0,395
2023-06-15T01:07:01,39,356,0,395
2023-06-15T01:19:18,39,356,0,395
2023-06-15T01:31:35,39,356,0,395
2023-06-15T01:43:52,39,356,0,395
2023-06-15T01:56:09,39,356,0,395
2023-06-15T02:08:26,39,356,0,395
2023-06-15T02:20:43,39,356,0,395
2023-06-15T02:33:00,39,356,0,395
2023-06-15T02:45:16,39,356,0,395
2023-06-15T02:57:30,39,356,0,395
2023-06-15T03:09:57,39,356,0,395
2023-06-15T03:22:14,39,356,0,395
2023-06-15T03:34:31,39,356,0,395
2023-06-15T03:46:47,39,356,0,395
2023-06-15T03:59:05,39,356,0,395
2023-06-15T04:27:25,39,356,0,395
2023-06-15T04:39:46,39,356,0,395
2023-06-15T04:53:25,39,356,0,395
2023-06-15T05:06:03,39,356,0,395
2023-06-15T05:18:22,39,356,0,395
2023-06-15T05:30:39,39,356,0,395
2023-06-15T05:42:58,39,356,0,395
2023-06-15T05:55:16,39,356,0,395
2023-06-15T06:07:33,39,356,0,395
2023-06-15T06:19:50,39,356,0,395
2023-06-15T06:32:06,39,356,0,395
2023-06-15T06:44:23,39,356,0,395
2023-06-15T06:56:39,39,356,0,395
2023-06-15T07:08:56,39,356,0,395
2023-06-15T07:21:14,39,356,0,395
2023-06-15T07:33:31,39,356,0,395
2023-06-15T07:45:56,39,356,0,395
2023-06-15T07:58:12,39,356,0,395
2023-06-15T08:10:28,39,356,0,395
2023-06-15T08:22:45,39,356,0,395
2023-06-15T08:35:01,39,356,0,395
2023-06-15T08:47:17,39,356,0,395
2023-06-15T08:59:32,39,356,0,395
2023-06-15T09:11:49,39,356,0,395
2023-06-15T09:24:04,39,356,0,395
2023-06-15T09:36:19,39,356,0,395
2023-06-15T09:48:35,39,356,0,395
2023-06-15T10:00:49,39,356,0,395
2023-06-15T10:13:14,39,356,0,395
2023-06-15T10:25:27,39,356,0,395
2023-06-15T10:37:42,39,356,0,395
2023-06-15T10:49:55,39,356,0,395
2023-06-15T11:02:09,39,356,0,395
2023-06-15T11:14:24,39,356,0,395
2023-06-15T11:26:37,39,356,0,395
2023-06-15T11:38:51,39,356,0,395
2023-06-15T11:51:17,39,356,0,395
2023-06-15T12:03:35,39,356,0,395
2023-06-15T12:15:48,39,356,0,395
2023-06-15T12:28:02,39,356,0,395
2023-06-15T12:40:18,39,356,0,395
2023-06-15T12:52:33,39,356,0,395
2023-06-15T13:04:46,39,356,0,395
2023-06-15T13:17:10,39,356,0,395
2023-06-15T13:29:25,39,356,0,395
2023-06-15T13:41:39,39,356,0,395
2023-06-15T13:53:54,39,356,0,395
2023-06-15T14:06:09,39,356,0,395
2023-06-15T14:18:23,39,356,0,395
2023-06-15T14:30:37,39,356,0,395
2023-06-15T14:43:03,39,356,0,395
2023-06-15T14:55:17,39,356,0,395
2023-06-15T15:07:31,39,356,0,395
2023-06-15T15:19:45,39,356,0,395
2023-06-15T15:31:59,39,356,0,395
2023-06-15T15:44:13,39,356,0,395
2023-06-15T15:56:28,39,356,0,395
2023-06-15T16:08:52,39,356,0,395
2023-06-15T16:21:07,39,356,0,395
2023-06-15T16:33:21,39,356,0,395
2023-06-15T16:45:34,39,356,0,395
2023-06-15T16:57:48,39,356,0,395
2023-06-15T17:10:03,39,356,0,395
2023-06-15T17:22:17,39,356,0,395
2023-06-15T17:34:32,39,356,0,395
2023-06-15T17:46:56,39,356,0,395
2023-06-15T17:59:10,39,356,0,395
2023-06-15T18:11:25,39,356,0,395
2023-06-15T18:23:39,39,356,0,395
2023-06-15T18:35:53,39,356,0,395
2023-06-15T18:48:08,39,356,0,395
2023-06-15T19:00:22,39,356,0,395
2023-06-15T19:12:37,39,356,0,395
2023-06-15T19:24:51,39,356,0,395
2023-06-15T19:37:17,39,356,0,395
2023-06-15T19:49:31,39,356,0,395
2023-06-15T20:01:46,39,356,0,395
2023-06-15T20:13:59,39,356,0,395
2023-06-15T20:26:13,39,356,0,395
2023-06-15T20:38:27,39,356,0,395
2023-06-15T20:50:41,39,356,0,395
2023-06-15T21:03:07,39,356,0,395
2023-06-15T21:15:22,39,356,0,395
2023-06-15T21:27:36,39,356,0,395
2023-06-15T21:39:52,39,356,0,395
2023-06-15T21:52:06,39,356,0,395
2023-06-15T22:04:20,39,356,0,395
2023-06-15T22:16:34,39,356,0,395
2023-06-15T22:28:49,39,356,0,395
2023-06-15T22:41:03,39,356,0,395
2023-06-15T22:53:18,39,356,0,395
2023-06-15T23:05:44,39,356,0,395
2023-06-15T23:17:59,39,356,0,395
2023-06-15T23:30:15,39,356,0,395
2023-06-15T23:42:30,39,356,0,395
2023-06-15T23:54:45,39,356,0,395
2023-06-16T00:07:00,39,356,0,395
2023-06-16T00:19:17,39,356,0,395
2023-06-16T00:31:30,39,356,0,395
2023-06-16T00:43:45,39,356,0,395
2023-06-16T00:55:58,39,356,0,395
2023-06-16T01:08:15,39,356,0,395
2023-06-16T01:20:41,39,356,0,395
2023-06-16T01:32:55,39,356,0,395
2023-06-16T01:45:09,39,356,0,395
2023-06-16T01:57:24,39,356,0,395
2023-06-16T02:09:40,39,356,0,395
2023-06-16T02:21:55,39,356,0,395
2023-06-16T02:34:10,39,356,0,395
2023-06-16T02:46:26,39,356,0,395
2023-06-16T02:58:42,39,356,0,395
2023-06-16T03:10:59,39,356,0,395
2023-06-16T03:23:17,39,356,0,395
2023-06-16T03:35:36,39,356,0,395
2023-06-16T03:47:53,39,356,0,395
2023-06-16T04:00:11,39,356,0,395
2023-06-16T04:23:24,39,356,0,395
2023-06-16T04:35:44,39,356,0,395
2023-06-16T04:49:24,39,356,0,395
2023-06-16T05:02:09,39,356,0,395
2023-06-16T05:14:28,39,356,0,395
2023-06-16T05:26:46,39,356,0,395
2023-06-16T05:39:04,39,356,0,395
2023-06-16T05:51:22,39,356,0,395
2023-06-16T06:03:41,39,356,0,395
2023-06-16T06:15:58,39,356,0,395
2023-06-16T06:28:15,39,356,0,395
2023-06-16T06:40:33,39,356,0,395
2023-06-16T06:52:51,39,356,0,395
2023-06-16T07:05:08,39,356,0,395
2023-06-16T07:17:24,39,356,0,395
2023-06-16T07:29:40,39,356,0,395
2023-06-16T07:41:55,39,356,0,395
2023-06-16T07:54:11,39,356,0,395
2023-06-16T08:06:28,39,356,0,395
2023-06-16T08:18:54,39,356,0,395
2023-06-16T08:31:11,39,356,0,395
2023-06-16T08:43:29,39,356,0,395
2023-06-16T08:55:47,39,356,0,395
2023-06-16T09:08:04,39,356,0,395
2023-06-16T09:20:20,39,356,0,395
2023-06-16T09:32:37,39,356,0,395
2023-06-16T09:44:51,39,356,0,395
2023-06-16T09:57:06,39,356,0,395
2023-06-16T10:09:22,39,356,0,395
2023-06-16T10:21:51,39,356,0,395
2023-06-16T11:06:27,39,356,0,395
2023-06-16T11:18:43,39,356,0,395
2023-06-16T11:30:58,39,356,0,395
2023-06-16T11:43:14,39,356,0,395
2023-06-16T11:55:29,39,356,0,395
2023-06-16T12:07:54,39,356,0,395
2023-06-16T12:20:11,39,356,0,395
2023-06-16T12:32:26,39,356,0,395
2023-06-16T12:44:41,39,356,0,395
2023-06-16T12:56:57,39,356,0,395
2023-06-16T13:09:12,39,356,0,395
2023-06-16T13:21:27,39,356,0,395
2023-06-16T13:33:43,39,356,0,395
2023-06-16T13:46:09,39,356,0,395
2023-06-16T13:58:25,39,356,0,395
2023-06-16T14:10:40,39,356,0,395
2023-06-16T14:22:55,39,356,0,395
2023-06-16T14:35:11,39,356,0,395
2023-06-16T14:47:26,39,356,0,395
2023-06-16T14:59:42,39,356,0,395
2023-06-16T15:11:57,39,356,0,395
2023-06-16T15:24:25,39,356,0,395
2023-06-16T15:36:40,39,356,0,395
2023-06-16T15:48:55,39,356,0,395
2023-06-16T16:01:12,39,356,0,395
2023-06-16T16:13:27,39,356,0,395
2023-06-16T16:25:43,39,356,0,395
2023-06-16T16:37:58,39,356,0,395
2023-06-16T16:50:13,39,356,0,395
2023-06-16T17:02:29,39,356,0,395
2023-06-16T17:14:55,39,356,0,395
2023-06-16T17:27:11,39,356,0,395
2023-06-16T17:39:26,39,356,0,395
2023-06-16T17:51:42,39,356,0,395
2023-06-16T18:03:57,39,356,0,395
2023-06-16T18:16:12,39,356,0,395
2023-06-16T18:28:28,39,356,0,395
2023-06-16T18:40:44,39,356,0,395
2023-06-16T18:53:00,39,356,0,395
2023-06-16T19:05:15,39,356,0,395
2023-06-16T19:17:44,39,356,0,395
2023-06-16T19:30:00,39,356,0,395
2023-06-16T19:42:15,39,356,0,395
2023-06-16T19:54:30,39,356,0,395
2023-06-16T20:06:47,39,356,0,395
2023-06-16T20:19:03,39,356,0,395
2023-06-16T20:31:18,39,356,0,395
2023-06-16T20:43:34,39,356,0,395
2023-06-16T20:55:50,39,356,0,395
2023-06-16T21:08:05,39,356,0,395
2023-06-16T21:20:32,39,356,0,395
2023-06-16T21:32:47,39,356,0,395
2023-06-16T21:45:02,39,356,0,395
2023-06-16T21:57:19,39,356,0,395
2023-06-16T22:09:34,39,356,0,395
2023-06-16T22:21:50,39,356,0,395
2023-06-16T22:34:05,39,356,0,395
2023-06-16T22:46:20,39,356,0,395
2023-06-16T22:58:35,39,356,0,395
2023-06-16T23:10:54,39,356,0,395
2023-06-16T23:23:21,39,356,0,395
2023-06-16T23:35:36,39,356,0,395
2023-06-16T23:47:53,39,356,0,395
2023-06-17T00:00:09,39,356,0,395
2023-06-17T00:12:31,39,356,0,395
2023-06-17T00:24:52,39,356,0,395
2023-06-17T00:37:12,39,356,0,395
2023-06-17T00:49:32,39,356,0,395
2023-06-17T01:01:51,39,356,0,395
2023-06-17T01:14:11,39,356,0,395
2023-06-17T01:26:30,39,356,0,395
2023-06-17T01:38:49,39,356,0,395
2023-06-17T01:51:08,39,356,0,395
2023-06-17T02:03:26,39,356,0,395
2023-06-17T02:15:57,39,356,0,395
2023-06-17T02:28:17,39,356,0,395
2023-06-17T02:40:35,39,356,0,395
2023-06-17T02:52:51,39,356,0,395
2023-06-17T03:05:07,39,356,0,395
2023-06-17T03:17:25,39,356,0,395
2023-06-17T03:29:43,39,356,0,395
2023-06-17T03:42:01,39,356,0,395
2023-06-17T03:54:19,39,356,0,395
2023-06-17T04:06:37,39,356,0,395
2023-06-17T04:18:59,39,356,0,395
2023-06-17T04:35:28,39,356,0,395
2023-06-17T04:49:03,39,356,0,395
2023-06-17T05:01:41,39,356,0,395
2023-06-17T05:13:59,39,356,0,395
2023-06-17T05:26:14,39,356,0,395
2023-06-17T05:38:34,39,356,0,395
2023-06-17T05:51:08,39,356,0,395
2023-06-17T06:03:30,39,356,0,395
2023-06-17T06:15:49,39,356,0,395
2023-06-17T06:28:07,39,356,0,395
2023-06-17T06:40:25,39,356,0,395
2023-06-17T06:52:44,39,356,0,395
2023-06-17T07:05:03,39,356,0,395
2023-06-17T07:17:23,39,356,0,395
2023-06-17T07:29:41,39,356,0,395
2023-06-17T07:42:12,39,356,0,395
2023-06-17T07:54:30,39,356,0,395
2023-06-17T08:06:49,39,356,0,395
2023-06-17T08:19:07,39,356,0,395
2023-06-17T08:31:26,39,356,0,395
2023-06-17T08:43:44,39,356,0,395
2023-06-17T08:56:03,39,356,0,395
2023-06-17T09:08:22,39,356,0,395
2023-06-17T09:20:41,39,356,0,395
2023-06-17T09:33:00,39,356,0,395
2023-06-17T09:45:17,39,356,0,395
2023-06-17T09:57:48,39,356,0,395
2023-06-17T10:10:06,39,356,0,395
2023-06-17T10:22:24,39,356,0,395
2023-06-17T10:34:43,39,356,0,395
2023-06-17T10:47:01,39,356,0,395
2023-06-17T10:59:19,39,356,0,395
2023-06-17T11:11:37,39,356,0,395
2023-06-17T11:23:56,39,356,0,395
2023-06-17T11:36:13,39,356,0,395
2023-06-17T11:48:42,39,356,0,395
2023-06-17T12:00:59,39,356,0,395
2023-06-17T12:13:16,39,356,0,395
2023-06-17T12:25:31,39,356,0,395
2023-06-17T12:37:46,39,356,0,395
2023-06-17T12:50:01,39,356,0,395
2023-06-17T13:02:17,39,356,0,395
2023-06-17T13:14:32,39,356,0,395
2023-06-17T13:26:47,39,356,0,395
2023-06-17T13:39:23,39,356,0,395
2023-06-17T13:51:38,39,356,0,395
2023-06-17T14:03:54,39,356,0,395
2023-06-17T14:16:09,39,356,0,395
2023-06-17T14:28:25,39,356,0,395
2023-06-17T14:40:40,39,356,0,395
2023-06-17T14:52:56,39,356,0,395
2023-06-17T15:05:11,39,356,0,395
2023-06-17T15:17:26,39,356,0,395
2023-06-17T15:29:42,39,356,0,395
2023-06-17T15:42:07,39,356,0,395
2023-06-17T15:54:22,39,356,0,395
2023-06-17T16:06:37,39,356,0,395
2023-06-17T16:18:52,39,356,0,395
2023-06-17T16:31:07,39,356,0,395
2023-06-17T16:43:22,39,356,0,395
2023-06-17T16:55:38,39,356,0,395
2023-06-17T17:07:53,39,356,0,395
2023-06-17T17:20:09,39,356,0,395
2023-06-17T17:32:24,39,356,0,395
2023-06-17T17:44:40,39,356,0,395
2023-06-17T17:56:55,39,356,0,395
2023-06-17T18:09:21,39,356,0,395
2023-06-17T18:21:36,39,356,0,395
2023-06-17T18:33:52,39,356,0,395
2023-06-17T18:46:07,39,356,0,395
2023-06-17T18:58:23,39,356,0,395
2023-06-17T19:10:39,39,356,0,395
2023-06-17T19:22:54,39,356,0,395
2023-06-17T19:35:09,39,356,0,395
2023-06-17T19:47:25,39,356,0,395
2023-06-17T19:59:41,39,356,0,395
2023-06-17T20:11:55,39,356,0,395
2023-06-17T20:24:11,39,356,0,395
2023-06-17T20:36:36,39,356,0,395
2023-06-17T20:48:52,39,356,0,395
2023-06-17T21:01:07,39,356,0,395
2023-06-17T21:13:22,39,356,0,395
2023-06-17T21:25:38,39,356,0,395
2023-06-17T21:37:53,39,356,0,395
2023-06-17T21:50:09,39,356,0,395
2023-06-17T22:02:24,39,356,0,395
2023-06-17T22:14:39,39,356,0,395
2023-06-17T22:26:55,39,356,0,395
2023-06-17T22:39:11,39,356,0,395
2023-06-17T22:51:26,39,356,0,395
2023-06-17T23:03:54,39,356,0,395
2023-06-17T23:16:10,39,356,0,395
2023-06-17T23:28:26,39,356,0,395
2023-06-17T23:40:43,39,356,0,395
2023-06-17T23:52:58,39,356,0,395
2023-06-18T00:05:16,39,356,0,395
2023-06-18T00:17:33,39,356,0,395
2023-06-18T00:29:49,39,356,0,395
2023-06-18T00:42:05,39,356,0,395
2023-06-18T00:54:24,39,356,0,395
2023-06-18T01:23:47,39,356,0,395
2023-06-18T01:36:08,39,356,0,395
2023-06-18T01:48:27,39,356,0,395
2023-06-18T02:00:47,39,356,0,395
2023-06-18T02:13:44,39,356,0,395
2023-06-18T02:26:11,39,356,0,395
2023-06-18T02:38:29,39,356,0,395
2023-06-18T02:50:48,39,356,0,395
2023-06-18T03:03:08,39,356,0,395
2023-06-18T03:15:29,39,356,0,395
2023-06-18T03:27:49,39,356,0,395
2023-06-18T03:40:18,39,356,0,395
2023-06-18T03:52:35,39,356,0,395
2023-06-18T04:04:54,39,356,0,395
2023-06-18T04:17:12,39,356,0,395
2023-06-18T04:36:39,39,356,0,395
2023-06-18T04:48:59,39,356,0,395
2023-06-18T05:01:21,39,356,0,395
2023-06-18T05:13:40,39,356,0,395
2023-06-18T05:26:00,39,356,0,395
2023-06-18T05:38:18,39,356,0,395
2023-06-18T05:50:37,39,356,0,395
2023-06-18T06:02:56,39,356,0,395
2023-06-18T06:15:14,39,356,0,395
2023-06-18T06:27:33,39,356,0,395
2023-06-18T06:39:51,39,356,0,395
2023-06-18T06:52:09,39,356,0,395
2023-06-18T07:04:29,39,356,0,395
2023-06-18T07:16:47,39,356,0,395
2023-06-18T07:29:04,39,356,0,395
2023-06-18T07:41:21,39,356,0,395
2023-06-18T07:53:38,39,356,0,395
2023-06-18T08:05:57,39,356,0,395
2023-06-18T08:18:13,39,356,0,395
2023-06-18T08:30:29,39,356,0,395
2023-06-18T08:42:45,39,356,0,395
2023-06-18T08:55:14,39,356,0,395
2023-06-18T09:07:29,39,356,0,395
2023-06-18T09:19:44,39,356,0,395
2023-06-18T09:31:59,39,356,0,395
2023-06-18T09:44:14,39,356,0,395
2023-06-18T09:56:29,39,356,0,395
2023-06-18T10:08:49,39,356,0,395
2023-06-18T10:21:07,39,356,0,395
2023-06-18T10:33:23,39,356,0,395
2023-06-18T10:45:38,39,356,0,395
2023-06-18T10:57:55,39,356,0,395
2023-06-18T11:10:14,39,356,0,395
2023-06-18T11:22:32,39,356,0,395
2023-06-18T11:35:00,39,356,0,395
2023-06-18T11:47:18,39,356,0,395
2023-06-18T11:59:33,39,356,0,395
2023-06-18T12:11:48,39,356,0,395
2023-06-18T12:24:03,39,356,0,395
2023-06-18T12:36:18,39,356,0,395
2023-06-18T12:48:33,39,356,0,395
2023-06-18T13:01:05,39,356,0,395
2023-06-18T13:13:20,39,356,0,395
2023-06-18T13:25:34,39,356,0,395
2023-06-18T13:37:50,39,356,0,395
2023-06-18T13:50:05,39,356,0,395
2023-06-18T14:02:20,39,356,0,395
2023-06-18T14:14:35,39,356,0,395
2023-06-18T14:26:50,39,356,0,395
2023-06-18T14:39:05,39,356,0,395
2023-06-18T14:51:19,39,356,0,395
2023-06-18T15:03:44,39,356,0,395
2023-06-18T15:15:59,39,356,0,395
2023-06-18T15:28:14,39,356,0,395
2023-06-18T15:40:30,39,356,0,395
2023-06-18T15:52:45,39,356,0,395
2023-06-18T16:05:01,39,356,0,395
2023-06-18T16:17:16,39,356,0,395
2023-06-18T16:29:32,39,356,0,395
2023-06-18T16:41:57,39,356,0,395
2023-06-18T16:54:12,39,356,0,395
2023-06-18T17:06:27,39,356,0,395
2023-06-18T17:18:43,39,356,0,395
2023-06-18T17:30:58,39,356,0,395
2023-06-18T17:43:14,39,356,0,395
2023-06-18T17:55:28,39,356,0,395
2023-06-18T18:07:43,39,356,0,395
2023-06-18T18:19:59,39,356,0,395
2023-06-18T18:32:24,39,356,0,395
2023-06-18T18:44:39,39,356,0,395
2023-06-18T18:56:54,39,356,0,395
2023-06-18T19:09:11,39,356,0,395
2023-06-18T19:21:27,39,356,0,395
2023-06-18T19:33:42,39,356,0,395
2023-06-18T19:45:57,39,356,0,395
2023-06-18T19:58:12,39,356,0,395
2023-06-18T20:10:27,39,356,0,395
2023-06-18T20:22:53,39,356,0,395
2023-06-18T20:35:08,39,356,0,395
2023-06-18T20:47:23,39,356,0,395
2023-06-18T20:59:38,39,356,0,395
2023-06-18T21:11:53,39,356,0,395
2023-06-18T21:24:08,39,356,0,395
2023-06-18T21:36:25,39,356,0,395
2023-06-18T21:48:40,39,356,0,395
2023-06-18T22:00:55,39,356,0,395
2023-06-18T22:13:21,39,356,0,395
2023-06-18T22:25:36,39,356,0,395
2023-06-18T22:37:52,39,356,0,395
2023-06-18T22:50:07,39,356,0,395
2023-06-18T23:02:23,39,356,0,395
2023-06-18T23:14:39,39,356,0,395
2023-06-18T23:26:55,39,356,0,395
2023-06-18T23:39:31,39,356,0,395
2023-06-18T23:51:48,39,356,0,395
2023-06-19T00:04:06,39,356,0,395
2023-06-19T00:16:33,39,356,0,395
2023-06-19T00:29:03,39,356,0,395
2023-06-19T00:41:33,39,356,0,395
2023-06-19T00:53:59,39,356,0,395
2023-06-19T01:06:20,39,356,0,395
2023-06-19T01:18:42,39,356,0,395
2023-06-19T01:31:01,39,356,0,395
2023-06-19T01:43:31,39,356,0,395
2023-06-19T01:55:51,39,356,0,395
2023-06-19T02:08:19,39,356,0,395
2023-06-19T02:20:38,39,356,0,395
2023-06-19T02:32:56,39,356,0,395
2023-06-19T02:45:13,39,356,0,395
2023-06-19T02:57:30,39,356,0,395
2023-06-19T03:09:49,39,356,0,395
2023-06-19T03:22:08,39,356,0,395
2023-06-19T03:34:25,39,356,0,395
2023-06-19T03:46:43,39,356,0,395
2023-06-19T03:59:22,39,356,0,395
2023-06-19T04:11:40,39,356,0,395
2023-06-19T04:28:10,39,356,0,395
2023-06-19T04:40:30,39,356,0,395
2023-06-19T04:54:32,39,356,0,395
2023-06-19T05:06:54,39,356,0,395
2023-06-19T05:19:12,39,356,0,395
2023-06-19T05:31:31,39,356,0,395
2023-06-19T05:43:50,39,356,0,395
2023-06-19T05:56:13,39,356,0,395
2023-06-19T06:08:31,39,356,0,395
2023-06-19T06:20:51,39,356,0,395
2023-06-19T06:33:10,39,356,0,395
2023-06-19T06:45:29,39,356,0,395
2023-06-19T06:57:47,39,356,0,395
2023-06-19T07:10:07,39,356,0,395
2023-06-19T07:22:24,39,356,0,395
2023-06-19T07:34:39,39,356,0,395
2023-06-19T07:46:54,39,356,0,395
2023-06-19T07:59:09,39,356,0,395
2023-06-19T08:11:36,39,356,0,395
2023-06-19T08:23:52,39,356,0,395
2023-06-19T08:36:09,39,356,0,395
2023-06-19T08:48:24,39,356,0,395
2023-06-19T09:00:40,39,356,0,395
2023-06-19T09:12:55,39,356,0,395
2023-06-19T09:25:11,39,356,0,395
2023-06-19T09:37:27,39,356,0,395
2023-06-19T09:49:53,39,356,0,395
2023-06-19T10:02:08,39,356,0,395
2023-06-19T10:14:24,39,356,0,395
2023-06-19T10:26:39,39,356,0,395
2023-06-19T10:38:57,39,356,0,395
2023-06-19T10:51:13,39,356,0,395
2023-06-19T11:03:29,39,356,0,395
2023-06-19T11:15:54,39,356,0,395
2023-06-19T11:28:10,39,356,0,395
2023-06-19T11:40:25,39,356,0,395
2023-06-19T11:52:41,39,356,0,395
2023-06-19T12:04:57,39,356,0,395
2023-06-19T12:17:13,39,356,0,395
2023-06-19T12:29:28,39,356,0,395
2023-06-19T12:41:54,39,356,0,395
2023-06-19T12:54:10,39,356,0,395
2023-06-19T13:06:26,39,356,0,395
2023-06-19T13:18:42,39,356,0,395
2023-06-19T13:30:58,39,356,0,395
2023-06-19T13:43:13,39,356,0,395
2023-06-19T13:55:41,39,356,0,395
2023-06-19T14:07:56,39,356,0,395
2023-06-19T14:20:13,39,356,0,395
2023-06-19T14:32:29,39,356,0,395
2023-06-19T14:44:45,39,356,0,395
2023-06-19T14:57:03,39,356,0,395
2023-06-19T15:09:29,39,356,0,395
2023-06-19T15:21:44,39,356,0,395
2023-06-19T15:34:00,39,356,0,395
2023-06-19T15:46:16,39,356,0,395
2023-06-19T15:58:32,39,356,0,395
2023-06-19T16:10:47,39,356,0,395
2023-06-19T16:23:02,39,356,0,395
2023-06-19T16:35:28,39,356,0,395
2023-06-19T16:47:44,39,356,0,395
2023-06-19T17:00:01,39,356,0,395
2023-06-19T17:12:17,39,356,0,395
2023-06-19T17:24:33,39,356,0,395
2023-06-19T17:36:49,39,356,0,395
2023-06-19T17:49:05,39,356,0,395
2023-06-19T18:01:21,39,356,0,395
2023-06-19T18:13:47,39,356,0,395
2023-06-19T18:26:03,39,356,0,395
2023-06-19T18:38:19,39,356,0,395
2023-06-19T18:50:35,39,356,0,395
2023-06-19T19:02:51,39,356,0,395
2023-06-19T19:15:08,39,356,0,395
2023-06-19T19:27:27,39,356,0,395
2023-06-19T19:39:53,39,356,0,395
2023-06-19T19:52:08,39,356,0,395
2023-06-19T20:04:24,39,356,0,395
2023-06-19T20:16:39,39,356,0,395
2023-06-19T20:28:55,39,356,0,395
2023-06-19T20:41:10,39,356,0,395
2023-06-19T20:53:26,39,356,0,395
2023-06-19T21:05:52,39,356,0,395
2023-06-19T21:18:08,39,356,0,395
2023-06-19T21:30:24,39,356,0,395
2023-06-19T21:42:41,39,356,0,395
2023-06-19T21:54:57,39,356,0,395
2023-06-19T22:07:13,39,356,0,395
2023-06-19T22:19:39,39,356,0,395
2023-06-19T22:31:55,39,356,0,395
2023-06-19T22:44:11,39,356,0,395
2023-06-19T22:56:26,39,356,0,395
2023-06-19T23:08:44,39,356,0,395
2023-06-19T23:20:59,39,356,0,395
2023-06-19T23:33:28,39,356,0,395
2023-06-19T23:45:44,39,356,0,395
2023-06-19T23:58:00,39,356,0,395
2023-06-20T00:10:18,39,356,0,395
2023-06-20T00:22:39,39,356,0,395
2023-06-20T00:34:56,39,356,0,395
2023-06-20T00:47:16,39,356,0,395
2023-06-20T00:59:46,39,356,0,395
2023-06-20T01:12:05,39,356,0,395
2023-06-20T01:24:25,39,356,0,395
2023-06-20T01:36:45,39,356,0,395
2023-06-20T01:49:03,39,356,0,395
2023-06-20T02:01:23,39,356,0,395
2023-06-20T02:14:09,39,356,0,395
2023-06-20T02:26:27,39,356,0,395
2023-06-20T02:38:45,39,356,0,395
2023-06-20T02:51:03,39,356,0,395
2023-06-20T03:03:19,39,356,0,395
2023-06-20T03:15:37,39,356,0,395
2023-06-20T03:27:57,39,356,0,395
2023-06-20T03:40:15,39,356,0,395
2023-06-20T03:52:44,39,356,0,395
2023-06-20T04:05:02,39,356,0,395
2023-06-20T04:35:02,39,356,0,395
2023-06-20T04:47:23,39,356,0,395
2023-06-20T04:59:44,39,356,0,395
2023-06-20T05:12:05,39,356,0,395
2023-06-20T05:24:23,39,356,0,395
2023-06-20T05:36:42,39,356,0,395
2023-06-20T05:49:02,39,356,0,395
2023-06-20T06:01:20,39,356,0,395
2023-06-20T06:13:41,39,356,0,395
2023-06-20T06:26:00,39,356,0,395
2023-06-20T06:38:18,39,356,0,395
2023-06-20T06:50:37,39,356,0,395
2023-06-20T07:02:56,39,356,0,395
2023-06-20T07:15:14,39,356,0,395
2023-06-20T07:27:30,39,356,0,395
2023-06-20T07:39:56,39,356,0,395
2023-06-20T07:52:11,39,356,0,395
2023-06-20T08:04:27,39,356,0,395
2023-06-20T08:16:44,39,356,0,395
2023-06-20T08:29:00,39,356,0,395
2023-06-20T08:41:17,39,356,0,395
2023-06-20T08:53:36,39,356,0,395
2023-06-20T09:05:53,39,356,0,395
2023-06-20T09:18:20,39,356,0,395
2023-06-20T09:30:36,39,356,0,395
2023-06-20T09:42:52,39,356,0,395
2023-06-20T09:55:08,39,356,0,395
2023-06-20T10:07:24,39,356,0,395
2023-06-20T10:19:40,39,356,0,395
2023-06-20T10:32:08,39,356,0,395
2023-06-20T10:44:25,39,356,0,395
2023-06-20T10:56:41,39,356,0,395
2023-06-20T11:08:58,39,356,0,395
2023-06-20T11:21:14,39,356,0,395
2023-06-20T11:33:42,39,356,0,395
2023-06-20T11:45:58,39,356,0,395
2023-06-20T11:58:14,39,356,0,395
2023-06-20T12:10:32,39,356,0,395
2023-06-20T12:22:49,39,356,0,395
2023-06-20T12:35:16,39,356,0,395
2023-06-20T12:47:32,39,356,0,395
2023-06-20T12:59:49,39,356,0,395
2023-06-20T13:12:05,39,356,0,395
2023-06-20T13:24:21,39,356,0,395
2023-06-20T13:36:48,39,356,0,395
2023-06-20T13:49:04,39,356,0,395
2023-06-20T14:01:20,39,356,0,395
2023-06-20T14:13:36,39,356,0,395
2023-06-20T14:25:53,39,356,0,395
2023-06-20T14:38:19,39,356,0,395
2023-06-20T14:50:36,39,356,0,395
2023-06-20T15:02:52,39,356,0,395
2023-06-20T15:15:09,39,356,0,395
2023-06-20T15:27:38,39,356,0,395
2023-06-20T15:39:54,39,356,0,395
2023-06-20T15:52:12,39,356,0,395
2023-06-20T16:04:28,39,356,0,395
2023-06-20T16:16:44,39,356,0,395
2023-06-20T16:29:04,39,356,0,395
2023-06-20T16:41:30,39,356,0,395
2023-06-20T16:53:47,39,356,0,395
2023-06-20T17:06:03,39,356,0,395
2023-06-20T17:18:21,39,356,0,395
2023-06-20T17:30:37,39,356,0,395
2023-06-20T17:43:05,39,356,0,395
2023-06-20T17:55:22,39,356,0,395
2023-06-20T18:07:39,39,356,0,395
2023-06-20T18:19:55,39,356,0,395
2023-06-20T18:32:13,39,356,0,395
2023-06-20T18:44:44,39,356,0,395
2023-06-20T18:57:00,39,356,0,395
2023-06-20T19:09:17,39,356,0,395
2023-06-20T19:21:33,39,356,0,395
2023-06-20T19:33:51,39,356,0,395
2023-06-20T19:46:19,39,356,0,395
2023-06-20T19:58:36,39,356,0,395
2023-06-20T20:10:54,39,356,0,395
2023-06-20T20:23:10,39,356,0,395
2023-06-20T20:35:27,39,356,0,395
2023-06-20T20:47:58,39,356,0,395
2023-06-20T21:00:15,39,356,0,395
2023-06-20T21:12:32,39,356,0,395
2023-06-20T21:24:48,39,356,0,395
2023-06-20T21:37:05,39,356,0,395
2023-06-20T21:49:33,39,356,0,395
2023-06-20T22:01:50,39,356,0,395
2023-06-20T22:14:06,39,356,0,395
2023-06-20T22:26:23,39,356,0,395
2023-06-20T22:38:40,39,356,0,395
2023-06-20T22:51:09,39,356,0,395
2023-06-20T23:03:26,39,356,0,395
2023-06-20T23:15:44,39,356,0,395
2023-06-20T23:28:02,39,356,0,395
2023-06-20T23:40:19,39,356,0,395
2023-06-20T23:52:35,39,356,0,395
2023-06-21T00:05:07,39,356,0,395
2023-06-21T00:17:36,39,356,0,395
2023-06-21T00:29:58,39,356,0,395
2023-06-21T00:42:19,39,356,0,395
2023-06-21T00:54:40,39,356,0,395
2023-06-21T01:07:02,39,356,0,395
2023-06-21T01:19:23,39,356,0,395
2023-06-21T01:31:56,39,356,0,395
2023-06-21T01:44:17,39,356,0,395
2023-06-21T01:56:40,39,356,0,395
2023-06-21T02:09:02,39,356,0,395
2023-06-21T02:21:22,39,356,0,395
2023-06-21T02:33:42,39,356,0,395
2023-06-21T02:45:59,39,356,0,395
2023-06-21T02:58:15,39,356,0,395
2023-06-21T03:10:33,39,356,0,395
2023-06-21T03:23:04,39,356,0,395
2023-06-21T03:35:22,39,356,0,395
2023-06-21T03:47:41,39,356,0,395
2023-06-21T03:59:58,39,356,0,395
2023-06-21T04:25:09,39,356,0,395
2023-06-21T04:39:02,39,356,0,395
2023-06-21T04:51:41,39,356,0,395
2023-06-21T05:04:01,39,356,0,395
2023-06-21T05:16:21,39,356,0,395
2023-06-21T05:28:39,39,356,0,395
2023-06-21T05:40:56,39,356,0,395
2023-06-21T05:53:14,39,356,0,395
2023-06-21T06:05:32,39,356,0,395
2023-06-21T06:17:48,39,356,0,395
2023-06-21T06:30:05,39,356,0,395
2023-06-21T06:42:27,39,356,0,395
2023-06-21T06:55:03,39,356,0,395
2023-06-21T07:07:24,39,356,0,395
2023-06-21T07:19:42,39,356,0,395
2023-06-21T07:32:01,39,356,0,395
2023-06-21T07:44:18,39,356,0,395
2023-06-21T07:56:37,39,356,0,395
2023-06-21T08:08:57,39,356,0,395
2023-06-21T08:21:29,39,356,0,395
2023-06-21T08:33:48,39,356,0,395
2023-06-21T08:46:07,39,356,0,395
2023-06-21T08:58:25,39,356,0,395
2023-06-21T09:10:45,39,356,0,395
2023-06-21T09:23:16,39,356,0,395
2023-06-21T09:35:35,39,356,0,395
2023-06-21T09:47:55,39,356,0,395
2023-06-21T10:00:15,39,356,0,395
2023-06-21T10:12:49,39,356,0,395
2023-06-21T10:25:09,39,356,0,395
2023-06-21T10:37:29,39,356,0,395
2023-06-21T10:49:48,39,356,0,395
2023-06-21T11:02:25,39,356,0,395
2023-06-21T11:14:46,39,356,0,395
2023-06-21T11:27:09,39,356,0,395
2023-06-21T11:39:29,39,356,0,395
2023-06-21T11:52:03,40,355,0,395
2023-06-21T12:04:22,40,355,0,395
2023-06-21T12:16:42,40,355,0,395
2023-06-21T12:29:11,40,355,0,395
2023-06-21T12:41:29,40,355,0,395
2023-06-21T12:53:46,40,355,0,395
2023-06-21T13:06:04,40,355,0,395
2023-06-21T13:18:32,40,355,0,395
2023-06-21T13:30:50,40,355,0,395
2023-06-21T13:43:10,40,355,0,395
2023-06-21T13:55:28,40,355,0,395
2023-06-21T14:07:56,40,355,0,395
2023-06-21T14:20:14,40,355,0,395
2023-06-21T14:32:33,40,355,0,395
2023-06-21T14:44:51,40,355,0,395
2023-06-21T14:57:22,40,355,0,395
2023-06-21T15:09:42,40,355,0,395
2023-06-21T15:22:01,40,355,0,395
2023-06-21T15:34:21,40,355,0,395
2023-06-21T15:46:39,40,355,0,395
2023-06-21T15:59:10,40,355,0,395
2023-06-21T16:11:29,40,355,0,395
2023-06-21T16:23:49,40,355,0,395
2023-06-21T16:36:08,40,355,0,395
2023-06-21T16:48:39,40,355,0,395
2023-06-21T17:00:58,40,355,0,395
2023-06-21T17:13:18,40,355,0,395
2023-06-21T17:25:38,40,355,0,395
2023-06-21T17:37:57,40,355,0,395
2023-06-21T17:50:29,40,355,0,395
2023-06-21T18:02:48,40,355,0,395
2023-06-21T18:15:08,40,355,0,395
2023-06-21T18:27:31,40,355,0,395
2023-06-21T18:40:01,40,355,0,395
2023-06-21T18:52:20,40,355,0,395
2023-06-21T19:04:40,40,355,0,395
2023-06-21T19:16:58,40,355,0,395
2023-06-21T19:29:17,40,355,0,395
2023-06-21T19:41:36,40,355,0,395
2023-06-21T19:54:05,40,355,0,395
2023-06-21T20:06:25,40,355,0,395
2023-06-21T20:18:44,40,355,0,395
2023-06-21T20:31:03,40,355,0,395
2023-06-21T20:43:22,40,355,0,395
2023-06-21T20:55:56,40,355,0,395
2023-06-21T21:08:16,40,355,0,395
2023-06-21T21:20:36,40,355,0,395
2023-06-21T21:32:56,40,355,0,395
2023-06-21T21:45:15,40,355,0,395
2023-06-21T21:57:46,40,355,0,395
2023-06-21T22:10:06,40,355,0,395
2023-06-21T22:22:25,40,355,0,395
2023-06-21T22:34:45,40,355,0,395
2023-06-21T22:47:04,40,355,0,395
2023-06-21T22:59:35,40,355,0,395
2023-06-21T23:11:58,40,355,0,395
2023-06-21T23:24:18,40,355,0,395
2023-06-21T23:36:38,40,355,0,395
2023-06-21T23:48:57,40,355,0,395
2023-06-22T00:01:17,40,355,0,395
2023-06-22T00:13:55,40,355,0,395
2023-06-22T00:26:20,40,355,0,395
2023-06-22T00:38:42,40,355,0,395
2023-06-22T00:51:05,40,355,0,395
2023-06-22T01:03:28,40,355,0,395
2023-06-22T01:15:51,40,355,0,395
2023-06-22T01:28:27,40,355,0,395
2023-06-22T01:40:49,40,355,0,395
2023-06-22T01:53:13,40,355,0,395
2023-06-22T02:05:36,40,355,0,395
2023-06-22T02:17:56,40,355,0,395
2023-06-22T02:30:17,40,355,0,395
2023-06-22T02:42:39,40,355,0,395
2023-06-22T02:55:11,40,355,0,395
2023-06-22T03:07:33,40,355,0,395
2023-06-22T03:19:55,40,355,0,395
2023-06-22T03:32:17,40,355,0,395
2023-06-22T03:44:38,40,355,0,395
2023-06-22T03:57:01,40,355,0,395
2023-06-22T04:09:22,40,355,0,395
2023-06-22T04:34:57,41,354,0,395
2023-06-22T04:47:20,41,354,0,395
2023-06-22T04:59:43,41,354,0,395
2023-06-22T05:12:05,41,354,0,395
2023-06-22T05:24:24,41,354,0,395
2023-06-22T05:36:43,41,354,0,395
2023-06-22T05:49:06,41,354,0,395
2023-06-22T06:01:29,41,354,0,395
2023-06-22T06:13:54,41,354,0,395
2023-06-22T06:26:16,41,354,0,395
2023-06-22T06:38:38,41,354,0,395
2023-06-22T06:50:59,41,354,0,395
2023-06-22T07:03:22,41,354,0,395
2023-06-22T07:15:55,41,354,0,395
2023-06-22T07:28:16,41,354,0,395
2023-06-22T07:40:36,41,354,0,395
2023-06-22T07:52:58,41,354,0,395
2023-06-22T08:05:17,41,354,0,395
2023-06-22T08:17:37,41,354,0,395
2023-06-22T08:29:58,41,354,0,395
2023-06-22T08:42:28,41,354,0,395
2023-06-22T08:54:48,41,354,0,395
2023-06-22T09:07:08,41,354,0,395
2023-06-22T09:19:28,41,354,0,395
2023-06-22T09:31:50,41,354,0,395
2023-06-22T09:44:22,41,354,0,395
2023-06-22T09:56:42,41,354,0,395
2023-06-22T10:09:02,41,354,0,395
2023-06-22T10:21:22,41,354,0,395
2023-06-22T10:33:44,41,354,0,395
2023-06-22T10:46:17,41,354,0,395
2023-06-22T10:58:37,41,354,0,395
2023-06-22T11:10:58,41,354,0,395
2023-06-22T11:23:19,41,354,0,395
2023-06-22T11:35:39,41,354,0,395
2023-06-22T11:48:10,41,354,0,395
2023-06-22T12:00:29,41,354,0,395
2023-06-22T12:12:49,41,354,0,395
2023-06-22T12:25:08,41,354,0,395
2023-06-22T12:37:39,41,354,0,395
2023-06-22T12:49:59,41,354,0,395
2023-06-22T13:02:18,41,354,0,395
2023-06-22T13:14:38,41,354,0,395
2023-06-22T13:26:58,41,354,0,395
2023-06-22T13:39:35,41,354,0,395
2023-06-22T13:51:55,41,354,0,395
2023-06-22T14:04:14,41,354,0,395
2023-06-22T14:16:46,41,354,0,395
2023-06-22T14:29:05,41,354,0,395
2023-06-22T14:41:27,41,354,0,395
2023-06-22T14:53:46,41,354,0,395
2023-06-22T15:06:06,41,354,0,395
2023-06-22T15:18:39,41,354,0,395
2023-06-22T15:30:59,41,354,0,395
2023-06-22T15:43:18,41,354,0,395
2023-06-22T15:55:38,41,354,0,395
2023-06-22T16:07:57,41,354,0,395
2023-06-22T16:20:17,41,354,0,395
2023-06-22T16:32:47,41,354,0,395
2023-06-22T16:45:06,41,354,0,395
2023-06-22T16:57:25,41,354,0,395
2023-06-22T17:09:45,41,354,0,395
2023-06-22T17:22:05,41,354,0,395
2023-06-22T17:34:24,41,354,0,395
2023-06-22T17:46:56,41,354,0,395
2023-06-22T17:59:15,41,354,0,395
2023-06-22T18:11:35,41,354,0,395
2023-06-22T18:23:55,41,354,0,395
2023-06-22T18:36:15,41,354,0,395
2023-06-22T18:48:49,41,354,0,395
2023-06-22T19:01:08,41,354,0,395
2023-06-22T19:13:27,41,354,0,395
2023-06-22T19:25:46,41,354,0,395
2023-06-22T19:38:06,41,354,0,395
2023-06-22T19:50:25,41,354,0,395
2023-06-22T20:02:44,41,354,0,395
2023-06-22T20:15:16,41,354,0,395
2023-06-22T20:27:35,41,354,0,395
2023-06-22T20:39:54,41,354,0,395
2023-06-22T20:52:13,41,354,0,395
2023-06-22T21:04:32,41,354,0,395
2023-06-22T21:16:51,41,354,0,395
2023-06-22T21:29:10,41,354,0,395
2023-06-22T21:41:29,41,354,0,395
2023-06-22T21:54:00,41,354,0,395
2023-06-22T22:06:19,41,354,0,395
2023-06-22T22:18:38,41,354,0,395
2023-06-22T22:30:58,41,354,0,395
2023-06-22T22:43:18,41,354,0,395
2023-06-22T22:55:37,41,354,0,395
2023-06-22T23:07:57,41,354,0,395
2023-06-22T23:20:30,41,354,0,395
2023-06-22T23:32:50,41,354,0,395
2023-06-22T23:45:11,41,354,0,395
2023-06-22T23:57:30,41,354,0,395
2023-06-23T00:09:51,41,354,0,395
2023-06-23T00:22:12,41,354,0,395
2023-06-23T00:34:47,41,354,0,395
2023-06-23T00:47:10,41,354,0,395
2023-06-23T00:59:33,42,353,0,395
2023-06-23T01:11:57,42,353,0,395
2023-06-23T01:24:32,42,353,0,395
2023-06-23T01:36:58,42,353,0,395
2023-06-23T01:49:23,42,353,0,395
2023-06-23T02:01:45,42,353,0,395
2023-06-23T02:14:07,42,353,0,395
2023-06-23T02:26:28,42,353,0,395
2023-06-23T02:38:51,42,353,0,395
2023-06-23T02:51:11,42,353,0,395
2023-06-23T03:03:31,42,353,0,395
2023-06-23T03:15:50,42,353,0,395
2023-06-23T03:28:21,42,353,0,395
2023-06-23T03:40:39,42,353,0,395
2023-06-23T03:52:58,42,353,0,395
2023-06-23T04:05:16,42,353,0,395
2023-06-23T04:24:04,42,353,0,395
2023-06-23T04:36:25,42,353,0,395
2023-06-23T04:48:44,42,353,0,395
2023-06-23T05:01:09,42,353,0,395
2023-06-23T05:13:31,42,353,0,395
2023-06-23T05:26:08,42,353,0,395
2023-06-23T05:38:31,42,353,0,395
2023-06-23T05:50:55,42,353,0,395
2023-06-23T06:03:18,42,353,0,395
2023-06-23T06:15:40,42,353,0,395
2023-06-23T06:28:11,42,353,0,395
2023-06-23T06:40:34,42,353,0,395
2023-06-23T06:52:57,42,353,0,395
2023-06-23T07:05:20,42,353,0,395
2023-06-23T07:17:43,42,353,0,395
2023-06-23T07:30:05,42,353,0,395
2023-06-23T07:42:26,42,353,0,395
2023-06-23T07:54:47,42,353,0,395
2023-06-23T08:07:10,42,353,0,395
2023-06-23T08:19:30,42,353,0,395
2023-06-23T08:31:53,42,353,0,395
2023-06-23T08:44:13,42,353,0,395
2023-06-23T08:56:44,42,353,0,395
2023-06-23T09:09:05,42,353,0,395
2023-06-23T09:21:24,42,353,0,395
2023-06-23T09:33:43,42,353,0,395
2023-06-23T09:46:02,42,353,0,395
2023-06-23T09:58:22,42,353,0,395
2023-06-23T10:10:42,42,353,0,395
2023-06-23T10:23:01,42,353,0,395
2023-06-23T10:35:32,42,353,0,395
2023-06-23T10:47:51,42,353,0,395
2023-06-23T11:00:10,42,353,0,395
2023-06-23T11:12:30,42,353,0,395
2023-06-23T11:24:50,42,353,0,395
2023-06-23T11:37:10,42,353,0,395
2023-06-23T11:49:30,42,353,0,395
2023-06-23T12:01:58,42,353,0,395
2023-06-23T12:14:18,42,353,0,395
2023-06-23T12:26:37,42,353,0,395
2023-06-23T12:38:57,42,353,0,395
2023-06-23T12:51:17,42,353,0,395
2023-06-23T13:03:47,42,353,0,395
2023-06-23T13:16:07,42,353,0,395
2023-06-23T13:28:27,42,353,0,395
2023-06-23T13:40:47,42,353,0,395
2023-06-23T13:53:08,42,353,0,395
2023-06-23T14:05:27,42,353,0,395
2023-06-23T14:17:47,42,353,0,395
2023-06-23T14:30:22,42,353,0,395
2023-06-23T14:42:41,42,353,0,395
2023-06-23T14:55:01,42,353,0,395
2023-06-23T15:07:20,42,353,0,395
2023-06-23T15:19:40,42,353,0,395
2023-06-23T15:31:59,42,353,0,395
2023-06-23T15:44:31,42,353,0,395
2023-06-23T15:56:51,42,353,0,395
2023-06-23T16:09:11,42,353,0,395
2023-06-23T16:21:31,42,353,0,395
2023-06-23T16:33:51,42,353,0,395
2023-06-23T16:46:10,42,353,0,395
2023-06-23T16:58:29,42,353,0,395
2023-06-23T17:11:02,42,353,0,395
2023-06-23T17:23:21,42,353,0,395
2023-06-23T17:35:41,42,353,0,395
2023-06-23T17:48:00,42,353,0,395
2023-06-23T18:00:20,42,353,0,395
2023-06-23T18:12:39,42,353,0,395
2023-06-23T18:25:09,42,353,0,395
2023-06-23T18:37:28,42,353,0,395
2023-06-23T18:49:47,42,353,0,395
2023-06-23T19:02:08,42,353,0,395
2023-06-23T19:14:28,42,353,0,395
2023-06-23T19:26:47,42,353,0,395
2023-06-23T19:39:18,42,353,0,395
2023-06-23T19:51:38,42,353,0,395
2023-06-23T20:03:57,42,353,0,395
2023-06-23T20:16:17,42,353,0,395
2023-06-23T20:28:37,42,353,0,395
2023-06-23T20:40:56,42,353,0,395
2023-06-23T20:53:27,42,353,0,395
2023-06-23T21:05:47,42,353,0,395
2023-06-23T21:18:06,42,353,0,395
2023-06-23T21:30:26,42,353,0,395
2023-06-23T21:42:46,42,353,0,395
2023-06-23T21:55:06,42,353,0,395
2023-06-23T22:07:28,42,353,0,395
2023-06-23T22:19:58,42,353,0,395
2023-06-23T22:32:18,42,353,0,395
2023-06-23T22:44:38,42,353,0,395
2023-06-23T22:56:57,42,353,0,395
2023-06-23T23:09:18,42,353,0,395
2023-06-23T23:21:39,42,353,0,395
2023-06-23T23:33:59,42,353,0,395
2023-06-23T23:46:32,42,353,0,395
2023-06-23T23:58:53,42,353,0,395
2023-06-24T00:11:15,42,353,0,395
2023-06-24T00:23:41,42,353,0,395
2023-06-24T00:36:04,42,353,0,395
2023-06-24T00:48:28,42,353,0,395
2023-06-24T01:00:52,42,353,0,395
2023-06-24T01:13:16,42,353,0,395
2023-06-24T01:25:39,42,353,0,395
2023-06-24T01:38:06,42,353,0,395
2023-06-24T01:50:42,42,353,0,395
2023-06-24T02:03:05,42,353,0,395
2023-06-24T02:15:29,42,353,0,395
2023-06-24T02:27:51,42,353,0,395
2023-06-24T02:40:14,42,353,0,395
2023-06-24T02:52:34,42,353,0,395
2023-06-24T03:04:54,42,353,0,395
2023-06-24T03:17:16,42,353,0,395
2023-06-24T03:29:38,42,353,0,395
2023-06-24T03:41:59,42,353,0,395
2023-06-24T03:54:21,42,353,0,395
2023-06-24T04:06:43,42,353,0,395
2023-06-24T04:26:56,42,353,0,395
2023-06-24T04:39:20,42,353,0,395
2023-06-24T04:51:43,42,353,0,395
2023-06-24T05:04:08,42,353,0,395
2023-06-24T05:16:30,42,353,0,395
2023-06-24T05:28:58,42,353,0,395
2023-06-24T05:41:22,42,353,0,395
2023-06-24T05:53:45,42,353,0,395
2023-06-24T06:06:07,42,353,0,395
2023-06-24T06:18:30,42,353,0,395
2023-06-24T06:30:52,42,353,0,395
2023-06-24T06:43:14,42,353,0,395
2023-06-24T06:55:37,42,353,0,395
2023-06-24T07:07:59,42,353,0,395
2023-06-24T07:20:32,42,353,0,395
2023-06-24T07:32:54,42,353,0,395
2023-06-24T07:45:16,42,353,0,395
2023-06-24T07:57:39,42,353,0,395
2023-06-24T08:10:01,42,353,0,395
2023-06-24T08:22:23,42,353,0,395
2023-06-24T08:34:45,42,353,0,395
2023-06-24T08:47:07,42,353,0,395
2023-06-24T08:59:29,42,353,0,395
2023-06-24T09:12:00,42,353,0,395
2023-06-24T09:24:22,42,353,0,395
2023-06-24T09:36:44,42,353,0,395
2023-06-24T09:49:07,42,353,0,395
2023-06-24T10:01:30,42,353,0,395
2023-06-24T10:13:52,42,353,0,395
2023-06-24T10:26:14,42,353,0,395
2023-06-24T10:38:36,42,353,0,395
2023-06-24T10:51:00,42,353,0,395
2023-06-24T11:03:23,42,353,0,395
2023-06-24T11:15:55,42,353,0,395
2023-06-24T11:28:16,42,353,0,395
2023-06-24T11:40:37,42,353,0,395
2023-06-24T11:52:58,42,353,0,395
2023-06-24T12:05:19,42,353,0,395
2023-06-24T12:17:40,42,353,0,395
2023-06-24T12:30:00,42,353,0,395
2023-06-24T12:42:20,42,353,0,395
2023-06-24T12:54:39,42,353,0,395
2023-06-24T13:06:59,42,353,0,395
2023-06-24T13:19:29,42,353,0,395
2023-06-24T13:31:48,42,353,0,395
2023-06-24T13:44:07,42,353,0,395
2023-06-24T13:56:26,42,353,0,395
2023-06-24T14:08:45,42,353,0,395
2023-06-24T14:21:04,42,353,0,395
2023-06-24T14:33:23,42,353,0,395
2023-06-24T14:45:42,42,353,0,395
2023-06-24T14:58:01,42,353,0,395
2023-06-24T15:10:29,42,353,0,395
2023-06-24T15:22:48,42,353,0,395
2023-06-24T15:35:07,42,353,0,395
2023-06-24T15:47:26,42,353,0,395
2023-06-24T15:59:46,42,353,0,395
2023-06-24T16:12:04,42,353,0,395
2023-06-24T16:24:23,42,353,0,395
2023-06-24T16:36:42,42,353,0,395
2023-06-24T16:49:11,42,353,0,395
2023-06-24T17:01:31,42,353,0,395
2023-06-24T17:13:51,42,353,0,395
2023-06-24T17:26:11,42,353,0,395
2023-06-24T17:38:30,42,353,0,395
2023-06-24T17:50:49,42,353,0,395
2023-06-24T18:03:10,42,353,0,395
2023-06-24T18:15:30,42,353,0,395
2023-06-24T18:27:49,42,353,0,395
2023-06-24T18:40:19,42,353,0,395
2023-06-24T18:52:39,42,353,0,395
2023-06-24T19:04:58,42,353,0,395
2023-06-24T19:17:18,42,353,0,395
2023-06-24T19:29:38,42,353,0,395
2023-06-24T19:41:57,42,353,0,395
2023-06-24T19:54:17,42,353,0,395
2023-06-24T20:06:36,42,353,0,395
2023-06-24T20:19:06,42,353,0,395
2023-06-24T20:31:26,42,353,0,395
2023-06-24T20:43:45,42,353,0,395
2023-06-24T20:56:04,42,353,0,395
2023-06-24T21:08:23,42,353,0,395
2023-06-24T21:20:42,42,353,0,395
2023-06-24T21:33:01,42,353,0,395
2023-06-24T21:45:21,42,353,0,395
2023-06-24T21:57:52,42,353,0,395
2023-06-24T22:10:11,42,353,0,395
2023-06-24T22:22:31,42,353,0,395
2023-06-24T22:34:50,42,353,0,395
2023-06-24T22:47:09,42,353,0,395
2023-06-24T22:59:28,42,353,0,395
2023-06-24T23:11:49,42,353,0,395
2023-06-24T23:24:09,42,353,0,395
2023-06-24T23:36:29,42,353,0,395
2023-06-24T23:49:01,42,353,0,395
2023-06-25T00:01:21,42,353,0,395
2023-06-25T00:13:44,42,353,0,395
2023-06-25T00:26:09,42,353,0,395
2023-06-25T00:38:32,42,353,0,395
2023-06-25T00:50:55,42,353,0,395
2023-06-25T01:03:18,42,353,0,395
2023-06-25T01:15:40,42,353,0,395
2023-06-25T01:28:14,42,353,0,395
2023-06-25T01:40:38,42,353,0,395
2023-06-25T01:53:00,42,353,0,395
2023-06-25T02:05:23,42,353,0,395
2023-06-25T02:17:54,42,353,0,395
2023-06-25T02:30:16,42,353,0,395
2023-06-25T02:42:40,42,353,0,395
2023-06-25T02:55:02,42,353,0,395
2023-06-25T03:07:24,42,353,0,395
2023-06-25T03:19:46,42,353,0,395
2023-06-25T03:32:10,42,353,0,395
2023-06-25T03:44:43,42,353,0,395
2023-06-25T03:57:06,42,353,0,395
2023-06-25T04:09:29,42,353,0,395
2023-06-25T04:27:08,42,353,0,395
2023-06-25T04:39:33,42,353,0,395
2023-06-25T04:53:42,42,353,0,395
2023-06-25T05:06:05,42,353,0,395
2023-06-25T05:18:28,42,353,0,395
2023-06-25T05:30:50,42,353,0,395
2023-06-25T05:43:14,42,353,0,395
2023-06-25T05:55:36,42,353,0,395
2023-06-25T06:07:59,42,353,0,395
2023-06-25T06:20:21,42,353,0,395
2023-06-25T06:32:44,42,353,0,395
2023-06-25T06:45:06,42,353,0,395
2023-06-25T06:57:35,42,353,0,395
2023-06-25T07:09:56,42,353,0,395
2023-06-25T07:22:17,42,353,0,395
2023-06-25T07:34:37,42,353,0,395
2023-06-25T07:46:56,42,353,0,395
2023-06-25T07:59:16,42,353,0,395
2023-06-25T08:11:35,42,353,0,395
2023-06-25T08:23:55,42,353,0,395
2023-06-25T08:36:17,42,353,0,395
2023-06-25T08:48:44,42,353,0,395
2023-06-25T09:01:04,42,353,0,395
2023-06-25T09:13:25,42,353,0,395
2023-06-25T09:25:44,42,353,0,395
2023-06-25T09:38:03,42,353,0,395
2023-06-25T09:50:24,42,353,0,395
2023-06-25T10:02:44,42,353,0,395
2023-06-25T10:15:03,42,353,0,395
2023-06-25T10:27:23,42,353,0,395
2023-06-25T10:39:53,42,353,0,395
2023-06-25T10:52:14,42,353,0,395
2023-06-25T11:04:37,42,353,0,395
2023-06-25T11:16:57,42,353,0,395
2023-06-25T11:29:17,42,353,0,395
2023-06-25T11:41:37,42,353,0,395
2023-06-25T11:53:59,42,353,0,395
2023-06-25T12:06:20,42,353,0,395
2023-06-25T12:18:43,42,353,0,395
2023-06-25T12:31:05,42,353,0,395
2023-06-25T12:43:36,42,353,0,395
2023-06-25T12:55:57,42,353,0,395
2023-06-25T13:08:17,42,353,0,395
2023-06-25T13:20:36,42,353,0,395
2023-06-25T13:32:55,42,353,0,395
2023-06-25T13:45:15,42,353,0,395
2023-06-25T13:57:34,42,353,0,395
2023-06-25T14:10:03,42,353,0,395
2023-06-25T14:22:22,42,353,0,395
2023-06-25T14:34:41,42,353,0,395
2023-06-25T14:47:00,42,353,0,395
2023-06-25T14:59:19,42,353,0,395
2023-06-25T15:11:38,42,353,0,395
2023-06-25T15:24:09,42,353,0,395
2023-06-25T15:36:28,42,353,0,395
2023-06-25T15:48:47,42,353,0,395
2023-06-25T16:01:06,42,353,0,395
2023-06-25T16:13:27,42,353,0,395
2023-06-25T16:25:47,42,353,0,395
2023-06-25T16:38:17,42,353,0,395
2023-06-25T16:50:36,42,353,0,395
2023-06-25T17:02:56,42,353,0,395
2023-06-25T17:15:16,42,353,0,395
2023-06-25T17:27:35,42,353,0,395
2023-06-25T17:39:55,42,353,0,395
2023-06-25T17:52:14,42,353,0,395
2023-06-25T18:04:43,42,353,0,395
2023-06-25T18:17:03,42,353,0,395
2023-06-25T18:29:22,42,353,0,395
2023-06-25T18:41:42,42,353,0,395
2023-06-25T18:54:01,42,353,0,395
2023-06-25T19:06:22,42,353,0,395
2023-06-25T19:18:52,42,353,0,395
2023-06-25T19:31:11,42,353,0,395
2023-06-25T19:43:31,42,353,0,395
2023-06-25T19:55:50,42,353,0,395
2023-06-25T20:08:10,42,353,0,395
2023-06-25T20:20:29,42,353,0,395
2023-06-25T20:32:58,42,353,0,395
2023-06-25T20:45:18,42,353,0,395
2023-06-25T20:57:37,42,353,0,395
2023-06-25T21:09:56,42,353,0,395
2023-06-25T21:22:16,42,353,0,395
2023-06-25T21:34:36,42,353,0,395
2023-06-25T21:46:55,42,353,0,395
2023-06-25T21:59:15,42,353,0,395
2023-06-25T22:11:45,42,353,0,395
2023-06-25T22:24:04,42,353,0,395
2023-06-25T22:36:24,42,353,0,395
2023-06-25T22:48:44,42,353,0,395
2023-06-25T23:01:04,42,353,0,395
2023-06-25T23:13:23,42,353,0,395
2023-06-25T23:25:44,42,353,0,395
2023-06-25T23:38:05,42,353,0,395
2023-06-25T23:50:36,42,353,0,395
2023-06-26T00:02:58,42,353,0,395
2023-06-26T00:15:25,42,353,0,395
2023-06-26T00:27:54,42,353,0,395
2023-06-26T00:40:29,42,353,0,395
2023-06-26T00:52:51,42,353,0,395
2023-06-26T01:05:14,42,353,0,395
2023-06-26T01:17:41,42,353,0,395
2023-06-26T01:30:05,42,353,0,395
2023-06-26T01:42:42,42,353,0,395
2023-06-26T01:55:05,42,353,0,395
2023-06-26T02:07:43,42,353,0,395
2023-06-26T02:20:06,42,353,0,395
2023-06-26T02:32:29,42,353,0,395
2023-06-26T02:44:52,42,353,0,395
2023-06-26T02:57:13,42,353,0,395
2023-06-26T03:09:36,42,353,0,395
2023-06-26T03:21:58,42,353,0,395
2023-06-26T03:34:22,42,353,0,395
2023-06-26T03:46:44,42,353,0,395
2023-06-26T03:59:17,42,353,0,395
2023-06-26T04:13:48,42,353,0,395
2023-06-26T04:39:49,42,353,0,395
2023-06-26T04:52:14,42,353,0,395
2023-06-26T05:04:41,42,353,0,395
2023-06-26T05:17:05,42,353,0,395
2023-06-26T05:29:28,42,353,0,395
2023-06-26T05:41:52,42,353,0,395
2023-06-26T05:54:15,42,353,0,395
2023-06-26T06:06:38,42,353,0,395
2023-06-26T06:19:00,42,353,0,395
2023-06-26T06:31:24,42,353,0,395
2023-06-26T06:43:46,42,353,0,395
2023-06-26T06:56:08,42,353,0,395
2023-06-26T07:08:41,42,353,0,395
2023-06-26T07:21:02,42,353,0,395
2023-06-26T07:33:23,42,353,0,395
2023-06-26T07:45:43,42,353,0,395
2023-06-26T07:58:02,42,353,0,395
2023-06-26T08:10:22,42,353,0,395
2023-06-26T08:22:41,42,353,0,395
2023-06-26T08:35:02,42,353,0,395
2023-06-26T08:47:24,42,353,0,395
2023-06-26T08:59:58,42,353,0,395
2023-06-26T09:12:19,42,353,0,395
2023-06-26T09:24:39,42,353,0,395
2023-06-26T09:36:58,42,353,0,395
2023-06-26T09:49:19,42,353,0,395
2023-06-26T10:01:39,42,353,0,395
2023-06-26T10:14:10,42,353,0,395
2023-06-26T10:26:31,42,353,0,395
2023-06-26T10:38:51,42,353,0,395
2023-06-26T10:51:12,42,353,0,395
2023-06-26T11:03:32,42,353,0,395
2023-06-26T11:15:52,42,353,0,395
2023-06-26T11:28:26,42,353,0,395
2023-06-26T11:40:47,42,353,0,395
2023-06-26T11:53:07,42,353,0,395
2023-06-26T12:05:27,42,353,0,395
2023-06-26T12:17:47,42,353,0,395
2023-06-26T12:30:07,42,353,0,395
2023-06-26T12:42:27,42,353,0,395
2023-06-26T12:54:58,42,353,0,395
2023-06-26T13:07:18,42,353,0,395
2023-06-26T13:19:39,42,353,0,395
2023-06-26T13:32:00,42,353,0,395
2023-06-26T13:44:22,42,353,0,395
2023-06-26T13:56:42,42,353,0,395
2023-06-26T14:09:04,42,353,0,395
2023-06-26T14:21:36,42,353,0,395
2023-06-26T14:33:58,42,353,0,395
2023-06-26T14:46:20,42,353,0,395
2023-06-26T14:58:42,42,353,0,395
2023-06-26T15:11:03,42,353,0,395
2023-06-26T15:23:24,42,353,0,395
2023-06-26T15:35:46,42,353,0,395
2023-06-26T15:48:18,42,353,0,395
2023-06-26T16:00:40,42,353,0,395
2023-06-26T16:13:02,42,353,0,395
2023-06-26T16:25:23,42,353,0,395
2023-06-26T16:37:45,42,353,0,395
2023-06-26T16:50:06,42,353,0,395
2023-06-26T17:02:27,42,353,0,395
2023-06-26T17:15:00,42,353,0,395
2023-06-26T17:27:22,42,353,0,395
2023-06-26T17:39:43,42,353,0,395
2023-06-26T17:52:04,42,353,0,395
2023-06-26T18:04:25,42,353,0,395
2023-06-26T18:16:46,42,353,0,395
2023-06-26T18:29:08,42,353,0,395
2023-06-26T18:41:28,42,353,0,395
2023-06-26T18:54:01,42,353,0,395
2023-06-26T19:06:22,42,353,0,395
2023-06-26T19:18:43,42,353,0,395
2023-06-26T19:31:04,42,353,0,395
2023-06-26T19:43:25,42,353,0,395
2023-06-26T19:55:46,42,353,0,395
2023-06-26T20:08:07,42,353,0,395
2023-06-26T20:20:28,42,353,0,395
2023-06-26T20:32:51,42,353,0,395
2023-06-26T20:45:12,42,353,0,395
2023-06-26T20:57:44,42,353,0,395
2023-06-26T21:10:05,42,353,0,395
2023-06-26T21:22:26,42,353,0,395
2023-06-26T21:34:47,42,353,0,395
2023-06-26T21:47:09,42,353,0,395
2023-06-26T21:59:30,42,353,0,395
2023-06-26T22:11:51,42,353,0,395
2023-06-26T22:24:12,42,353,0,395
2023-06-26T22:36:34,42,353,0,395
2023-06-26T22:48:55,42,353,0,395
2023-06-26T23:01:16,42,353,0,395
2023-06-26T23:13:50,42,353,0,395
2023-06-26T23:26:12,42,353,0,395
2023-06-26T23:38:34,42,353,0,395
2023-06-26T23:50:56,42,353,0,395
2023-06-27T00:03:20,42,353,0,395
2023-06-27T00:15:45,42,353,0,395
2023-06-27T00:28:10,42,353,0,395
2023-06-27T00:40:35,42,353,0,395
2023-06-27T00:53:00,42,353,0,395
2023-06-27T01:05:25,42,353,0,395
2023-06-27T01:17:51,42,353,0,395
2023-06-27T01:30:16,42,353,0,395
2023-06-27T01:42:41,42,353,0,395
2023-06-27T01:55:05,42,353,0,395
2023-06-27T02:07:39,42,353,0,395
2023-06-27T02:20:02,42,353,0,395
2023-06-27T02:32:27,42,353,0,395
2023-06-27T02:44:49,42,353,0,395
2023-06-27T02:57:11,42,353,0,395
2023-06-27T03:09:34,42,353,0,395
2023-06-27T03:21:57,42,353,0,395
2023-06-27T03:34:21,42,353,0,395
2023-06-27T03:46:44,42,353,0,395
2023-06-27T03:59:08,42,353,0,395
2023-06-27T04:26:38,42,353,0,395
2023-06-27T04:40:35,42,353,0,395
2023-06-27T04:53:10,42,353,0,395
2023-06-27T05:05:54,42,353,0,395
2023-06-27T05:18:19,42,353,0,395
2023-06-27T05:30:44,42,353,0,395
2023-06-27T05:43:08,42,353,0,395
2023-06-27T05:55:32,42,353,0,395
2023-06-27T06:07:56,42,353,0,395
2023-06-27T06:20:20,42,353,0,395
2023-06-27T06:32:44,42,353,0,395
2023-06-27T06:45:09,42,353,0,395
2023-06-27T06:57:33,42,353,0,395
2023-06-27T07:09:57,42,353,0,395
2023-06-27T07:22:23,42,353,0,395
2023-06-27T07:34:45,42,353,0,395
2023-06-27T07:47:08,42,353,0,395
2023-06-27T07:59:31,42,353,0,395
2023-06-27T08:11:55,42,353,0,395
2023-06-27T08:24:18,42,353,0,395
2023-06-27T08:36:41,42,353,0,395
2023-06-27T08:49:12,42,353,0,395
2023-06-27T09:01:35,42,353,0,395
2023-06-27T09:13:58,42,353,0,395
2023-06-27T09:26:20,42,353,0,395
2023-06-27T09:38:43,42,353,0,395
2023-06-27T09:51:07,42,353,0,395
2023-06-27T10:03:30,42,353,0,395
2023-06-27T10:15:54,42,353,0,395
2023-06-27T10:28:18,42,353,0,395
2023-06-27T10:40:40,42,353,0,395
2023-06-27T10:53:02,42,353,0,395
2023-06-27T11:05:38,42,353,0,395
2023-06-27T11:18:00,42,353,0,395
2023-06-27T11:30:22,42,353,0,395
2023-06-27T11:42:44,42,353,0,395
2023-06-27T11:55:06,42,353,0,395
2023-06-27T12:07:28,42,353,0,395
2023-06-27T12:19:50,42,353,0,395
2023-06-27T12:32:12,42,353,0,395
2023-06-27T12:44:47,42,353,0,395
2023-06-27T12:57:09,42,353,0,395
2023-06-27T13:09:31,42,353,0,395
2023-06-27T13:21:54,42,353,0,395
2023-06-27T13:34:17,42,353,0,395
2023-06-27T13:46:39,42,353,0,395
2023-06-27T13:59:01,42,353,0,395
2023-06-27T14:11:23,42,353,0,395
2023-06-27T14:23:45,42,353,0,395
2023-06-27T14:36:17,42,353,0,395
2023-06-27T14:48:39,42,353,0,395
2023-06-27T15:01:01,42,353,0,395
2023-06-27T15:13:23,42,353,0,395
2023-06-27T15:25:45,42,353,0,395
2023-06-27T15:38:09,42,353,0,395
2023-06-27T15:50:32,42,353,0,395
2023-06-27T16:02:55,42,353,0,395
2023-06-27T16:15:29,42,353,0,395
2023-06-27T16:27:51,42,353,0,395
2023-06-27T16:40:15,42,353,0,395
2023-06-27T16:52:39,42,353,0,395
2023-06-27T17:05:02,42,353,0,395
2023-06-27T17:17:27,42,353,0,395
2023-06-27T17:29:50,42,353,0,395
2023-06-27T17:42:13,42,353,0,395
2023-06-27T17:54:35,42,353,0,395
2023-06-27T18:06:57,42,353,0,395
2023-06-27T18:19:29,42,353,0,395
2023-06-27T18:31:51,42,353,0,395
2023-06-27T18:44:13,42,353,0,395
2023-06-27T18:56:35,42,353,0,395
2023-06-27T19:08:58,42,353,0,395
2023-06-27T19:21:20,42,353,0,395
2023-06-27T19:33:42,42,353,0,395
2023-06-27T19:46:05,42,353,0,395
2023-06-27T19:58:27,42,353,0,395
2023-06-27T20:10:49,42,353,0,395
2023-06-27T20:23:11,42,353,0,395
2023-06-27T20:35:44,42,353,0,395
2023-06-27T20:48:07,42,353,0,395
2023-06-27T21:00:29,42,353,0,395
2023-06-27T21:12:51,42,353,0,395
2023-06-27T21:25:13,42,353,0,395
2023-06-27T21:37:35,42,353,0,395
2023-06-27T21:49:57,42,353,0,395
2023-06-27T22:02:19,42,353,0,395
2023-06-27T22:14:41,42,353,0,395
2023-06-27T22:27:03,42,353,0,395
2023-06-27T22:39:25,42,353,0,395
2023-06-27T22:51:46,42,353,0,395
2023-06-27T23:04:20,42,353,0,395
2023-06-27T23:16:43,42,353,0,395
2023-06-27T23:29:05,42,353,0,395
2023-06-27T23:41:28,42,353,0,395
2023-06-27T23:53:51,42,353,0,395
2023-06-28T00:06:15,42,353,0,395
2023-06-28T00:18:40,42,353,0,395
2023-06-28T00:31:05,42,353,0,395
2023-06-28T00:43:31,42,353,0,395
2023-06-28T00:55:58,42,353,0,395
2023-06-28T01:08:25,42,353,0,395
2023-06-28T01:20:51,42,353,0,395
2023-06-28T01:33:28,42,353,0,395
2023-06-28T01:45:55,42,353,0,395
2023-06-28T01:58:21,42,353,0,395
2023-06-28T02:10:45,42,353,0,395
2023-06-28T02:23:07,42,353,0,395
2023-06-28T02:35:30,42,353,0,395
2023-06-28T02:47:52,42,353,0,395
2023-06-28T03:00:14,42,353,0,395
2023-06-28T03:12:40,42,353,0,395
2023-06-28T03:25:05,42,353,0,395
2023-06-28T03:37:33,42,353,0,395
2023-06-28T03:50:17,42,353,0,395
2023-06-28T04:02:44,42,353,0,395
2023-06-28T04:15:22,42,353,0,395
2023-06-28T04:39:42,42,353,0,395
2023-06-28T04:52:18,42,353,0,395
2023-06-28T05:04:46,42,353,0,395
2023-06-28T05:17:11,42,353,0,395
2023-06-28T05:29:36,42,353,0,395
2023-06-28T05:42:02,42,353,0,395
2023-06-28T05:54:26,42,353,0,395
2023-06-28T06:06:52,42,353,0,395
2023-06-28T06:19:17,42,353,0,395
2023-06-28T06:31:44,42,353,0,395
2023-06-28T06:44:09,42,353,0,395
2023-06-28T06:56:36,42,353,0,395
2023-06-28T07:09:03,42,353,0,395
2023-06-28T07:21:27,42,353,0,395
2023-06-28T07:33:51,42,353,0,395
2023-06-28T07:46:22,42,353,0,395
2023-06-28T07:58:45,42,353,0,395
2023-06-28T08:11:09,42,353,0,395
2023-06-28T08:23:32,42,353,0,395
2023-06-28T08:35:56,42,353,0,395
2023-06-28T08:48:19,42,353,0,395
2023-06-28T09:00:43,42,353,0,395
2023-06-28T09:13:05,42,353,0,395
2023-06-28T09:25:27,42,353,0,395
2023-06-28T09:37:49,42,353,0,395
2023-06-28T09:50:12,42,353,0,395
2023-06-28T10:02:44,42,353,0,395
2023-06-28T10:15:06,42,353,0,395
2023-06-28T10:27:28,42,353,0,395
2023-06-28T10:39:50,42,353,0,395
2023-06-28T10:52:13,42,353,0,395
2023-06-28T11:04:36,42,353,0,395
2023-06-28T11:16:58,42,353,0,395
2023-06-28T11:29:21,42,353,0,395
2023-06-28T11:41:43,42,353,0,395
2023-06-28T11:54:06,42,353,0,395
2023-06-28T12:06:40,42,353,0,395
2023-06-28T12:19:02,42,353,0,395
2023-06-28T12:31:24,42,353,0,395
2023-06-28T12:43:47,42,353,0,395
2023-06-28T12:56:09,42,353,0,395
2023-06-28T13:08:31,42,353,0,395
2023-06-28T13:20:54,42,353,0,395
2023-06-28T13:33:16,42,353,0,395
2023-06-28T13:45:39,42,353,0,395
2023-06-28T13:58:13,42,353,0,395
2023-06-28T14:10:36,42,353,0,395
2023-06-28T14:22:59,42,353,0,395
2023-06-28T14:35:22,42,353,0,395
2023-06-28T14:47:45,42,353,0,395
2023-06-28T15:00:07,42,353,0,395
2023-06-28T15:12:32,42,353,0,395
2023-06-28T15:24:54,42,353,0,395
2023-06-28T15:37:30,42,353,0,395
2023-06-28T15:49:53,42,353,0,395
2023-06-28T16:02:15,42,353,0,395
2023-06-28T16:14:38,42,353,0,395
2023-06-28T16:27:00,42,353,0,395
2023-06-28T16:39:23,42,353,0,395
2023-06-28T16:51:45,42,353,0,395
2023-06-28T17:04:08,42,353,0,395
2023-06-28T17:16:41,42,353,0,395
2023-06-28T17:29:04,42,353,0,395
2023-06-28T17:41:26,42,353,0,395
2023-06-28T17:53:49,42,353,0,395
2023-06-28T18:06:12,42,353,0,395
2023-06-28T18:18:35,42,353,0,395
2023-06-28T18:30:57,42,353,0,395
2023-06-28T18:43:19,42,353,0,395
2023-06-28T18:55:41,42,353,0,395
2023-06-28T19:08:03,42,353,0,395
2023-06-28T19:20:37,42,353,0,395
2023-06-28T19:33:00,42,353,0,395
2023-06-28T19:45:22,42,353,0,395
2023-06-28T19:57:45,42,353,0,395
2023-06-28T20:10:08,42,353,0,395
2023-06-28T20:22:30,42,353,0,395
2023-06-28T20:34:53,42,353,0,395
2023-06-28T20:47:16,42,353,0,395
2023-06-28T20:59:38,42,353,0,395
2023-06-28T21:12:01,42,353,0,395
2023-06-28T21:24:35,42,353,0,395
2023-06-28T21:36:57,42,353,0,395
2023-06-28T21:49:20,42,353,0,395
2023-06-28T22:01:43,42,353,0,395
2023-06-28T22:14:07,42,353,0,395
2023-06-28T22:26:29,42,353,0,395
2023-06-28T22:38:52,42,353,0,395
2023-06-28T22:51:15,42,353,0,395
2023-06-28T23:03:38,42,353,0,395
2023-06-28T23:16:02,42,353,0,395
2023-06-28T23:28:25,42,353,0,395
2023-06-28T23:40:59,42,353,0,395
2023-06-28T23:53:22,42,353,0,395
2023-06-29T00:05:46,42,353,0,395
2023-06-29T00:18:16,42,353,0,395
2023-06-29T00:30:43,42,353,0,395
2023-06-29T00:43:10,42,353,0,395
2023-06-29T00:55:37,42,353,0,395
2023-06-29T01:08:05,42,353,0,395
2023-06-29T01:20:33,42,353,0,395
2023-06-29T01:32:58,42,353,0,395
2023-06-29T01:45:24,42,353,0,395
2023-06-29T01:57:49,42,353,0,395
2023-06-29T02:10:26,42,353,0,395
2023-06-29T02:22:50,42,353,0,395
2023-06-29T02:35:14,42,353,0,395
2023-06-29T02:47:37,42,353,0,395
2023-06-29T03:00:00,42,353,0,395
2023-06-29T03:12:22,42,353,0,395
2023-06-29T03:24:45,42,353,0,395
2023-06-29T03:37:08,42,353,0,395
2023-06-29T03:49:30,42,353,0,395
2023-06-29T04:01:53,42,353,0,395
2023-06-29T04:24:39,42,353,0,395
2023-06-29T04:37:03,42,353,0,395
2023-06-29T04:51:23,42,353,0,395
2023-06-29T05:03:46,42,353,0,395
2023-06-29T05:16:09,42,353,0,395
2023-06-29T05:28:37,42,353,0,395
2023-06-29T05:41:03,42,353,0,395
2023-06-29T05:53:30,42,353,0,395
2023-06-29T06:05:58,42,353,0,395
2023-06-29T06:18:26,42,353,0,395
2023-06-29T06:30:53,42,353,0,395
2023-06-29T06:43:19,42,353,0,395
2023-06-29T06:55:59,42,353,0,395
2023-06-29T07:08:30,42,353,0,395
2023-06-29T07:20:56,42,353,0,395
2023-06-29T07:33:31,42,353,0,395
2023-06-29T07:45:56,42,353,0,395
2023-06-29T07:58:23,42,353,0,395
2023-06-29T08:10:50,42,353,0,395
2023-06-29T08:23:14,42,353,0,395
2023-06-29T08:35:38,42,353,0,395
2023-06-29T08:48:03,42,353,0,395
2023-06-29T09:00:27,42,353,0,395
2023-06-29T09:12:53,42,353,0,395
2023-06-29T09:25:17,42,353,0,395
2023-06-29T09:37:42,42,353,0,395
2023-06-29T09:50:16,42,353,0,395
2023-06-29T10:02:40,42,353,0,395
2023-06-29T10:15:04,42,353,0,395
2023-06-29T10:27:29,42,353,0,395
2023-06-29T10:39:53,42,353,0,395
2023-06-29T10:52:17,42,353,0,395
2023-06-29T11:04:42,42,353,0,395
2023-06-29T11:17:06,42,353,0,395
2023-06-29T11:29:31,42,353,0,395
2023-06-29T11:42:06,42,353,0,395
2023-06-29T11:54:30,42,353,0,395
2023-06-29T12:06:54,42,353,0,395
2023-06-29T12:19:16,42,353,0,395
2023-06-29T12:31:39,42,353,0,395
2023-06-29T12:44:02,42,353,0,395
2023-06-29T12:56:25,42,353,0,395
2023-06-29T13:08:48,42,353,0,395
2023-06-29T13:21:10,42,353,0,395
2023-06-29T13:33:43,42,353,0,395
2023-06-29T13:46:06,42,353,0,395
2023-06-29T13:58:28,42,353,0,395
2023-06-29T14:10:51,42,353,0,395
2023-06-29T14:23:13,42,353,0,395
2023-06-29T14:35:36,42,353,0,395
2023-06-29T14:47:59,42,353,0,395
2023-06-29T15:00:22,42,353,0,395
2023-06-29T15:12:55,42,353,0,395
2023-06-29T15:25:18,42,353,0,395
2023-06-29T15:37:41,42,353,0,395
2023-06-29T15:50:04,42,353,0,395
2023-06-29T16:02:27,42,353,0,395
2023-06-29T16:14:50,42,353,0,395
2023-06-29T16:27:13,42,353,0,395
2023-06-29T16:39:35,42,353,0,395
2023-06-29T16:51:58,42,353,0,395
2023-06-29T17:04:32,42,353,0,395
2023-06-29T17:16:56,42,353,0,395
2023-06-29T17:29:19,42,353,0,395
2023-06-29T17:41:41,42,353,0,395
2023-06-29T17:54:04,42,353,0,395
2023-06-29T18:06:27,42,353,0,395
2023-06-29T18:18:50,42,353,0,395
2023-06-29T18:31:14,42,353,0,395
2023-06-29T18:43:36,42,353,0,395
2023-06-29T18:55:59,42,353,0,395
2023-06-29T19:08:33,42,353,0,395
2023-06-29T19:20:56,42,353,0,395
2023-06-29T19:33:20,42,353,0,395
2023-06-29T19:45:43,42,353,0,395
2023-06-29T19:58:07,42,353,0,395
2023-06-29T20:10:30,42,353,0,395
2023-06-29T20:22:53,42,353,0,395
2023-06-29T20:35:17,42,353,0,395
2023-06-29T20:47:53,42,353,0,395
2023-06-29T21:00:17,42,353,0,395
2023-06-29T21:12:39,42,353,0,395
2023-06-29T21:25:02,42,353,0,395
2023-06-29T21:37:26,42,353,0,395
2023-06-29T21:49:50,42,353,0,395
2023-06-29T22:02:13,42,353,0,395
2023-06-29T22:14:38,42,353,0,395
2023-06-29T22:27:02,42,353,0,395
2023-06-29T22:39:26,42,353,0,395
2023-06-29T22:52:01,42,353,0,395
2023-06-29T23:04:24,42,353,0,395
2023-06-29T23:16:48,42,353,0,395
2023-06-29T23:29:12,42,353,0,395
2023-06-29T23:41:36,42,353,0,395
2023-06-29T23:54:00,42,353,0,395
2023-06-30T00:06:24,42,353,0,395
2023-06-30T00:18:56,42,353,0,395
2023-06-30T00:31:23,42,353,0,395
2023-06-30T00:43:51,42,353,0,395
2023-06-30T00:56:17,42,353,0,395
2023-06-30T01:08:58,42,353,0,395
2023-06-30T01:21:27,42,353,0,395
2023-06-30T01:33:55,42,353,0,395
2023-06-30T01:46:22,42,353,0,395
2023-06-30T01:58:48,42,353,0,395
2023-06-30T02:11:14,42,353,0,395
2023-06-30T02:23:39,42,353,0,395
2023-06-30T02:36:05,42,353,0,395
2023-06-30T02:48:30,42,353,0,395
2023-06-30T03:00:57,42,353,0,395
2023-06-30T03:13:26,42,353,0,395
2023-06-30T03:25:52,42,353,0,395
2023-06-30T03:38:19,42,353,0,395
2023-06-30T03:51:04,42,353,0,395
2023-06-30T04:03:31,42,353,0,395
2023-06-30T04:28:55,42,353,0,395
2023-06-30T04:41:22,42,353,0,395
2023-06-30T04:55:31,42,353,0,395
2023-06-30T05:07:58,42,353,0,395
2023-06-30T05:20:27,42,353,0,395
2023-06-30T05:32:54,42,353,0,395
2023-06-30T05:45:20,42,353,0,395
2023-06-30T05:57:46,42,353,0,395
2023-06-30T06:10:13,42,353,0,395
2023-06-30T06:22:40,42,353,0,395
2023-06-30T06:35:06,42,353,0,395
2023-06-30T06:47:36,42,353,0,395
2023-06-30T07:00:04,42,353,0,395
2023-06-30T07:12:29,42,353,0,395
2023-06-30T07:25:02,42,353,0,395
2023-06-30T07:37:27,42,353,0,395
2023-06-30T07:49:51,42,353,0,395
2023-06-30T08:02:16,42,353,0,395
2023-06-30T08:14:41,42,353,0,395
2023-06-30T08:27:07,42,353,0,395
2023-06-30T08:39:32,42,353,0,395
2023-06-30T08:51:56,42,353,0,395
2023-06-30T09:04:21,42,353,0,395
2023-06-30T09:16:44,42,353,0,395
2023-06-30T09:29:07,42,353,0,395
2023-06-30T09:41:30,42,353,0,395
2023-06-30T09:53:53,42,353,0,395
2023-06-30T10:06:16,42,353,0,395
2023-06-30T10:18:51,42,353,0,395
2023-06-30T10:31:14,42,353,0,395
2023-06-30T10:43:37,42,353,0,395
2023-06-30T10:56:00,42,353,0,395
2023-06-30T11:08:24,42,353,0,395
2023-06-30T11:20:47,42,353,0,395
2023-06-30T11:33:11,42,353,0,395
2023-06-30T11:45:35,42,353,0,395
2023-06-30T11:58:10,42,353,0,395
2023-06-30T12:10:34,42,353,0,395
2023-06-30T12:22:58,42,353,0,395
2023-06-30T12:35:22,42,353,0,395
2023-06-30T12:47:45,42,353,0,395
2023-06-30T13:00:09,42,353,0,395
2023-06-30T13:12:33,42,353,0,395
2023-06-30T13:24:56,42,353,0,395
2023-06-30T13:37:31,42,353,0,395
2023-06-30T13:49:54,42,353,0,395
2023-06-30T14:02:18,42,353,0,395
2023-06-30T14:14:41,42,353,0,395
2023-06-30T14:27:05,42,353,0,395
2023-06-30T14:39:28,42,353,0,395
2023-06-30T14:51:51,42,353,0,395
2023-06-30T15:04:14,42,353,0,395
2023-06-30T15:16:48,42,353,0,395
2023-06-30T15:29:12,42,353,0,395
2023-06-30T15:41:35,42,353,0,395
2023-06-30T15:53:59,42,353,0,395
2023-06-30T16:06:23,42,353,0,395
2023-06-30T16:18:46,42,353,0,395
2023-06-30T16:31:09,42,353,0,395
2023-06-30T16:43:32,42,353,0,395
2023-06-30T16:55:55,42,353,0,395
2023-06-30T17:08:29,42,353,0,395
2023-06-30T17:20:53,42,353,0,395
2023-06-30T17:33:16,42,353,0,395
2023-06-30T17:45:39,42,353,0,395
2023-06-30T17:58:02,42,353,0,395
2023-06-30T18:10:25,42,353,0,395
2023-06-30T18:22:48,42,353,0,395
2023-06-30T18:35:12,42,353,0,395
2023-06-30T18:47:35,42,353,0,395
2023-06-30T18:59:58,42,353,0,395
2023-06-30T19:12:33,42,353,0,395
2023-06-30T19:24:56,42,353,0,395
2023-06-30T19:37:20,42,353,0,395
2023-06-30T19:49:43,42,353,0,395
2023-06-30T20:02:06,42,353,0,395
2023-06-30T20:14:30,42,353,0,395
2023-06-30T20:26:53,42,353,0,395
2023-06-30T20:39:17,42,353,0,395
2023-06-30T20:51:40,42,353,0,395
2023-06-30T21:04:15,42,353,0,395
2023-06-30T21:16:38,42,353,0,395
2023-06-30T21:29:01,42,353,0,395
2023-06-30T21:41:24,42,353,0,395
2023-06-30T21:53:48,42,353,0,395
2023-06-30T22:06:10,42,353,0,395
2023-06-30T22:39:38,42,353,0,395
2023-06-30T22:52:03,42,353,0,395
2023-06-30T23:04:28,42,353,0,395
2023-06-30T23:16:51,43,352,0,395
2023-06-30T23:29:20,43,352,0,395
2023-06-30T23:41:44,43,352,0,395
2023-06-30T23:54:08,43,352,0,395
2023-07-01T00:06:33,43,352,0,395
2023-07-01T00:19:02,43,352,0,395
2023-07-01T00:31:30,43,352,0,395
2023-07-01T00:44:06,43,352,0,395
2023-07-01T00:56:34,43,352,0,395
2023-07-01T01:09:01,43,352,0,395
2023-07-01T01:21:30,43,352,0,395
2023-07-01T01:33:58,43,352,0,395
2023-07-01T01:46:26,43,352,0,395
2023-07-01T01:58:54,43,352,0,395
2023-07-01T02:11:20,43,352,0,395
2023-07-01T02:23:45,43,352,0,395
2023-07-01T02:36:11,43,352,0,395
2023-07-01T02:48:36,43,352,0,395
2023-07-01T03:01:00,43,352,0,395
2023-07-01T03:13:26,43,352,0,395
2023-07-01T03:25:52,43,352,0,395
2023-07-01T03:38:17,43,352,0,395
2023-07-01T03:50:43,43,352,0,395
2023-07-01T04:03:18,43,352,0,395
2023-07-01T04:26:50,43,352,0,395
2023-07-01T04:39:18,43,352,0,395
2023-07-01T04:51:45,43,352,0,395
2023-07-01T05:04:13,43,352,0,395
2023-07-01T05:16:40,43,352,0,395
2023-07-01T05:29:13,43,352,0,395
2023-07-01T05:41:41,43,352,0,395
2023-07-01T05:54:11,43,352,0,395
2023-07-01T06:06:38,43,352,0,395
2023-07-01T06:19:04,43,352,0,395
2023-07-01T06:31:30,43,352,0,395
2023-07-01T06:43:56,43,352,0,395
2023-07-01T06:56:25,43,352,0,395
2023-07-01T07:08:52,43,352,0,395
2023-07-01T07:21:18,43,352,0,395
2023-07-01T07:33:44,43,352,0,395
2023-07-01T07:46:26,43,352,0,395
2023-07-01T07:58:52,43,352,0,395
2023-07-01T08:11:19,43,352,0,395
2023-07-01T08:23:46,43,352,0,395
2023-07-01T08:36:13,43,352,0,395
2023-07-01T08:48:39,43,352,0,395
2023-07-01T09:01:05,43,352,0,395
2023-07-01T09:13:31,43,352,0,395
2023-07-01T09:26:07,43,352,0,395
2023-07-01T09:38:33,43,352,0,395
2023-07-01T09:51:00,43,352,0,395
2023-07-01T10:03:27,43,352,0,395
2023-07-01T10:15:53,43,352,0,395
2023-07-01T10:28:19,43,352,0,395
2023-07-01T10:40:45,43,352,0,395
2023-07-01T10:53:11,43,352,0,395
2023-07-01T11:05:36,43,352,0,395
2023-07-01T11:17:59,43,352,0,395
2023-07-01T11:30:22,43,352,0,395
2023-07-01T11:43:06,43,352,0,395
2023-07-01T11:55:29,43,352,0,395
2023-07-01T12:07:52,43,352,0,395
2023-07-01T12:20:15,43,352,0,395
2023-07-01T12:32:38,43,352,0,395
2023-07-01T12:45:01,43,352,0,395
2023-07-01T12:57:24,43,352,0,395
2023-07-01T13:09:47,43,352,0,395
2023-07-01T13:22:10,43,352,0,395
2023-07-01T13:34:33,43,352,0,395
2023-07-01T13:46:56,43,352,0,395
2023-07-01T13:59:18,43,352,0,395
2023-07-01T14:11:42,43,352,0,395
2023-07-01T14:24:15,43,352,0,395
2023-07-01T14:36:38,43,352,0,395
2023-07-01T14:49:01,43,352,0,395
2023-07-01T15:01:24,43,352,0,395
2023-07-01T15:13:47,43,352,0,395
2023-07-01T15:26:10,43,352,0,395
2023-07-01T15:38:33,43,352,0,395
2023-07-01T15:50:56,43,352,0,395
2023-07-01T16:03:19,43,352,0,395
2023-07-01T16:15:42,43,352,0,395
2023-07-01T16:28:05,43,352,0,395
2023-07-01T16:40:28,43,352,0,395
2023-07-01T16:52:51,43,352,0,395
2023-07-01T17:05:15,43,352,0,395
2023-07-01T17:17:56,43,352,0,395
2023-07-01T17:30:19,43,352,0,395
2023-07-01T17:42:42,43,352,0,395
2023-07-01T17:55:05,43,352,0,395
2023-07-01T18:07:30,43,352,0,395
2023-07-01T18:19:52,43,352,0,395
2023-07-01T18:32:15,43,352,0,395
2023-07-01T18:44:38,43,352,0,395
2023-07-01T18:57:01,43,352,0,395
2023-07-01T19:09:26,43,352,0,395
2023-07-01T19:21:50,43,352,0,395
2023-07-01T19:34:13,43,352,0,395
2023-07-01T19:46:36,43,352,0,395
2023-07-01T19:58:59,43,352,0,395
2023-07-01T20:11:27,43,352,0,395
2023-07-01T20:23:50,43,352,0,395
2023-07-01T20:36:24,43,352,0,395
2023-07-01T20:48:48,43,352,0,395
2023-07-01T21:01:11,43,352,0,395
2023-07-01T21:13:35,43,352,0,395
2023-07-01T21:25:58,43,352,0,395
2023-07-01T21:38:22,43,352,0,395
2023-07-01T21:50:45,43,352,0,395
2023-07-01T22:03:09,43,352,0,395
2023-07-01T22:15:32,43,352,0,395
2023-07-01T22:27:55,43,352,0,395
2023-07-01T22:40:19,43,352,0,395
2023-07-01T22:53:02,43,352,0,395
2023-07-01T23:05:26,43,352,0,395
2023-07-01T23:17:50,43,352,0,395
2023-07-01T23:30:14,43,352,0,395
2023-07-01T23:42:37,43,352,0,395
2023-07-01T23:55:00,43,352,0,395
2023-07-02T00:07:45,43,352,0,395
2023-07-02T00:20:12,43,352,0,395
2023-07-02T00:32:37,43,352,0,395
2023-07-02T00:45:02,43,352,0,395
2023-07-02T00:57:25,43,352,0,395
2023-07-02T01:09:48,43,352,0,395
2023-07-02T01:22:14,43,352,0,395
2023-07-02T01:34:37,43,352,0,395
2023-07-02T01:47:01,43,352,0,395
2023-07-02T01:59:25,43,352,0,395
2023-07-02T02:11:49,43,352,0,395
2023-07-02T02:24:24,43,352,0,395
2023-07-02T02:36:54,43,352,0,395
2023-07-02T02:49:26,43,352,0,395
2023-07-02T03:01:54,43,352,0,395
2023-07-02T03:14:26,43,352,0,395
2023-07-02T03:26:54,43,352,0,395
2023-07-02T03:39:23,43,352,0,395
2023-07-02T03:51:51,43,352,0,395
2023-07-02T04:04:19,43,352,0,395
2023-07-02T04:24:09,43,352,0,395
2023-07-02T04:38:15,43,352,0,395
2023-07-02T04:50:45,43,352,0,395
2023-07-02T05:03:14,43,352,0,395
2023-07-02T05:15:42,43,352,0,395
2023-07-02T05:28:09,43,352,0,395
2023-07-02T05:40:35,43,352,0,395
2023-07-02T05:53:02,43,352,0,395
2023-07-02T06:05:32,43,352,0,395
2023-07-02T06:18:02,43,352,0,395
2023-07-02T06:30:45,43,352,0,395
2023-07-02T06:43:12,43,352,0,395
2023-07-02T06:55:39,43,352,0,395
2023-07-02T07:08:08,43,352,0,395
2023-07-02T07:20:34,43,352,0,395
2023-07-02T07:33:02,43,352,0,395
2023-07-02T07:45:26,43,352,0,395
2023-07-02T07:57:53,43,352,0,395
2023-07-02T08:10:23,43,352,0,395
2023-07-02T08:22:50,43,352,0,395
2023-07-02T08:35:32,43,352,0,395
2023-07-02T08:47:59,43,352,0,395
2023-07-02T09:00:28,43,352,0,395
2023-07-02T09:12:56,43,352,0,395
2023-07-02T09:25:24,43,352,0,395
2023-07-02T09:37:53,43,352,0,395
2023-07-02T09:50:23,43,352,0,395
2023-07-02T10:03:01,43,352,0,395
2023-07-02T10:15:31,43,352,0,395
2023-07-02T10:28:02,43,352,0,395
2023-07-02T10:40:30,43,352,0,395
2023-07-02T10:52:55,43,352,0,395
2023-07-02T11:05:21,43,352,0,395
2023-07-02T11:17:46,43,352,0,395
2023-07-02T11:30:09,43,352,0,395
2023-07-02T11:42:33,43,352,0,395
2023-07-02T11:54:55,43,352,0,395
2023-07-02T12:07:18,43,352,0,395
2023-07-02T12:19:41,43,352,0,395
2023-07-02T12:32:15,43,352,0,395
2023-07-02T12:44:38,43,352,0,395
2023-07-02T12:57:01,43,352,0,395
2023-07-02T13:09:25,43,352,0,395
2023-07-02T13:21:48,43,352,0,395
2023-07-02T13:34:11,43,352,0,395
2023-07-02T13:46:34,43,352,0,395
2023-07-02T13:58:56,43,352,0,395
2023-07-02T14:11:19,43,352,0,395
2023-07-02T14:23:53,43,352,0,395
2023-07-02T14:36:17,44,351,0,395
2023-07-02T14:48:40,44,351,0,395
2023-07-02T15:01:03,44,351,0,395
2023-07-02T15:13:27,44,351,0,395
2023-07-02T15:25:51,44,351,0,395
2023-07-02T15:38:14,44,351,0,395
2023-07-02T15:50:38,44,351,0,395
2023-07-02T16:03:02,44,351,0,395
2023-07-02T16:15:26,44,351,0,395
2023-07-02T16:28:00,44,351,0,395
2023-07-02T16:40:25,44,351,0,395
2023-07-02T16:52:47,44,351,0,395
2023-07-02T17:05:10,44,351,0,395
2023-07-02T17:17:34,44,351,0,395
2023-07-02T17:29:57,44,351,0,395
2023-07-02T17:42:20,44,351,0,395
2023-07-02T17:54:43,44,351,0,395
2023-07-02T18:07:06,44,351,0,395
2023-07-02T18:19:30,44,351,0,395
2023-07-02T18:31:53,44,351,0,395
2023-07-02T18:44:17,44,351,0,395
2023-07-02T18:56:41,44,351,0,395
2023-07-02T19:09:18,44,351,0,395
2023-07-02T19:21:42,44,351,0,395
2023-07-02T19:34:05,44,351,0,395
2023-07-02T19:46:28,44,351,0,395
2023-07-02T19:58:51,44,351,0,395
2023-07-02T20:11:14,44,351,0,395
2023-07-02T20:23:37,44,351,0,395
2023-07-02T20:36:00,44,351,0,395
2023-07-02T20:48:23,44,351,0,395
2023-07-02T21:00:49,44,351,0,395
2023-07-02T21:13:22,44,351,0,395
2023-07-02T21:25:45,44,351,0,395
2023-07-02T21:38:08,44,351,0,395
2023-07-02T21:50:31,44,351,0,395
2023-07-02T22:02:54,44,351,0,395
2023-07-02T22:15:17,44,351,0,395
2023-07-02T22:27:40,44,351,0,395
2023-07-02T22:40:04,44,351,0,395
2023-07-02T22:52:26,44,351,0,395
2023-07-02T23:04:49,44,351,0,395
2023-07-02T23:17:23,44,351,0,395
2023-07-02T23:29:48,44,351,0,395
2023-07-02T23:42:11,44,351,0,395
2023-07-02T23:54:34,44,351,0,395
2023-07-03T00:07:01,44,351,0,395
2023-07-03T00:19:35,44,351,0,395
2023-07-03T00:32:10,44,351,0,395
2023-07-03T00:44:39,44,351,0,395
2023-07-03T00:57:04,44,351,0,395
2023-07-03T01:09:42,44,351,0,395
2023-07-03T01:22:13,44,351,0,395
2023-07-03T01:34:41,44,351,0,395
2023-07-03T01:47:08,44,351,0,395
2023-07-03T01:59:36,44,351,0,395
2023-07-03T02:12:17,44,351,0,395
2023-07-03T02:24:44,44,351,0,395
2023-07-03T02:37:10,44,351,0,395
2023-07-03T02:49:35,44,351,0,395
2023-07-03T03:02:00,44,351,0,395
2023-07-03T03:14:26,44,351,0,395
2023-07-03T03:26:53,44,351,0,395
2023-07-03T03:39:20,44,351,0,395
2023-07-03T03:51:46,44,351,0,395
2023-07-03T04:04:23,44,351,0,395
2023-07-03T04:16:49,44,351,0,395
2023-07-03T04:35:42,44,351,0,395
2023-07-03T04:49:33,44,351,0,395
2023-07-03T05:02:23,44,351,0,395
2023-07-03T05:14:51,44,351,0,395
2023-07-03T05:27:18,44,351,0,395
2023-07-03T05:39:45,44,351,0,395
2023-07-03T05:52:12,44,351,0,395
2023-07-03T06:04:38,44,351,0,395
2023-07-03T06:17:06,44,351,0,395
2023-07-03T06:29:33,44,351,0,395
2023-07-03T06:41:59,44,351,0,395
2023-07-03T06:54:28,44,351,0,395
2023-07-03T07:06:57,44,351,0,395
2023-07-03T07:19:22,44,351,0,395
2023-07-03T07:31:53,44,351,0,395
2023-07-03T07:44:18,44,351,0,395
2023-07-03T07:56:41,44,351,0,395
2023-07-03T08:09:04,44,351,0,395
2023-07-03T08:21:27,44,351,0,395
2023-07-03T08:33:50,44,351,0,395
2023-07-03T08:46:14,44,351,0,395
2023-07-03T08:58:38,44,351,0,395
2023-07-03T09:11:01,44,351,0,395
2023-07-03T09:23:38,44,351,0,395
2023-07-03T09:36:02,44,351,0,395
2023-07-03T09:48:25,44,351,0,395
2023-07-03T10:00:50,44,351,0,395
2023-07-03T10:13:14,44,351,0,395
2023-07-03T10:25:38,44,351,0,395
2023-07-03T10:38:03,43,352,0,395
2023-07-03T10:50:39,43,352,0,395
2023-07-03T11:03:03,43,352,0,395
2023-07-03T11:15:27,43,352,0,395
2023-07-03T11:27:52,43,352,0,395
2023-07-03T11:40:17,43,352,0,395
2023-07-03T11:52:54,43,352,0,395
2023-07-03T12:05:20,43,352,0,395
2023-07-03T12:17:46,43,352,0,395
2023-07-03T12:30:12,43,352,0,395
2023-07-03T12:42:38,43,352,0,395
2023-07-03T12:55:04,43,352,0,395
2023-07-03T13:07:30,43,352,0,395
2023-07-03T13:20:08,43,352,0,395
2023-07-03T13:32:33,43,352,0,395
2023-07-03T13:44:58,43,352,0,395
2023-07-03T13:57:23,43,352,0,395
2023-07-03T14:09:49,43,352,0,395
2023-07-03T14:22:14,43,352,0,395
2023-07-03T14:34:39,43,352,0,395
2023-07-03T14:47:02,43,352,0,395
2023-07-03T14:59:26,43,352,0,395
2023-07-03T15:12:01,43,352,0,395
2023-07-03T15:24:25,43,352,0,395
2023-07-03T15:36:49,43,352,0,395
2023-07-03T15:49:13,43,352,0,395
2023-07-03T16:01:37,43,352,0,395
2023-07-03T16:14:01,43,352,0,395
2023-07-03T16:26:26,43,352,0,395
2023-07-03T16:38:49,43,352,0,395
2023-07-03T16:51:13,43,352,0,395
2023-07-03T17:03:37,43,352,0,395
2023-07-03T17:16:02,43,352,0,395
2023-07-03T17:28:37,43,352,0,395
2023-07-03T17:41:01,43,352,0,395
2023-07-03T17:53:25,43,352,0,395
2023-07-03T18:05:49,43,352,0,395
2023-07-03T18:18:13,43,352,0,395
2023-07-03T18:30:37,43,352,0,395
2023-07-03T18:43:03,43,352,0,395
2023-07-03T18:55:26,43,352,0,395
2023-07-03T19:07:51,43,352,0,395
2023-07-03T19:20:14,43,352,0,395
2023-07-03T19:32:48,43,352,0,395
2023-07-03T19:45:12,43,352,0,395
2023-07-03T19:57:36,43,352,0,395
2023-07-03T20:10:00,43,352,0,395
2023-07-03T20:22:23,43,352,0,395
2023-07-03T20:34:47,43,352,0,395
2023-07-03T20:47:11,43,352,0,395
2023-07-03T20:59:35,43,352,0,395
2023-07-03T21:11:59,43,352,0,395
2023-07-03T21:24:23,43,352,0,395
2023-07-03T21:36:46,43,352,0,395
2023-07-03T21:49:20,43,352,0,395
2023-07-03T22:01:44,43,352,0,395
2023-07-03T22:14:08,43,352,0,395
2023-07-03T22:26:32,43,352,0,395
2023-07-03T22:38:56,43,352,0,395
2023-07-03T22:51:20,43,352,0,395
2023-07-03T23:03:44,43,352,0,395
2023-07-03T23:16:09,43,352,0,395
2023-07-03T23:28:34,43,352,0,395
2023-07-03T23:40:59,43,352,0,395
2023-07-03T23:53:23,43,352,0,395
2023-07-04T00:05:49,43,352,0,395
2023-07-04T00:18:25,43,352,0,395
2023-07-04T00:30:52,43,352,0,395
2023-07-04T00:43:20,43,352,0,395
2023-07-04T00:55:49,43,352,0,395
2023-07-04T01:08:17,43,352,0,395
2023-07-04T01:20:45,43,352,0,395
2023-07-04T01:33:13,43,352,0,395
2023-07-04T01:45:39,43,352,0,395
2023-07-04T01:58:06,43,352,0,395
2023-07-04T02:10:34,43,352,0,395
2023-07-04T02:23:02,43,352,0,395
2023-07-04T02:35:30,43,352,0,395
2023-07-04T02:47:56,43,352,0,395
2023-07-04T03:00:21,43,352,0,395
2023-07-04T03:12:48,43,352,0,395
2023-07-04T03:25:28,43,352,0,395
2023-07-04T03:37:55,43,352,0,395
2023-07-04T03:50:23,43,352,0,395
2023-07-04T04:02:52,43,352,0,395
2023-07-04T04:31:06,43,352,0,395
2023-07-04T04:45:03,43,352,0,395
2023-07-04T04:57:50,43,352,0,395
2023-07-04T05:10:18,43,352,0,395
2023-07-04T05:22:42,43,352,0,395
2023-07-04T05:35:06,43,352,0,395
2023-07-04T05:47:31,43,352,0,395
2023-07-04T05:59:55,43,352,0,395
2023-07-04T06:12:18,43,352,0,395
2023-07-04T06:24:42,43,352,0,395
2023-07-04T06:37:09,43,352,0,395
2023-07-04T06:49:36,43,352,0,395
2023-07-04T07:02:04,43,352,0,395
2023-07-04T07:14:32,43,352,0,395
2023-07-04T07:26:59,43,352,0,395
2023-07-04T07:39:25,43,352,0,395
2023-07-04T07:51:55,43,352,0,395
2023-07-04T08:04:22,43,352,0,395
2023-07-04T08:16:49,43,352,0,395
2023-07-04T08:29:31,43,352,0,395
2023-07-04T08:41:59,43,352,0,395
2023-07-04T08:54:25,43,352,0,395
2023-07-04T09:06:52,43,352,0,395
2023-07-04T09:19:18,43,352,0,395
2023-07-04T09:31:45,43,352,0,395
2023-07-04T09:44:12,43,352,0,395
2023-07-04T09:56:40,43,352,0,395
2023-07-04T10:09:07,43,352,0,395
2023-07-04T10:21:33,43,352,0,395
2023-07-04T10:33:58,43,352,0,395
2023-07-04T10:46:24,43,352,0,395
2023-07-04T10:58:50,43,352,0,395
2023-07-04T11:11:25,43,352,0,395
2023-07-04T11:23:51,43,352,0,395
2023-07-04T11:36:18,43,352,0,395
2023-07-04T11:48:44,43,352,0,395
2023-07-04T12:01:10,43,352,0,395
2023-07-04T12:13:36,43,352,0,395
2023-07-04T12:26:01,43,352,0,395
2023-07-04T12:38:37,43,352,0,395
2023-07-04T12:51:02,43,352,0,395
2023-07-04T13:03:26,43,352,0,395
2023-07-04T13:15:49,43,352,0,395
2023-07-04T13:28:12,43,352,0,395
2023-07-04T13:40:36,43,352,0,395
2023-07-04T13:52:59,43,352,0,395
2023-07-04T14:05:23,43,352,0,395
2023-07-04T14:17:46,43,352,0,395
2023-07-04T14:30:10,43,352,0,395
2023-07-04T14:42:53,43,352,0,395
2023-07-04T14:55:16,43,352,0,395
2023-07-04T15:07:40,43,352,0,395
2023-07-04T15:20:03,43,352,0,395
2023-07-04T15:32:27,43,352,0,395
2023-07-04T15:44:50,43,352,0,395
2023-07-04T15:57:14,43,352,0,395
2023-07-04T16:09:37,43,352,0,395
2023-07-04T16:22:01,43,352,0,395
2023-07-04T16:34:25,43,352,0,395
2023-07-04T16:46:48,43,352,0,395
2023-07-04T16:59:23,43,352,0,395
2023-07-04T17:11:47,43,352,0,395
2023-07-04T17:24:11,43,352,0,395
2023-07-04T17:36:35,43,352,0,395
2023-07-04T17:48:58,43,352,0,395
2023-07-04T18:01:22,43,352,0,395
2023-07-04T18:13:45,43,352,0,395
2023-07-04T18:26:09,43,352,0,395
2023-07-04T18:38:33,43,352,0,395
2023-07-04T18:50:57,43,352,0,395
2023-07-04T19:03:20,43,352,0,395
2023-07-04T19:16:04,43,352,0,395
2023-07-04T19:28:28,43,352,0,395
2023-07-04T19:40:51,43,352,0,395
2023-07-04T19:53:15,43,352,0,395
2023-07-04T20:05:38,43,352,0,395
2023-07-04T20:18:02,43,352,0,395
2023-07-04T20:30:26,43,352,0,395
2023-07-04T20:42:50,43,352,0,395
2023-07-04T20:55:14,43,352,0,395
2023-07-04T21:07:37,43,352,0,395
2023-07-04T21:20:01,43,352,0,395
2023-07-04T21:32:24,43,352,0,395
2023-07-04T21:44:48,43,352,0,395
2023-07-04T21:57:12,43,352,0,395
2023-07-04T22:09:46,43,352,0,395
2023-07-04T22:22:09,43,352,0,395
2023-07-04T22:34:33,43,352,0,395
2023-07-04T22:46:56,43,352,0,395
2023-07-04T22:59:20,43,352,0,395
2023-07-04T23:11:45,43,352,0,395
2023-07-04T23:24:09,43,352,0,395
2023-07-04T23:36:33,43,352,0,395
2023-07-04T23:48:58,43,352,0,395
2023-07-05T00:01:23,43,352,0,395
2023-07-05T00:13:51,43,352,0,395
2023-07-05T00:26:17,43,352,0,395
2023-07-05T00:38:55,43,352,0,395
2023-07-05T00:51:22,43,352,0,395
2023-07-05T01:03:48,43,352,0,395
2023-07-05T01:16:15,43,352,0,395
2023-07-05T01:28:43,43,352,0,395
2023-07-05T01:41:12,43,352,0,395
2023-07-05T01:53:39,43,352,0,395
2023-07-05T02:06:06,43,352,0,395
2023-07-05T02:18:33,43,352,0,395
2023-07-05T02:31:01,43,352,0,395
2023-07-05T02:43:30,43,352,0,395
2023-07-05T02:55:57,43,352,0,395
2023-07-05T03:08:26,43,352,0,395
2023-07-05T03:20:55,43,352,0,395
2023-07-05T03:33:23,43,352,0,395
2023-07-05T03:46:11,43,352,0,395
2023-07-05T03:58:37,43,352,0,395
2023-07-05T04:22:45,43,352,0,395
2023-07-05T04:35:33,43,352,0,395
2023-07-05T04:48:02,43,352,0,395
2023-07-05T05:00:30,43,352,0,395
2023-07-05T05:12:58,43,352,0,395
2023-07-05T05:25:25,43,352,0,395
2023-07-05T05:37:54,43,352,0,395
2023-07-05T05:50:22,43,352,0,395
2023-07-05T06:02:45,43,352,0,395
2023-07-05T06:15:08,43,352,0,395
2023-07-05T06:27:32,43,352,0,395
2023-07-05T06:39:55,43,352,0,395
2023-07-05T06:52:18,43,352,0,395
2023-07-05T07:04:41,43,352,0,395
2023-07-05T07:17:03,43,352,0,395
2023-07-05T07:29:24,43,352,0,395
2023-07-05T07:41:44,43,352,0,395
2023-07-05T07:54:04,43,352,0,395
2023-07-05T08:06:24,43,352,0,395
2023-07-05T08:18:55,43,352,0,395
2023-07-05T08:31:19,43,352,0,395
2023-07-05T08:43:43,43,352,0,395
2023-07-05T08:56:07,43,352,0,395
2023-07-05T09:08:32,43,352,0,395
2023-07-05T09:20:55,43,352,0,395
2023-07-05T09:33:21,43,352,0,395
2023-07-05T09:45:45,43,352,0,395
2023-07-05T09:58:09,43,352,0,395
2023-07-05T10:10:33,43,352,0,395
2023-07-05T10:22:57,43,352,0,395
2023-07-05T10:35:21,43,352,0,395
2023-07-05T10:47:55,43,352,0,395
2023-07-05T11:00:20,43,352,0,395
2023-07-05T11:12:46,43,352,0,395
2023-07-05T11:25:10,43,352,0,395
2023-07-05T11:37:35,43,352,0,395
2023-07-05T11:49:59,43,352,0,395
2023-07-05T12:02:24,43,352,0,395
2023-07-05T12:14:58,43,352,0,395
2023-07-05T12:27:23,43,352,0,395
2023-07-05T12:39:48,43,352,0,395
2023-07-05T12:52:12,43,352,0,395
2023-07-05T13:04:36,43,352,0,395
2023-07-05T13:17:01,43,352,0,395
2023-07-05T13:29:25,43,352,0,395
2023-07-05T13:41:50,43,352,0,395
2023-07-05T13:54:28,43,352,0,395
2023-07-05T14:06:52,43,352,0,395
2023-07-05T14:19:17,43,352,0,395
2023-07-05T14:31:41,43,352,0,395
2023-07-05T14:44:06,43,352,0,395
2023-07-05T14:56:31,43,352,0,395
2023-07-05T15:08:55,43,352,0,395
2023-07-05T15:21:19,43,352,0,395
2023-07-05T15:33:55,43,352,0,395
2023-07-05T15:46:19,43,352,0,395
2023-07-05T15:58:43,43,352,0,395
2023-07-05T16:11:08,43,352,0,395
2023-07-05T16:23:32,43,352,0,395
2023-07-05T16:35:56,43,352,0,395
2023-07-05T16:48:20,43,352,0,395
2023-07-05T17:00:45,43,352,0,395
2023-07-05T17:13:11,43,352,0,395
2023-07-05T17:25:35,43,352,0,395
2023-07-05T17:37:59,43,352,0,395
2023-07-05T17:50:34,43,352,0,395
2023-07-05T18:02:58,43,352,0,395
2023-07-05T18:15:25,43,352,0,395
2023-07-05T18:27:49,43,352,0,395
2023-07-05T18:40:13,43,352,0,395
2023-07-05T18:52:37,43,352,0,395
2023-07-05T19:05:02,43,352,0,395
2023-07-05T19:17:26,43,352,0,395
2023-07-05T19:29:50,43,352,0,395
2023-07-05T19:42:15,43,352,0,395
2023-07-05T19:54:39,43,352,0,395
2023-07-05T20:07:03,43,352,0,395
2023-07-05T20:19:37,43,352,0,395
2023-07-05T20:32:02,43,352,0,395
2023-07-05T20:44:26,43,352,0,395
2023-07-05T20:56:50,43,352,0,395
2023-07-05T21:09:14,43,352,0,395
2023-07-05T21:21:38,43,352,0,395
2023-07-05T21:34:02,43,352,0,395
2023-07-05T21:46:26,43,352,0,395
2023-07-05T21:58:50,43,352,0,395
2023-07-05T22:11:14,43,352,0,395
2023-07-05T22:23:38,43,352,0,395
2023-07-05T22:36:02,43,352,0,395
2023-07-05T22:48:27,43,352,0,395
2023-07-05T23:00:50,43,352,0,395
2023-07-05T23:13:24,43,352,0,395
2023-07-05T23:25:49,43,352,0,395
2023-07-05T23:38:13,43,352,0,395
2023-07-05T23:50:38,43,352,0,395
2023-07-06T00:03:03,43,352,0,395
2023-07-06T00:15:32,43,352,0,395
2023-07-06T00:28:01,43,352,0,395
2023-07-06T00:40:28,43,352,0,395
2023-07-06T00:52:57,43,352,0,395
2023-07-06T01:05:25,43,352,0,395
2023-07-06T01:17:53,43,352,0,395
2023-07-06T01:30:21,43,352,0,395
2023-07-06T01:42:50,43,352,0,395
2023-07-06T01:55:19,43,352,0,395
2023-07-06T02:07:56,43,352,0,395
2023-07-06T02:20:22,43,352,0,395
2023-07-06T02:32:47,43,352,0,395
2023-07-06T02:45:12,43,352,0,395
2023-07-06T02:57:37,43,352,0,395
2023-07-06T03:10:03,43,352,0,395
2023-07-06T03:22:31,43,352,0,395
2023-07-06T03:34:57,43,352,0,395
2023-07-06T03:47:23,43,352,0,395
2023-07-06T03:59:49,43,352,0,395
2023-07-06T04:14:42,43,352,0,395
2023-07-06T04:31:42,43,352,0,395
2023-07-06T04:44:12,43,352,0,395
2023-07-06T04:56:40,43,352,0,395
2023-07-06T05:09:07,43,352,0,395
2023-07-06T05:21:32,43,352,0,395
2023-07-06T05:33:57,43,352,0,395
2023-07-06T05:46:22,43,352,0,395
2023-07-06T05:58:52,43,352,0,395
2023-07-06T06:11:19,43,352,0,395
2023-07-06T06:23:46,43,352,0,395
2023-07-06T06:36:13,43,352,0,395
2023-07-06T06:48:40,43,352,0,395
2023-07-06T07:01:06,43,352,0,395
2023-07-06T07:13:35,43,352,0,395
2023-07-06T07:26:03,43,352,0,395
2023-07-06T07:38:30,43,352,0,395
2023-07-06T07:50:59,43,352,0,395
2023-07-06T08:03:29,43,352,0,395
2023-07-06T08:15:55,43,352,0,395
2023-07-06T08:28:23,43,352,0,395
2023-07-06T08:40:50,43,352,0,395
2023-07-06T08:53:25,43,352,0,395
2023-07-06T09:05:52,43,352,0,395
2023-07-06T09:18:19,43,352,0,395
2023-07-06T09:30:45,43,352,0,395
2023-07-06T09:43:11,43,352,0,395
2023-07-06T09:55:37,43,352,0,395
2023-07-06T10:08:03,43,352,0,395
2023-07-06T10:20:29,43,352,0,395
2023-07-06T10:32:55,43,352,0,395
2023-07-06T10:45:21,43,352,0,395
2023-07-06T10:57:57,43,352,0,395
2023-07-06T11:10:23,43,352,0,395
2023-07-06T11:22:48,43,352,0,395
2023-07-06T11:35:12,43,352,0,395
2023-07-06T11:47:37,43,352,0,395
2023-07-06T12:00:01,43,352,0,395
2023-07-06T12:12:26,43,352,0,395
2023-07-06T12:24:51,43,352,0,395
2023-07-06T12:37:28,43,352,0,395
2023-07-06T12:49:52,43,352,0,395
2023-07-06T13:02:17,43,352,0,395
2023-07-06T13:14:42,43,352,0,395
2023-07-06T13:27:06,43,352,0,395
2023-07-06T13:39:31,43,352,0,395
2023-07-06T13:51:55,43,352,0,395
2023-07-06T14:04:20,43,352,0,395
2023-07-06T14:16:45,43,352,0,395
2023-07-06T14:29:22,43,352,0,395
2023-07-06T14:41:47,43,352,0,395
2023-07-06T14:54:11,43,352,0,395
2023-07-06T15:06:36,43,352,0,395
2023-07-06T15:19:00,43,352,0,395
2023-07-06T15:31:25,43,352,0,395
2023-07-06T15:43:50,43,352,0,395
2023-07-06T15:56:25,43,352,0,395
2023-07-06T16:08:49,43,352,0,395
2023-07-06T16:21:14,43,352,0,395
2023-07-06T16:33:40,43,352,0,395
2023-07-06T16:46:05,43,352,0,395
2023-07-06T16:58:30,43,352,0,395
2023-07-06T17:10:56,43,352,0,395
2023-07-06T17:23:21,43,352,0,395
2023-07-06T17:35:46,43,352,0,395
2023-07-06T17:48:32,43,352,0,395
2023-07-06T18:00:57,43,352,0,395
2023-07-06T18:13:21,43,352,0,395
2023-07-06T18:25:46,43,352,0,395
2023-07-06T18:38:11,43,352,0,395
2023-07-06T18:50:36,43,352,0,395
2023-07-06T19:03:01,43,352,0,395
2023-07-06T19:15:27,43,352,0,395
2023-07-06T19:27:52,43,352,0,395
2023-07-06T19:40:17,43,352,0,395
2023-07-06T19:52:42,43,352,0,395
2023-07-06T20:05:07,43,352,0,395
2023-07-06T20:17:42,43,352,0,395
2023-07-06T20:30:07,43,352,0,395
2023-07-06T20:42:32,43,352,0,395
2023-07-06T20:54:57,43,352,0,395
2023-07-06T21:07:23,43,352,0,395
2023-07-06T21:19:48,43,352,0,395
2023-07-06T21:32:13,43,352,0,395
2023-07-06T21:44:38,43,352,0,395
2023-07-06T21:57:03,43,352,0,395
2023-07-06T22:09:29,43,352,0,395
2023-07-06T22:21:53,43,352,0,395
2023-07-06T22:34:18,43,352,0,395
2023-07-06T22:46:43,43,352,0,395
2023-07-06T22:59:18,43,352,0,395
2023-07-06T23:11:45,43,352,0,395
2023-07-06T23:24:10,43,352,0,395
2023-07-06T23:36:35,43,352,0,395
2023-07-06T23:49:01,43,352,0,395
2023-07-07T00:01:27,43,352,0,395
2023-07-07T00:13:58,43,352,0,395
2023-07-07T00:26:27,43,352,0,395
2023-07-07T00:38:55,43,352,0,395
2023-07-07T00:51:24,43,352,0,395
2023-07-07T01:03:53,43,352,0,395
2023-07-07T01:16:22,43,352,0,395
2023-07-07T01:28:52,43,352,0,395
2023-07-07T01:41:23,43,352,0,395
2023-07-07T01:53:52,43,352,0,395
2023-07-07T02:06:21,43,352,0,395
2023-07-07T02:18:59,43,352,0,395
2023-07-07T02:31:41,43,352,0,395
2023-07-07T02:44:10,43,352,0,395
2023-07-07T02:56:38,43,352,0,395
2023-07-07T03:09:07,43,352,0,395
2023-07-07T03:21:35,43,352,0,395
2023-07-07T03:34:02,43,352,0,395
2023-07-07T03:46:31,43,352,0,395
2023-07-07T03:58:58,43,352,0,395
2023-07-07T04:11:26,43,352,0,395
2023-07-07T04:35:10,43,352,0,395
2023-07-07T04:47:41,43,352,0,395
2023-07-07T05:00:10,43,352,0,395
2023-07-07T05:12:38,43,352,0,395
2023-07-07T05:25:06,43,352,0,395
2023-07-07T05:37:36,43,352,0,395
2023-07-07T05:50:05,43,352,0,395
2023-07-07T06:02:33,43,352,0,395
2023-07-07T06:15:01,43,352,0,395
2023-07-07T06:27:29,43,352,0,395
2023-07-07T06:39:57,43,352,0,395
2023-07-07T06:52:26,43,352,0,395
2023-07-07T07:04:53,43,352,0,395
2023-07-07T07:17:21,43,352,0,395
2023-07-07T07:29:47,43,352,0,395
2023-07-07T07:42:13,43,352,0,395
2023-07-07T07:54:38,43,352,0,395
2023-07-07T08:07:06,43,352,0,395
2023-07-07T08:19:31,43,352,0,395
2023-07-07T08:31:56,43,352,0,395
2023-07-07T08:44:30,43,352,0,395
2023-07-07T08:56:55,43,352,0,395
2023-07-07T09:09:20,43,352,0,395
2023-07-07T09:21:46,43,352,0,395
2023-07-07T09:34:11,43,352,0,395
2023-07-07T09:46:35,43,352,0,395
2023-07-07T09:59:00,43,352,0,395
2023-07-07T10:11:25,43,352,0,395
2023-07-07T10:23:49,43,352,0,395
2023-07-07T10:36:14,43,352,0,395
2023-07-07T10:48:39,43,352,0,395
2023-07-07T11:01:04,43,352,0,395
2023-07-07T11:13:41,43,352,0,395
2023-07-07T11:26:06,43,352,0,395
2023-07-07T11:38:31,43,352,0,395
2023-07-07T11:50:56,43,352,0,395
2023-07-07T12:03:20,43,352,0,395
2023-07-07T12:15:45,43,352,0,395
2023-07-07T12:28:10,43,352,0,395
2023-07-07T12:40:34,43,352,0,395
2023-07-07T12:52:59,43,352,0,395
2023-07-07T13:05:25,43,352,0,395
2023-07-07T13:17:50,43,352,0,395
2023-07-07T13:30:15,43,352,0,395
2023-07-07T13:42:40,43,352,0,395
2023-07-07T13:55:18,43,352,0,395
2023-07-07T14:07:42,43,352,0,395
2023-07-07T14:20:07,43,352,0,395
2023-07-07T14:32:32,43,352,0,395
2023-07-07T14:44:56,43,352,0,395
2023-07-07T14:57:22,43,352,0,395
2023-07-07T15:09:47,43,352,0,395
2023-07-07T15:22:12,43,352,0,395
2023-07-07T15:34:36,43,352,0,395
2023-07-07T15:47:01,43,352,0,395
2023-07-07T15:59:26,43,352,0,395
2023-07-07T16:11:51,43,352,0,395
2023-07-07T16:24:27,43,352,0,395
2023-07-07T16:36:52,43,352,0,395
2023-07-07T16:49:17,43,352,0,395
2023-07-07T17:01:42,43,352,0,395
2023-07-07T17:14:09,43,352,0,395
2023-07-07T17:26:34,43,352,0,395
2023-07-07T17:38:59,43,352,0,395
2023-07-07T17:51:23,43,352,0,395
2023-07-07T18:03:47,43,352,0,395
2023-07-07T18:16:12,43,352,0,395
2023-07-07T18:28:36,43,352,0,395
2023-07-07T18:41:01,43,352,0,395
2023-07-07T18:53:35,43,352,0,395
2023-07-07T19:06:00,43,352,0,395
2023-07-07T19:18:26,43,352,0,395
2023-07-07T19:30:51,43,352,0,395
2023-07-07T19:43:16,43,352,0,395
2023-07-07T19:55:41,43,352,0,395
2023-07-07T20:08:07,43,352,0,395
2023-07-07T20:20:32,43,352,0,395
2023-07-07T20:32:57,43,352,0,395
2023-07-07T20:45:21,43,352,0,395
2023-07-07T20:57:46,43,352,0,395
2023-07-07T21:10:11,43,352,0,395
2023-07-07T21:22:38,43,352,0,395
2023-07-07T21:35:03,43,352,0,395
2023-07-07T21:47:28,43,352,0,395
2023-07-07T21:59:53,43,352,0,395
2023-07-07T22:12:18,43,352,0,395
2023-07-07T22:24:43,43,352,0,395
2023-07-07T22:37:19,43,352,0,395
2023-07-07T22:49:43,43,352,0,395
2023-07-07T23:02:08,43,352,0,395
2023-07-07T23:14:34,43,352,0,395
2023-07-07T23:27:00,43,352,0,395
2023-07-07T23:39:25,43,352,0,395
2023-07-07T23:51:50,43,352,0,395
2023-07-08T00:04:16,43,352,0,395
2023-07-08T00:16:47,43,352,0,395
2023-07-08T00:29:18,43,352,0,395
2023-07-08T00:41:47,43,352,0,395
2023-07-08T00:54:16,43,352,0,395
2023-07-08T01:06:45,43,352,0,395
2023-07-08T01:19:13,43,352,0,395
2023-07-08T01:31:43,43,352,0,395
2023-07-08T01:44:14,43,352,0,395
2023-07-08T01:56:43,43,352,0,395
2023-07-08T02:09:12,43,352,0,395
2023-07-08T02:21:50,43,352,0,395
2023-07-08T02:34:16,43,352,0,395
2023-07-08T02:46:42,43,352,0,395
2023-07-08T02:59:06,43,352,0,395
2023-07-08T03:11:32,43,352,0,395
2023-07-08T03:23:59,43,352,0,395
2023-07-08T03:36:26,43,352,0,395
2023-07-08T03:48:54,43,352,0,395
2023-07-08T04:01:21,43,352,0,395
2023-07-08T04:13:50,43,352,0,395
2023-07-08T04:33:37,43,352,0,395
2023-07-08T04:46:06,43,352,0,395
2023-07-08T04:58:33,43,352,0,395
2023-07-08T05:12:45,43,352,0,395
2023-07-08T05:25:15,43,352,0,395
2023-07-08T05:37:45,43,352,0,395
2023-07-08T05:50:14,43,352,0,395
2023-07-08T06:02:43,43,352,0,395
2023-07-08T06:15:12,43,352,0,395
2023-07-08T06:27:41,43,352,0,395
2023-07-08T06:40:09,43,352,0,395
2023-07-08T06:52:38,43,352,0,395
2023-07-08T07:05:07,43,352,0,395
2023-07-08T07:17:34,43,352,0,395
2023-07-08T07:30:02,43,352,0,395
2023-07-08T07:42:29,43,352,0,395
2023-07-08T07:55:07,43,352,0,395
2023-07-08T08:07:35,43,352,0,395
2023-07-08T08:20:04,43,352,0,395
2023-07-08T08:32:31,43,352,0,395
2023-07-08T08:44:58,43,352,0,395
2023-07-08T08:57:26,43,352,0,395
2023-07-08T09:09:54,43,352,0,395
2023-07-08T09:22:21,43,352,0,395
2023-07-08T09:34:48,43,352,0,395
2023-07-08T09:47:15,43,352,0,395
2023-07-08T09:59:44,43,352,0,395
2023-07-08T10:12:12,43,352,0,395
2023-07-08T10:24:39,43,352,0,395
2023-07-08T10:37:06,43,352,0,395
2023-07-08T10:49:33,43,352,0,395
2023-07-08T11:02:00,43,352,0,395
2023-07-08T11:14:35,43,352,0,395
2023-07-08T11:26:59,43,352,0,395
2023-07-08T11:39:24,43,352,0,395
2023-07-08T11:51:48,43,352,0,395
2023-07-08T12:04:12,43,352,0,395
2023-07-08T12:16:36,43,352,0,395
2023-07-08T12:29:00,43,352,0,395
2023-07-08T12:41:25,43,352,0,395
2023-07-08T12:53:49,43,352,0,395
2023-07-08T13:06:14,43,352,0,395
2023-07-08T13:18:38,43,352,0,395
2023-07-08T13:31:03,43,352,0,395
2023-07-08T13:43:27,43,352,0,395
2023-07-08T13:55:53,43,352,0,395
2023-07-08T14:08:18,43,352,0,395
2023-07-08T14:20:42,43,352,0,395
2023-07-08T14:33:07,43,352,0,395
2023-07-08T14:45:32,43,352,0,395
2023-07-08T14:57:56,43,352,0,395
2023-07-08T15:10:30,43,352,0,395
2023-07-08T15:22:54,43,352,0,395
2023-07-08T15:35:18,43,352,0,395
2023-07-08T15:47:42,43,352,0,395
2023-07-08T16:00:06,43,352,0,395
2023-07-08T16:12:31,43,352,0,395
2023-07-08T16:24:56,43,352,0,395
2023-07-08T16:37:20,43,352,0,395
2023-07-08T16:49:44,43,352,0,395
2023-07-08T17:02:09,43,352,0,395
2023-07-08T17:14:35,43,352,0,395
2023-07-08T17:27:00,43,352,0,395
2023-07-08T17:39:25,43,352,0,395
2023-07-08T17:51:49,43,352,0,395
2023-07-08T18:04:13,43,352,0,395
2023-07-08T18:16:38,43,352,0,395
2023-07-08T18:29:02,43,352,0,395
2023-07-08T18:41:26,43,352,0,395
2023-07-08T18:53:51,43,352,0,395
2023-07-08T19:06:16,43,352,0,395
2023-07-08T19:18:51,43,352,0,395
2023-07-08T19:31:16,43,352,0,395
2023-07-08T19:43:40,43,352,0,395
2023-07-08T19:56:04,43,352,0,395
2023-07-08T20:08:29,43,352,0,395
2023-07-08T20:20:53,43,352,0,395
2023-07-08T20:33:18,43,352,0,395
2023-07-08T20:45:43,43,352,0,395
2023-07-08T20:58:07,43,352,0,395
2023-07-08T21:10:32,43,352,0,395
2023-07-08T21:22:57,43,352,0,395
2023-07-08T21:35:22,43,352,0,395
2023-07-08T21:47:46,43,352,0,395
2023-07-08T22:00:11,43,352,0,395
2023-07-08T22:12:35,43,352,0,395
2023-07-08T22:25:00,43,352,0,395
2023-07-08T22:37:35,43,352,0,395
2023-07-08T22:50:00,43,352,0,395
2023-07-08T23:02:25,43,352,0,395
2023-07-08T23:14:51,43,352,0,395
2023-07-08T23:27:17,43,352,0,395
2023-07-08T23:39:43,43,352,0,395
2023-07-08T23:52:07,43,352,0,395
2023-07-09T00:04:33,43,352,0,395
2023-07-09T00:17:02,43,352,0,395
2023-07-09T00:29:31,43,352,0,395
2023-07-09T00:42:02,43,352,0,395
2023-07-09T00:54:30,43,352,0,395
2023-07-09T01:07:08,43,352,0,395
2023-07-09T01:19:34,43,352,0,395
2023-07-09T01:32:02,43,352,0,395
2023-07-09T01:44:31,43,352,0,395
2023-07-09T01:56:59,43,352,0,395
2023-07-09T02:09:28,43,352,0,395
2023-07-09T02:22:06,43,352,0,395
2023-07-09T02:34:36,43,352,0,395
2023-07-09T02:47:03,43,352,0,395
2023-07-09T02:59:30,43,352,0,395
2023-07-09T03:11:58,43,352,0,395
2023-07-09T03:24:26,43,352,0,395
2023-07-09T03:36:55,43,352,0,395
2023-07-09T03:49:22,43,352,0,395
2023-07-09T04:01:51,43,352,0,395
2023-07-09T04:28:26,43,352,0,395
2023-07-09T04:40:56,43,352,0,395
2023-07-09T04:55:10,43,352,0,395
2023-07-09T05:07:39,43,352,0,395
2023-07-09T05:20:07,43,352,0,395
2023-07-09T05:32:37,43,352,0,395
2023-07-09T05:45:06,43,352,0,395
2023-07-09T05:57:34,43,352,0,395
2023-07-09T06:10:02,43,352,0,395
2023-07-09T06:22:29,43,352,0,395
2023-07-09T06:34:58,43,352,0,395
2023-07-09T06:47:25,43,352,0,395
2023-07-09T06:59:52,43,352,0,395
2023-07-09T07:12:19,43,352,0,395
2023-07-09T07:24:46,43,352,0,395
2023-07-09T07:37:12,43,352,0,395
2023-07-09T07:49:37,43,352,0,395
2023-07-09T08:02:03,43,352,0,395
2023-07-09T08:14:28,43,352,0,395
2023-07-09T08:26:54,43,352,0,395
2023-07-09T08:39:23,43,352,0,395
2023-07-09T08:51:48,43,352,0,395
2023-07-09T09:04:13,43,352,0,395
2023-07-09T09:16:38,43,352,0,395
2023-07-09T09:29:04,43,352,0,395
2023-07-09T09:41:30,43,352,0,395
2023-07-09T09:53:57,43,352,0,395
2023-07-09T10:06:22,43,352,0,395
2023-07-09T10:18:47,43,352,0,395
2023-07-09T10:31:22,43,352,0,395
2023-07-09T10:43:48,43,352,0,395
2023-07-09T10:56:14,43,352,0,395
2023-07-09T11:08:42,43,352,0,395
2023-07-09T11:21:08,43,352,0,395
2023-07-09T11:33:34,43,352,0,395
2023-07-09T11:45:59,43,352,0,395
2023-07-09T11:58:24,43,352,0,395
2023-07-09T12:10:49,43,352,0,395
2023-07-09T12:23:14,43,352,0,395
2023-07-09T12:35:39,43,352,0,395
2023-07-09T12:48:04,43,352,0,395
2023-07-09T13:00:31,43,352,0,395
2023-07-09T13:12:55,43,352,0,395
2023-07-09T13:25:20,43,352,0,395
2023-07-09T13:37:45,43,352,0,395
2023-07-09T13:50:10,43,352,0,395
2023-07-09T14:02:34,43,352,0,395
2023-07-09T14:14:59,43,352,0,395
2023-07-09T14:27:23,43,352,0,395
2023-07-09T14:39:58,43,352,0,395
2023-07-09T14:52:23,43,352,0,395
2023-07-09T15:04:48,43,352,0,395
2023-07-09T15:17:12,43,352,0,395
2023-07-09T15:29:37,43,352,0,395
2023-07-09T15:42:01,43,352,0,395
2023-07-09T15:54:26,43,352,0,395
2023-07-09T16:06:51,43,352,0,395
2023-07-09T16:19:16,43,352,0,395
2023-07-09T16:31:41,43,352,0,395
2023-07-09T16:44:06,43,352,0,395
2023-07-09T16:56:31,43,352,0,395
2023-07-09T17:08:56,43,352,0,395
2023-07-09T17:21:21,43,352,0,395
2023-07-09T17:33:57,43,352,0,395
2023-07-09T17:46:21,43,352,0,395
2023-07-09T17:58:46,43,352,0,395
2023-07-09T18:11:10,43,352,0,395
2023-07-09T18:23:35,43,352,0,395
2023-07-09T18:36:00,43,352,0,395
2023-07-09T18:48:25,43,352,0,395
2023-07-09T19:00:50,43,352,0,395
2023-07-09T19:13:18,43,352,0,395
2023-07-09T19:25:44,43,352,0,395
2023-07-09T19:38:10,43,352,0,395
2023-07-09T19:50:37,43,352,0,395
2023-07-09T20:03:03,43,352,0,395
2023-07-09T20:15:28,43,352,0,395
2023-07-09T20:27:53,43,352,0,395
2023-07-09T20:40:18,43,352,0,395
2023-07-09T20:52:44,43,352,0,395
2023-07-09T21:05:20,43,352,0,395
2023-07-09T21:17:45,43,352,0,395
2023-07-09T21:30:11,43,352,0,395
2023-07-09T21:42:36,43,352,0,395
2023-07-09T21:55:02,43,352,0,395
2023-07-09T22:07:27,43,352,0,395
2023-07-09T22:19:51,43,352,0,395
2023-07-09T22:32:16,43,352,0,395
2023-07-09T22:44:41,43,352,0,395
2023-07-09T22:57:06,43,352,0,395
2023-07-09T23:09:31,43,352,0,395
2023-07-09T23:21:57,43,352,0,395
2023-07-09T23:34:23,43,352,0,395
2023-07-09T23:46:58,43,352,0,395
2023-07-09T23:59:24,43,352,0,395
2023-07-10T00:11:53,43,352,0,395
2023-07-10T00:24:27,43,352,0,395
2023-07-10T00:37:02,43,352,0,395
2023-07-10T00:49:32,43,352,0,395
2023-07-10T01:01:59,43,352,0,395
2023-07-10T01:14:24,43,352,0,395
2023-07-10T01:26:55,43,352,0,395
2023-07-10T01:39:26,43,352,0,395
2023-07-10T01:51:54,43,352,0,395
2023-07-10T02:04:32,43,352,0,395
2023-07-10T02:17:02,43,352,0,395
2023-07-10T02:29:31,43,352,0,395
2023-07-10T02:41:59,43,352,0,395
2023-07-10T02:54:27,43,352,0,395
2023-07-10T03:06:54,43,352,0,395
2023-07-10T03:19:23,43,352,0,395
2023-07-10T03:31:51,43,352,0,395
2023-07-10T03:44:18,43,352,0,395
2023-07-10T03:56:45,43,352,0,395
2023-07-10T04:09:14,43,352,0,395
2023-07-10T04:35:00,43,352,0,395
2023-07-10T04:47:30,43,352,0,395
2023-07-10T04:59:59,43,352,0,395
2023-07-10T05:12:30,43,352,0,395
2023-07-10T05:24:59,43,352,0,395
2023-07-10T05:37:28,43,352,0,395
2023-07-10T05:49:56,43,352,0,395
2023-07-10T06:02:24,43,352,0,395
2023-07-10T06:14:53,43,352,0,395
2023-07-10T06:27:22,43,352,0,395
2023-07-10T06:39:50,43,352,0,395
2023-07-10T06:52:17,43,352,0,395
2023-07-10T07:04:44,43,352,0,395
2023-07-10T07:17:11,43,352,0,395
2023-07-10T07:29:36,43,352,0,395
2023-07-10T07:42:01,43,352,0,395
2023-07-10T07:54:26,43,352,0,395
2023-07-10T08:06:50,43,352,0,395
2023-07-10T08:19:15,43,352,0,395
2023-07-10T08:31:41,43,352,0,395
2023-07-10T08:44:06,43,352,0,395
2023-07-10T08:56:31,43,352,0,395
2023-07-10T09:08:55,43,352,0,395
2023-07-10T09:21:20,43,352,0,395
2023-07-10T09:33:46,43,352,0,395
2023-07-10T09:46:11,43,352,0,395
2023-07-10T09:58:47,43,352,0,395
2023-07-10T10:11:12,43,352,0,395
2023-07-10T10:23:37,43,352,0,395
2023-07-10T10:36:01,43,352,0,395
2023-07-10T10:48:26,43,352,0,395
2023-07-10T11:00:51,43,352,0,395
2023-07-10T11:13:16,43,352,0,395
2023-07-10T11:25:41,43,352,0,395
2023-07-10T11:38:08,43,352,0,395
2023-07-10T11:50:33,43,352,0,395
2023-07-10T12:02:58,43,352,0,395
2023-07-10T12:15:23,43,352,0,395
2023-07-10T12:27:57,43,352,0,395
2023-07-10T12:40:21,43,352,0,395
2023-07-10T12:52:46,43,352,0,395
2023-07-10T13:05:11,43,352,0,395
2023-07-10T13:17:36,43,352,0,395
2023-07-10T13:30:01,43,352,0,395
2023-07-10T13:42:26,43,352,0,395
2023-07-10T13:54:50,43,352,0,395
2023-07-10T14:07:15,43,352,0,395
2023-07-10T14:19:40,43,352,0,395
2023-07-10T14:32:06,43,352,0,395
2023-07-10T14:44:30,43,352,0,395
2023-07-10T14:57:07,43,352,0,395
2023-07-10T15:09:31,43,352,0,395
2023-07-10T15:21:56,43,352,0,395
2023-07-10T15:34:20,43,352,0,395
2023-07-10T15:46:45,43,352,0,395
2023-07-10T15:59:10,43,352,0,395
2023-07-10T16:11:34,43,352,0,395
2023-07-10T16:23:59,43,352,0,395
2023-07-10T16:36:24,43,352,0,395
2023-07-10T16:48:49,43,352,0,395
2023-07-10T17:01:13,43,352,0,395
2023-07-10T17:13:39,43,352,0,395
2023-07-10T17:26:15,43,352,0,395
2023-07-10T17:38:40,43,352,0,395
2023-07-10T17:51:05,43,352,0,395
2023-07-10T18:03:31,43,352,0,395
2023-07-10T18:15:56,43,352,0,395
2023-07-10T18:28:21,43,352,0,395
2023-07-10T18:40:45,43,352,0,395
2023-07-10T18:53:10,43,352,0,395
2023-07-10T19:05:35,43,352,0,395
2023-07-10T19:18:00,43,352,0,395
2023-07-10T19:30:25,43,352,0,395
2023-07-10T19:42:50,43,352,0,395
2023-07-10T19:55:15,43,352,0,395
2023-07-10T20:07:40,43,352,0,395
2023-07-10T20:20:05,43,352,0,395
2023-07-10T20:32:40,43,352,0,395
2023-07-10T20:45:04,43,352,0,395
2023-07-10T20:57:29,43,352,0,395
2023-07-10T21:09:54,43,352,0,395
2023-07-10T21:22:19,43,352,0,395
2023-07-10T21:34:43,43,352,0,395
2023-07-10T21:47:08,43,352,0,395
2023-07-10T21:59:33,43,352,0,395
2023-07-10T22:11:58,43,352,0,395
2023-07-10T22:24:22,43,352,0,395
2023-07-10T22:36:48,43,352,0,395
2023-07-10T22:49:13,43,352,0,395
2023-07-10T23:01:37,43,352,0,395
2023-07-10T23:14:14,43,352,0,395
2023-07-10T23:26:40,43,352,0,395
2023-07-10T23:39:06,43,352,0,395
2023-07-10T23:51:32,43,352,0,395
2023-07-11T00:03:58,43,352,0,395
2023-07-11T00:16:26,43,352,0,395
2023-07-11T00:28:57,43,352,0,395
2023-07-11T00:41:26,43,352,0,395
2023-07-11T00:53:57,43,352,0,395
2023-07-11T01:06:26,43,352,0,395
2023-07-11T01:18:54,43,352,0,395
2023-07-11T01:31:23,43,352,0,395
2023-07-11T01:43:53,43,352,0,395
2023-07-11T01:56:21,43,352,0,395
2023-07-11T02:08:48,43,352,0,395
2023-07-11T02:21:15,43,352,0,395
2023-07-11T02:33:52,43,352,0,395
2023-07-11T02:46:19,43,352,0,395
2023-07-11T02:58:44,43,352,0,395
2023-07-11T03:11:10,43,352,0,395
2023-07-11T03:23:38,43,352,0,395
2023-07-11T03:36:05,43,352,0,395
2023-07-11T03:48:31,43,352,0,395
2023-07-11T04:01:00,43,352,0,395
2023-07-11T04:13:27,43,352,0,395
2023-07-11T04:32:17,43,352,0,395
2023-07-11T04:44:48,43,352,0,395
2023-07-11T04:57:17,43,352,0,395
2023-07-11T05:11:57,43,352,0,395
2023-07-11T05:24:35,43,352,0,395
2023-07-11T05:37:05,43,352,0,395
2023-07-11T05:49:34,43,352,0,395
2023-07-11T06:02:01,43,352,0,395
2023-07-11T06:14:29,43,352,0,395
2023-07-11T06:26:58,43,352,0,395
2023-07-11T06:39:25,43,352,0,395
2023-07-11T06:51:53,43,352,0,395
2023-07-11T07:04:21,43,352,0,395
2023-07-11T07:16:48,43,352,0,395
2023-07-11T07:29:14,43,352,0,395
2023-07-11T07:41:41,43,352,0,395
2023-07-11T07:54:07,43,352,0,395
2023-07-11T08:06:36,43,352,0,395
2023-07-11T08:19:03,43,352,0,395
2023-07-11T08:31:31,43,352,0,395
2023-07-11T08:43:59,43,352,0,395
2023-07-11T08:56:26,43,352,0,395
2023-07-11T09:08:52,43,352,0,395
2023-07-11T09:21:19,43,352,0,395
2023-07-11T09:34:01,43,352,0,395
2023-07-11T09:46:27,43,352,0,395
2023-07-11T09:58:54,43,352,0,395
2023-07-11T10:11:22,43,352,0,395
2023-07-11T10:23:48,43,352,0,395
2023-07-11T10:36:13,43,352,0,395
2023-07-11T10:48:39,43,352,0,395
2023-07-11T11:01:05,43,352,0,395
2023-07-11T11:13:30,43,352,0,395
2023-07-11T11:25:55,43,352,0,395
2023-07-11T11:38:20,43,352,0,395
2023-07-11T11:50:46,43,352,0,395
2023-07-11T12:03:22,43,352,0,395
2023-07-11T12:15:48,43,352,0,395
2023-07-11T12:28:13,43,352,0,395
2023-07-11T12:40:37,43,352,0,395
2023-07-11T12:53:02,43,352,0,395
2023-07-11T13:05:27,43,352,0,395
2023-07-11T13:17:51,43,352,0,395
2023-07-11T13:30:16,43,352,0,395
2023-07-11T13:42:52,43,352,0,395
2023-07-11T13:55:18,43,352,0,395
2023-07-11T14:07:43,43,352,0,395
2023-07-11T14:20:08,43,352,0,395
2023-07-11T14:32:32,43,352,0,395
2023-07-11T14:44:57,43,352,0,395
2023-07-11T14:57:21,43,352,0,395
2023-07-11T15:10:05,43,352,0,395
2023-07-11T15:22:29,43,352,0,395
2023-07-11T15:34:54,43,352,0,395
2023-07-11T15:47:19,43,352,0,395
2023-07-11T15:59:43,43,352,0,395
2023-07-11T16:12:08,43,352,0,395
2023-07-11T16:24:33,43,352,0,395
2023-07-11T16:36:58,43,352,0,395
2023-07-11T16:49:22,43,352,0,395
2023-07-11T17:01:49,43,352,0,395
2023-07-11T17:14:15,43,352,0,395
2023-07-11T17:26:40,43,352,0,395
2023-07-11T17:39:04,43,352,0,395
2023-07-11T17:51:40,43,352,0,395
2023-07-11T18:04:04,43,352,0,395
2023-07-11T18:16:30,43,352,0,395
2023-07-11T18:28:54,43,352,0,395
2023-07-11T18:41:19,43,352,0,395
2023-07-11T18:53:43,43,352,0,395
2023-07-11T19:06:08,43,352,0,395
2023-07-11T19:18:33,43,352,0,395
2023-07-11T19:30:58,43,352,0,395
2023-07-11T19:43:23,43,352,0,395
2023-07-11T19:55:48,43,352,0,395
2023-07-11T20:08:13,43,352,0,395
2023-07-11T20:20:37,43,352,0,395
2023-07-11T20:33:02,43,352,0,395
2023-07-11T20:45:27,43,352,0,395
2023-07-11T20:57:51,43,352,0,395
2023-07-11T21:10:27,43,352,0,395
2023-07-11T21:22:52,43,352,0,395
2023-07-11T21:35:17,43,352,0,395
2023-07-11T21:47:42,43,352,0,395
2023-07-11T22:00:07,43,352,0,395
2023-07-11T22:12:32,43,352,0,395
2023-07-11T22:24:59,43,352,0,395
2023-07-11T22:37:24,43,352,0,395
2023-07-11T22:49:49,43,352,0,395
2023-07-11T23:02:14,43,352,0,395
2023-07-11T23:14:40,43,352,0,395
2023-07-11T23:27:07,43,352,0,395
2023-07-11T23:39:32,43,352,0,395
2023-07-11T23:51:58,43,352,0,395
2023-07-12T00:04:24,43,352,0,395
2023-07-12T00:16:53,43,352,0,395
2023-07-12T00:29:21,43,352,0,395
2023-07-12T00:42:00,43,352,0,395
2023-07-12T00:54:29,43,352,0,395
2023-07-12T01:06:58,43,352,0,395
2023-07-12T01:19:27,43,352,0,395
2023-07-12T01:31:56,43,352,0,395
2023-07-12T01:44:27,43,352,0,395
2023-07-12T01:56:56,43,352,0,395
2023-07-12T02:09:26,43,352,0,395
2023-07-12T02:22:17,43,352,0,395
2023-07-12T02:34:47,43,352,0,395
2023-07-12T02:47:17,43,352,0,395
2023-07-12T02:59:45,43,352,0,395
2023-07-12T03:12:14,43,352,0,395
2023-07-12T03:24:42,43,352,0,395
2023-07-12T03:37:10,43,352,0,395
2023-07-12T03:49:38,43,352,0,395
2023-07-12T04:02:06,43,352,0,395
2023-07-12T04:14:34,43,352,0,395
2023-07-12T04:36:49,43,352,0,395
2023-07-12T04:49:47,43,352,0,395
2023-07-12T05:02:17,43,352,0,395
2023-07-12T05:14:45,43,352,0,395
2023-07-12T05:27:13,43,352,0,395
2023-07-12T05:39:41,43,352,0,395
2023-07-12T05:52:12,43,352,0,395
2023-07-12T06:04:41,43,352,0,395
2023-07-12T06:17:09,43,352,0,395
2023-07-12T06:29:37,43,352,0,395
2023-07-12T06:42:04,43,352,0,395
2023-07-12T06:54:33,43,352,0,395
2023-07-12T07:07:03,43,352,0,395
2023-07-12T07:19:30,43,352,0,395
2023-07-12T07:31:57,43,352,0,395
2023-07-12T07:44:23,43,352,0,395
2023-07-12T07:56:47,43,352,0,395
2023-07-12T08:09:12,43,352,0,395
2023-07-12T08:21:37,43,352,0,395
2023-07-12T08:34:02,43,352,0,395
2023-07-12T08:46:28,43,352,0,395
2023-07-12T08:58:52,43,352,0,395
2023-07-12T09:11:17,43,352,0,395
2023-07-12T09:23:51,43,352,0,395
2023-07-12T09:36:16,43,352,0,395
2023-07-12T09:48:41,43,352,0,395
2023-07-12T10:01:05,43,352,0,395
2023-07-12T10:13:30,43,352,0,395
2023-07-12T10:25:54,43,352,0,395
2023-07-12T10:38:20,43,352,0,395
2023-07-12T10:50:44,43,352,0,395
2023-07-12T11:03:09,43,352,0,395
2023-07-12T11:15:34,43,352,0,395
2023-07-12T11:27:59,43,352,0,395
2023-07-12T11:40:35,43,352,0,395
2023-07-12T11:53:00,43,352,0,395
2023-07-12T12:05:24,43,352,0,395
2023-07-12T12:17:49,43,352,0,395
2023-07-12T12:30:15,43,352,0,395
2023-07-12T12:42:40,43,352,0,395
2023-07-12T12:55:04,43,352,0,395
2023-07-12T13:07:29,43,352,0,395
2023-07-12T13:19:54,43,352,0,395
2023-07-12T13:32:19,43,352,0,395
2023-07-12T13:44:44,43,352,0,395
2023-07-12T13:57:28,43,352,0,395
2023-07-12T14:09:53,43,352,0,395
2023-07-12T14:22:17,43,352,0,395
2023-07-12T14:34:42,43,352,0,395
2023-07-12T14:47:07,43,352,0,395
2023-07-12T14:59:32,43,352,0,395
2023-07-12T15:11:57,43,352,0,395
2023-07-12T15:24:21,43,352,0,395
2023-07-12T15:36:48,43,352,0,395
2023-07-12T15:49:13,43,352,0,395
2023-07-12T16:01:37,43,352,0,395
2023-07-12T16:14:03,43,352,0,395
2023-07-12T16:26:38,43,352,0,395
2023-07-12T16:39:03,43,352,0,395
2023-07-12T16:51:27,43,352,0,395
2023-07-12T17:03:52,43,352,0,395
2023-07-12T17:16:18,43,352,0,395
2023-07-12T17:28:42,43,352,0,395
2023-07-12T17:41:08,43,352,0,395
2023-07-12T17:53:32,43,352,0,395
2023-07-12T18:05:56,43,352,0,395
2023-07-12T18:18:20,43,352,0,395
2023-07-12T18:30:44,43,352,0,395
2023-07-12T18:43:08,43,352,0,395
2023-07-12T18:55:32,43,352,0,395
2023-07-12T19:07:57,43,352,0,395
2023-07-12T19:20:21,43,352,0,395
2023-07-12T19:32:59,43,352,0,395
2023-07-12T19:45:24,43,352,0,395
2023-07-12T19:57:48,43,352,0,395
2023-07-12T20:10:13,43,352,0,395
2023-07-12T20:22:37,43,352,0,395
2023-07-12T20:35:02,43,352,0,395
2023-07-12T20:47:26,43,352,0,395
2023-07-12T20:59:50,43,352,0,395
2023-07-12T21:12:15,43,352,0,395
2023-07-12T21:24:40,43,352,0,395
2023-07-12T21:37:04,43,352,0,395
2023-07-12T21:49:29,43,352,0,395
2023-07-12T22:01:53,43,352,0,395
2023-07-12T22:14:18,43,352,0,395
2023-07-12T22:26:43,43,352,0,395
2023-07-12T22:39:08,43,352,0,395
2023-07-12T22:51:33,43,352,0,395
2023-07-12T23:03:58,43,352,0,395
2023-07-12T23:16:23,43,352,0,395
2023-07-12T23:29:07,43,352,0,395
2023-07-12T23:41:32,43,352,0,395
2023-07-12T23:53:57,43,352,0,395
2023-07-13T00:06:23,43,352,0,395
2023-07-13T00:18:54,43,352,0,395
2023-07-13T00:31:21,43,352,0,395
2023-07-13T00:43:50,43,352,0,395
2023-07-13T00:56:19,43,352,0,395
2023-07-13T01:08:48,43,352,0,395
2023-07-13T01:21:15,43,352,0,395
2023-07-13T01:33:43,43,352,0,395
2023-07-13T01:46:13,43,352,0,395
2023-07-13T01:58:41,43,352,0,395
2023-07-13T02:11:08,43,352,0,395
2023-07-13T02:23:34,43,352,0,395
2023-07-13T02:36:00,43,352,0,395
2023-07-13T02:48:25,43,352,0,395
2023-07-13T03:00:50,43,352,0,395
2023-07-13T03:13:14,43,352,0,395
2023-07-13T03:25:39,43,352,0,395
2023-07-13T03:38:04,43,352,0,395
2023-07-13T03:50:28,43,352,0,395
2023-07-13T04:02:52,43,352,0,395
2023-07-13T04:15:16,43,352,0,395
2023-07-13T04:35:10,43,352,0,395
2023-07-13T04:47:37,43,352,0,395
2023-07-13T05:00:03,43,352,0,395
2023-07-13T05:12:29,43,352,0,395
2023-07-13T05:24:53,43,352,0,395
2023-07-13T05:37:18,43,352,0,395
2023-07-13T05:49:47,43,352,0,395
2023-07-13T06:02:19,43,352,0,395
2023-07-13T06:14:48,43,352,0,395
2023-07-13T06:27:19,43,352,0,395
2023-07-13T06:39:51,43,352,0,395
2023-07-13T06:52:21,43,352,0,395
2023-07-13T07:04:51,43,352,0,395
2023-07-13T07:17:20,43,352,0,395
2023-07-13T07:29:48,43,352,0,395
2023-07-13T07:42:15,43,352,0,395
2023-07-13T07:54:44,43,352,0,395
2023-07-13T08:07:12,43,352,0,395
2023-07-13T08:19:40,43,352,0,395
2023-07-13T08:32:08,43,352,0,395
2023-07-13T08:44:35,43,352,0,395
2023-07-13T08:57:02,43,352,0,395
2023-07-13T09:09:28,43,352,0,395
2023-07-13T09:21:54,43,352,0,395
2023-07-13T09:34:39,43,352,0,395
2023-07-13T09:47:06,43,352,0,395
2023-07-13T09:59:32,43,352,0,395
2023-07-13T10:11:57,43,352,0,395
2023-07-13T10:24:23,43,352,0,395
2023-07-13T10:36:49,43,352,0,395
2023-07-13T10:49:15,43,352,0,395
2023-07-13T11:01:42,43,352,0,395
2023-07-13T11:14:18,43,352,0,395
2023-07-13T11:26:45,43,352,0,395
2023-07-13T11:39:11,43,352,0,395
2023-07-13T11:51:37,43,352,0,395
2023-07-13T12:04:03,43,352,0,395
2023-07-13T12:16:27,43,352,0,395
2023-07-13T12:28:52,43,352,0,395
2023-07-13T12:41:16,43,352,0,395
2023-07-13T12:53:41,43,352,0,395
2023-07-13T13:06:06,43,352,0,395
2023-07-13T13:18:30,43,352,0,395
2023-07-13T13:30:55,43,352,0,395
2023-07-13T13:43:30,43,352,0,395
2023-07-13T13:55:54,43,352,0,395
2023-07-13T14:08:18,43,352,0,395
2023-07-13T14:20:43,43,352,0,395
2023-07-13T14:33:08,43,352,0,395
2023-07-13T14:45:32,43,352,0,395
2023-07-13T14:57:57,43,352,0,395
2023-07-13T15:10:21,43,352,0,395
2023-07-13T15:22:45,43,352,0,395
2023-07-13T15:35:10,43,352,0,395
2023-07-13T15:47:34,43,352,0,395
2023-07-13T15:59:58,43,352,0,395
2023-07-13T16:12:33,43,352,0,395
2023-07-13T16:24:57,43,352,0,395
2023-07-13T16:37:22,43,352,0,395
2023-07-13T16:49:47,43,352,0,395
2023-07-13T17:02:11,43,352,0,395
2023-07-13T17:14:37,43,352,0,395
2023-07-13T17:27:01,43,352,0,395
2023-07-13T17:39:26,43,352,0,395
2023-07-13T17:51:50,43,352,0,395
2023-07-13T18:04:14,43,352,0,395
2023-07-13T18:16:38,43,352,0,395
2023-07-13T18:29:02,43,352,0,395
2023-07-13T18:41:27,43,352,0,395
2023-07-13T18:53:51,43,352,0,395
2023-07-13T19:06:34,43,352,0,395
2023-07-13T19:18:59,43,352,0,395
2023-07-13T19:31:23,43,352,0,395
2023-07-13T19:43:47,43,352,0,395
2023-07-13T19:56:12,43,352,0,395
2023-07-13T20:08:37,43,352,0,395
2023-07-13T20:21:01,43,352,0,395
2023-07-13T20:33:25,43,352,0,395
2023-07-13T20:45:50,43,352,0,395
2023-07-13T20:58:15,43,352,0,395
2023-07-13T21:10:40,43,352,0,395
2023-07-13T21:23:04,43,352,0,395
2023-07-13T21:35:28,43,352,0,395
2023-07-13T21:47:53,43,352,0,395
2023-07-13T22:00:17,43,352,0,395
2023-07-13T22:12:41,43,352,0,395
2023-07-13T22:25:06,43,352,0,395
2023-07-13T22:37:30,43,352,0,395
2023-07-13T22:50:05,43,352,0,395
2023-07-13T23:02:29,43,352,0,395
2023-07-13T23:14:55,43,352,0,395
2023-07-13T23:27:20,43,352,0,395
2023-07-13T23:39:45,43,352,0,395
2023-07-13T23:52:10,43,352,0,395
2023-07-14T00:04:36,43,352,0,395
2023-07-14T00:17:04,43,352,0,395
2023-07-14T00:29:33,43,352,0,395
2023-07-14T00:42:02,43,352,0,395
2023-07-14T00:54:31,43,352,0,395
2023-07-14T01:06:59,43,352,0,395
2023-07-14T01:19:28,43,352,0,395
2023-07-14T01:31:57,43,352,0,395
2023-07-14T01:44:28,43,352,0,395
2023-07-14T01:56:57,43,352,0,395
2023-07-14T02:09:27,43,352,0,395
2023-07-14T02:22:07,43,352,0,395
2023-07-14T02:34:38,43,352,0,395
2023-07-14T02:47:09,43,352,0,395
2023-07-14T02:59:37,43,352,0,395
2023-07-14T03:12:05,43,352,0,395
2023-07-14T03:24:33,43,352,0,395
2023-07-14T03:37:01,43,352,0,395
2023-07-14T03:49:28,43,352,0,395
2023-07-14T04:01:56,43,352,0,395
2023-07-14T04:29:16,43,352,0,395
2023-07-14T04:43:01,43,352,0,395
2023-07-14T04:55:46,43,352,0,395
2023-07-14T05:08:15,43,352,0,395
2023-07-14T05:20:42,43,352,0,395
2023-07-14T05:33:10,43,352,0,395
2023-07-14T05:45:38,43,352,0,395
2023-07-14T05:58:06,43,352,0,395
2023-07-14T06:10:34,43,352,0,395
2023-07-14T06:23:01,43,352,0,395
2023-07-14T06:35:30,43,352,0,395
2023-07-14T06:47:57,43,352,0,395
2023-07-14T07:00:27,43,352,0,395
2023-07-14T07:12:55,43,352,0,395
2023-07-14T07:25:22,43,352,0,395
2023-07-14T07:37:47,43,352,0,395
2023-07-14T07:50:11,43,352,0,395
2023-07-14T08:02:36,43,352,0,395
2023-07-14T08:15:02,43,352,0,395
2023-07-14T08:27:27,43,352,0,395
2023-07-14T08:39:53,43,352,0,395
2023-07-14T08:52:17,43,352,0,395
2023-07-14T09:04:43,43,352,0,395
2023-07-14T09:17:07,43,352,0,395
2023-07-14T09:29:32,43,352,0,395
2023-07-14T09:41:57,43,352,0,395
2023-07-14T09:54:32,43,352,0,395
2023-07-14T10:06:57,43,352,0,395
2023-07-14T10:19:22,43,352,0,395
2023-07-14T10:31:46,43,352,0,395
2023-07-14T10:44:11,43,352,0,395
2023-07-14T10:56:36,43,352,0,395
2023-07-14T11:09:02,43,352,0,395
2023-07-14T11:21:27,43,352,0,395
2023-07-14T11:33:52,43,352,0,395
2023-07-14T11:46:18,43,352,0,395
2023-07-14T11:58:43,43,352,0,395
2023-07-14T12:11:09,43,352,0,395
2023-07-14T12:23:34,43,352,0,395
2023-07-14T12:35:59,43,352,0,395
2023-07-14T12:48:26,43,352,0,395
2023-07-14T13:00:51,43,352,0,395
2023-07-14T13:13:16,43,352,0,395
2023-07-14T13:25:41,43,352,0,395
2023-07-14T13:38:18,43,352,0,395
2023-07-14T13:50:44,43,352,0,395
2023-07-14T14:03:09,43,352,0,395
2023-07-14T14:15:34,43,352,0,395
2023-07-14T14:27:59,43,352,0,395
2023-07-14T14:40:25,43,352,0,395
2023-07-14T14:52:50,43,352,0,395
2023-07-14T15:05:16,43,352,0,395
2023-07-14T15:17:52,43,352,0,395
2023-07-14T15:30:17,43,352,0,395
2023-07-14T15:42:42,43,352,0,395
2023-07-14T15:55:07,43,352,0,395
2023-07-14T16:07:32,43,352,0,395
2023-07-14T16:19:58,43,352,0,395
2023-07-14T16:32:23,43,352,0,395
2023-07-14T16:44:59,43,352,0,395
2023-07-14T16:57:25,43,352,0,395
2023-07-14T17:09:51,43,352,0,395
2023-07-14T17:22:17,43,352,0,395
2023-07-14T17:34:41,43,352,0,395
2023-07-14T17:47:06,43,352,0,395
2023-07-14T17:59:31,43,352,0,395
2023-07-14T18:11:56,43,352,0,395
2023-07-14T18:24:21,43,352,0,395
2023-07-14T18:36:46,43,352,0,395
2023-07-14T18:49:11,43,352,0,395
2023-07-14T19:01:37,43,352,0,395
2023-07-14T19:14:02,43,352,0,395
2023-07-14T19:26:27,43,352,0,395
2023-07-14T19:38:52,43,352,0,395
2023-07-14T19:51:18,43,352,0,395
2023-07-14T20:03:43,43,352,0,395
2023-07-14T20:16:08,43,352,0,395
2023-07-14T20:28:34,43,352,0,395
2023-07-14T20:41:10,43,352,0,395
2023-07-14T20:53:35,43,352,0,395
2023-07-14T21:06:00,43,352,0,395
2023-07-14T21:18:25,43,352,0,395
2023-07-14T21:30:50,43,352,0,395
2023-07-14T21:43:16,43,352,0,395
2023-07-14T21:55:41,43,352,0,395
2023-07-14T22:08:07,43,352,0,395
2023-07-14T22:20:32,43,352,0,395
2023-07-14T22:32:57,43,352,0,395
2023-07-14T22:45:23,43,352,0,395
2023-07-14T22:57:49,43,352,0,395
2023-07-14T23:10:15,43,352,0,395
2023-07-14T23:22:41,43,352,0,395
2023-07-14T23:35:07,43,352,0,395
2023-07-14T23:47:32,43,352,0,395
2023-07-14T23:59:58,43,352,0,395
2023-07-15T00:12:25,43,352,0,395
2023-07-15T00:24:57,43,352,0,395
2023-07-15T00:37:36,43,352,0,395
2023-07-15T00:50:06,43,352,0,395
2023-07-15T01:02:35,43,352,0,395
2023-07-15T01:15:04,43,352,0,395
2023-07-15T01:27:33,43,352,0,395
2023-07-15T01:40:04,43,352,0,395
2023-07-15T01:52:35,43,352,0,395
2023-07-15T02:05:04,43,352,0,395
2023-07-15T02:17:31,43,352,0,395
2023-07-15T02:29:57,43,352,0,395
2023-07-15T02:42:25,43,352,0,395
2023-07-15T02:54:51,43,352,0,395
2023-07-15T03:07:17,43,352,0,395
2023-07-15T03:19:45,43,352,0,395
2023-07-15T03:32:12,43,352,0,395
2023-07-15T03:44:39,43,352,0,395
2023-07-15T03:57:07,43,352,0,395
2023-07-15T04:11:24,43,352,0,395
2023-07-15T04:34:49,43,352,0,395
2023-07-15T04:47:19,43,352,0,395
2023-07-15T04:59:50,43,352,0,395
2023-07-15T05:12:16,43,352,0,395
2023-07-15T05:24:46,43,352,0,395
2023-07-15T05:37:23,43,352,0,395
2023-07-15T05:49:53,43,352,0,395
2023-07-15T06:02:22,43,352,0,395
2023-07-15T06:14:53,43,352,0,395
2023-07-15T06:27:22,43,352,0,395
2023-07-15T06:39:51,43,352,0,395
2023-07-15T06:52:20,43,352,0,395
2023-07-15T07:04:51,43,352,0,395
2023-07-15T07:17:20,43,352,0,395
2023-07-15T07:29:48,43,352,0,395
2023-07-15T07:42:15,43,352,0,395
2023-07-15T07:54:44,43,352,0,395
2023-07-15T08:07:21,43,352,0,395
2023-07-15T08:19:50,43,352,0,395
2023-07-15T08:32:19,43,352,0,395
2023-07-15T08:44:47,43,352,0,395
2023-07-15T08:57:15,43,352,0,395
2023-07-15T09:09:43,43,352,0,395
2023-07-15T09:22:11,43,352,0,395
2023-07-15T09:34:39,43,352,0,395
2023-07-15T09:47:06,43,352,0,395
2023-07-15T09:59:35,43,352,0,395
2023-07-15T10:12:04,43,352,0,395
2023-07-15T10:24:32,43,352,0,395
2023-07-15T10:37:00,43,352,0,395
2023-07-15T10:49:28,43,352,0,395
2023-07-15T11:02:04,43,352,0,395
2023-07-15T11:14:30,43,352,0,395
2023-07-15T11:26:55,43,352,0,395
2023-07-15T11:39:20,43,352,0,395
2023-07-15T11:51:45,43,352,0,395
2023-07-15T12:04:11,43,352,0,395
2023-07-15T12:16:36,43,352,0,395
2023-07-15T12:29:03,43,352,0,395
2023-07-15T12:41:28,43,352,0,395
2023-07-15T12:53:53,43,352,0,395
2023-07-15T13:06:18,43,352,0,395
2023-07-15T13:18:43,43,352,0,395
2023-07-15T13:31:08,43,352,0,395
2023-07-15T13:43:33,43,352,0,395
2023-07-15T13:55:58,43,352,0,395
2023-07-15T14:08:23,43,352,0,395
2023-07-15T14:20:48,43,352,0,395
2023-07-15T14:33:24,43,352,0,395
2023-07-15T14:45:49,43,352,0,395
2023-07-15T14:58:13,43,352,0,395
2023-07-15T15:10:39,43,352,0,395
2023-07-15T15:23:03,43,352,0,395
2023-07-15T15:35:28,43,352,0,395
2023-07-15T15:47:53,43,352,0,395
2023-07-15T16:00:18,43,352,0,395
2023-07-15T16:12:43,43,352,0,395
2023-07-15T16:25:08,43,352,0,395
2023-07-15T16:37:33,43,352,0,395
2023-07-15T16:49:58,43,352,0,395
2023-07-15T17:02:23,43,352,0,395
2023-07-15T17:14:49,43,352,0,395
2023-07-15T17:27:14,43,352,0,395
2023-07-15T17:39:39,43,352,0,395
2023-07-15T17:52:04,43,352,0,395
2023-07-15T18:04:29,43,352,0,395
2023-07-15T18:16:54,43,352,0,395
2023-07-15T18:29:19,43,352,0,395
2023-07-15T18:41:45,43,352,0,395
2023-07-15T18:54:20,43,352,0,395
2023-07-15T19:06:45,43,352,0,395
2023-07-15T19:19:10,43,352,0,395
2023-07-15T19:31:35,43,352,0,395
2023-07-15T19:44:00,43,352,0,395
2023-07-15T19:56:25,43,352,0,395
2023-07-15T20:08:49,43,352,0,395
2023-07-15T20:21:15,43,352,0,395
2023-07-15T20:33:40,43,352,0,395
2023-07-15T20:46:05,43,352,0,395
2023-07-15T20:58:30,43,352,0,395
2023-07-15T21:10:55,43,352,0,395
2023-07-15T21:23:32,43,352,0,395
2023-07-15T21:35:57,43,352,0,395
2023-07-15T21:48:22,43,352,0,395
2023-07-15T22:00:47,43,352,0,395
2023-07-15T22:13:12,43,352,0,395
2023-07-15T22:25:38,43,352,0,395
2023-07-15T22:38:03,43,352,0,395
2023-07-15T22:50:28,43,352,0,395
2023-07-15T23:02:53,43,352,0,395
2023-07-15T23:15:19,43,352,0,395
2023-07-15T23:27:44,43,352,0,395
2023-07-15T23:40:09,43,352,0,395
2023-07-15T23:52:35,43,352,0,395
2023-07-16T00:05:00,43,352,0,395
2023-07-16T00:17:26,43,352,0,395
2023-07-16T00:29:52,43,352,0,395
2023-07-16T00:42:18,43,352,0,395
2023-07-16T01:17:51,43,352,0,395
2023-07-16T01:30:31,43,352,0,395
2023-07-16T01:43:02,43,352,0,395
2023-07-16T01:55:33,43,352,0,395
2023-07-16T02:08:03,43,352,0,395
2023-07-16T02:20:34,43,352,0,395
2023-07-16T02:33:03,43,352,0,395
2023-07-16T02:45:41,43,352,0,395
2023-07-16T02:58:08,43,352,0,395
2023-07-16T03:10:38,43,352,0,395
2023-07-16T03:23:07,43,352,0,395
2023-07-16T03:35:35,43,352,0,395
2023-07-16T03:48:03,43,352,0,395
2023-07-16T04:00:31,43,352,0,395
2023-07-16T04:25:40,43,352,0,395
2023-07-16T04:38:10,43,352,0,395
2023-07-16T04:50:42,43,352,0,395
2023-07-16T05:03:13,43,352,0,395
2023-07-16T05:15:42,43,352,0,395
2023-07-16T05:28:11,43,352,0,395
2023-07-16T05:40:40,43,352,0,395
2023-07-16T05:53:09,43,352,0,395
2023-07-16T06:05:38,43,352,0,395
2023-07-16T06:18:07,43,352,0,395
2023-07-16T06:30:35,43,352,0,395
2023-07-16T06:43:05,43,352,0,395
2023-07-16T06:55:33,43,352,0,395
2023-07-16T07:08:00,43,352,0,395
2023-07-16T07:20:32,43,352,0,395
2023-07-16T07:33:00,43,352,0,395
2023-07-16T07:45:28,43,352,0,395
2023-07-16T07:58:00,43,352,0,395
2023-07-16T08:10:30,43,352,0,395
2023-07-16T08:22:55,43,352,0,395
2023-07-16T08:35:21,43,352,0,395
2023-07-16T08:47:47,43,352,0,395
2023-07-16T09:00:12,43,352,0,395
2023-07-16T09:12:37,43,352,0,395
2023-07-16T09:25:03,43,352,0,395
2023-07-16T09:37:29,43,352,0,395
2023-07-16T09:49:55,43,352,0,395
2023-07-16T10:02:21,43,352,0,395
2023-07-16T10:14:46,43,352,0,395
2023-07-16T10:27:12,43,352,0,395
2023-07-16T10:39:47,43,352,0,395
2023-07-16T10:52:14,43,352,0,395
2023-07-16T11:04:39,43,352,0,395
2023-07-16T11:17:05,43,352,0,395
2023-07-16T11:29:31,43,352,0,395
2023-07-16T11:41:57,43,352,0,395
2023-07-16T11:54:22,43,352,0,395
2023-07-16T12:06:48,43,352,0,395
2023-07-16T12:19:14,43,352,0,395
2023-07-16T12:31:39,43,352,0,395
2023-07-16T12:44:05,43,352,0,395
2023-07-16T12:56:30,43,352,0,395
2023-07-16T13:08:56,43,352,0,395
2023-07-16T13:21:21,43,352,0,395
2023-07-16T13:33:46,43,352,0,395
2023-07-16T13:46:21,43,352,0,395
2023-07-16T13:58:46,43,352,0,395
2023-07-16T14:11:11,43,352,0,395
2023-07-16T14:23:36,43,352,0,395
2023-07-16T14:36:01,43,352,0,395
2023-07-16T14:48:27,43,352,0,395
2023-07-16T15:00:52,43,352,0,395
2023-07-16T15:13:17,43,352,0,395
2023-07-16T15:25:42,43,352,0,395
2023-07-16T15:38:07,43,352,0,395
2023-07-16T15:50:33,43,352,0,395
2023-07-16T16:02:58,43,352,0,395
2023-07-16T16:15:24,43,352,0,395
2023-07-16T16:27:49,43,352,0,395
2023-07-16T16:40:15,43,352,0,395
2023-07-16T16:52:41,43,352,0,395
2023-07-16T17:05:07,43,352,0,395
2023-07-16T17:17:33,43,352,0,395
2023-07-16T17:29:58,43,352,0,395
2023-07-16T17:42:24,43,352,0,395
2023-07-16T17:54:49,43,352,0,395
2023-07-16T18:07:14,43,352,0,395
2023-07-16T18:19:49,43,352,0,395
2023-07-16T18:32:15,43,352,0,395
2023-07-16T18:44:40,43,352,0,395
2023-07-16T18:57:06,43,352,0,395
2023-07-16T19:09:34,43,352,0,395
2023-07-16T19:22:00,43,352,0,395
2023-07-16T19:34:30,43,352,0,395
2023-07-16T19:46:56,43,352,0,395
2023-07-16T19:59:22,43,352,0,395
2023-07-16T20:11:48,43,352,0,395
2023-07-16T20:24:14,43,352,0,395
2023-07-16T20:36:40,43,352,0,395
2023-07-16T20:49:05,43,352,0,395
2023-07-16T21:01:31,43,352,0,395
2023-07-16T21:13:56,43,352,0,395
2023-07-16T21:26:22,43,352,0,395
2023-07-16T21:38:48,43,352,0,395
2023-07-16T21:51:14,43,352,0,395
2023-07-16T22:03:40,43,352,0,395
2023-07-16T22:16:06,43,352,0,395
2023-07-16T22:28:32,43,352,0,395
2023-07-16T22:40:58,43,352,0,395
2023-07-16T22:53:36,43,352,0,395
2023-07-16T23:06:03,43,352,0,395
2023-07-16T23:18:28,43,352,0,395
2023-07-16T23:30:54,43,352,0,395
2023-07-16T23:43:21,43,352,0,395
2023-07-16T23:55:48,43,352,0,395
2023-07-17T00:08:16,43,352,0,395
2023-07-17T00:20:43,43,352,0,395
2023-07-17T00:33:15,43,352,0,395
2023-07-17T00:45:48,43,352,0,395
2023-07-17T00:58:19,43,352,0,395
2023-07-17T01:10:48,43,352,0,395
2023-07-17T01:23:14,43,352,0,395
2023-07-17T01:35:42,43,352,0,395
2023-07-17T01:48:26,43,352,0,395
2023-07-17T02:00:57,43,352,0,395
2023-07-17T02:13:27,43,352,0,395
2023-07-17T02:25:57,43,352,0,395
2023-07-17T02:38:27,43,352,0,395
2023-07-17T02:51:05,43,352,0,395
2023-07-17T03:03:33,43,352,0,395
2023-07-17T03:16:04,43,352,0,395
2023-07-17T03:28:33,43,352,0,395
2023-07-17T03:41:02,43,352,0,395
2023-07-17T03:53:30,43,352,0,395
2023-07-17T04:05:59,43,352,0,395
2023-07-17T04:28:37,43,352,0,395
2023-07-17T04:41:56,43,352,0,395
2023-07-17T04:54:28,43,352,0,395
2023-07-17T05:07:01,43,352,0,395
2023-07-17T05:19:30,43,352,0,395
2023-07-17T05:32:00,43,352,0,395
2023-07-17T05:44:30,43,352,0,395
2023-07-17T05:57:00,43,352,0,395
2023-07-17T06:09:29,43,352,0,395
2023-07-17T06:21:58,43,352,0,395
2023-07-17T06:34:27,43,352,0,395
2023-07-17T06:46:56,43,352,0,395
2023-07-17T06:59:24,43,352,0,395
2023-07-17T07:11:53,43,352,0,395
2023-07-17T07:24:21,43,352,0,395
2023-07-17T07:36:51,43,352,0,395
2023-07-17T07:49:16,43,352,0,395
2023-07-17T08:01:47,43,352,0,395
2023-07-17T08:14:14,43,352,0,395
2023-07-17T08:26:41,43,352,0,395
2023-07-17T08:39:06,43,352,0,395
2023-07-17T08:51:32,43,352,0,395
2023-07-17T09:03:58,43,352,0,395
2023-07-17T09:16:23,43,352,0,395
2023-07-17T09:28:49,43,352,0,395
2023-07-17T09:41:14,43,352,0,395
2023-07-17T09:53:49,43,352,0,395
2023-07-17T10:06:14,43,352,0,395
2023-07-17T10:18:39,43,352,0,395
2023-07-17T10:31:05,43,352,0,395
2023-07-17T10:43:30,43,352,0,395
2023-07-17T10:55:55,43,352,0,395
2023-07-17T11:08:21,43,352,0,395
2023-07-17T11:20:47,43,352,0,395
2023-07-17T11:33:13,43,352,0,395
2023-07-17T11:45:39,43,352,0,395
2023-07-17T11:58:05,43,352,0,395
2023-07-17T12:10:31,43,352,0,395
2023-07-17T12:23:10,43,352,0,395
2023-07-17T12:35:36,43,352,0,395
2023-07-17T12:48:02,43,352,0,395
2023-07-17T13:00:28,43,352,0,395
2023-07-17T13:12:54,43,352,0,395
2023-07-17T13:25:19,43,352,0,395
2023-07-17T13:37:46,43,352,0,395
2023-07-17T13:50:12,43,352,0,395
2023-07-17T14:02:38,43,352,0,395
2023-07-17T14:15:04,43,352,0,395
2023-07-17T14:27:30,43,352,0,395
2023-07-17T14:39:56,43,352,0,395
2023-07-17T14:52:35,43,352,0,395
2023-07-17T15:05:01,43,352,0,395
2023-07-17T15:17:27,43,352,0,395
2023-07-17T15:29:53,43,352,0,395
2023-07-17T15:42:19,43,352,0,395
2023-07-17T15:54:45,43,352,0,395
2023-07-17T16:07:12,43,352,0,395
2023-07-17T16:19:38,43,352,0,395
2023-07-17T16:32:04,43,352,0,395
2023-07-17T16:44:32,43,352,0,395
2023-07-17T16:56:59,43,352,0,395
2023-07-17T17:09:37,43,352,0,395
2023-07-17T17:22:04,43,352,0,395
2023-07-17T17:34:31,43,352,0,395
2023-07-17T17:46:57,43,352,0,395
2023-07-17T17:59:23,43,352,0,395
2023-07-17T18:11:50,43,352,0,395
2023-07-17T18:24:16,43,352,0,395
2023-07-17T18:36:43,43,352,0,395
2023-07-17T18:49:09,43,352,0,395
2023-07-17T19:01:36,43,352,0,395
2023-07-17T19:14:03,43,352,0,395
2023-07-17T19:26:29,43,352,0,395
2023-07-17T19:38:56,43,352,0,395
2023-07-17T19:51:23,43,352,0,395
2023-07-17T20:03:49,43,352,0,395
2023-07-17T20:16:26,43,352,0,395
2023-07-17T20:28:52,43,352,0,395
2023-07-17T20:41:19,43,352,0,395
2023-07-17T20:53:45,43,352,0,395
2023-07-17T21:06:11,43,352,0,395
2023-07-17T21:18:38,43,352,0,395
2023-07-17T21:31:05,43,352,0,395
2023-07-17T21:43:31,43,352,0,395
2023-07-17T21:55:58,43,352,0,395
2023-07-17T22:08:24,43,352,0,395
2023-07-17T22:20:50,43,352,0,395
2023-07-17T22:33:17,43,352,0,395
2023-07-17T22:45:43,43,352,0,395
2023-07-17T22:58:09,43,352,0,395
2023-07-17T23:10:37,43,352,0,395
2023-07-17T23:23:04,43,352,0,395
2023-07-17T23:35:41,43,352,0,395
2023-07-17T23:48:08,43,352,0,395
2023-07-18T00:00:35,43,352,0,395
2023-07-18T00:13:04,43,352,0,395
2023-07-18T00:25:37,43,352,0,395
2023-07-18T00:38:08,43,352,0,395
2023-07-18T00:50:39,43,352,0,395
2023-07-18T01:03:10,43,352,0,395
2023-07-18T01:15:40,43,352,0,395
2023-07-18T01:28:10,43,352,0,395
2023-07-18T01:40:41,43,352,0,395
2023-07-18T01:53:12,43,352,0,395
2023-07-18T02:05:43,43,352,0,395
2023-07-18T02:18:12,43,352,0,395
2023-07-18T02:30:41,43,352,0,395
2023-07-18T02:43:08,43,352,0,395
2023-07-18T02:55:35,43,352,0,395
2023-07-18T03:08:03,43,352,0,395
2023-07-18T03:20:31,43,352,0,395
2023-07-18T03:33:00,43,352,0,395
2023-07-18T03:45:29,43,352,0,395
2023-07-18T03:57:58,43,352,0,395
2023-07-18T04:10:29,43,352,0,395
2023-07-18T04:39:39,43,352,0,395
2023-07-18T04:53:24,43,352,0,395
2023-07-18T05:06:12,43,352,0,395
2023-07-18T05:18:44,43,352,0,395
2023-07-18T05:31:15,43,352,0,395
2023-07-18T05:43:45,43,352,0,395
2023-07-18T05:56:13,43,352,0,395
2023-07-18T06:08:44,43,352,0,395
2023-07-18T06:21:14,43,352,0,395
2023-07-18T06:33:43,43,352,0,395
2023-07-18T06:46:12,43,352,0,395
2023-07-18T06:58:42,43,352,0,395
2023-07-18T07:11:12,43,352,0,395
2023-07-18T07:23:41,43,352,0,395
2023-07-18T07:36:13,43,352,0,395
2023-07-18T07:48:40,43,352,0,395
2023-07-18T08:01:08,43,352,0,395
2023-07-18T08:13:37,43,352,0,395
2023-07-18T08:26:06,43,352,0,395
2023-07-18T08:38:34,43,352,0,395
2023-07-18T08:51:14,43,352,0,395
2023-07-18T09:03:42,43,352,0,395
2023-07-18T09:16:11,43,352,0,395
2023-07-18T09:28:40,43,352,0,395
2023-07-18T09:41:06,43,352,0,395
2023-07-18T09:53:32,43,352,0,395
2023-07-18T10:05:59,43,352,0,395
2023-07-18T10:18:25,43,352,0,395
2023-07-18T10:30:52,43,352,0,395
2023-07-18T10:43:18,43,352,0,395
2023-07-18T10:55:45,43,352,0,395
2023-07-18T11:08:14,43,352,0,395
2023-07-18T11:20:42,43,352,0,395
2023-07-18T11:33:09,43,352,0,395
2023-07-18T11:45:35,43,352,0,395
2023-07-18T11:58:02,43,352,0,395
2023-07-18T12:10:27,43,352,0,395
2023-07-18T12:22:54,43,352,0,395
2023-07-18T12:35:33,43,352,0,395
2023-07-18T12:48:00,43,352,0,395
2023-07-18T13:00:26,43,352,0,395
2023-07-18T13:12:53,43,352,0,395
2023-07-18T13:25:20,43,352,0,395
2023-07-18T13:37:47,43,352,0,395
2023-07-18T13:50:13,43,352,0,395
2023-07-18T14:02:39,43,352,0,395
2023-07-18T14:15:06,43,352,0,395
2023-07-18T14:27:32,43,352,0,395
2023-07-18T14:39:59,43,352,0,395
2023-07-18T14:52:26,43,352,0,395
2023-07-18T15:04:53,43,352,0,395
2023-07-18T15:17:22,43,352,0,395
2023-07-18T15:29:48,43,352,0,395
2023-07-18T15:42:26,43,352,0,395
2023-07-18T15:54:52,43,352,0,395
2023-07-18T16:07:19,43,352,0,395
2023-07-18T16:19:45,43,352,0,395
2023-07-18T16:32:11,43,352,0,395
2023-07-18T16:44:38,43,352,0,395
2023-07-18T16:57:05,43,352,0,395
2023-07-18T17:09:32,43,352,0,395
2023-07-18T17:21:59,43,352,0,395
2023-07-18T17:34:25,43,352,0,395
2023-07-18T17:46:55,43,352,0,395
2023-07-18T17:59:27,43,352,0,395
2023-07-18T18:11:53,43,352,0,395
2023-07-18T18:24:19,43,352,0,395
2023-07-18T18:36:46,43,352,0,395
2023-07-18T18:49:24,43,352,0,395
2023-07-18T19:01:51,43,352,0,395
2023-07-18T19:14:17,43,352,0,395
2023-07-18T19:26:44,43,352,0,395
2023-07-18T19:39:11,43,352,0,395
2023-07-18T19:51:38,43,352,0,395
2023-07-18T20:04:05,43,352,0,395
2023-07-18T20:16:31,43,352,0,395
2023-07-18T20:28:58,43,352,0,395
2023-07-18T20:41:25,43,352,0,395
2023-07-18T20:53:51,43,352,0,395
2023-07-18T21:06:17,43,352,0,395
2023-07-18T21:18:53,43,352,0,395
2023-07-18T21:31:20,43,352,0,395
2023-07-18T21:43:46,43,352,0,395
2023-07-18T21:56:13,43,352,0,395
2023-07-18T22:08:39,43,352,0,395
2023-07-18T22:21:06,43,352,0,395
2023-07-18T22:33:32,43,352,0,395
2023-07-18T22:45:58,43,352,0,395
2023-07-18T22:58:25,43,352,0,395
2023-07-18T23:10:52,43,352,0,395
2023-07-18T23:23:19,43,352,0,395
2023-07-18T23:35:46,43,352,0,395
2023-07-18T23:48:13,43,352,0,395
2023-07-19T00:00:40,43,352,0,395
2023-07-19T00:13:11,43,352,0,395
2023-07-19T00:25:42,43,352,0,395
2023-07-19T00:38:11,43,352,0,395
2023-07-19T00:50:42,43,352,0,395
2023-07-19T01:03:22,43,352,0,395
2023-07-19T01:15:53,43,352,0,395
2023-07-19T01:28:23,43,352,0,395
2023-07-19T01:40:54,43,352,0,395
2023-07-19T01:53:27,43,352,0,395
2023-07-19T02:06:01,43,352,0,395
2023-07-19T02:18:31,43,352,0,395
2023-07-19T02:31:03,43,352,0,395
2023-07-19T02:43:32,43,352,0,395
2023-07-19T02:56:00,43,352,0,395
2023-07-19T03:08:29,43,352,0,395
2023-07-19T03:20:59,43,352,0,395
2023-07-19T03:33:28,43,352,0,395
2023-07-19T03:45:57,43,352,0,395
2023-07-19T03:58:26,43,352,0,395
2023-07-19T04:10:56,43,352,0,395
2023-07-19T04:28:36,43,352,0,395
2023-07-19T04:41:08,43,352,0,395
2023-07-19T04:53:39,43,352,0,395
2023-07-19T05:06:10,43,352,0,395
2023-07-19T05:18:40,43,352,0,395
2023-07-19T05:31:09,43,352,0,395
2023-07-19T05:43:38,43,352,0,395
2023-07-19T05:56:08,43,352,0,395
2023-07-19T06:08:36,43,352,0,395
2023-07-19T06:21:05,43,352,0,395
2023-07-19T06:33:34,43,352,0,395
2023-07-19T06:46:01,43,352,0,395
2023-07-19T06:58:30,43,352,0,395
2023-07-19T07:11:00,43,352,0,395
2023-07-19T07:23:28,43,352,0,395
2023-07-19T07:35:57,43,352,0,395
2023-07-19T07:48:25,43,352,0,395
2023-07-19T08:00:55,43,352,0,395
2023-07-19T08:13:23,43,352,0,395
2023-07-19T08:25:51,43,352,0,395
2023-07-19T08:38:19,43,352,0,395
2023-07-19T08:50:46,43,352,0,395
2023-07-19T09:03:12,43,352,0,395
2023-07-19T09:15:41,43,352,0,395
2023-07-19T09:28:07,43,352,0,395
2023-07-19T09:40:41,43,352,0,395
2023-07-19T09:53:07,43,352,0,395
2023-07-19T10:05:33,43,352,0,395
2023-07-19T10:17:58,43,352,0,395
2023-07-19T10:30:24,43,352,0,395
2023-07-19T10:42:50,43,352,0,395
2023-07-19T10:55:16,43,352,0,395
2023-07-19T11:07:43,43,352,0,395
2023-07-19T11:20:09,43,352,0,395
2023-07-19T11:32:35,43,352,0,395
2023-07-19T11:45:01,43,352,0,395
2023-07-19T11:57:28,43,352,0,395
2023-07-19T12:09:54,43,352,0,395
2023-07-19T12:22:32,43,352,0,395
2023-07-19T12:34:58,43,352,0,395
2023-07-19T12:47:25,43,352,0,395
2023-07-19T12:59:51,43,352,0,395
2023-07-19T13:12:17,43,352,0,395
2023-07-19T13:24:42,43,352,0,395
2023-07-19T13:37:08,43,352,0,395
2023-07-19T13:49:34,43,352,0,395
2023-07-19T14:02:00,43,352,0,395
2023-07-19T14:14:25,43,352,0,395
2023-07-19T14:26:51,43,352,0,395
2023-07-19T14:39:26,43,352,0,395
2023-07-19T14:51:52,43,352,0,395
2023-07-19T15:04:17,43,352,0,395
2023-07-19T15:16:42,43,352,0,395
2023-07-19T15:29:08,43,352,0,395
2023-07-19T15:41:34,43,352,0,395
2023-07-19T15:54:00,43,352,0,395
2023-07-19T16:06:26,43,352,0,395
2023-07-19T16:18:52,43,352,0,395
2023-07-19T16:31:18,43,352,0,395
2023-07-19T16:43:44,43,352,0,395
2023-07-19T16:56:10,43,352,0,395
2023-07-19T17:08:43,43,352,0,395
2023-07-19T17:21:21,43,352,0,395
2023-07-19T17:33:47,43,352,0,395
2023-07-19T17:46:13,43,352,0,395
2023-07-19T17:58:39,43,352,0,395
2023-07-19T18:11:06,43,352,0,395
2023-07-19T18:23:32,43,352,0,395
2023-07-19T18:35:58,43,352,0,395
2023-07-19T18:48:25,43,352,0,395
2023-07-19T19:01:03,43,352,0,395
2023-07-19T19:13:30,43,352,0,395
2023-07-19T19:25:57,43,352,0,395
2023-07-19T19:38:24,43,352,0,395
2023-07-19T19:50:56,43,352,0,395
2023-07-19T20:03:22,43,352,0,395
2023-07-19T20:15:48,43,352,0,395
2023-07-19T20:28:26,43,352,0,395
2023-07-19T20:40:52,43,352,0,395
2023-07-19T20:53:19,43,352,0,395
2023-07-19T21:05:45,43,352,0,395
2023-07-19T21:18:11,43,352,0,395
2023-07-19T21:30:37,43,352,0,395
2023-07-19T21:43:03,43,352,0,395
2023-07-19T21:55:29,43,352,0,395
2023-07-19T22:07:55,43,352,0,395
2023-07-19T22:20:21,43,352,0,395
2023-07-19T22:32:47,43,352,0,395
2023-07-19T22:45:13,43,352,0,395
2023-07-19T22:57:39,43,352,0,395
2023-07-19T23:10:06,43,352,0,395
2023-07-19T23:22:32,43,352,0,395
2023-07-19T23:34:59,43,352,0,395
2023-07-19T23:47:36,43,352,0,395
2023-07-20T00:00:03,43,352,0,395
2023-07-20T00:12:32,43,352,0,395
2023-07-20T00:25:03,43,352,0,395
2023-07-20T00:37:33,43,352,0,395
2023-07-20T00:50:04,43,352,0,395
2023-07-20T01:02:35,43,352,0,395
2023-07-20T01:15:06,43,352,0,395
2023-07-20T01:27:35,43,352,0,395
2023-07-20T01:40:07,43,352,0,395
2023-07-20T01:52:39,43,352,0,395
2023-07-20T02:05:09,43,352,0,395
2023-07-20T02:17:40,43,352,0,395
2023-07-20T02:30:08,43,352,0,395
2023-07-20T02:42:35,43,352,0,395
2023-07-20T02:55:01,43,352,0,395
2023-07-20T03:07:28,43,352,0,395
2023-07-20T03:19:56,43,352,0,395
2023-07-20T03:32:25,43,352,0,395
2023-07-20T03:44:53,43,352,0,395
2023-07-20T03:57:23,43,352,0,395
2023-07-20T04:21:53,43,352,0,395
2023-07-20T04:34:25,43,352,0,395
2023-07-20T04:46:58,43,352,0,395
2023-07-20T04:59:29,43,352,0,395
2023-07-20T05:12:00,43,352,0,395
2023-07-20T05:24:29,43,352,0,395
2023-07-20T05:36:59,43,352,0,395
2023-07-20T05:49:29,43,352,0,395
2023-07-20T06:01:58,43,352,0,395
2023-07-20T06:14:27,43,352,0,395
2023-07-20T06:26:56,43,352,0,395
2023-07-20T06:39:25,43,352,0,395
2023-07-20T06:51:54,43,352,0,395
2023-07-20T07:04:22,43,352,0,395
2023-07-20T07:16:50,43,352,0,395
2023-07-20T07:29:18,43,352,0,395
2023-07-20T07:41:46,43,352,0,395
2023-07-20T07:54:14,43,352,0,395
2023-07-20T08:06:42,43,352,0,395
2023-07-20T08:19:10,43,352,0,395
2023-07-20T08:31:39,43,352,0,395
2023-07-20T08:44:11,43,352,0,395
2023-07-20T08:56:40,43,352,0,395
2023-07-20T09:09:08,43,352,0,395
2023-07-20T09:21:37,43,352,0,395
2023-07-20T09:34:14,43,352,0,395
2023-07-20T09:46:40,43,352,0,395
2023-07-20T09:59:06,43,352,0,395
2023-07-20T10:11:32,43,352,0,395
2023-07-20T10:23:58,43,352,0,395
2023-07-20T10:36:25,43,352,0,395
2023-07-20T10:48:51,43,352,0,395
2023-07-20T11:01:17,43,352,0,395
2023-07-20T11:13:44,43,352,0,395
2023-07-20T11:26:10,43,352,0,395
2023-07-20T11:38:36,43,352,0,395
2023-07-20T11:51:03,43,352,0,395
2023-07-20T12:03:29,43,352,0,395
2023-07-20T12:16:15,43,352,0,395
2023-07-20T12:28:41,43,352,0,395
2023-07-20T12:41:08,43,352,0,395
2023-07-20T12:53:34,43,352,0,395
2023-07-20T13:06:00,43,352,0,395
2023-07-20T13:18:27,43,352,0,395
2023-07-20T13:30:53,43,352,0,395
2023-07-20T13:43:20,43,352,0,395
2023-07-20T13:55:46,43,352,0,395
2023-07-20T14:08:12,43,352,0,395
2023-07-20T14:20:38,43,352,0,395
2023-07-20T14:33:04,43,352,0,395
2023-07-20T14:45:30,43,352,0,395
2023-07-20T14:58:14,43,352,0,395
2023-07-20T15:10:40,43,352,0,395
2023-07-20T15:23:06,43,352,0,395
2023-07-20T15:35:32,43,352,0,395
2023-07-20T15:47:58,43,352,0,395
2023-07-20T16:00:23,43,352,0,395
2023-07-20T16:12:50,43,352,0,395
2023-07-20T16:25:16,43,352,0,395
2023-07-20T16:37:42,43,352,0,395
2023-07-20T16:50:08,43,352,0,395
2023-07-20T17:02:34,43,352,0,395
2023-07-20T17:15:01,43,352,0,395
2023-07-20T17:27:29,43,352,0,395
2023-07-20T17:40:07,43,352,0,395
2023-07-20T17:52:34,43,352,0,395
2023-07-20T18:05:00,43,352,0,395
2023-07-20T18:17:26,43,352,0,395
2023-07-20T18:29:52,43,352,0,395
2023-07-20T18:42:18,43,352,0,395
2023-07-20T18:54:44,43,352,0,395
2023-07-20T19:07:11,43,352,0,395
2023-07-20T19:19:37,43,352,0,395
2023-07-20T19:32:04,43,352,0,395
2023-07-20T19:44:30,43,352,0,395
2023-07-20T19:56:56,43,352,0,395
2023-07-20T20:09:23,43,352,0,395
2023-07-20T20:21:49,43,352,0,395
2023-07-20T20:34:15,43,352,0,395
2023-07-20T20:46:59,43,352,0,395
2023-07-20T20:59:25,43,352,0,395
2023-07-20T21:11:52,43,352,0,395
2023-07-20T21:24:18,43,352,0,395
2023-07-20T21:36:45,43,352,0,395
2023-07-20T21:49:11,43,352,0,395
2023-07-20T22:01:37,43,352,0,395
2023-07-20T22:14:03,43,352,0,395
2023-07-20T22:26:29,43,352,0,395
2023-07-20T22:38:56,43,352,0,395
2023-07-20T22:51:21,43,352,0,395
2023-07-20T23:03:48,43,352,0,395
2023-07-20T23:16:15,43,352,0,395
2023-07-20T23:28:42,43,352,0,395
2023-07-20T23:41:08,43,352,0,395
2023-07-20T23:53:35,43,352,0,395
2023-07-21T00:06:03,43,352,0,395
2023-07-21T00:18:45,43,352,0,395
2023-07-21T00:31:15,43,352,0,395
2023-07-21T00:43:45,43,352,0,395
2023-07-21T00:56:16,43,352,0,395
2023-07-21T01:08:46,43,352,0,395
2023-07-21T01:21:15,43,352,0,395
2023-07-21T01:33:46,43,352,0,395
2023-07-21T01:46:17,43,352,0,395
2023-07-21T01:58:46,43,352,0,395
2023-07-21T02:11:15,43,352,0,395
2023-07-21T02:23:43,43,352,0,395
2023-07-21T02:36:10,43,352,0,395
2023-07-21T02:48:38,43,352,0,395
2023-07-21T03:01:05,43,352,0,395
2023-07-21T03:13:39,43,352,0,395
2023-07-21T03:26:25,43,352,0,395
2023-07-21T03:38:56,43,352,0,395
2023-07-21T03:51:26,43,352,0,395
2023-07-21T04:03:57,43,352,0,395
2023-07-21T04:22:33,43,352,0,395
2023-07-21T04:35:05,43,352,0,395
2023-07-21T04:47:37,43,352,0,395
2023-07-21T05:00:07,43,352,0,395
2023-07-21T05:12:38,43,352,0,395
2023-07-21T05:25:08,43,352,0,395
2023-07-21T05:37:39,43,352,0,395
2023-07-21T05:50:10,43,352,0,395
2023-07-21T06:02:40,43,352,0,395
2023-07-21T06:15:10,43,352,0,395
2023-07-21T06:27:40,43,352,0,395
2023-07-21T06:40:10,43,352,0,395
2023-07-21T06:52:39,43,352,0,395
2023-07-21T07:05:09,43,352,0,395
2023-07-21T07:17:38,43,352,0,395
2023-07-21T07:30:07,43,352,0,395
2023-07-21T07:42:35,43,352,0,395
2023-07-21T07:55:04,43,352,0,395
2023-07-21T08:07:33,43,352,0,395
2023-07-21T08:20:03,43,352,0,395
2023-07-21T08:32:47,43,352,0,395
2023-07-21T08:45:15,43,352,0,395
2023-07-21T08:57:42,43,352,0,395
2023-07-21T09:10:08,43,352,0,395
2023-07-21T09:22:35,43,352,0,395
2023-07-21T09:35:01,43,352,0,395
2023-07-21T09:47:28,43,352,0,395
2023-07-21T09:59:54,43,352,0,395
2023-07-21T10:12:23,43,352,0,395
2023-07-21T10:24:50,43,352,0,395
2023-07-21T10:37:16,43,352,0,395
2023-07-21T10:49:43,43,352,0,395
2023-07-21T11:02:09,43,352,0,395
2023-07-21T11:14:35,43,352,0,395
2023-07-21T11:27:02,43,352,0,395
2023-07-21T11:39:29,43,352,0,395
2023-07-21T11:52:06,43,352,0,395
2023-07-21T12:04:33,43,352,0,395
2023-07-21T12:16:59,43,352,0,395
2023-07-21T12:29:26,43,352,0,395
2023-07-21T12:41:53,43,352,0,395
2023-07-21T12:54:19,43,352,0,395
2023-07-21T13:06:45,43,352,0,395
2023-07-21T13:19:11,43,352,0,395
2023-07-21T13:31:39,43,352,0,395
2023-07-21T13:44:07,43,352,0,395
2023-07-21T13:56:35,43,352,0,395
2023-07-21T14:09:03,43,352,0,395
2023-07-21T14:21:32,43,352,0,395
2023-07-21T14:34:12,43,352,0,395
2023-07-21T14:46:40,43,352,0,395
2023-07-21T14:59:09,43,352,0,395
2023-07-21T15:11:37,43,352,0,395
2023-07-21T15:24:02,43,352,0,395
2023-07-21T15:36:27,43,352,0,395
2023-07-21T15:48:51,43,352,0,395
2023-07-21T16:01:14,43,352,0,395
2023-07-21T16:13:38,43,352,0,395
2023-07-21T16:26:05,43,352,0,395
2023-07-21T16:38:32,43,352,0,395
2023-07-21T16:50:59,43,352,0,395
2023-07-21T17:03:49,43,352,0,395
2023-07-21T17:16:17,43,352,0,395
2023-07-21T17:28:44,43,352,0,395
2023-07-21T17:41:12,43,352,0,395
2023-07-21T17:53:39,43,352,0,395
2023-07-21T18:06:06,43,352,0,395
2023-07-21T18:18:33,43,352,0,395
2023-07-21T18:31:00,43,352,0,395
2023-07-21T18:43:26,43,352,0,395
2023-07-21T18:55:53,43,352,0,395
2023-07-21T19:08:20,43,352,0,395
2023-07-21T19:20:46,43,352,0,395
2023-07-21T19:33:13,43,352,0,395
2023-07-21T19:45:50,43,352,0,395
2023-07-21T19:58:17,43,352,0,395
2023-07-21T20:10:44,43,352,0,395
2023-07-21T20:23:10,43,352,0,395
2023-07-21T20:35:37,43,352,0,395
2023-07-21T20:48:03,43,352,0,395
2023-07-21T21:00:30,43,352,0,395
2023-07-21T21:12:56,43,352,0,395
2023-07-21T21:25:23,43,352,0,395
2023-07-21T21:37:49,43,352,0,395
2023-07-21T21:50:16,43,352,0,395
2023-07-21T22:02:42,43,352,0,395
2023-07-21T22:15:09,43,352,0,395
2023-07-21T22:27:36,43,352,0,395
2023-07-21T22:40:03,43,352,0,395
2023-07-21T22:52:29,43,352,0,395
2023-07-21T23:04:57,43,352,0,395
2023-07-21T23:17:35,43,352,0,395
2023-07-21T23:30:02,43,352,0,395
2023-07-21T23:42:29,43,352,0,395
2023-07-21T23:54:56,43,352,0,395
2023-07-22T00:07:24,43,352,0,395
2023-07-22T00:19:59,43,352,0,395
2023-07-22T00:32:29,43,352,0,395
2023-07-22T00:44:59,43,352,0,395
2023-07-22T00:57:30,43,352,0,395
2023-07-22T01:10:01,43,352,0,395
2023-07-22T01:22:30,43,352,0,395
2023-07-22T01:35:01,43,352,0,395
2023-07-22T01:47:34,43,352,0,395
2023-07-22T02:00:04,43,352,0,395
2023-07-22T02:12:34,43,352,0,395
2023-07-22T02:25:01,43,352,0,395
2023-07-22T02:37:28,43,352,0,395
2023-07-22T02:49:55,43,352,0,395
2023-07-22T03:02:23,43,352,0,395
2023-07-22T03:14:53,43,352,0,395
2023-07-22T03:27:23,43,352,0,395
2023-07-22T03:39:53,43,352,0,395
2023-07-22T03:52:32,43,352,0,395
2023-07-22T04:21:15,43,352,0,395
2023-07-22T04:33:46,43,352,0,395
2023-07-22T04:46:17,43,352,0,395
2023-07-22T04:58:47,43,352,0,395
2023-07-22T05:11:15,43,352,0,395
2023-07-22T05:23:42,43,352,0,395
2023-07-22T05:36:08,43,352,0,395
2023-07-22T05:48:35,43,352,0,395
2023-07-22T06:01:01,43,352,0,395
2023-07-22T06:13:28,43,352,0,395
2023-07-22T06:26:00,43,352,0,395
2023-07-22T06:38:30,43,352,0,395
2023-07-22T06:51:01,43,352,0,395
2023-07-22T07:03:32,43,352,0,395
2023-07-22T07:16:01,43,352,0,395
2023-07-22T07:28:31,43,352,0,395
2023-07-22T07:40:59,43,352,0,395
2023-07-22T07:53:29,43,352,0,395
2023-07-22T08:05:59,43,352,0,395
2023-07-22T08:18:29,43,352,0,395
2023-07-22T08:30:58,43,352,0,395
2023-07-22T08:43:37,43,352,0,395
2023-07-22T08:56:07,43,352,0,395
2023-07-22T09:08:37,43,352,0,395
2023-07-22T09:21:06,43,352,0,395
2023-07-22T09:33:36,43,352,0,395
2023-07-22T09:46:05,43,352,0,395
2023-07-22T09:58:35,43,352,0,395
2023-07-22T10:11:05,43,352,0,395
2023-07-22T10:23:34,43,352,0,395
2023-07-22T10:36:03,43,352,0,395
2023-07-22T10:48:33,43,352,0,395
2023-07-22T11:01:03,43,352,0,395
2023-07-22T11:13:32,43,352,0,395
2023-07-22T11:26:02,43,352,0,395
2023-07-22T11:38:32,43,352,0,395
2023-07-22T11:51:01,43,352,0,395
2023-07-22T12:03:29,43,352,0,395
2023-07-22T12:15:55,43,352,0,395
2023-07-22T12:28:21,43,352,0,395
2023-07-22T12:40:48,43,352,0,395
2023-07-22T12:53:14,43,352,0,395
2023-07-22T13:05:40,43,352,0,395
2023-07-22T13:18:07,43,352,0,395
2023-07-22T13:30:44,43,352,0,395
2023-07-22T13:43:10,43,352,0,395
2023-07-22T13:55:37,43,352,0,395
2023-07-22T14:08:03,43,352,0,395
2023-07-22T14:20:29,43,352,0,395
2023-07-22T14:32:56,43,352,0,395
2023-07-22T14:45:22,43,352,0,395
2023-07-22T14:57:49,43,352,0,395
2023-07-22T15:10:17,43,352,0,395
2023-07-22T15:22:44,43,352,0,395
2023-07-22T15:35:10,43,352,0,395
2023-07-22T15:47:36,43,352,0,395
2023-07-22T16:00:02,43,352,0,395
2023-07-22T16:12:28,43,352,0,395
2023-07-22T16:24:54,43,352,0,395
2023-07-22T16:37:21,43,352,0,395
2023-07-22T16:49:47,43,352,0,395
2023-07-22T17:02:23,43,352,0,395
2023-07-22T17:14:50,43,352,0,395
2023-07-22T17:27:17,43,352,0,395
2023-07-22T17:39:43,43,352,0,395
2023-07-22T17:52:09,43,352,0,395
2023-07-22T18:04:36,43,352,0,395
2023-07-22T18:17:02,43,352,0,395
2023-07-22T18:29:28,43,352,0,395
2023-07-22T18:41:55,43,352,0,395
2023-07-22T18:54:21,43,352,0,395
2023-07-22T19:06:47,43,352,0,395
2023-07-22T19:19:14,43,352,0,395
2023-07-22T19:31:40,43,352,0,395
2023-07-22T19:44:06,43,352,0,395
2023-07-22T19:56:33,43,352,0,395
2023-07-22T20:08:59,43,352,0,395
2023-07-22T20:21:25,43,352,0,395
2023-07-22T20:33:51,43,352,0,395
2023-07-22T20:46:17,43,352,0,395
2023-07-22T20:58:43,43,352,0,395
2023-07-22T21:11:10,43,352,0,395
2023-07-22T21:23:36,43,352,0,395
2023-07-22T21:36:13,43,352,0,395
2023-07-22T21:48:39,43,352,0,395
2023-07-22T22:01:05,43,352,0,395
2023-07-22T22:13:31,43,352,0,395
2023-07-22T22:25:57,43,352,0,395
2023-07-22T22:38:24,43,352,0,395
2023-07-22T22:50:50,43,352,0,395
2023-07-22T23:03:16,43,352,0,395
2023-07-22T23:15:43,43,352,0,395
2023-07-22T23:28:09,43,352,0,395
2023-07-22T23:40:36,43,352,0,395
2023-07-22T23:53:03,43,352,0,395
2023-07-23T00:05:31,43,352,0,395
2023-07-23T00:18:01,43,352,0,395
2023-07-23T00:30:29,43,352,0,395
2023-07-23T00:43:00,43,352,0,395
2023-07-23T00:55:39,43,352,0,395
2023-07-23T01:08:08,43,352,0,395
2023-07-23T01:20:35,43,352,0,395
2023-07-23T01:33:05,43,352,0,395
2023-07-23T01:45:35,43,352,0,395
2023-07-23T01:58:04,43,352,0,395
2023-07-23T02:10:35,43,352,0,395
2023-07-23T02:23:05,43,352,0,395
2023-07-23T02:35:37,43,352,0,395
2023-07-23T02:48:06,43,352,0,395
2023-07-23T03:00:35,43,352,0,395
2023-07-23T03:13:04,43,352,0,395
2023-07-23T03:25:34,43,352,0,395
2023-07-23T03:38:03,43,352,0,395
2023-07-23T03:50:33,43,352,0,395
2023-07-23T04:03:02,43,352,0,395
2023-07-23T04:26:19,43,352,0,395
2023-07-23T04:38:52,43,352,0,395
2023-07-23T04:51:23,43,352,0,395
2023-07-23T05:03:53,43,352,0,395
2023-07-23T05:16:23,43,352,0,395
2023-07-23T05:28:53,43,352,0,395
2023-07-23T05:41:23,43,352,0,395
2023-07-23T05:53:54,43,352,0,395
2023-07-23T06:06:23,43,352,0,395
2023-07-23T06:18:52,43,352,0,395
2023-07-23T06:31:22,43,352,0,395
2023-07-23T06:43:52,43,352,0,395
2023-07-23T06:56:21,43,352,0,395
2023-07-23T07:08:48,43,352,0,395
2023-07-23T07:21:14,43,352,0,395
2023-07-23T07:33:41,43,352,0,395
2023-07-23T07:46:07,43,352,0,395
2023-07-23T07:58:33,43,352,0,395
2023-07-23T08:11:00,43,352,0,395
2023-07-23T08:23:27,43,352,0,395
2023-07-23T08:35:54,43,352,0,395
2023-07-23T08:48:23,43,352,0,395
2023-07-23T09:00:50,43,352,0,395
2023-07-23T09:13:17,43,352,0,395
2023-07-23T09:25:43,43,352,0,395
2023-07-23T09:38:09,43,352,0,395
2023-07-23T09:50:37,43,352,0,395
2023-07-23T10:03:04,43,352,0,395
2023-07-23T10:15:30,43,352,0,395
2023-07-23T10:27:57,43,352,0,395
2023-07-23T10:40:24,43,352,0,395
2023-07-23T10:52:52,43,352,0,395
2023-07-23T11:05:19,43,352,0,395
2023-07-23T11:17:47,43,352,0,395
2023-07-23T11:30:14,43,352,0,395
2023-07-23T11:42:41,43,352,0,395
2023-07-23T11:55:07,43,352,0,395
2023-07-23T12:07:34,43,352,0,395
2023-07-23T12:20:10,43,352,0,395
2023-07-23T12:32:37,43,352,0,395
2023-07-23T12:45:04,43,352,0,395
2023-07-23T12:57:31,43,352,0,395
2023-07-23T13:09:57,43,352,0,395
2023-07-23T13:22:24,43,352,0,395
2023-07-23T13:34:50,43,352,0,395
2023-07-23T13:47:17,43,352,0,395
2023-07-23T13:59:43,43,352,0,395
2023-07-23T14:12:09,43,352,0,395
2023-07-23T14:24:35,43,352,0,395
2023-07-23T14:37:01,43,352,0,395
2023-07-23T14:49:27,43,352,0,395
2023-07-23T15:01:53,43,352,0,395
2023-07-23T15:14:20,43,352,0,395
2023-07-23T15:26:46,43,352,0,395
2023-07-23T15:39:12,43,352,0,395
2023-07-23T15:51:39,43,352,0,395
2023-07-23T16:04:05,43,352,0,395
2023-07-23T16:16:32,43,352,0,395
2023-07-23T16:28:59,43,352,0,395
2023-07-23T16:41:26,43,352,0,395
2023-07-23T16:53:52,43,352,0,395
2023-07-23T17:06:29,43,352,0,395
2023-07-23T17:18:56,43,352,0,395
2023-07-23T17:31:22,43,352,0,395
2023-07-23T17:43:48,43,352,0,395
2023-07-23T17:56:14,43,352,0,395
2023-07-23T18:08:41,43,352,0,395
2023-07-23T18:21:07,43,352,0,395
2023-07-23T18:33:34,43,352,0,395
2023-07-23T18:46:00,43,352,0,395
2023-07-23T18:58:26,43,352,0,395
2023-07-23T19:10:55,43,352,0,395
2023-07-23T19:23:22,43,352,0,395
2023-07-23T19:35:49,43,352,0,395
2023-07-23T19:48:15,43,352,0,395
2023-07-23T20:00:41,43,352,0,395
2023-07-23T20:13:18,43,352,0,395
2023-07-23T20:25:44,43,352,0,395
2023-07-23T20:38:10,43,352,0,395
2023-07-23T20:50:37,43,352,0,395
2023-07-23T21:03:03,43,352,0,395
2023-07-23T21:15:29,43,352,0,395
2023-07-23T21:27:56,43,352,0,395
2023-07-23T21:40:23,43,352,0,395
2023-07-23T21:52:50,43,352,0,395
2023-07-23T22:05:16,43,352,0,395
2023-07-23T22:17:42,43,352,0,395
2023-07-23T22:30:09,43,352,0,395
2023-07-23T22:42:36,43,352,0,395
2023-07-23T22:55:02,43,352,0,395
2023-07-23T23:07:29,43,352,0,395
2023-07-23T23:19:56,43,352,0,395
2023-07-23T23:32:24,43,352,0,395
2023-07-23T23:44:51,43,352,0,395
2023-07-23T23:57:17,43,352,0,395
2023-07-24T00:09:55,43,352,0,395
2023-07-24T00:22:34,43,352,0,395
2023-07-24T00:35:14,43,352,0,395
2023-07-24T00:47:45,43,352,0,395
2023-07-24T01:00:13,43,352,0,395
2023-07-24T01:12:41,43,352,0,395
2023-07-24T01:25:15,43,352,0,395
2023-07-24T01:37:46,43,352,0,395
2023-07-24T01:50:17,43,352,0,395
2023-07-24T02:02:57,43,352,0,395
2023-07-24T02:15:28,43,352,0,395
2023-07-24T02:27:58,43,352,0,395
2023-07-24T02:40:26,43,352,0,395
2023-07-24T02:52:55,43,352,0,395
2023-07-24T03:05:24,43,352,0,395
2023-07-24T03:17:53,43,352,0,395
2023-07-24T03:30:23,43,352,0,395
2023-07-24T03:42:52,43,352,0,395
2023-07-24T03:55:22,43,352,0,395
2023-07-24T04:24:15,43,352,0,395
2023-07-24T04:36:47,43,352,0,395
2023-07-24T04:49:18,43,352,0,395
2023-07-24T05:01:50,43,352,0,395
2023-07-24T05:14:21,43,352,0,395
2023-07-24T05:26:51,43,352,0,395
2023-07-24T05:39:22,43,352,0,395
2023-07-24T05:51:53,43,352,0,395
2023-07-24T06:04:22,43,352,0,395
2023-07-24T06:16:51,43,352,0,395
2023-07-24T06:29:22,43,352,0,395
2023-07-24T06:41:52,43,352,0,395
2023-07-24T06:54:22,43,352,0,395
2023-07-24T07:06:50,43,352,0,395
2023-07-24T07:19:18,43,352,0,395
2023-07-24T07:31:45,43,352,0,395
2023-07-24T07:44:11,43,352,0,395
2023-07-24T07:56:38,43,352,0,395
2023-07-24T08:09:05,43,352,0,395
2023-07-24T08:21:31,43,352,0,395
2023-07-24T08:33:59,43,352,0,395
2023-07-24T08:46:25,43,352,0,395
2023-07-24T08:58:52,43,352,0,395
2023-07-24T09:11:23,43,352,0,395
2023-07-24T09:23:49,43,352,0,395
2023-07-24T09:36:24,43,352,0,395
2023-07-24T09:48:50,43,352,0,395
2023-07-24T10:01:17,43,352,0,395
2023-07-24T10:13:43,43,352,0,395
2023-07-24T10:26:10,43,352,0,395
2023-07-24T10:38:37,43,352,0,395
2023-07-24T10:51:03,43,352,0,395
2023-07-24T11:03:30,43,352,0,395
2023-07-24T11:15:56,43,352,0,395
2023-07-24T11:28:23,43,352,0,395
2023-07-24T11:40:50,43,352,0,395
2023-07-24T11:53:17,43,352,0,395
2023-07-24T12:05:54,43,352,0,395
2023-07-24T12:18:21,43,352,0,395
2023-07-24T12:30:48,43,352,0,395
2023-07-24T12:43:15,43,352,0,395
2023-07-24T12:55:42,43,352,0,395
2023-07-24T13:08:09,43,352,0,395
2023-07-24T13:20:35,43,352,0,395
2023-07-24T13:33:02,43,352,0,395
2023-07-24T13:45:29,43,352,0,395
2023-07-24T13:57:58,43,352,0,395
2023-07-24T14:10:25,43,352,0,395
2023-07-24T14:23:02,43,352,0,395
2023-07-24T14:35:29,43,352,0,395
2023-07-24T14:47:56,43,352,0,395
2023-07-24T15:00:23,43,352,0,395
2023-07-24T15:12:51,43,352,0,395
2023-07-24T15:25:18,43,352,0,395
2023-07-24T15:37:45,43,352,0,395
2023-07-24T15:50:12,43,352,0,395
2023-07-24T16:02:39,43,352,0,395
2023-07-24T16:15:05,43,352,0,395
2023-07-24T16:27:32,43,352,0,395
2023-07-24T16:40:12,43,352,0,395
2023-07-24T16:52:39,43,352,0,395
2023-07-24T17:05:06,43,352,0,395
2023-07-24T17:17:33,43,352,0,395
2023-07-24T17:30:00,43,352,0,395
2023-07-24T17:42:27,43,352,0,395
2023-07-24T17:54:54,43,352,0,395
2023-07-24T18:07:21,43,352,0,395
2023-07-24T18:19:48,43,352,0,395
2023-07-24T18:32:15,43,352,0,395
2023-07-24T18:44:42,43,352,0,395
2023-07-24T18:57:09,43,352,0,395
2023-07-24T19:09:37,43,352,0,395
2023-07-24T19:22:04,43,352,0,395
2023-07-24T19:34:31,43,352,0,395
2023-07-24T19:47:09,43,352,0,395
2023-07-24T19:59:36,43,352,0,395
2023-07-24T20:12:03,43,352,0,395
2023-07-24T20:24:30,43,352,0,395
2023-07-24T20:36:57,43,352,0,395
2023-07-24T20:49:24,43,352,0,395
2023-07-24T21:01:51,43,352,0,395
2023-07-24T21:14:18,43,352,0,395
2023-07-24T21:26:44,43,352,0,395
2023-07-24T21:39:12,43,352,0,395
2023-07-24T21:51:39,43,352,0,395
2023-07-24T22:04:05,43,352,0,395
2023-07-24T22:16:32,43,352,0,395
2023-07-24T22:29:11,43,352,0,395
2023-07-24T22:41:37,43,352,0,395
2023-07-24T22:54:05,43,352,0,395
2023-07-24T23:06:32,43,352,0,395
2023-07-24T23:19:00,43,352,0,395
2023-07-24T23:31:27,43,352,0,395
2023-07-24T23:43:55,43,352,0,395
2023-07-24T23:56:22,43,352,0,395
2023-07-25T00:08:51,43,352,0,395
2023-07-25T00:21:24,43,352,0,395
2023-07-25T00:33:54,43,352,0,395
2023-07-25T00:46:25,43,352,0,395
2023-07-25T00:58:56,43,352,0,395
2023-07-25T01:11:27,43,352,0,395
2023-07-25T01:23:57,43,352,0,395
2023-07-25T01:36:28,43,352,0,395
2023-07-25T01:49:09,43,352,0,395
2023-07-25T02:01:41,43,352,0,395
2023-07-25T02:14:11,43,352,0,395
2023-07-25T02:26:39,43,352,0,395
2023-07-25T02:39:09,43,352,0,395
2023-07-25T02:51:36,43,352,0,395
2023-07-25T03:04:04,43,352,0,395
2023-07-25T03:16:32,43,352,0,395
2023-07-25T03:29:01,43,352,0,395
2023-07-25T03:41:30,43,352,0,395
2023-07-25T03:54:00,43,352,0,395
2023-07-25T04:22:48,43,352,0,395
2023-07-25T04:35:20,43,352,0,395
2023-07-25T04:47:52,43,352,0,395
2023-07-25T05:00:23,43,352,0,395
2023-07-25T05:12:54,43,352,0,395
2023-07-25T05:25:25,43,352,0,395
2023-07-25T05:37:55,43,352,0,395
2023-07-25T05:50:25,43,352,0,395
2023-07-25T06:02:55,43,352,0,395
2023-07-25T06:15:25,43,352,0,395
2023-07-25T06:27:56,43,352,0,395
2023-07-25T06:40:25,43,352,0,395
2023-07-25T06:52:55,43,352,0,395
2023-07-25T07:05:24,43,352,0,395
2023-07-25T07:17:52,43,352,0,395
2023-07-25T07:30:22,43,352,0,395
2023-07-25T07:42:50,43,352,0,395
2023-07-25T07:55:18,43,352,0,395
2023-07-25T08:07:47,43,352,0,395
2023-07-25T08:20:15,43,352,0,395
2023-07-25T08:32:45,43,352,0,395
2023-07-25T08:45:24,43,352,0,395
2023-07-25T08:57:52,43,352,0,395
2023-07-25T09:10:20,43,352,0,395
2023-07-25T09:22:50,43,352,0,395
2023-07-25T09:35:20,43,352,0,395
2023-07-25T09:47:50,43,352,0,395
2023-07-25T10:00:18,43,352,0,395
2023-07-25T10:12:46,43,352,0,395
2023-07-25T10:25:15,43,352,0,395
2023-07-25T10:37:42,43,352,0,395
2023-07-25T10:50:09,43,352,0,395
2023-07-25T11:02:47,43,352,0,395
2023-07-25T11:15:14,43,352,0,395
2023-07-25T11:27:42,43,352,0,395
2023-07-25T11:40:10,43,352,0,395
2023-07-25T11:52:37,43,352,0,395
2023-07-25T12:05:04,43,352,0,395
2023-07-25T12:17:42,43,352,0,395
2023-07-25T12:30:09,43,352,0,395
2023-07-25T12:42:36,43,352,0,395
2023-07-25T12:55:04,43,352,0,395
2023-07-25T13:07:31,43,352,0,395
2023-07-25T13:19:58,43,352,0,395
2023-07-25T13:32:26,43,352,0,395
2023-07-25T13:45:03,43,352,0,395
2023-07-25T13:57:31,43,352,0,395
2023-07-25T14:09:59,43,352,0,395
2023-07-25T14:22:27,43,352,0,395
2023-07-25T14:34:56,43,352,0,395
2023-07-25T14:47:25,43,352,0,395
2023-07-25T14:59:53,43,352,0,395
2023-07-25T15:12:22,43,352,0,395
2023-07-25T15:25:02,43,352,0,395
2023-07-25T15:37:30,43,352,0,395
2023-07-25T15:50:00,43,352,0,395
2023-07-25T16:02:28,43,352,0,395
2023-07-25T16:14:57,43,352,0,395
2023-07-25T16:27:26,43,352,0,395
2023-07-25T16:39:55,43,352,0,395
2023-07-25T16:52:24,43,352,0,395
2023-07-25T17:04:53,43,352,0,395
2023-07-25T17:17:35,43,352,0,395
2023-07-25T17:30:04,43,352,0,395
2023-07-25T17:42:33,43,352,0,395
2023-07-25T17:55:01,43,352,0,395
2023-07-25T18:07:30,43,352,0,395
2023-07-25T18:19:59,43,352,0,395
2023-07-25T18:32:28,43,352,0,395
2023-07-25T18:44:57,43,352,0,395
2023-07-25T18:57:26,43,352,0,395
2023-07-25T19:09:55,43,352,0,395
2023-07-25T19:22:35,43,352,0,395
2023-07-25T19:35:04,43,352,0,395
2023-07-25T19:47:33,43,352,0,395
2023-07-25T20:00:02,43,352,0,395
2023-07-25T20:12:31,43,352,0,395
2023-07-25T20:25:00,43,352,0,395
2023-07-25T20:37:29,43,352,0,395
2023-07-25T20:49:58,43,352,0,395
2023-07-25T21:02:27,43,352,0,395
2023-07-25T21:14:56,43,352,0,395
2023-07-25T21:27:25,43,352,0,395
2023-07-25T21:39:53,43,352,0,395
2023-07-25T21:52:22,43,352,0,395
2023-07-25T22:04:52,43,352,0,395
2023-07-25T22:17:32,43,352,0,395
2023-07-25T22:30:01,43,352,0,395
2023-07-25T22:42:32,43,352,0,395
2023-07-25T22:55:00,43,352,0,395
2023-07-25T23:07:30,43,352,0,395
2023-07-25T23:20:00,43,352,0,395
2023-07-25T23:32:29,43,352,0,395
2023-07-25T23:44:59,43,352,0,395
2023-07-25T23:57:28,43,352,0,395
2023-07-26T00:09:59,43,352,0,395
2023-07-26T00:22:35,43,352,0,395
2023-07-26T00:35:07,43,352,0,395
2023-07-26T00:47:40,43,352,0,395
2023-07-26T01:00:13,43,352,0,395
2023-07-26T01:12:47,43,352,0,395
2023-07-26T01:25:29,43,352,0,395
2023-07-26T01:38:03,43,352,0,395
2023-07-26T01:50:39,43,352,0,395
2023-07-26T02:03:14,43,352,0,395
2023-07-26T02:15:48,43,352,0,395
2023-07-26T02:28:21,43,352,0,395
2023-07-26T02:40:55,43,352,0,395
2023-07-26T02:53:26,43,352,0,395
2023-07-26T03:05:58,43,352,0,395
2023-07-26T03:18:31,43,352,0,395
2023-07-26T03:31:03,43,352,0,395
2023-07-26T03:43:35,43,352,0,395
2023-07-26T03:56:08,43,352,0,395
2023-07-26T04:08:40,43,352,0,395
2023-07-26T04:35:25,43,352,0,395
2023-07-26T04:48:00,43,352,0,395
2023-07-26T05:00:34,43,352,0,395
2023-07-26T05:13:08,43,352,0,395
2023-07-26T05:25:40,43,352,0,395
2023-07-26T05:38:12,43,352,0,395
2023-07-26T05:50:46,43,352,0,395
2023-07-26T06:03:18,43,352,0,395
2023-07-26T06:15:49,43,352,0,395
2023-07-26T06:28:19,43,352,0,395
2023-07-26T06:40:52,43,352,0,395
2023-07-26T06:53:23,43,352,0,395
2023-07-26T07:05:55,43,352,0,395
2023-07-26T07:18:25,43,352,0,395
2023-07-26T07:30:54,43,352,0,395
2023-07-26T07:43:23,43,352,0,395
2023-07-26T07:55:55,43,352,0,395
2023-07-26T08:08:27,43,352,0,395
2023-07-26T08:20:59,43,352,0,395
2023-07-26T08:33:30,43,352,0,395
2023-07-26T08:46:12,43,352,0,395
2023-07-26T08:58:42,43,352,0,395
2023-07-26T09:11:11,43,352,0,395
2023-07-26T09:23:40,43,352,0,395
2023-07-26T09:36:09,43,352,0,395
2023-07-26T09:48:37,43,352,0,395
2023-07-26T10:01:08,43,352,0,395
2023-07-26T10:13:37,43,352,0,395
2023-07-26T10:26:05,43,352,0,395
2023-07-26T10:38:34,43,352,0,395
2023-07-26T10:51:04,43,352,0,395
2023-07-26T11:03:42,43,352,0,395
2023-07-26T11:16:12,43,352,0,395
2023-07-26T11:28:41,43,352,0,395
2023-07-26T11:41:10,43,352,0,395
2023-07-26T11:53:38,43,352,0,395
2023-07-26T12:06:07,43,352,0,395
2023-07-26T12:18:37,43,352,0,395
2023-07-26T12:31:06,43,352,0,395
2023-07-26T12:43:35,43,352,0,395
2023-07-26T12:56:03,43,352,0,395
2023-07-26T13:08:44,43,352,0,395
2023-07-26T13:21:13,43,352,0,395
2023-07-26T13:33:42,43,352,0,395
2023-07-26T13:46:11,43,352,0,395
2023-07-26T13:58:50,43,352,0,395
2023-07-26T14:11:19,43,352,0,395
2023-07-26T14:23:47,43,352,0,395
2023-07-26T14:36:16,43,352,0,395
2023-07-26T14:48:44,43,352,0,395
2023-07-26T15:01:13,43,352,0,395
2023-07-26T15:13:42,43,352,0,395
2023-07-26T15:26:12,43,352,0,395
2023-07-26T15:38:41,43,352,0,395
2023-07-26T15:51:21,43,352,0,395
2023-07-26T16:03:50,43,352,0,395
2023-07-26T16:16:19,43,352,0,395
2023-07-26T16:28:48,43,352,0,395
2023-07-26T16:41:16,43,352,0,395
2023-07-26T16:53:45,43,352,0,395
2023-07-26T17:06:14,43,352,0,395
2023-07-26T17:18:44,43,352,0,395
2023-07-26T17:31:13,43,352,0,395
2023-07-26T17:43:42,43,352,0,395
2023-07-26T17:56:21,43,352,0,395
2023-07-26T18:08:50,43,352,0,395
2023-07-26T18:21:19,43,352,0,395
2023-07-26T18:33:48,43,352,0,395
2023-07-26T18:46:17,43,352,0,395
2023-07-26T18:58:46,43,352,0,395
2023-07-26T19:11:15,43,352,0,395
2023-07-26T19:23:43,43,352,0,395
2023-07-26T19:36:13,43,352,0,395
2023-07-26T19:48:42,43,352,0,395
2023-07-26T20:01:11,43,352,0,395
2023-07-26T20:13:51,43,352,0,395
2023-07-26T20:26:20,43,352,0,395
2023-07-26T20:38:48,43,352,0,395
2023-07-26T20:51:17,43,352,0,395
2023-07-26T21:03:46,43,352,0,395
2023-07-26T21:16:15,43,352,0,395
2023-07-26T21:28:44,43,352,0,395
2023-07-26T21:41:13,43,352,0,395
2023-07-26T21:53:42,43,352,0,395
2023-07-26T22:06:11,43,352,0,395
2023-07-26T22:18:40,43,352,0,395
2023-07-26T22:31:09,43,352,0,395
2023-07-26T22:43:37,43,352,0,395
2023-07-26T22:56:06,43,352,0,395
2023-07-26T23:08:46,43,352,0,395
2023-07-26T23:21:15,43,352,0,395
2023-07-26T23:33:45,43,352,0,395
2023-07-26T23:46:14,43,352,0,395
2023-07-26T23:58:43,43,352,0,395
2023-07-27T00:11:14,43,352,0,395
2023-07-27T00:23:48,43,352,0,395
2023-07-27T00:36:20,43,352,0,395
2023-07-27T00:48:53,43,352,0,395
2023-07-27T01:01:27,43,352,0,395
2023-07-27T01:14:00,43,352,0,395
2023-07-27T01:26:32,43,352,0,395
2023-07-27T01:39:05,43,352,0,395
2023-07-27T01:51:38,43,352,0,395
2023-07-27T02:04:10,43,352,0,395
2023-07-27T02:16:40,43,352,0,395
2023-07-27T02:29:21,43,352,0,395
2023-07-27T02:41:52,43,352,0,395
2023-07-27T02:54:21,43,352,0,395
2023-07-27T03:06:50,43,352,0,395
2023-07-27T03:19:21,43,352,0,395
2023-07-27T03:31:52,43,352,0,395
2023-07-27T03:44:24,43,352,0,395
2023-07-27T03:56:55,43,352,0,395
2023-07-27T04:24:54,43,352,0,395
2023-07-27T04:37:28,43,352,0,395
2023-07-27T04:50:02,43,352,0,395
2023-07-27T05:02:34,43,352,0,395
2023-07-27T05:15:07,43,352,0,395
2023-07-27T05:27:40,43,352,0,395
2023-07-27T05:40:13,43,352,0,395
2023-07-27T05:52:46,43,352,0,395
2023-07-27T06:05:17,43,352,0,395
2023-07-27T06:17:49,43,352,0,395
2023-07-27T06:30:22,43,352,0,395
2023-07-27T06:42:53,43,352,0,395
2023-07-27T06:55:25,43,352,0,395
2023-07-27T07:07:56,43,352,0,395
2023-07-27T07:20:36,43,352,0,395
2023-07-27T07:33:07,43,352,0,395
2023-07-27T07:45:37,43,352,0,395
2023-07-27T07:58:08,43,352,0,395
2023-07-27T08:10:39,43,352,0,395
2023-07-27T08:23:10,43,352,0,395
2023-07-27T08:35:41,43,352,0,395
2023-07-27T08:48:12,43,352,0,395
2023-07-27T09:00:43,43,352,0,395
2023-07-27T09:13:13,43,352,0,395
2023-07-27T09:25:44,43,352,0,395
2023-07-27T09:38:14,43,352,0,395
2023-07-27T09:50:45,43,352,0,395
2023-07-27T10:03:15,43,352,0,395
2023-07-27T10:15:54,43,352,0,395
2023-07-27T10:28:23,43,352,0,395
2023-07-27T10:40:52,43,352,0,395
2023-07-27T10:53:21,43,352,0,395
2023-07-27T11:05:50,43,352,0,395
2023-07-27T11:18:19,43,352,0,395
2023-07-27T11:30:47,43,352,0,395
2023-07-27T11:43:16,43,352,0,395
2023-07-27T11:55:47,43,352,0,395
2023-07-27T12:08:15,43,352,0,395
2023-07-27T12:20:55,43,352,0,395
2023-07-27T12:33:24,43,352,0,395
2023-07-27T12:45:53,43,352,0,395
2023-07-27T12:58:21,43,352,0,395
2023-07-27T13:10:50,43,352,0,395
2023-07-27T13:23:19,43,352,0,395
2023-07-27T13:35:47,43,352,0,395
2023-07-27T13:48:16,43,352,0,395
2023-07-27T14:00:54,43,352,0,395
2023-07-27T14:13:33,43,352,0,395
2023-07-27T14:26:44,43,352,0,395
2023-07-27T14:39:13,43,352,0,395
2023-07-27T14:51:42,43,352,0,395
2023-07-27T15:04:11,43,352,0,395
2023-07-27T15:16:39,43,352,0,395
2023-07-27T15:29:07,43,352,0,395
2023-07-27T15:41:36,43,352,0,395
2023-07-27T15:54:04,43,352,0,395
2023-07-27T16:06:43,43,352,0,395
2023-07-27T16:19:12,43,352,0,395
2023-07-27T16:31:41,43,352,0,395
2023-07-27T16:44:10,43,352,0,395
2023-07-27T16:56:39,43,352,0,395
2023-07-27T17:09:08,43,352,0,395
2023-07-27T17:21:38,43,352,0,395
2023-07-27T17:34:07,43,352,0,395
2023-07-27T17:46:36,43,352,0,395
2023-07-27T17:59:04,43,352,0,395
2023-07-27T18:11:33,43,352,0,395
2023-07-27T18:24:14,43,352,0,395
2023-07-27T18:36:43,43,352,0,395
2023-07-27T18:49:14,43,352,0,395
2023-07-27T19:01:54,43,352,0,395
2023-07-27T19:14:33,43,352,0,395
2023-07-27T19:27:01,43,352,0,395
2023-07-27T19:39:31,43,352,0,395
2023-07-27T19:52:00,43,352,0,395
2023-07-27T20:04:29,43,352,0,395
2023-07-27T20:16:57,43,352,0,395
2023-07-27T20:29:36,43,352,0,395
2023-07-27T20:42:05,43,352,0,395
2023-07-27T20:54:33,43,352,0,395
2023-07-27T21:07:02,43,352,0,395
2023-07-27T21:19:31,43,352,0,395
2023-07-27T21:32:00,43,352,0,395
2023-07-27T21:44:29,43,352,0,395
2023-07-27T21:56:58,43,352,0,395
2023-07-27T22:09:37,43,352,0,395
2023-07-27T22:22:06,43,352,0,395
2023-07-27T22:34:36,43,352,0,395
2023-07-27T22:47:05,43,352,0,395
2023-07-27T22:59:34,43,352,0,395
2023-07-27T23:12:04,43,352,0,395
2023-07-27T23:24:34,43,352,0,395
2023-07-27T23:37:04,43,352,0,395
2023-07-27T23:49:33,43,352,0,395
2023-07-28T00:02:03,43,352,0,395
2023-07-28T00:14:37,43,352,0,395
2023-07-28T00:27:10,43,352,0,395
2023-07-28T00:39:43,43,352,0,395
2023-07-28T00:52:16,43,352,0,395
2023-07-28T01:05:00,42,353,0,395
2023-07-28T01:17:33,42,353,0,395
2023-07-28T01:30:06,42,353,0,395
2023-07-28T01:42:41,42,353,0,395
2023-07-28T01:55:17,42,353,0,395
2023-07-28T02:07:52,42,353,0,395
2023-07-28T02:20:36,42,353,0,395
2023-07-28T02:33:10,42,353,0,395
2023-07-28T02:45:42,42,353,0,395
2023-07-28T02:58:14,42,353,0,395
2023-07-28T03:10:46,42,353,0,395
2023-07-28T03:23:18,42,353,0,395
2023-07-28T03:35:50,42,353,0,395
2023-07-28T03:48:22,42,353,0,395
2023-07-28T04:00:54,42,353,0,395
2023-07-28T04:13:27,42,353,0,395
2023-07-28T04:34:43,42,353,0,395
2023-07-28T04:47:18,42,353,0,395
2023-07-28T04:59:52,42,353,0,395
2023-07-28T05:12:26,42,353,0,395
2023-07-28T05:24:58,42,353,0,395
2023-07-28T05:37:30,42,353,0,395
2023-07-28T05:50:03,42,353,0,395
2023-07-28T06:02:35,42,353,0,395
2023-07-28T06:15:06,42,353,0,395
2023-07-28T06:27:38,42,353,0,395
2023-07-28T06:40:10,42,353,0,395
2023-07-28T06:52:42,42,353,0,395
2023-07-28T07:05:13,42,353,0,395
2023-07-28T07:17:44,42,353,0,395
2023-07-28T07:30:15,42,353,0,395
2023-07-28T07:42:45,42,353,0,395
2023-07-28T07:55:13,42,353,0,395
2023-07-28T08:07:42,42,353,0,395
2023-07-28T08:20:13,42,353,0,395
2023-07-28T08:32:43,42,353,0,395
2023-07-28T08:45:11,42,353,0,395
2023-07-28T08:57:50,42,353,0,395
2023-07-28T09:10:18,42,353,0,395
2023-07-28T09:22:47,42,353,0,395
2023-07-28T09:35:17,42,353,0,395
2023-07-28T09:47:46,42,353,0,395
2023-07-28T10:00:15,42,353,0,395
2023-07-28T10:12:45,42,353,0,395
2023-07-28T10:25:14,42,353,0,395
2023-07-28T10:37:43,42,353,0,395
2023-07-28T10:50:22,42,353,0,395
2023-07-28T11:02:51,42,353,0,395
2023-07-28T11:15:20,42,353,0,395
2023-07-28T11:27:49,42,353,0,395
2023-07-28T11:40:18,42,353,0,395
2023-07-28T11:52:46,42,353,0,395
2023-07-28T12:05:15,42,353,0,395
2023-07-28T12:17:44,42,353,0,395
2023-07-28T12:30:13,42,353,0,395
2023-07-28T12:42:42,42,353,0,395
2023-07-28T12:55:23,42,353,0,395
2023-07-28T13:07:52,42,353,0,395
2023-07-28T13:20:21,42,353,0,395
2023-07-28T13:32:50,42,353,0,395
2023-07-28T13:45:19,42,353,0,395
2023-07-28T13:57:49,42,353,0,395
2023-07-28T14:10:18,42,353,0,395
2023-07-28T14:22:48,42,353,0,395
2023-07-28T14:35:17,42,353,0,395
2023-07-28T14:47:57,42,353,0,395
2023-07-28T15:00:26,42,353,0,395
2023-07-28T15:13:11,42,353,0,395
2023-07-28T15:25:40,42,353,0,395
2023-07-28T15:38:10,42,353,0,395
2023-07-28T15:50:39,42,353,0,395
2023-07-28T16:03:08,42,353,0,395
2023-07-28T16:15:38,42,353,0,395
2023-07-28T16:28:08,42,353,0,395
2023-07-28T16:40:38,42,353,0,395
2023-07-28T16:53:07,42,353,0,395
2023-07-28T17:05:48,42,353,0,395
2023-07-28T17:18:19,42,353,0,395
2023-07-28T17:30:49,42,353,0,395
2023-07-28T17:43:19,42,353,0,395
2023-07-28T17:55:49,42,353,0,395
2023-07-28T18:08:19,42,353,0,395
2023-07-28T18:20:48,42,353,0,395
2023-07-28T18:33:18,42,353,0,395
2023-07-28T18:45:48,42,353,0,395
2023-07-28T18:58:18,42,353,0,395
2023-07-28T19:10:48,42,353,0,395
2023-07-28T19:23:18,42,353,0,395
2023-07-28T19:35:48,42,353,0,395
2023-07-28T19:48:28,42,353,0,395
2023-07-28T20:00:58,42,353,0,395
2023-07-28T20:13:28,42,353,0,395
2023-07-28T20:25:57,42,353,0,395
2023-07-28T20:38:27,42,353,0,395
2023-07-28T20:50:56,42,353,0,395
2023-07-28T21:03:26,42,353,0,395
2023-07-28T21:15:55,42,353,0,395
2023-07-28T21:28:25,42,353,0,395
2023-07-28T21:40:55,42,353,0,395
2023-07-28T21:53:25,42,353,0,395
2023-07-28T22:05:55,42,353,0,395
2023-07-28T22:18:34,42,353,0,395
2023-07-28T22:31:04,42,353,0,395
2023-07-28T22:43:34,42,353,0,395
2023-07-28T22:56:03,42,353,0,395
2023-07-28T23:08:34,42,353,0,395
2023-07-28T23:21:04,42,353,0,395
2023-07-28T23:33:35,42,353,0,395
2023-07-28T23:46:05,42,353,0,395
2023-07-28T23:58:35,42,353,0,395
2023-07-29T00:11:06,42,353,0,395
2023-07-29T00:23:44,42,353,0,395
2023-07-29T00:36:17,42,353,0,395
2023-07-29T00:48:51,42,353,0,395
2023-07-29T01:01:26,42,353,0,395
2023-07-29T01:13:59,42,353,0,395
2023-07-29T01:26:45,42,353,0,395
2023-07-29T01:39:18,42,353,0,395
2023-07-29T01:51:54,42,353,0,395
2023-07-29T02:04:25,42,353,0,395
2023-07-29T02:16:55,42,353,0,395
2023-07-29T02:29:25,42,353,0,395
2023-07-29T02:41:56,42,353,0,395
2023-07-29T02:54:25,42,353,0,395
2023-07-29T03:06:56,42,353,0,395
2023-07-29T03:19:28,42,353,0,395
2023-07-29T03:32:00,42,353,0,395
2023-07-29T03:44:33,42,353,0,395
2023-07-29T03:57:07,42,353,0,395
2023-07-29T04:09:41,42,353,0,395
2023-07-29T04:32:58,42,353,0,395
2023-07-29T04:45:33,42,353,0,395
2023-07-29T04:58:07,42,353,0,395
2023-07-29T05:10:40,42,353,0,395
2023-07-29T05:23:11,42,353,0,395
2023-07-29T05:35:41,42,353,0,395
2023-07-29T05:48:11,42,353,0,395
2023-07-29T06:00:41,42,353,0,395
2023-07-29T06:13:12,42,353,0,395
2023-07-29T06:25:42,42,353,0,395
2023-07-29T06:38:12,42,353,0,395
2023-07-29T06:50:41,42,353,0,395
2023-07-29T07:03:13,42,353,0,395
2023-07-29T07:15:53,42,353,0,395
2023-07-29T07:28:27,42,353,0,395
2023-07-29T07:41:00,42,353,0,395
2023-07-29T07:53:33,42,353,0,395
2023-07-29T08:06:07,42,353,0,395
2023-07-29T08:18:50,42,353,0,395
2023-07-29T08:31:24,42,353,0,395
2023-07-29T08:43:57,42,353,0,395
2023-07-29T08:56:29,42,353,0,395
2023-07-29T09:09:03,42,353,0,395
2023-07-29T09:21:35,42,353,0,395
2023-07-29T09:34:08,42,353,0,395
2023-07-29T09:46:41,42,353,0,395
2023-07-29T09:59:13,42,353,0,395
2023-07-29T10:11:46,42,353,0,395
2023-07-29T10:24:19,42,353,0,395
2023-07-29T10:36:51,42,353,0,395
2023-07-29T10:49:34,42,353,0,395
2023-07-29T11:02:08,42,353,0,395
2023-07-29T11:14:40,42,353,0,395
2023-07-29T11:27:12,42,353,0,395
2023-07-29T11:39:46,42,353,0,395
2023-07-29T11:52:19,42,353,0,395
2023-07-29T12:04:53,43,352,0,395
2023-07-29T12:17:26,43,352,0,395
2023-07-29T12:29:59,43,352,0,395
2023-07-29T12:42:31,43,352,0,395
2023-07-29T12:55:04,43,352,0,395
2023-07-29T13:07:36,43,352,0,395
2023-07-29T13:20:07,43,352,0,395
2023-07-29T13:32:37,43,352,0,395
2023-07-29T13:45:06,43,352,0,395
2023-07-29T13:57:45,43,352,0,395
2023-07-29T14:10:15,43,352,0,395
2023-07-29T14:22:44,43,352,0,395
2023-07-29T14:35:13,43,352,0,395
2023-07-29T14:47:44,43,352,0,395
2023-07-29T15:00:14,43,352,0,395
2023-07-29T15:12:43,43,352,0,395
2023-07-29T15:25:12,43,352,0,395
2023-07-29T15:37:41,43,352,0,395
2023-07-29T15:50:11,43,352,0,395
2023-07-29T16:02:42,43,352,0,395
2023-07-29T16:15:11,43,352,0,395
2023-07-29T16:27:41,43,352,0,395
2023-07-29T16:40:10,43,352,0,395
2023-07-29T16:52:39,43,352,0,395
2023-07-29T17:05:18,43,352,0,395
2023-07-29T17:17:49,43,352,0,395
2023-07-29T17:30:19,43,352,0,395
2023-07-29T17:42:48,43,352,0,395
2023-07-29T17:55:19,43,352,0,395
2023-07-29T18:07:49,43,352,0,395
2023-07-29T18:20:19,43,352,0,395
2023-07-29T18:32:48,43,352,0,395
2023-07-29T18:45:18,43,352,0,395
2023-07-29T18:57:47,43,352,0,395
2023-07-29T19:10:19,43,352,0,395
2023-07-29T19:22:48,43,352,0,395
2023-07-29T19:35:19,43,352,0,395
2023-07-29T19:47:49,43,352,0,395
2023-07-29T20:00:18,43,352,0,395
2023-07-29T20:12:47,43,352,0,395
2023-07-29T20:25:27,43,352,0,395
2023-07-29T20:37:58,43,352,0,395
2023-07-29T20:50:27,43,352,0,395
2023-07-29T21:02:57,43,352,0,395
2023-07-29T21:15:27,43,352,0,395
2023-07-29T21:27:58,43,352,0,395
2023-07-29T21:40:27,43,352,0,395
2023-07-29T21:52:57,43,352,0,395
2023-07-29T22:05:27,43,352,0,395
2023-07-29T22:17:57,43,352,0,395
2023-07-29T22:30:27,43,352,0,395
2023-07-29T22:42:56,43,352,0,395
2023-07-29T22:55:26,43,352,0,395
2023-07-29T23:08:06,43,352,0,395
2023-07-29T23:20:36,43,352,0,395
2023-07-29T23:33:05,43,352,0,395
2023-07-29T23:45:36,43,352,0,395
2023-07-29T23:58:06,43,352,0,395
2023-07-30T00:10:37,43,352,0,395
2023-07-30T00:23:12,43,352,0,395
2023-07-30T00:35:45,43,352,0,395
2023-07-30T00:48:18,43,352,0,395
2023-07-30T01:00:52,43,352,0,395
2023-07-30T01:13:23,43,352,0,395
2023-07-30T01:25:56,43,352,0,395
2023-07-30T01:38:30,43,352,0,395
2023-07-30T01:51:01,43,352,0,395
2023-07-30T02:03:36,43,352,0,395
2023-07-30T02:16:28,43,352,0,395
2023-07-30T02:29:02,43,352,0,395
2023-07-30T02:41:37,43,352,0,395
2023-07-30T02:54:20,43,352,0,395
2023-07-30T03:06:52,43,352,0,395
2023-07-30T03:19:25,43,352,0,395
2023-07-30T03:31:58,43,352,0,395
2023-07-30T03:44:32,43,352,0,395
2023-07-30T03:57:06,43,352,0,395
2023-07-30T04:22:12,43,352,0,395
2023-07-30T04:34:47,43,352,0,395
2023-07-30T04:47:22,43,352,0,395
2023-07-30T04:59:55,43,352,0,395
2023-07-30T05:12:30,43,352,0,395
2023-07-30T05:25:03,43,352,0,395
2023-07-30T05:37:37,43,352,0,395
2023-07-30T05:50:11,43,352,0,395
2023-07-30T06:02:45,43,352,0,395
2023-07-30T06:15:17,43,352,0,395
2023-07-30T06:27:51,43,352,0,395
2023-07-30T06:42:01,43,352,0,395
2023-07-30T06:54:33,43,352,0,395
2023-07-30T07:07:05,43,352,0,395
2023-07-30T07:19:35,43,352,0,395
2023-07-30T07:32:05,43,352,0,395
2023-07-30T07:44:36,43,352,0,395
2023-07-30T07:57:06,43,352,0,395
2023-07-30T08:09:36,43,352,0,395
2023-07-30T08:22:06,43,352,0,395
2023-07-30T08:34:39,43,352,0,395
2023-07-30T08:47:21,43,352,0,395
2023-07-30T08:59:50,43,352,0,395
2023-07-30T09:12:20,43,352,0,395
2023-07-30T09:24:50,43,352,0,395
2023-07-30T09:37:19,43,352,0,395
2023-07-30T09:49:53,43,352,0,395
2023-07-30T10:02:22,43,352,0,395
2023-07-30T10:14:52,43,352,0,395
2023-07-30T10:27:22,43,352,0,395
2023-07-30T10:39:52,43,352,0,395
2023-07-30T10:52:22,43,352,0,395
2023-07-30T11:04:51,43,352,0,395
2023-07-30T11:17:21,43,352,0,395
2023-07-30T11:29:51,43,352,0,395
2023-07-30T11:42:21,43,352,0,395
2023-07-30T11:54:52,43,352,0,395
2023-07-30T12:07:32,43,352,0,395
2023-07-30T12:20:02,43,352,0,395
2023-07-30T12:32:32,43,352,0,395
2023-07-30T12:45:02,43,352,0,395
2023-07-30T12:57:31,43,352,0,395
2023-07-30T13:10:02,43,352,0,395
2023-07-30T13:22:32,43,352,0,395
2023-07-30T13:35:02,43,352,0,395
2023-07-30T13:47:32,43,352,0,395
2023-07-30T14:00:02,43,352,0,395
2023-07-30T14:12:32,43,352,0,395
2023-07-30T14:25:02,43,352,0,395
2023-07-30T14:37:32,43,352,0,395
2023-07-30T14:50:12,43,352,0,395
2023-07-30T15:02:41,43,352,0,395
2023-07-30T15:15:11,43,352,0,395
2023-07-30T15:27:41,43,352,0,395
2023-07-30T15:40:10,43,352,0,395
2023-07-30T15:52:40,43,352,0,395
2023-07-30T16:05:10,43,352,0,395
2023-07-30T16:17:41,43,352,0,395
2023-07-30T16:30:12,43,352,0,395
2023-07-30T16:42:43,43,352,0,395
2023-07-30T16:55:13,43,352,0,395
2023-07-30T17:07:44,43,352,0,395
2023-07-30T17:20:15,43,352,0,395
2023-07-30T17:32:44,43,352,0,395
2023-07-30T17:45:14,43,352,0,395
2023-07-30T17:57:53,43,352,0,395
2023-07-30T18:10:22,43,352,0,395
2023-07-30T18:22:52,43,352,0,395
2023-07-30T18:35:21,43,352,0,395
2023-07-30T18:47:50,43,352,0,395
2023-07-30T19:00:21,43,352,0,395
2023-07-30T19:12:53,43,352,0,395
2023-07-30T19:25:24,43,352,0,395
2023-07-30T19:38:05,43,352,0,395
2023-07-30T19:50:34,43,352,0,395
2023-07-30T20:03:03,43,352,0,395
2023-07-30T20:15:33,43,352,0,395
2023-07-30T20:28:02,43,352,0,395
2023-07-30T20:40:32,43,352,0,395
2023-07-30T20:53:01,43,352,0,395
2023-07-30T21:05:31,43,352,0,395
2023-07-30T21:18:01,43,352,0,395
2023-07-30T21:30:31,43,352,0,395
2023-07-30T21:43:01,43,352,0,395
2023-07-30T21:55:31,43,352,0,395
2023-07-30T22:08:00,43,352,0,395
2023-07-30T22:20:40,43,352,0,395
2023-07-30T22:33:10,43,352,0,395
2023-07-30T22:45:40,43,352,0,395
2023-07-30T22:58:10,43,352,0,395
2023-07-30T23:10:41,43,352,0,395
2023-07-30T23:23:11,43,352,0,395
2023-07-30T23:35:42,43,352,0,395
2023-07-30T23:48:12,43,352,0,395
2023-07-31T00:00:42,43,352,0,395
2023-07-31T00:13:23,43,352,0,395
2023-07-31T00:26:08,43,352,0,395
2023-07-31T00:38:57,43,352,0,395
2023-07-31T00:51:48,43,352,0,395
2023-07-31T01:04:22,43,352,0,395
2023-07-31T01:16:53,43,352,0,395
2023-07-31T01:29:27,43,352,0,395
2023-07-31T01:42:00,43,352,0,395
2023-07-31T01:54:33,43,352,0,395
2023-07-31T02:07:15,43,352,0,395
2023-07-31T02:19:50,43,352,0,395
2023-07-31T02:32:23,43,352,0,395
2023-07-31T02:44:56,43,352,0,395
2023-07-31T02:57:27,43,352,0,395
2023-07-31T03:10:00,43,352,0,395
2023-07-31T03:22:34,43,352,0,395
2023-07-31T03:35:07,43,352,0,395
2023-07-31T03:47:41,43,352,0,395
2023-07-31T04:00:15,43,352,0,395
2023-07-31T04:23:22,43,352,0,395
2023-07-31T04:36:01,43,352,0,395
2023-07-31T04:48:35,43,352,0,395
2023-07-31T05:01:09,43,352,0,395
2023-07-31T05:13:45,43,352,0,395
2023-07-31T05:26:18,43,352,0,395
2023-07-31T05:38:52,43,352,0,395
2023-07-31T05:51:27,43,352,0,395
2023-07-31T06:04:00,43,352,0,395
2023-07-31T06:16:33,43,352,0,395
2023-07-31T06:29:13,43,352,0,395
2023-07-31T06:41:49,43,352,0,395
2023-07-31T06:54:21,43,352,0,395
2023-07-31T07:06:54,43,352,0,395
2023-07-31T07:19:24,43,352,0,395
2023-07-31T07:31:54,43,352,0,395
2023-07-31T07:44:24,43,352,0,395
2023-07-31T07:56:55,43,352,0,395
2023-07-31T08:09:25,43,352,0,395
2023-07-31T08:21:55,43,352,0,395
2023-07-31T08:35:23,43,352,0,395
2023-07-31T08:48:17,43,352,0,395
2023-07-31T09:00:46,43,352,0,395
2023-07-31T09:13:16,43,352,0,395
2023-07-31T09:25:46,43,352,0,395
2023-07-31T09:38:15,43,352,0,395
2023-07-31T09:50:53,43,352,0,395
2023-07-31T10:03:22,43,352,0,395
2023-07-31T10:15:51,43,352,0,395
2023-07-31T10:28:22,43,352,0,395
2023-07-31T10:40:52,43,352,0,395
2023-07-31T10:53:33,43,352,0,395
2023-07-31T11:06:52,43,352,0,395
2023-07-31T11:19:35,43,352,0,395
2023-07-31T11:33:55,43,352,0,395
2023-07-31T11:51:33,43,352,0,395
2023-07-31T12:04:04,43,352,0,395
2023-07-31T12:16:33,43,352,0,395
2023-07-31T12:29:14,43,352,0,395
2023-07-31T12:41:44,43,352,0,395
2023-07-31T12:54:14,43,352,0,395
2023-07-31T13:06:44,43,352,0,395
2023-07-31T13:19:14,43,352,0,395
2023-07-31T13:31:43,43,352,0,395
2023-07-31T13:44:13,43,352,0,395
2023-07-31T13:56:43,43,352,0,395
2023-07-31T14:09:12,43,352,0,395
2023-07-31T14:21:53,43,352,0,395
2023-07-31T14:34:24,43,352,0,395
2023-07-31T14:46:53,43,352,0,395
2023-07-31T14:59:26,43,352,0,395
2023-07-31T15:11:59,43,352,0,395
2023-07-31T15:24:32,43,352,0,395
2023-07-31T15:37:05,43,352,0,395
2023-07-31T15:49:40,43,352,0,395
2023-07-31T16:02:26,43,352,0,395
2023-07-31T16:14:59,43,352,0,395
2023-07-31T16:27:33,43,352,0,395
2023-07-31T16:40:06,43,352,0,395
2023-07-31T16:52:41,43,352,0,395
2023-07-31T17:05:14,43,352,0,395
2023-07-31T17:17:49,43,352,0,395
2023-07-31T17:30:23,43,352,0,395
2023-07-31T17:43:07,43,352,0,395
2023-07-31T17:55:41,43,352,0,395
2023-07-31T18:08:15,43,352,0,395
2023-07-31T18:20:50,43,352,0,395
2023-07-31T18:33:25,43,352,0,395
2023-07-31T18:45:59,43,352,0,395
2023-07-31T18:58:33,43,352,0,395
2023-07-31T19:11:08,43,352,0,395
2023-07-31T19:23:44,43,352,0,395
2023-07-31T19:36:17,43,352,0,395
2023-07-31T19:49:01,43,352,0,395
2023-07-31T20:01:36,43,352,0,395
2023-07-31T20:14:09,43,352,0,395
2023-07-31T20:26:43,43,352,0,395
2023-07-31T20:39:16,43,352,0,395
2023-07-31T20:51:50,43,352,0,395
2023-07-31T21:04:24,43,352,0,395
2023-07-31T21:16:58,43,352,0,395
2023-07-31T21:29:31,43,352,0,395
2023-07-31T21:42:05,43,352,0,395
2023-07-31T21:54:49,43,352,0,395
2023-07-31T22:07:23,43,352,0,395
2023-07-31T22:19:56,44,351,0,395
2023-07-31T22:32:29,44,351,0,395
2023-07-31T22:45:03,44,351,0,395
2023-07-31T22:57:36,44,351,0,395
2023-07-31T23:10:12,44,351,0,395
2023-07-31T23:22:47,44,351,0,395
2023-07-31T23:35:22,44,351,0,395
2023-07-31T23:47:56,44,351,0,395
2023-08-01T00:00:41,44,351,0,395
2023-08-01T00:13:17,44,351,0,395
2023-08-01T00:25:56,44,351,0,395
2023-08-01T00:38:35,44,351,0,395
2023-08-01T00:51:13,44,351,0,395
2023-08-01T01:03:51,44,351,0,395
2023-08-01T01:16:27,44,351,0,395
2023-08-01T01:29:05,44,351,0,395
2023-08-01T01:41:44,44,351,0,395
2023-08-01T01:54:21,44,351,0,395
2023-08-01T02:06:59,44,351,0,395
2023-08-01T02:19:38,44,351,0,395
2023-08-01T02:32:14,44,351,0,395
2023-08-01T02:44:51,44,351,0,395
2023-08-01T02:57:26,44,351,0,395
2023-08-01T03:10:02,44,351,0,395
2023-08-01T03:22:38,44,351,0,395
2023-08-01T03:35:14,44,351,0,395
2023-08-01T03:47:52,44,351,0,395
2023-08-01T04:00:40,44,351,0,395
2023-08-01T04:13:17,44,351,0,395
2023-08-01T04:32:35,44,351,0,395
2023-08-01T04:45:14,44,351,0,395
2023-08-01T04:57:52,44,351,0,395
2023-08-01T05:10:29,44,351,0,395
2023-08-01T05:23:02,44,351,0,395
2023-08-01T05:35:35,44,351,0,395
2023-08-01T05:48:14,44,351,0,395
2023-08-01T06:01:08,44,351,0,395
2023-08-01T06:13:48,44,351,0,395
2023-08-01T06:26:25,44,351,0,395
2023-08-01T06:39:01,44,351,0,395
2023-08-01T06:51:38,44,351,0,395
2023-08-01T07:04:16,44,351,0,395
2023-08-01T07:16:52,44,351,0,395
2023-08-01T07:29:28,44,351,0,395
2023-08-01T07:42:03,44,351,0,395
2023-08-01T07:54:37,44,351,0,395
2023-08-01T08:07:12,44,351,0,395
2023-08-01T08:19:48,44,351,0,395
2023-08-01T08:32:25,44,351,0,395
2023-08-01T08:45:00,44,351,0,395
2023-08-01T08:57:47,44,351,0,395
2023-08-01T09:10:21,44,351,0,395
2023-08-01T09:22:58,44,351,0,395
2023-08-01T09:35:34,44,351,0,395
2023-08-01T09:48:10,44,351,0,395
2023-08-01T10:00:45,44,351,0,395
2023-08-01T10:13:21,44,351,0,395
2023-08-01T10:25:57,44,351,0,395
2023-08-01T10:38:33,44,351,0,395
2023-08-01T10:51:09,44,351,0,395
2023-08-01T11:03:43,44,351,0,395
2023-08-01T11:16:18,44,351,0,395
2023-08-01T11:29:04,44,351,0,395
2023-08-01T11:41:40,44,351,0,395
2023-08-01T11:54:15,44,351,0,395
2023-08-01T12:06:49,44,351,0,395
2023-08-01T12:19:23,44,351,0,395
2023-08-01T12:31:57,44,351,0,395
2023-08-01T12:44:32,44,351,0,395
2023-08-01T12:57:06,44,351,0,395
2023-08-01T13:09:47,44,351,0,395
2023-08-01T13:22:31,44,351,0,395
2023-08-01T13:35:05,44,351,0,395
2023-08-01T13:47:39,44,351,0,395
2023-08-01T14:00:14,44,351,0,395
2023-08-01T14:12:49,44,351,0,395
2023-08-01T14:25:23,44,351,0,395
2023-08-01T14:37:58,44,351,0,395
2023-08-01T14:50:34,44,351,0,395
2023-08-01T15:03:09,44,351,0,395
2023-08-01T15:15:43,44,351,0,395
2023-08-01T15:28:17,44,351,0,395
2023-08-01T15:41:02,44,351,0,395
2023-08-01T15:53:36,44,351,0,395
2023-08-01T16:06:10,44,351,0,395
2023-08-01T16:18:45,44,351,0,395
2023-08-01T16:31:19,44,351,0,395
2023-08-01T16:43:54,44,351,0,395
2023-08-01T16:56:28,44,351,0,395
2023-08-01T17:09:03,44,351,0,395
2023-08-01T17:21:40,44,351,0,395
2023-08-01T17:34:15,44,351,0,395
2023-08-01T17:46:50,44,351,0,395
2023-08-01T17:59:34,44,351,0,395
2023-08-01T18:12:08,44,351,0,395
2023-08-01T18:24:43,44,351,0,395
2023-08-01T18:37:18,44,351,0,395
2023-08-01T18:49:52,44,351,0,395
2023-08-01T19:02:27,44,351,0,395
2023-08-01T19:15:02,44,351,0,395
2023-08-01T19:27:36,44,351,0,395
2023-08-01T19:40:10,44,351,0,395
2023-08-01T19:52:45,44,351,0,395
2023-08-01T20:05:19,44,351,0,395
2023-08-01T20:17:56,44,351,0,395
2023-08-01T20:30:31,44,351,0,395
2023-08-01T20:43:15,44,351,0,395
2023-08-01T20:55:50,44,351,0,395
2023-08-01T21:08:24,44,351,0,395
2023-08-01T21:20:58,44,351,0,395
2023-08-01T21:33:34,44,351,0,395
2023-08-01T21:46:09,44,351,0,395
2023-08-01T21:58:43,44,351,0,395
2023-08-01T22:11:17,44,351,0,395
2023-08-01T22:23:52,44,351,0,395
2023-08-01T22:36:27,44,351,0,395
2023-08-01T22:49:01,44,351,0,395
2023-08-01T23:01:36,44,351,0,395
2023-08-01T23:14:12,44,351,0,395
2023-08-01T23:26:58,44,351,0,395
2023-08-01T23:39:33,44,351,0,395
2023-08-01T23:52:07,44,351,0,395
2023-08-02T00:04:42,44,351,0,395
2023-08-02T00:17:22,44,351,0,395
2023-08-02T00:29:59,44,351,0,395
2023-08-02T00:42:38,44,351,0,395
2023-08-02T00:55:15,44,351,0,395
2023-08-02T01:07:55,44,351,0,395
2023-08-02T01:20:33,44,351,0,395
2023-08-02T01:33:11,44,351,0,395
2023-08-02T01:45:50,44,351,0,395
2023-08-02T01:58:32,44,351,0,395
2023-08-02T02:11:10,44,351,0,395
2023-08-02T02:23:47,44,351,0,395
2023-08-02T02:36:25,44,351,0,395
2023-08-02T02:49:02,44,351,0,395
2023-08-02T03:01:40,44,351,0,395
2023-08-02T03:14:18,44,351,0,395
2023-08-02T03:26:56,44,351,0,395
2023-08-02T03:39:34,44,351,0,395
2023-08-02T03:52:12,44,351,0,395
2023-08-02T04:04:59,44,351,0,395
2023-08-02T04:29:58,44,351,0,395
2023-08-02T04:42:38,44,351,0,395
2023-08-02T04:55:34,44,351,0,395
2023-08-02T05:08:13,44,351,0,395
2023-08-02T05:21:12,44,351,0,395
2023-08-02T05:33:50,44,351,0,395
2023-08-02T05:46:28,44,351,0,395
2023-08-02T05:59:04,44,351,0,395
2023-08-02T06:11:41,44,351,0,395
2023-08-02T06:24:20,44,351,0,395
2023-08-02T06:36:58,44,351,0,395
2023-08-02T06:49:36,44,351,0,395
2023-08-02T07:02:23,44,351,0,395
2023-08-02T07:15:02,44,351,0,395
2023-08-02T07:27:39,44,351,0,395
2023-08-02T07:40:17,44,351,0,395
2023-08-02T07:52:55,44,351,0,395
2023-08-02T08:05:34,44,351,0,395
2023-08-02T08:18:11,44,351,0,395
2023-08-02T08:30:47,44,351,0,395
2023-08-02T08:43:26,44,351,0,395
2023-08-02T08:56:04,44,351,0,395
2023-08-02T09:08:41,44,351,0,395
2023-08-02T09:21:17,44,351,0,395
2023-08-02T09:33:54,44,351,0,395
2023-08-02T09:46:41,43,352,0,395
2023-08-02T09:59:22,43,352,0,395
2023-08-02T10:11:59,43,352,0,395
2023-08-02T10:24:35,43,352,0,395
2023-08-02T10:37:10,43,352,0,395
2023-08-02T10:49:45,43,352,0,395
2023-08-02T11:02:20,43,352,0,395
2023-08-02T11:14:57,43,352,0,395
2023-08-02T11:27:48,43,352,0,395
2023-08-02T11:40:23,43,352,0,395
2023-08-02T11:52:59,43,352,0,395
2023-08-02T12:05:34,43,352,0,395
2023-08-02T12:18:10,43,352,0,395
2023-08-02T12:30:45,43,352,0,395
2023-08-02T12:43:21,43,352,0,395
2023-08-02T12:56:05,43,352,0,395
2023-08-02T13:08:41,43,352,0,395
2023-08-02T13:21:16,43,352,0,395
2023-08-02T13:33:52,43,352,0,395
2023-08-02T13:46:28,43,352,0,395
2023-08-02T13:59:03,43,352,0,395
2023-08-02T14:11:39,43,352,0,395
2023-08-02T14:24:40,43,352,0,395
2023-08-02T14:37:15,43,352,0,395
2023-08-02T14:49:51,43,352,0,395
2023-08-02T15:02:26,43,352,0,395
2023-08-02T15:15:02,43,352,0,395
2023-08-02T15:27:38,43,352,0,395
2023-08-02T15:40:15,43,352,0,395
2023-08-02T15:52:50,43,352,0,395
2023-08-02T16:05:34,43,352,0,395
2023-08-02T16:18:09,43,352,0,395
2023-08-02T16:30:46,43,352,0,395
2023-08-02T16:43:21,43,352,0,395
2023-08-02T16:55:57,43,352,0,395
2023-08-02T17:08:32,43,352,0,395
2023-08-02T17:21:08,43,352,0,395
2023-08-02T17:33:44,43,352,0,395
2023-08-02T17:46:19,43,352,0,395
2023-08-02T17:59:04,43,352,0,395
2023-08-02T18:11:40,43,352,0,395
2023-08-02T18:24:16,43,352,0,395
2023-08-02T18:36:51,43,352,0,395
2023-08-02T18:49:25,43,352,0,395
2023-08-02T19:02:01,43,352,0,395
2023-08-02T19:14:38,43,352,0,395
2023-08-02T19:27:22,43,352,0,395
2023-08-02T19:39:58,43,352,0,395
2023-08-02T19:52:33,43,352,0,395
2023-08-02T20:05:09,43,352,0,395
2023-08-02T20:17:44,43,352,0,395
2023-08-02T20:30:19,43,352,0,395
2023-08-02T20:42:54,43,352,0,395
2023-08-02T20:55:29,43,352,0,395
2023-08-02T21:08:15,43,352,0,395
2023-08-02T21:20:49,43,352,0,395
2023-08-02T21:33:24,43,352,0,395
2023-08-02T21:46:00,43,352,0,395
2023-08-02T21:58:36,43,352,0,395
2023-08-02T22:11:11,43,352,0,395
2023-08-02T22:23:46,43,352,0,395
2023-08-02T22:36:22,43,352,0,395
2023-08-02T22:48:57,43,352,0,395
2023-08-02T23:01:33,43,352,0,395
2023-08-02T23:14:21,43,352,0,395
2023-08-02T23:26:57,43,352,0,395
2023-08-02T23:39:33,43,352,0,395
2023-08-02T23:52:09,43,352,0,395
2023-08-03T00:04:45,43,352,0,395
2023-08-03T00:17:28,43,352,0,395
2023-08-03T00:30:08,43,352,0,395
2023-08-03T00:42:49,43,352,0,395
2023-08-03T00:55:28,43,352,0,395
2023-08-03T01:08:10,43,352,0,395
2023-08-03T01:20:49,43,352,0,395
2023-08-03T01:33:29,43,352,0,395
2023-08-03T01:46:08,43,352,0,395
2023-08-03T01:58:51,43,352,0,395
2023-08-03T02:11:28,43,352,0,395
2023-08-03T02:24:14,43,352,0,395
2023-08-03T02:36:51,43,352,0,395
2023-08-03T02:49:27,43,352,0,395
2023-08-03T03:02:02,43,352,0,395
2023-08-03T03:14:40,43,352,0,395
2023-08-03T03:27:17,43,352,0,395
2023-08-03T03:39:55,43,352,0,395
2023-08-03T03:52:33,43,352,0,395
2023-08-03T04:05:11,43,352,0,395
2023-08-03T04:27:11,43,352,0,395
2023-08-03T04:39:51,43,352,0,395
2023-08-03T04:52:31,43,352,0,395
2023-08-03T05:05:10,43,352,0,395
2023-08-03T05:17:45,43,352,0,395
2023-08-03T05:30:24,43,352,0,395
2023-08-03T05:43:19,43,352,0,395
2023-08-03T05:56:00,43,352,0,395
2023-08-03T06:08:39,43,352,0,395
2023-08-03T06:21:17,43,352,0,395
2023-08-03T06:33:56,43,352,0,395
2023-08-03T06:46:34,43,352,0,395
2023-08-03T06:59:13,43,352,0,395
2023-08-03T07:11:52,43,352,0,395
2023-08-03T07:24:29,43,352,0,395
2023-08-03T07:37:05,43,352,0,395
2023-08-03T07:49:41,43,352,0,395
2023-08-03T08:02:18,43,352,0,395
2023-08-03T08:15:11,43,352,0,395
2023-08-03T08:27:48,43,352,0,395
2023-08-03T08:40:27,43,352,0,395
2023-08-03T08:53:03,43,352,0,395
2023-08-03T09:05:41,43,352,0,395
2023-08-03T09:18:18,43,352,0,395
2023-08-03T09:30:55,43,352,0,395
2023-08-03T09:43:33,43,352,0,395
2023-08-03T09:56:11,43,352,0,395
2023-08-03T10:08:50,43,352,0,395
2023-08-03T10:21:37,43,352,0,395
2023-08-03T10:34:13,43,352,0,395
2023-08-03T10:46:50,43,352,0,395
2023-08-03T10:59:26,43,352,0,395
2023-08-03T11:12:03,43,352,0,395
2023-08-03T11:24:39,43,352,0,395
2023-08-03T11:37:16,43,352,0,395
2023-08-03T11:49:52,43,352,0,395
2023-08-03T12:02:48,43,352,0,395
2023-08-03T12:15:25,43,352,0,395
2023-08-03T12:28:01,43,352,0,395
2023-08-03T12:40:37,43,352,0,395
2023-08-03T12:53:13,43,352,0,395
2023-08-03T13:05:48,43,352,0,395
2023-08-03T13:18:24,43,352,0,395
2023-08-03T13:31:00,43,352,0,395
2023-08-03T13:43:37,43,352,0,395
2023-08-03T13:56:13,43,352,0,395
2023-08-03T14:09:07,43,352,0,395
2023-08-03T14:21:44,43,352,0,395
2023-08-03T14:34:21,43,352,0,395
2023-08-03T14:46:56,43,352,0,395
2023-08-03T14:59:33,43,352,0,395
2023-08-03T15:12:09,43,352,0,395
2023-08-03T15:24:45,43,352,0,395
2023-08-03T15:37:31,43,352,0,395
2023-08-03T15:50:07,43,352,0,395
2023-08-03T16:02:43,43,352,0,395
2023-08-03T16:15:19,43,352,0,395
2023-08-03T16:27:54,43,352,0,395
2023-08-03T16:40:31,43,352,0,395
2023-08-03T16:53:08,43,352,0,395
2023-08-03T17:05:57,43,352,0,395
2023-08-03T17:18:34,43,352,0,395
2023-08-03T17:31:10,43,352,0,395
2023-08-03T17:43:47,43,352,0,395
2023-08-03T17:56:24,43,352,0,395
2023-08-03T18:09:00,43,352,0,395
2023-08-03T18:21:36,43,352,0,395
2023-08-03T18:34:22,43,352,0,395
2023-08-03T18:46:58,43,352,0,395
2023-08-03T18:59:33,43,352,0,395
2023-08-03T19:12:10,43,352,0,395
2023-08-03T19:24:47,43,352,0,395
2023-08-03T19:37:24,43,352,0,395
2023-08-03T19:50:10,43,352,0,395
2023-08-03T20:02:46,43,352,0,395
2023-08-03T20:15:22,43,352,0,395
2023-08-03T20:27:58,43,352,0,395
2023-08-03T20:40:34,43,352,0,395
2023-08-03T20:53:29,43,352,0,395
2023-08-03T21:06:06,43,352,0,395
2023-08-03T21:18:43,43,352,0,395
2023-08-03T21:31:19,43,352,0,395
2023-08-03T21:43:55,43,352,0,395
2023-08-03T21:56:41,43,352,0,395
2023-08-03T22:09:17,43,352,0,395
2023-08-03T22:21:53,43,352,0,395
2023-08-03T22:34:29,43,352,0,395
2023-08-03T22:47:05,43,352,0,395
2023-08-03T22:59:41,43,352,0,395
2023-08-03T23:12:19,43,352,0,395
2023-08-03T23:24:56,43,352,0,395
2023-08-03T23:37:32,43,352,0,395
2023-08-04T00:05:58,43,352,0,395
2023-08-04T00:18:40,43,352,0,395
2023-08-04T00:31:20,43,352,0,395
2023-08-04T00:44:00,43,352,0,395
2023-08-04T00:56:41,43,352,0,395
2023-08-04T01:09:21,43,352,0,395
2023-08-04T01:22:01,43,352,0,395
2023-08-04T01:35:15,43,352,0,395
2023-08-04T01:48:13,43,352,0,395
2023-08-04T02:01:02,43,352,0,395
2023-08-04T02:13:39,43,352,0,395
2023-08-04T02:26:34,43,352,0,395
2023-08-04T02:39:11,43,352,0,395
2023-08-04T02:51:47,43,352,0,395
2023-08-04T03:04:22,43,352,0,395
2023-08-04T03:16:58,43,352,0,395
2023-08-04T03:29:33,43,352,0,395
2023-08-04T03:42:09,43,352,0,395
2023-08-04T03:54:54,43,352,0,395
2023-08-04T04:07:30,43,352,0,395
2023-08-04T04:32:58,43,352,0,395
2023-08-04T04:45:35,43,352,0,395
2023-08-04T04:58:12,43,352,0,395
2023-08-04T05:10:50,43,352,0,395
2023-08-04T05:23:28,43,352,0,395
2023-08-04T05:36:09,43,352,0,395
2023-08-04T05:49:01,43,352,0,395
2023-08-04T06:01:41,43,352,0,395
2023-08-04T06:14:24,43,352,0,395
2023-08-04T06:27:04,43,352,0,395
2023-08-04T06:39:45,43,352,0,395
2023-08-04T06:52:25,43,352,0,395
2023-08-04T07:05:05,43,352,0,395
2023-08-04T07:17:45,43,352,0,395
2023-08-04T07:30:38,43,352,0,395
2023-08-04T07:43:16,43,352,0,395
2023-08-04T07:55:56,43,352,0,395
2023-08-04T08:08:35,43,352,0,395
2023-08-04T08:21:13,43,352,0,395
2023-08-04T08:33:52,43,352,0,395
2023-08-04T08:46:31,43,352,0,395
2023-08-04T08:59:09,43,352,0,395
2023-08-04T09:11:46,43,352,0,395
2023-08-04T09:24:24,43,352,0,395
2023-08-04T09:37:02,43,352,0,395
2023-08-04T09:49:39,43,352,0,395
2023-08-04T10:02:17,43,352,0,395
2023-08-04T10:14:55,43,352,0,395
2023-08-04T10:27:32,43,352,0,395
2023-08-04T10:40:10,43,352,0,395
2023-08-04T10:52:58,43,352,0,395
2023-08-04T11:05:36,43,352,0,395
2023-08-04T11:18:14,43,352,0,395
2023-08-04T11:30:50,43,352,0,395
2023-08-04T11:43:27,43,352,0,395
2023-08-04T11:56:03,43,352,0,395
2023-08-04T12:08:39,43,352,0,395
2023-08-04T12:21:15,43,352,0,395
2023-08-04T12:34:11,43,352,0,395
2023-08-04T12:46:49,43,352,0,395
2023-08-04T12:59:25,43,352,0,395
2023-08-04T13:12:00,43,352,0,395
2023-08-04T13:24:36,43,352,0,395
2023-08-04T13:37:13,43,352,0,395
2023-08-04T13:49:51,43,352,0,395
2023-08-04T14:02:26,43,352,0,395
2023-08-04T14:15:03,43,352,0,395
2023-08-04T14:27:39,43,352,0,395
2023-08-04T14:40:28,43,352,0,395
2023-08-04T14:53:04,43,352,0,395
2023-08-04T15:05:40,43,352,0,395
2023-08-04T15:18:34,43,352,0,395
2023-08-04T15:31:19,43,352,0,395
2023-08-04T15:43:55,43,352,0,395
2023-08-04T15:56:30,43,352,0,395
2023-08-04T16:09:06,43,352,0,395
2023-08-04T16:21:43,43,352,0,395
2023-08-04T16:34:29,43,352,0,395
2023-08-04T16:47:05,43,352,0,395
2023-08-04T16:59:40,43,352,0,395
2023-08-04T17:12:17,43,352,0,395
2023-08-04T17:24:54,43,352,0,395
2023-08-04T17:37:29,43,352,0,395
2023-08-04T17:50:04,43,352,0,395
2023-08-04T18:02:40,43,352,0,395
2023-08-04T18:15:16,43,352,0,395
2023-08-04T18:27:51,43,352,0,395
2023-08-04T18:40:46,43,352,0,395
2023-08-04T18:53:20,43,352,0,395
2023-08-04T19:05:56,43,352,0,395
2023-08-04T19:18:32,43,352,0,395
2023-08-04T19:31:07,43,352,0,395
2023-08-04T19:43:43,43,352,0,395
2023-08-04T19:56:18,43,352,0,395
2023-08-04T20:08:55,43,352,0,395
2023-08-04T20:21:31,43,352,0,395
2023-08-04T20:34:06,43,352,0,395
2023-08-04T20:46:41,43,352,0,395
2023-08-04T20:59:29,43,352,0,395
2023-08-04T21:12:04,43,352,0,395
2023-08-04T21:24:40,43,352,0,395
2023-08-04T21:37:16,43,352,0,395
2023-08-04T21:49:51,43,352,0,395
2023-08-04T22:02:27,43,352,0,395
2023-08-04T22:15:02,43,352,0,395
2023-08-04T22:27:37,43,352,0,395
2023-08-04T22:40:14,43,352,0,395
2023-08-04T22:52:49,43,352,0,395
2023-08-04T23:05:27,43,352,0,395
2023-08-04T23:18:04,43,352,0,395
2023-08-04T23:30:39,43,352,0,395
2023-08-04T23:43:25,43,352,0,395
2023-08-04T23:56:01,43,352,0,395
2023-08-05T00:08:41,43,352,0,395
2023-08-05T00:21:24,43,352,0,395
2023-08-05T00:34:03,43,352,0,395
2023-08-05T00:46:43,43,352,0,395
2023-08-05T00:59:24,43,352,0,395
2023-08-05T01:12:04,43,352,0,395
2023-08-05T01:24:43,43,352,0,395
2023-08-05T01:37:23,43,352,0,395
2023-08-05T01:50:05,43,352,0,395
2023-08-05T02:02:45,43,352,0,395
2023-08-05T02:15:23,43,352,0,395
2023-08-05T02:27:59,43,352,0,395
2023-08-05T02:40:40,43,352,0,395
2023-08-05T02:53:35,43,352,0,395
2023-08-05T03:06:11,43,352,0,395
2023-08-05T03:18:48,43,352,0,395
2023-08-05T03:31:27,43,352,0,395
2023-08-05T03:44:04,43,352,0,395
2023-08-05T03:56:43,43,352,0,395
2023-08-05T04:09:22,43,352,0,395
2023-08-05T04:30:31,43,352,0,395
2023-08-05T04:43:12,43,352,0,395
2023-08-05T04:55:51,43,352,0,395
2023-08-05T05:08:29,43,352,0,395
2023-08-05T05:21:04,43,352,0,395
2023-08-05T05:33:40,43,352,0,395
2023-08-05T05:46:40,43,352,0,395
2023-08-05T05:59:20,43,352,0,395
2023-08-05T06:12:00,43,352,0,395
2023-08-05T06:24:39,43,352,0,395
2023-08-05T06:37:18,43,352,0,395
2023-08-05T06:49:57,43,352,0,395
2023-08-05T07:02:36,43,352,0,395
2023-08-05T07:15:15,43,352,0,395
2023-08-05T07:27:53,43,352,0,395
2023-08-05T07:40:34,43,352,0,395
2023-08-05T07:53:12,43,352,0,395
2023-08-05T08:05:52,43,352,0,395
2023-08-05T08:18:32,43,352,0,395
2023-08-05T08:31:19,43,352,0,395
2023-08-05T08:43:58,43,352,0,395
2023-08-05T08:56:37,43,352,0,395
2023-08-05T09:09:15,43,352,0,395
2023-08-05T09:21:54,43,352,0,395
2023-08-05T09:34:32,43,352,0,395
2023-08-05T09:47:11,43,352,0,395
2023-08-05T09:59:49,43,352,0,395
2023-08-05T10:12:28,43,352,0,395
2023-08-05T10:25:07,43,352,0,395
2023-08-05T10:37:45,43,352,0,395
2023-08-05T10:50:34,43,352,0,395
2023-08-05T11:03:12,43,352,0,395
2023-08-05T11:15:51,43,352,0,395
2023-08-05T11:28:29,43,352,0,395
2023-08-05T11:41:06,43,352,0,395
2023-08-05T11:53:43,43,352,0,395
2023-08-05T12:06:21,43,352,0,395
2023-08-05T12:18:58,43,352,0,395
2023-08-05T12:31:40,43,352,0,395
2023-08-05T12:44:16,43,352,0,395
2023-08-05T12:56:51,43,352,0,395
2023-08-05T13:09:25,43,352,0,395
2023-08-05T13:22:01,43,352,0,395
2023-08-05T13:34:46,43,352,0,395
2023-08-05T13:47:21,43,352,0,395
2023-08-05T13:59:56,43,352,0,395
2023-08-05T14:12:31,43,352,0,395
2023-08-05T14:25:07,43,352,0,395
2023-08-05T14:37:42,43,352,0,395
2023-08-05T14:50:19,43,352,0,395
2023-08-05T15:02:54,43,352,0,395
2023-08-05T15:15:29,43,352,0,395
2023-08-05T15:28:04,43,352,0,395
2023-08-05T15:40:40,43,352,0,395
2023-08-05T15:53:16,43,352,0,395
2023-08-05T16:05:50,43,352,0,395
2023-08-05T16:18:34,43,352,0,395
2023-08-05T16:31:10,43,352,0,395
2023-08-05T16:43:45,43,352,0,395
2023-08-05T16:56:20,43,352,0,395
2023-08-05T17:08:56,43,352,0,395
2023-08-05T17:21:33,43,352,0,395
2023-08-05T17:34:08,43,352,0,395
2023-08-05T17:46:43,43,352,0,395
2023-08-05T17:59:18,43,352,0,395
2023-08-05T18:11:54,43,352,0,395
2023-08-05T18:24:29,43,352,0,395
2023-08-05T18:37:04,43,352,0,395
2023-08-05T18:49:40,43,352,0,395
2023-08-05T19:02:27,43,352,0,395
2023-08-05T19:15:02,43,352,0,395
2023-08-05T19:27:38,43,352,0,395
2023-08-05T19:40:13,43,352,0,395
2023-08-05T19:52:49,43,352,0,395
2023-08-05T20:05:23,43,352,0,395
2023-08-05T20:17:58,43,352,0,395
2023-08-05T20:30:34,43,352,0,395
2023-08-05T20:43:09,43,352,0,395
2023-08-05T20:55:44,43,352,0,395
2023-08-05T21:08:20,43,352,0,395
2023-08-05T21:20:55,43,352,0,395
2023-08-05T21:33:30,43,352,0,395
2023-08-05T21:46:05,43,352,0,395
2023-08-05T21:58:40,43,352,0,395
2023-08-05T22:11:26,43,352,0,395
2023-08-05T22:24:02,43,352,0,395
2023-08-05T22:36:37,43,352,0,395
2023-08-05T22:49:12,43,352,0,395
2023-08-05T23:01:48,43,352,0,395
2023-08-05T23:14:27,43,352,0,395
2023-08-05T23:27:02,43,352,0,395
2023-08-05T23:39:38,43,352,0,395
2023-08-05T23:52:13,43,352,0,395
2023-08-06T00:04:49,43,352,0,395
2023-08-06T00:17:28,43,352,0,395
2023-08-06T00:30:06,43,352,0,395
2023-08-06T00:42:44,43,352,0,395
2023-08-06T00:55:22,43,352,0,395
2023-08-06T01:08:02,43,352,0,395
2023-08-06T01:20:44,43,352,0,395
2023-08-06T01:33:24,43,352,0,395
2023-08-06T01:46:05,43,352,0,395
2023-08-06T01:58:56,43,352,0,395
2023-08-06T02:11:45,43,352,0,395
2023-08-06T02:24:25,43,352,0,395
2023-08-06T02:37:06,43,352,0,395
2023-08-06T02:49:45,43,352,0,395
2023-08-06T03:02:23,43,352,0,395
2023-08-06T03:15:02,43,352,0,395
2023-08-06T03:27:41,43,352,0,395
2023-08-06T03:40:21,43,352,0,395
2023-08-06T03:53:00,43,352,0,395
2023-08-06T04:05:39,43,352,0,395
2023-08-06T04:18:19,43,352,0,395
2023-08-06T04:36:17,43,352,0,395
2023-08-06T04:48:58,43,352,0,395
2023-08-06T05:01:38,43,352,0,395
2023-08-06T05:14:22,43,352,0,395
2023-08-06T05:27:01,43,352,0,395
2023-08-06T05:39:40,43,352,0,395
2023-08-06T05:52:21,43,352,0,395
2023-08-06T06:05:00,43,352,0,395
2023-08-06T06:17:39,43,352,0,395
2023-08-06T06:30:18,43,352,0,395
2023-08-06T06:42:57,43,352,0,395
2023-08-06T06:55:36,43,352,0,395
2023-08-06T07:08:13,43,352,0,395
2023-08-06T07:20:49,43,352,0,395
2023-08-06T07:33:25,43,352,0,395
2023-08-06T07:46:02,43,352,0,395
2023-08-06T07:58:40,43,352,0,395
2023-08-06T08:11:21,43,352,0,395
2023-08-06T08:23:57,43,352,0,395
2023-08-06T08:36:35,43,352,0,395
2023-08-06T08:49:10,43,352,0,395
2023-08-06T09:01:49,43,352,0,395
2023-08-06T09:14:25,43,352,0,395
2023-08-06T09:27:01,43,352,0,395
2023-08-06T09:39:41,43,352,0,395
2023-08-06T09:52:17,43,352,0,395
2023-08-06T10:05:04,43,352,0,395
2023-08-06T10:17:42,43,352,0,395
2023-08-06T10:30:18,43,352,0,395
2023-08-06T10:42:54,43,352,0,395
2023-08-06T10:55:31,43,352,0,395
2023-08-06T11:08:10,43,352,0,395
2023-08-06T11:20:47,43,352,0,395
2023-08-06T11:33:24,43,352,0,395
2023-08-06T11:46:02,43,352,0,395
2023-08-06T11:58:39,43,352,0,395
2023-08-06T12:11:17,43,352,0,395
2023-08-06T12:23:52,43,352,0,395
2023-08-06T12:36:29,43,352,0,395
2023-08-06T12:49:04,43,352,0,395
2023-08-06T13:01:57,43,352,0,395
2023-08-06T13:14:32,43,352,0,395
2023-08-06T13:27:07,43,352,0,395
2023-08-06T13:39:43,43,352,0,395
2023-08-06T13:52:18,43,352,0,395
2023-08-06T14:04:53,43,352,0,395
2023-08-06T14:17:28,43,352,0,395
2023-08-06T14:30:03,43,352,0,395
2023-08-06T14:42:39,43,352,0,395
2023-08-06T14:55:14,43,352,0,395
2023-08-06T15:07:47,43,352,0,395
2023-08-06T15:20:22,43,352,0,395
2023-08-06T15:33:07,43,352,0,395
2023-08-06T15:45:43,43,352,0,395
2023-08-06T15:58:19,43,352,0,395
2023-08-06T16:10:55,43,352,0,395
2023-08-06T16:23:32,43,352,0,395
2023-08-06T16:36:09,43,352,0,395
2023-08-06T16:48:44,43,352,0,395
2023-08-06T17:01:19,43,352,0,395
2023-08-06T17:13:55,43,352,0,395
2023-08-06T17:26:31,43,352,0,395
2023-08-06T17:39:07,43,352,0,395
2023-08-06T17:51:42,43,352,0,395
2023-08-06T18:04:18,43,352,0,395
2023-08-06T18:17:05,43,352,0,395
2023-08-06T18:29:40,43,352,0,395
2023-08-06T18:42:16,43,352,0,395
2023-08-06T18:54:52,43,352,0,395
2023-08-06T19:07:30,43,352,0,395
2023-08-06T19:20:09,43,352,0,395
2023-08-06T19:32:44,43,352,0,395
2023-08-06T19:45:20,43,352,0,395
2023-08-06T19:57:55,43,352,0,395
2023-08-06T20:10:30,43,352,0,395
2023-08-06T20:23:07,43,352,0,395
2023-08-06T20:35:53,43,352,0,395
2023-08-06T20:48:28,43,352,0,395
2023-08-06T21:01:03,43,352,0,395
2023-08-06T21:13:39,43,352,0,395
2023-08-06T21:26:15,43,352,0,395
2023-08-06T21:38:51,43,352,0,395
2023-08-06T21:51:28,43,352,0,395
2023-08-06T22:04:04,43,352,0,395
2023-08-06T22:16:50,43,352,0,395
2023-08-06T22:29:26,43,352,0,395
2023-08-06T22:42:02,43,352,0,395
2023-08-06T22:54:38,43,352,0,395
2023-08-06T23:07:16,43,352,0,395
2023-08-06T23:19:52,43,352,0,395
2023-08-06T23:32:29,43,352,0,395
2023-08-06T23:45:08,43,352,0,395
2023-08-06T23:57:44,43,352,0,395
2023-08-07T00:10:33,43,352,0,395
2023-08-07T00:23:23,43,352,0,395
2023-08-07T00:36:07,43,352,0,395
2023-08-07T00:48:50,43,352,0,395
2023-08-07T01:01:28,43,352,0,395
2023-08-07T01:14:05,43,352,0,395
2023-08-07T01:26:45,43,352,0,395
2023-08-07T01:39:27,43,352,0,395
2023-08-07T01:52:07,43,352,0,395
2023-08-07T02:04:48,43,352,0,395
2023-08-07T02:17:28,43,352,0,395
2023-08-07T02:30:08,43,352,0,395
2023-08-07T02:43:05,43,352,0,395
2023-08-07T02:55:44,43,352,0,395
2023-08-07T03:08:22,43,352,0,395
2023-08-07T03:21:01,43,352,0,395
2023-08-07T03:33:41,43,352,0,395
2023-08-07T03:46:20,43,352,0,395
2023-08-07T03:58:59,43,352,0,395
2023-08-07T04:11:39,43,352,0,395
2023-08-07T04:36:36,43,352,0,395
2023-08-07T04:49:18,43,352,0,395
2023-08-07T05:01:58,43,352,0,395
2023-08-07T05:14:38,43,352,0,395
2023-08-07T05:27:17,43,352,0,395
2023-08-07T05:39:57,43,352,0,395
2023-08-07T05:52:38,43,352,0,395
2023-08-07T06:05:16,43,352,0,395
2023-08-07T06:17:54,43,352,0,395
2023-08-07T06:30:34,43,352,0,395
2023-08-07T06:43:16,43,352,0,395
2023-08-07T06:55:54,43,352,0,395
2023-08-07T07:08:33,43,352,0,395
2023-08-07T07:21:08,43,352,0,395
2023-08-07T07:33:44,43,352,0,395
2023-08-07T07:46:19,43,352,0,395
2023-08-07T07:58:55,43,352,0,395
2023-08-07T08:11:30,43,352,0,395
2023-08-07T08:24:16,43,352,0,395
2023-08-07T08:36:53,43,352,0,395
2023-08-07T08:49:29,43,352,0,395
2023-08-07T09:02:04,43,352,0,395
2023-08-07T09:14:39,43,352,0,395
2023-08-07T09:27:15,43,352,0,395
2023-08-07T09:39:52,43,352,0,395
2023-08-07T09:52:28,43,352,0,395
2023-08-07T10:05:16,43,352,0,395
2023-08-07T10:17:52,43,352,0,395
2023-08-07T10:30:27,43,352,0,395
2023-08-07T10:43:03,43,352,0,395
2023-08-07T10:55:39,43,352,0,395
2023-08-07T11:08:26,43,352,0,395
2023-08-07T11:21:02,43,352,0,395
2023-08-07T11:33:38,43,352,0,395
2023-08-07T11:46:14,43,352,0,395
2023-08-07T11:58:49,43,352,0,395
2023-08-07T12:11:25,43,352,0,395
2023-08-07T12:24:10,43,352,0,395
2023-08-07T12:36:45,43,352,0,395
2023-08-07T12:49:22,43,352,0,395
2023-08-07T13:01:59,43,352,0,395
2023-08-07T13:14:35,43,352,0,395
2023-08-07T13:27:21,43,352,0,395
2023-08-07T13:39:56,43,352,0,395
2023-08-07T13:52:31,43,352,0,395
2023-08-07T14:05:07,43,352,0,395
2023-08-07T14:17:42,43,352,0,395
2023-08-07T14:30:18,43,352,0,395
2023-08-07T14:42:54,43,352,0,395
2023-08-07T14:55:40,43,352,0,395
2023-08-07T15:08:16,43,352,0,395
2023-08-07T15:20:52,43,352,0,395
2023-08-07T15:33:28,43,352,0,395
2023-08-07T15:46:04,43,352,0,395
2023-08-07T15:58:41,43,352,0,395
2023-08-07T16:11:18,43,352,0,395
2023-08-07T16:24:04,43,352,0,395
2023-08-07T16:36:41,43,352,0,395
2023-08-07T16:49:18,43,352,0,395
2023-08-07T17:01:56,43,352,0,395
2023-08-07T17:14:33,43,352,0,395
2023-08-07T17:27:10,43,352,0,395
2023-08-07T17:39:47,43,352,0,395
2023-08-07T17:52:24,43,352,0,395
2023-08-07T18:05:10,43,352,0,395
2023-08-07T18:17:47,43,352,0,395
2023-08-07T18:30:23,43,352,0,395
2023-08-07T18:43:00,43,352,0,395
2023-08-07T18:55:37,43,352,0,395
2023-08-07T19:08:13,43,352,0,395
2023-08-07T19:20:51,43,352,0,395
2023-08-07T19:33:38,43,352,0,395
2023-08-07T19:46:16,43,352,0,395
2023-08-07T19:58:52,43,352,0,395
2023-08-07T20:11:30,43,352,0,395
2023-08-07T20:24:06,43,352,0,395
2023-08-07T20:36:44,43,352,0,395
2023-08-07T20:49:20,43,352,0,395
2023-08-07T21:01:57,43,352,0,395
2023-08-07T21:14:34,43,352,0,395
2023-08-07T21:27:22,43,352,0,395
2023-08-07T21:39:59,43,352,0,395
2023-08-07T21:52:37,43,352,0,395
2023-08-07T22:05:13,43,352,0,395
2023-08-07T22:17:49,43,352,0,395
2023-08-07T22:30:26,43,352,0,395
2023-08-07T22:43:04,43,352,0,395
2023-08-07T22:55:41,43,352,0,395
2023-08-07T23:08:20,43,352,0,395
2023-08-07T23:21:11,43,352,0,395
2023-08-07T23:33:48,43,352,0,395
2023-08-07T23:46:25,43,352,0,395
2023-08-07T23:59:02,43,352,0,395
2023-08-08T00:11:42,43,352,0,395
2023-08-08T00:24:20,43,352,0,395
2023-08-08T00:37:09,43,352,0,395
2023-08-08T00:49:47,43,352,0,395
2023-08-08T01:02:26,43,352,0,395
2023-08-08T01:15:05,43,352,0,395
2023-08-08T01:27:52,43,352,0,395
2023-08-08T01:40:29,43,352,0,395
2023-08-08T01:53:06,43,352,0,395
2023-08-08T02:05:45,43,352,0,395
2023-08-08T02:18:20,43,352,0,395
2023-08-08T02:30:54,43,352,0,395
2023-08-08T02:43:30,43,352,0,395
2023-08-08T02:56:03,43,352,0,395
2023-08-08T03:08:37,43,352,0,395
2023-08-08T03:21:24,43,352,0,395
2023-08-08T03:33:59,43,352,0,395
2023-08-08T03:46:35,43,352,0,395
2023-08-08T03:59:10,43,352,0,395
2023-08-08T04:11:48,43,352,0,395
2023-08-08T04:33:37,43,352,0,395
2023-08-08T04:46:19,43,352,0,395
2023-08-08T04:58:59,43,352,0,395
2023-08-08T05:11:38,43,352,0,395
2023-08-08T05:24:18,43,352,0,395
2023-08-08T05:36:55,43,352,0,395
2023-08-08T05:49:33,43,352,0,395
2023-08-08T06:02:15,43,352,0,395
2023-08-08T06:14:54,43,352,0,395
2023-08-08T06:27:34,43,352,0,395
2023-08-08T06:40:14,43,352,0,395
2023-08-08T06:52:54,43,352,0,395
2023-08-08T07:05:35,43,352,0,395
2023-08-08T07:18:15,43,352,0,395
2023-08-08T07:30:54,43,352,0,395
2023-08-08T07:43:33,42,353,0,395
2023-08-08T07:56:11,42,353,0,395
2023-08-08T08:09:10,42,353,0,395
2023-08-08T08:21:49,42,353,0,395
2023-08-08T08:34:30,42,353,0,395
2023-08-08T08:47:09,42,353,0,395
2023-08-08T08:59:48,42,353,0,395
2023-08-08T09:12:27,42,353,0,395
2023-08-08T09:25:05,42,353,0,395
2023-08-08T09:37:44,42,353,0,395
2023-08-08T09:50:22,42,353,0,395
2023-08-08T10:03:10,42,353,0,395
2023-08-08T10:15:48,42,353,0,395
2023-08-08T10:28:27,42,353,0,395
2023-08-08T10:41:06,42,353,0,395
2023-08-08T10:53:45,42,353,0,395
2023-08-08T11:06:34,42,353,0,395
2023-08-08T11:19:12,42,353,0,395
2023-08-08T11:31:49,42,353,0,395
2023-08-08T11:44:27,42,353,0,395
2023-08-08T11:57:04,42,353,0,395
2023-08-08T12:09:42,42,353,0,395
2023-08-08T12:22:38,42,353,0,395
2023-08-08T12:35:16,42,353,0,395
2023-08-08T12:47:53,42,353,0,395
2023-08-08T13:00:29,42,353,0,395
2023-08-08T13:13:06,42,353,0,395
2023-08-08T13:25:43,42,353,0,395
2023-08-08T13:38:23,42,353,0,395
2023-08-08T13:51:09,42,353,0,395
2023-08-08T14:03:47,42,353,0,395
2023-08-08T14:16:25,43,352,0,395
2023-08-08T14:29:01,43,352,0,395
2023-08-08T14:41:38,43,352,0,395
2023-08-08T14:54:15,43,352,0,395
2023-08-08T15:07:02,43,352,0,395
2023-08-08T15:19:40,43,352,0,395
2023-08-08T15:32:17,43,352,0,395
2023-08-08T15:44:54,43,352,0,395
2023-08-08T15:57:30,43,352,0,395
2023-08-08T16:10:07,43,352,0,395
2023-08-08T16:22:45,43,352,0,395
2023-08-08T16:35:32,43,352,0,395
2023-08-08T16:48:09,43,352,0,395
2023-08-08T17:00:46,43,352,0,395
2023-08-08T17:13:23,43,352,0,395
2023-08-08T17:26:00,43,352,0,395
2023-08-08T17:38:36,43,352,0,395
2023-08-08T17:51:13,43,352,0,395
2023-08-08T18:04:10,43,352,0,395
2023-08-08T18:16:47,43,352,0,395
2023-08-08T18:29:24,43,352,0,395
2023-08-08T18:42:01,43,352,0,395
2023-08-08T18:54:38,43,352,0,395
2023-08-08T19:07:17,43,352,0,395
2023-08-08T19:19:54,43,352,0,395
2023-08-08T19:32:42,43,352,0,395
2023-08-08T19:45:20,43,352,0,395
2023-08-08T19:57:56,43,352,0,395
2023-08-08T20:10:36,43,352,0,395
2023-08-08T20:23:12,43,352,0,395
2023-08-08T20:35:49,43,352,0,395
2023-08-08T20:48:25,43,352,0,395
2023-08-08T21:01:02,43,352,0,395
2023-08-08T21:13:51,43,352,0,395
2023-08-08T21:26:27,43,352,0,395
2023-08-08T21:39:04,43,352,0,395
2023-08-08T21:51:41,43,352,0,395
2023-08-08T22:04:18,43,352,0,395
2023-08-08T22:16:55,43,352,0,395
2023-08-08T22:29:31,43,352,0,395
2023-08-08T22:42:08,43,352,0,395
2023-08-08T22:54:55,43,352,0,395
2023-08-08T23:07:35,43,352,0,395
2023-08-08T23:20:12,43,352,0,395
2023-08-08T23:32:50,43,352,0,395
2023-08-08T23:45:28,43,352,0,395
2023-08-08T23:58:05,43,352,0,395
2023-08-09T00:10:45,43,352,0,395
2023-08-09T00:23:26,43,352,0,395
2023-08-09T00:36:04,43,352,0,395
2023-08-09T00:48:41,43,352,0,395
2023-08-09T01:01:19,43,352,0,395
2023-08-09T01:14:11,43,352,0,395
2023-08-09T01:26:49,43,352,0,395
2023-08-09T01:39:25,43,352,0,395
2023-08-09T01:52:01,43,352,0,395
2023-08-09T02:04:40,43,352,0,395
2023-08-09T02:17:19,43,352,0,395
2023-08-09T02:29:57,43,352,0,395
2023-08-09T02:42:35,43,352,0,395
2023-08-09T02:55:13,43,352,0,395
2023-08-09T03:07:51,43,352,0,395
2023-08-09T03:20:32,43,352,0,395
2023-08-09T03:33:12,43,352,0,395
2023-08-09T03:45:53,43,352,0,395
2023-08-09T03:58:34,43,352,0,395
2023-08-09T04:26:14,43,352,0,395
2023-08-09T04:38:57,43,352,0,395
2023-08-09T04:51:37,43,352,0,395
2023-08-09T05:04:19,43,352,0,395
2023-08-09T05:16:59,43,352,0,395
2023-08-09T05:29:39,43,352,0,395
2023-08-09T05:42:20,43,352,0,395
2023-08-09T05:55:01,43,352,0,395
2023-08-09T06:07:41,43,352,0,395
2023-08-09T06:20:20,43,352,0,395
2023-08-09T06:33:03,43,352,0,395
2023-08-09T06:45:43,43,352,0,395
2023-08-09T06:58:23,43,352,0,395
2023-08-09T07:11:03,43,352,0,395
2023-08-09T07:23:41,43,352,0,395
2023-08-09T07:36:20,43,352,0,395
2023-08-09T07:48:59,43,352,0,395
2023-08-09T08:01:38,42,353,0,395
2023-08-09T08:14:28,42,353,0,395
2023-08-09T08:27:07,42,353,0,395
2023-08-09T08:39:45,42,353,0,395
2023-08-09T08:52:24,42,353,0,395
2023-08-09T09:05:02,42,353,0,395
2023-08-09T09:17:39,42,353,0,395
2023-08-09T09:30:16,42,353,0,395
2023-08-09T09:42:53,42,353,0,395
2023-08-09T09:55:29,42,353,0,395
2023-08-09T10:08:06,42,353,0,395
2023-08-09T10:20:51,42,353,0,395
2023-08-09T10:33:28,42,353,0,395
2023-08-09T10:46:04,42,353,0,395
2023-08-09T10:58:40,42,353,0,395
2023-08-09T11:11:17,42,353,0,395
2023-08-09T11:23:54,42,353,0,395
2023-08-09T11:36:41,42,353,0,395
2023-08-09T11:49:17,42,353,0,395
2023-08-09T12:01:54,43,352,0,395
2023-08-09T12:14:40,43,352,0,395
2023-08-09T12:27:16,43,352,0,395
2023-08-09T12:40:03,43,352,0,395
2023-08-09T12:52:40,43,352,0,395
2023-08-09T13:05:27,43,352,0,395
2023-08-09T13:18:04,43,352,0,395
2023-08-09T13:30:40,43,352,0,395
2023-08-09T13:43:16,43,352,0,395
2023-08-09T13:56:02,43,352,0,395
2023-08-09T14:11:00,43,352,0,395
2023-08-09T14:24:14,43,352,0,395
2023-08-09T14:36:50,43,352,0,395
2023-08-09T14:49:27,43,352,0,395
2023-08-09T15:02:04,43,352,0,395
2023-08-09T15:14:42,43,352,0,395
2023-08-09T15:27:19,43,352,0,395
2023-08-09T15:39:56,43,352,0,395
2023-08-09T15:52:42,43,352,0,395
2023-08-09T16:05:19,43,352,0,395
2023-08-09T16:17:57,43,352,0,395
2023-08-09T16:30:34,43,352,0,395
2023-08-09T16:43:10,43,352,0,395
2023-08-09T16:55:46,43,352,0,395
2023-08-09T17:08:23,43,352,0,395
2023-08-09T17:21:01,43,352,0,395
2023-08-09T17:33:38,43,352,0,395
2023-08-09T17:46:24,43,352,0,395
2023-08-09T17:59:01,43,352,0,395
2023-08-09T18:11:38,43,352,0,395
2023-08-09T18:24:15,43,352,0,395
2023-08-09T18:36:52,43,352,0,395
2023-08-09T18:49:29,43,352,0,395
2023-08-09T19:02:08,43,352,0,395
2023-08-09T19:14:45,43,352,0,395
2023-08-09T19:27:21,43,352,0,395
2023-08-09T19:39:59,43,352,0,395
2023-08-09T19:52:47,43,352,0,395
2023-08-09T20:05:23,43,352,0,395
2023-08-09T20:17:59,43,352,0,395
2023-08-09T20:30:35,43,352,0,395
2023-08-09T20:43:12,43,352,0,395
2023-08-09T20:55:48,43,352,0,395
2023-08-09T21:08:25,43,352,0,395
2023-08-09T21:21:02,43,352,0,395
2023-08-09T21:33:38,43,352,0,395
2023-08-09T21:46:16,43,352,0,395
2023-08-09T21:59:06,43,352,0,395
2023-08-09T22:11:42,43,352,0,395
2023-08-09T22:24:19,43,352,0,395
2023-08-09T22:36:56,43,352,0,395
2023-08-09T22:49:33,43,352,0,395
2023-08-09T23:02:09,43,352,0,395
2023-08-09T23:14:48,43,352,0,395
2023-08-09T23:27:26,43,352,0,395
2023-08-09T23:40:03,43,352,0,395
2023-08-09T23:52:41,43,352,0,395
2023-08-10T00:05:19,43,352,0,395
2023-08-10T00:18:02,43,352,0,395
2023-08-10T00:30:40,43,352,0,395
2023-08-10T00:43:19,43,352,0,395
2023-08-10T00:56:08,43,352,0,395
2023-08-10T01:08:46,43,352,0,395
2023-08-10T01:21:23,43,352,0,395
2023-08-10T01:34:01,43,352,0,395
2023-08-10T01:46:38,43,352,0,395
2023-08-10T01:59:17,43,352,0,395
2023-08-10T02:11:53,43,352,0,395
2023-08-10T02:24:28,43,352,0,395
2023-08-10T02:37:03,43,352,0,395
2023-08-10T02:49:41,43,352,0,395
2023-08-10T03:02:19,43,352,0,395
2023-08-10T03:14:57,43,352,0,395
2023-08-10T03:27:36,43,352,0,395
2023-08-10T03:40:16,43,352,0,395
2023-08-10T03:52:55,43,352,0,395
2023-08-10T04:07:30,43,352,0,395
2023-08-10T04:34:35,43,352,0,395
2023-08-10T04:47:18,43,352,0,395
2023-08-10T05:00:00,43,352,0,395
2023-08-10T05:12:39,43,352,0,395
2023-08-10T05:25:15,43,352,0,395
2023-08-10T05:37:56,43,352,0,395
2023-08-10T05:50:36,43,352,0,395
2023-08-10T06:03:28,43,352,0,395
2023-08-10T06:16:09,43,352,0,395
2023-08-10T06:28:50,43,352,0,395
2023-08-10T06:41:30,43,352,0,395
2023-08-10T06:54:10,43,352,0,395
2023-08-10T07:06:53,43,352,0,395
2023-08-10T07:19:33,43,352,0,395
2023-08-10T07:32:14,43,352,0,395
2023-08-10T07:44:52,43,352,0,395
2023-08-10T07:57:31,43,352,0,395
2023-08-10T08:10:09,43,352,0,395
2023-08-10T08:22:49,43,352,0,395
2023-08-10T08:35:38,43,352,0,395
2023-08-10T08:48:16,43,352,0,395
2023-08-10T09:00:55,43,352,0,395
2023-08-10T09:13:34,43,352,0,395
2023-08-10T09:26:13,43,352,0,395
2023-08-10T09:38:52,43,352,0,395
2023-08-10T09:51:30,43,352,0,395
2023-08-10T10:04:08,43,352,0,395
2023-08-10T10:16:48,43,352,0,395
2023-08-10T10:29:28,43,352,0,395
2023-08-10T10:42:06,43,352,0,395
2023-08-10T10:54:53,43,352,0,395
2023-08-10T11:07:31,43,352,0,395
2023-08-10T11:20:08,43,352,0,395
2023-08-10T11:32:45,43,352,0,395
2023-08-10T11:45:21,43,352,0,395
2023-08-10T11:57:59,43,352,0,395
2023-08-10T12:10:35,43,352,0,395
2023-08-10T12:23:12,43,352,0,395
2023-08-10T12:36:00,44,351,0,395
2023-08-10T12:48:37,44,351,0,395
2023-08-10T13:01:14,44,351,0,395
2023-08-10T13:13:51,44,351,0,395
2023-08-10T13:26:28,44,351,0,395
2023-08-10T13:39:07,44,351,0,395
2023-08-10T13:51:44,44,351,0,395
2023-08-10T14:04:22,44,351,0,395
2023-08-10T14:17:10,44,351,0,395
2023-08-10T14:29:49,44,351,0,395
2023-08-10T14:42:26,44,351,0,395
2023-08-10T14:55:03,44,351,0,395
2023-08-10T15:07:41,44,351,0,395
2023-08-10T15:20:19,44,351,0,395
2023-08-10T15:32:56,44,351,0,395
2023-08-10T15:45:33,44,351,0,395
2023-08-10T15:58:21,44,351,0,395
2023-08-10T16:10:58,44,351,0,395
2023-08-10T16:23:35,44,351,0,395
2023-08-10T16:36:12,44,351,0,395
2023-08-10T16:48:48,44,351,0,395
2023-08-10T17:01:26,44,351,0,395
2023-08-10T17:14:04,44,351,0,395
2023-08-10T17:26:44,44,351,0,395
2023-08-10T17:39:31,44,351,0,395
2023-08-10T17:52:09,44,351,0,395
2023-08-10T18:04:46,44,351,0,395
2023-08-10T18:17:24,44,351,0,395
2023-08-10T18:30:02,44,351,0,395
2023-08-10T18:42:40,44,351,0,395
2023-08-10T18:55:18,44,351,0,395
2023-08-10T19:07:56,44,351,0,395
2023-08-10T19:20:35,44,351,0,395
2023-08-10T19:33:13,44,351,0,395
2023-08-10T19:46:02,44,351,0,395
2023-08-10T19:58:39,44,351,0,395
2023-08-10T20:11:17,44,351,0,395
2023-08-10T20:23:55,44,351,0,395
2023-08-10T20:36:33,44,351,0,395
2023-08-10T20:49:12,44,351,0,395
2023-08-10T21:01:50,44,351,0,395
2023-08-10T21:14:28,44,351,0,395
2023-08-10T21:27:05,44,351,0,395
2023-08-10T21:39:43,44,351,0,395
2023-08-10T21:52:20,44,351,0,395
2023-08-10T22:04:58,44,351,0,395
2023-08-10T22:17:45,44,351,0,395
2023-08-10T22:30:23,44,351,0,395
2023-08-10T22:43:00,44,351,0,395
2023-08-10T22:55:37,44,351,0,395
2023-08-10T23:08:18,44,351,0,395
2023-08-10T23:20:56,44,351,0,395
2023-08-10T23:33:35,44,351,0,395
2023-08-10T23:46:13,44,351,0,395
2023-08-10T23:58:51,44,351,0,395
2023-08-11T00:11:33,44,351,0,395
2023-08-11T00:24:16,44,351,0,395
2023-08-11T00:36:56,44,351,0,395
2023-08-11T00:49:49,44,351,0,395
2023-08-11T01:02:30,44,351,0,395
2023-08-11T01:15:12,44,351,0,395
2023-08-11T01:27:54,44,351,0,395
2023-08-11T01:40:37,44,351,0,395
2023-08-11T01:53:21,44,351,0,395
2023-08-11T02:06:03,44,351,0,395
2023-08-11T02:18:40,44,351,0,395
2023-08-11T02:31:18,44,351,0,395
2023-08-11T02:43:56,44,351,0,395
2023-08-11T02:56:33,44,351,0,395
2023-08-11T03:09:12,44,351,0,395
2023-08-11T03:21:52,44,351,0,395
2023-08-11T03:34:34,44,351,0,395
2023-08-11T03:47:14,44,351,0,395
2023-08-11T03:59:54,44,351,0,395
2023-08-11T04:25:31,44,351,0,395
2023-08-11T04:38:27,44,351,0,395
2023-08-11T04:52:46,44,351,0,395
2023-08-11T05:05:28,44,351,0,395
2023-08-11T05:18:10,44,351,0,395
2023-08-11T05:30:51,44,351,0,395
2023-08-11T05:43:34,44,351,0,395
2023-08-11T05:56:16,44,351,0,395
2023-08-11T06:08:56,44,351,0,395
2023-08-11T06:21:37,44,351,0,395
2023-08-11T06:34:18,44,351,0,395
2023-08-11T06:46:58,44,351,0,395
2023-08-11T06:59:39,44,351,0,395
2023-08-11T07:12:22,44,351,0,395
2023-08-11T07:25:02,44,351,0,395
2023-08-11T07:37:41,44,351,0,395
2023-08-11T07:50:20,44,351,0,395
2023-08-11T08:03:00,44,351,0,395
2023-08-11T08:15:39,44,351,0,395
2023-08-11T08:28:20,44,351,0,395
2023-08-11T08:41:00,44,351,0,395
2023-08-11T08:53:40,44,351,0,395
2023-08-11T09:06:19,44,351,0,395
2023-08-11T09:19:09,44,351,0,395
2023-08-11T09:31:49,44,351,0,395
2023-08-11T09:44:29,44,351,0,395
2023-08-11T09:57:07,44,351,0,395
2023-08-11T10:09:45,44,351,0,395
2023-08-11T10:22:24,44,351,0,395
2023-08-11T10:35:01,44,351,0,395
2023-08-11T10:47:38,44,351,0,395
2023-08-11T11:00:15,44,351,0,395
2023-08-11T11:12:53,44,351,0,395
2023-08-11T11:25:31,44,351,0,395
2023-08-11T11:38:09,44,351,0,395
2023-08-11T11:50:56,44,351,0,395
2023-08-11T12:03:33,44,351,0,395
2023-08-11T12:16:11,44,351,0,395
2023-08-11T12:28:48,44,351,0,395
2023-08-11T12:41:25,44,351,0,395
2023-08-11T12:54:02,44,351,0,395
2023-08-11T13:06:40,44,351,0,395
2023-08-11T13:19:17,44,351,0,395
2023-08-11T13:31:55,44,351,0,395
2023-08-11T13:44:32,44,351,0,395
2023-08-11T13:57:08,44,351,0,395
2023-08-11T14:09:56,44,351,0,395
2023-08-11T14:22:34,44,351,0,395
2023-08-11T14:35:11,44,351,0,395
2023-08-11T14:47:49,44,351,0,395
2023-08-11T15:00:26,44,351,0,395
2023-08-11T15:13:04,44,351,0,395
2023-08-11T15:25:41,44,351,0,395
2023-08-11T15:38:20,44,351,0,395
2023-08-11T15:50:57,44,351,0,395
2023-08-11T16:03:34,44,351,0,395
2023-08-11T16:16:23,44,351,0,395
2023-08-11T16:29:00,44,351,0,395
2023-08-11T16:41:38,44,351,0,395
2023-08-11T16:54:15,44,351,0,395
2023-08-11T17:06:53,44,351,0,395
2023-08-11T17:19:31,44,351,0,395
2023-08-11T17:32:08,44,351,0,395
2023-08-11T17:44:44,44,351,0,395
2023-08-11T17:57:22,44,351,0,395
2023-08-11T18:09:59,44,351,0,395
2023-08-11T18:22:36,44,351,0,395
2023-08-11T18:35:14,44,351,0,395
2023-08-11T18:47:52,44,351,0,395
2023-08-11T19:00:40,44,351,0,395
2023-08-11T19:13:19,44,351,0,395
2023-08-11T19:25:57,44,351,0,395
2023-08-11T19:38:35,44,351,0,395
2023-08-11T19:51:13,44,351,0,395
2023-08-11T20:03:50,44,351,0,395
2023-08-11T20:16:28,44,351,0,395
2023-08-11T20:29:06,44,351,0,395
2023-08-11T20:41:44,44,351,0,395
2023-08-11T20:54:22,44,351,0,395
2023-08-11T21:07:00,44,351,0,395
2023-08-11T21:19:38,44,351,0,395
2023-08-11T21:32:26,44,351,0,395
2023-08-11T21:45:04,44,351,0,395
2023-08-11T21:57:42,44,351,0,395
2023-08-11T22:10:20,44,351,0,395
2023-08-11T22:22:58,44,351,0,395
2023-08-11T22:35:36,44,351,0,395
2023-08-11T22:48:14,44,351,0,395
2023-08-11T23:00:51,44,351,0,395
2023-08-11T23:13:30,44,351,0,395
2023-08-11T23:26:09,44,351,0,395
2023-08-11T23:38:49,44,351,0,395
2023-08-11T23:51:27,44,351,0,395
2023-08-12T00:04:17,44,351,0,395
2023-08-12T00:17:00,44,351,0,395
2023-08-12T00:29:42,44,351,0,395
2023-08-12T00:43:01,44,351,0,395
2023-08-12T00:55:45,44,351,0,395
2023-08-12T01:08:27,44,351,0,395
2023-08-12T01:21:09,44,351,0,395
2023-08-12T01:33:51,44,351,0,395
2023-08-12T01:46:33,44,351,0,395
2023-08-12T01:59:18,44,351,0,395
2023-08-12T02:11:57,44,351,0,395
2023-08-12T02:24:37,44,351,0,395
2023-08-12T02:37:18,44,351,0,395
2023-08-12T02:49:56,44,351,0,395
2023-08-12T03:02:34,44,351,0,395
2023-08-12T03:15:14,44,351,0,395
2023-08-12T03:27:53,44,351,0,395
2023-08-12T03:40:33,44,351,0,395
2023-08-12T03:53:12,44,351,0,395
2023-08-12T04:08:02,44,351,0,395
2023-08-12T04:35:11,44,351,0,395
2023-08-12T04:47:54,44,351,0,395
2023-08-12T05:00:36,44,351,0,395
2023-08-12T05:13:16,44,351,0,395
2023-08-12T05:25:54,44,351,0,395
2023-08-12T05:38:34,44,351,0,395
2023-08-12T05:51:12,44,351,0,395
2023-08-12T06:03:54,44,351,0,395
2023-08-12T06:16:35,44,351,0,395
2023-08-12T06:29:18,44,351,0,395
2023-08-12T06:41:59,44,351,0,395
2023-08-12T06:54:41,44,351,0,395
2023-08-12T07:07:22,44,351,0,395
2023-08-12T07:20:03,44,351,0,395
2023-08-12T07:32:43,44,351,0,395
2023-08-12T07:45:22,44,351,0,395
2023-08-12T07:58:03,44,351,0,395
2023-08-12T08:10:43,44,351,0,395
2023-08-12T08:23:32,44,351,0,395
2023-08-12T08:36:14,44,351,0,395
2023-08-12T08:48:55,44,351,0,395
2023-08-12T09:01:36,44,351,0,395
2023-08-12T09:14:16,44,351,0,395
2023-08-12T09:26:57,44,351,0,395
2023-08-12T09:39:37,44,351,0,395
2023-08-12T09:52:18,44,351,0,395
2023-08-12T10:04:59,44,351,0,395
2023-08-12T10:17:40,44,351,0,395
2023-08-12T10:30:34,44,351,0,395
2023-08-12T10:43:15,44,351,0,395
2023-08-12T10:55:55,44,351,0,395
2023-08-12T11:08:35,44,351,0,395
2023-08-12T11:21:15,44,351,0,395
2023-08-12T11:33:55,44,351,0,395
2023-08-12T11:46:35,44,351,0,395
2023-08-12T11:59:14,44,351,0,395
2023-08-12T12:11:55,44,351,0,395
2023-08-12T12:24:35,44,351,0,395
2023-08-12T12:37:15,44,351,0,395
2023-08-12T12:49:54,44,351,0,395
2023-08-12T13:02:31,44,351,0,395
2023-08-12T13:15:09,44,351,0,395
2023-08-12T13:27:46,44,351,0,395
2023-08-12T13:40:34,44,351,0,395
2023-08-12T13:53:11,44,351,0,395
2023-08-12T14:05:49,44,351,0,395
2023-08-12T14:18:27,44,351,0,395
2023-08-12T14:31:04,44,351,0,395
2023-08-12T14:43:42,44,351,0,395
2023-08-12T14:56:19,44,351,0,395
2023-08-12T15:08:57,44,351,0,395
2023-08-12T15:21:34,44,351,0,395
2023-08-12T15:34:12,44,351,0,395
2023-08-12T15:46:50,44,351,0,395
2023-08-12T15:59:28,44,351,0,395
2023-08-12T16:12:05,44,351,0,395
2023-08-12T16:24:44,44,351,0,395
2023-08-12T16:37:21,44,351,0,395
2023-08-12T16:49:58,44,351,0,395
2023-08-12T17:02:35,44,351,0,395
2023-08-12T17:15:25,44,351,0,395
2023-08-12T17:28:03,44,351,0,395
2023-08-12T17:40:41,44,351,0,395
2023-08-12T17:53:20,44,351,0,395
2023-08-12T18:05:58,44,351,0,395
2023-08-12T18:18:36,44,351,0,395
2023-08-12T18:31:14,44,351,0,395
2023-08-12T18:43:52,44,351,0,395
2023-08-12T18:56:30,44,351,0,395
2023-08-12T19:09:08,44,351,0,395
2023-08-12T19:21:46,44,351,0,395
2023-08-12T19:34:25,44,351,0,395
2023-08-12T19:47:02,44,351,0,395
2023-08-12T19:59:40,44,351,0,395
2023-08-12T20:12:17,44,351,0,395
2023-08-12T20:24:56,44,351,0,395
2023-08-12T20:37:44,44,351,0,395
2023-08-12T20:50:21,44,351,0,395
2023-08-12T21:03:00,44,351,0,395
2023-08-12T21:15:37,44,351,0,395
2023-08-12T21:28:16,44,351,0,395
2023-08-12T21:40:54,44,351,0,395
2023-08-12T21:53:32,44,351,0,395
2023-08-12T22:06:09,44,351,0,395
2023-08-12T22:18:47,44,351,0,395
2023-08-12T22:31:25,44,351,0,395
2023-08-12T22:44:03,44,351,0,395
2023-08-12T22:56:40,44,351,0,395
2023-08-12T23:09:20,44,351,0,395
2023-08-12T23:22:00,44,351,0,395
2023-08-12T23:34:37,44,351,0,395
2023-08-12T23:47:15,44,351,0,395
2023-08-12T23:59:53,44,351,0,395
2023-08-13T00:12:43,44,351,0,395
2023-08-13T00:25:25,44,351,0,395
2023-08-13T00:38:06,44,351,0,395
2023-08-13T00:50:45,44,351,0,395
2023-08-13T01:03:23,44,351,0,395
2023-08-13T01:16:02,44,351,0,395
2023-08-13T01:28:39,44,351,0,395
2023-08-13T01:41:17,44,351,0,395
2023-08-13T01:53:56,44,351,0,395
2023-08-13T02:06:33,44,351,0,395
2023-08-13T02:19:11,44,351,0,395
2023-08-13T02:31:54,44,351,0,395
2023-08-13T02:44:42,44,351,0,395
2023-08-13T02:57:24,44,351,0,395
2023-08-13T03:10:24,44,351,0,395
2023-08-13T03:23:08,44,351,0,395
2023-08-13T03:35:52,44,351,0,395
2023-08-13T03:49:23,44,351,0,395
2023-08-13T04:02:04,44,351,0,395
2023-08-13T04:23:41,44,351,0,395
2023-08-13T04:36:48,44,351,0,395
2023-08-13T04:49:36,44,351,0,395
2023-08-13T05:02:20,44,351,0,395
2023-08-13T05:15:03,44,351,0,395
2023-08-13T05:27:45,44,351,0,395
2023-08-13T05:40:28,44,351,0,395
2023-08-13T05:53:12,44,351,0,395
2023-08-13T06:05:54,44,351,0,395
2023-08-13T06:18:36,44,351,0,395
2023-08-13T06:31:18,44,351,0,395
2023-08-13T06:43:59,44,351,0,395
2023-08-13T06:56:39,44,351,0,395
2023-08-13T07:09:20,44,351,0,395
2023-08-13T07:22:00,44,351,0,395
2023-08-13T07:34:44,44,351,0,395
2023-08-13T07:47:24,44,351,0,395
2023-08-13T08:00:06,44,351,0,395
2023-08-13T08:12:50,44,351,0,395
2023-08-13T08:25:31,44,351,0,395
2023-08-13T08:38:13,44,351,0,395
2023-08-13T08:50:53,44,351,0,395
2023-08-13T09:03:31,44,351,0,395
2023-08-13T09:16:17,44,351,0,395
2023-08-13T09:28:57,44,351,0,395
2023-08-13T09:41:35,44,351,0,395
2023-08-13T09:54:14,44,351,0,395
2023-08-13T10:06:53,44,351,0,395
2023-08-13T10:19:32,44,351,0,395
2023-08-13T10:32:12,44,351,0,395
2023-08-13T10:44:52,44,351,0,395
2023-08-13T10:57:31,44,351,0,395
2023-08-13T11:10:10,44,351,0,395
2023-08-13T11:22:49,44,351,0,395
2023-08-13T11:35:27,44,351,0,395
2023-08-13T11:48:06,44,351,0,395
2023-08-13T12:00:54,44,351,0,395
2023-08-13T12:13:33,44,351,0,395
2023-08-13T12:26:11,44,351,0,395
2023-08-13T12:38:50,44,351,0,395
2023-08-13T12:51:27,44,351,0,395
2023-08-13T13:04:05,44,351,0,395
2023-08-13T13:16:42,44,351,0,395
2023-08-13T13:29:21,44,351,0,395
2023-08-13T13:41:59,44,351,0,395
2023-08-13T13:54:37,44,351,0,395
2023-08-13T14:07:15,44,351,0,395
2023-08-13T14:19:54,44,351,0,395
2023-08-13T14:32:42,44,351,0,395
2023-08-13T14:45:20,44,351,0,395
2023-08-13T14:57:58,44,351,0,395
2023-08-13T15:10:36,44,351,0,395
2023-08-13T15:23:14,44,351,0,395
2023-08-13T15:35:51,44,351,0,395
2023-08-13T15:48:28,44,351,0,395
2023-08-13T16:01:07,44,351,0,395
2023-08-13T16:13:45,44,351,0,395
2023-08-13T16:26:24,44,351,0,395
2023-08-13T16:39:03,44,351,0,395
2023-08-13T16:51:53,44,351,0,395
2023-08-13T17:04:31,44,351,0,395
2023-08-13T17:17:10,44,351,0,395
2023-08-13T17:29:48,44,351,0,395
2023-08-13T17:42:25,44,351,0,395
2023-08-13T17:55:04,44,351,0,395
2023-08-13T18:07:42,44,351,0,395
2023-08-13T18:20:19,44,351,0,395
2023-08-13T18:32:58,44,351,0,395
2023-08-13T18:45:35,44,351,0,395
2023-08-13T18:58:22,44,351,0,395
2023-08-13T19:11:04,44,351,0,395
2023-08-13T19:23:42,44,351,0,395
2023-08-13T19:36:20,44,351,0,395
2023-08-13T19:48:58,44,351,0,395
2023-08-13T20:01:36,44,351,0,395
2023-08-13T20:14:14,44,351,0,395
2023-08-13T20:26:51,44,351,0,395
2023-08-13T20:39:29,44,351,0,395
2023-08-13T20:52:06,44,351,0,395
2023-08-13T21:04:44,44,351,0,395
2023-08-13T21:17:32,44,351,0,395
2023-08-13T21:30:10,44,351,0,395
2023-08-13T21:42:50,44,351,0,395
2023-08-13T21:55:29,44,351,0,395
2023-08-13T22:08:07,44,351,0,395
2023-08-13T22:20:45,44,351,0,395
2023-08-13T22:33:22,44,351,0,395
2023-08-13T22:46:00,44,351,0,395
2023-08-13T22:58:38,44,351,0,395
2023-08-13T23:11:19,44,351,0,395
2023-08-13T23:23:58,44,351,0,395
2023-08-13T23:36:47,44,351,0,395
2023-08-13T23:49:25,44,351,0,395
2023-08-14T00:02:04,44,351,0,395
2023-08-14T00:14:54,44,351,0,395
2023-08-14T00:27:45,44,351,0,395
2023-08-14T00:40:32,44,351,0,395
2023-08-14T00:53:14,44,351,0,395
2023-08-14T01:05:52,44,351,0,395
2023-08-14T01:18:37,44,351,0,395
2023-08-14T01:31:30,44,351,0,395
2023-08-14T01:44:13,44,351,0,395
2023-08-14T01:56:55,44,351,0,395
2023-08-14T02:09:47,44,351,0,395
2023-08-14T02:22:29,44,351,0,395
2023-08-14T02:35:10,44,351,0,395
2023-08-14T02:47:50,44,351,0,395
2023-08-14T03:00:30,44,351,0,395
2023-08-14T03:13:11,44,351,0,395
2023-08-14T03:25:53,44,351,0,395
2023-08-14T03:38:33,44,351,0,395
2023-08-14T03:51:12,44,351,0,395
2023-08-14T04:03:54,44,351,0,395
2023-08-14T04:23:36,44,351,0,395
2023-08-14T04:36:19,44,351,0,395
2023-08-14T04:49:02,44,351,0,395
2023-08-14T05:01:44,44,351,0,395
2023-08-14T05:14:27,44,351,0,395
2023-08-14T05:27:08,44,351,0,395
2023-08-14T05:39:51,44,351,0,395
2023-08-14T05:52:34,44,351,0,395
2023-08-14T06:05:15,44,351,0,395
2023-08-14T06:17:56,44,351,0,395
2023-08-14T06:30:41,44,351,0,395
2023-08-14T06:43:22,44,351,0,395
2023-08-14T06:56:03,44,351,0,395
2023-08-14T07:08:44,44,351,0,395
2023-08-14T07:21:22,44,351,0,395
2023-08-14T07:34:01,44,351,0,395
2023-08-14T07:46:38,44,351,0,395
2023-08-14T07:59:28,44,351,0,395
2023-08-14T08:12:06,44,351,0,395
2023-08-14T08:24:45,44,351,0,395
2023-08-14T08:37:23,44,351,0,395
2023-08-14T08:50:01,44,351,0,395
2023-08-14T09:02:38,44,351,0,395
2023-08-14T09:15:17,44,351,0,395
2023-08-14T09:27:54,44,351,0,395
2023-08-14T09:40:42,44,351,0,395
2023-08-14T09:53:20,44,351,0,395
2023-08-14T10:05:58,44,351,0,395
2023-08-14T10:18:36,44,351,0,395
2023-08-14T10:31:15,44,351,0,395
2023-08-14T10:43:53,44,351,0,395
2023-08-14T10:56:41,44,351,0,395
2023-08-14T11:09:20,44,351,0,395
2023-08-14T11:21:58,44,351,0,395
2023-08-14T11:34:36,44,351,0,395
2023-08-14T11:47:15,44,351,0,395
2023-08-14T12:00:03,44,351,0,395
2023-08-14T12:12:40,44,351,0,395
2023-08-14T12:25:18,44,351,0,395
2023-08-14T12:37:56,44,351,0,395
2023-08-14T12:50:34,44,351,0,395
2023-08-14T13:03:21,44,351,0,395
2023-08-14T13:15:59,44,351,0,395
2023-08-14T13:28:37,44,351,0,395
2023-08-14T13:41:16,44,351,0,395
2023-08-14T13:54:06,44,351,0,395
2023-08-14T14:06:45,44,351,0,395
2023-08-14T14:19:23,44,351,0,395
2023-08-14T14:32:01,44,351,0,395
2023-08-14T14:44:40,44,351,0,395
2023-08-14T14:57:19,44,351,0,395
2023-08-14T15:10:08,44,351,0,395
2023-08-14T15:22:47,44,351,0,395
2023-08-14T15:35:25,44,351,0,395
2023-08-14T15:48:04,44,351,0,395
2023-08-14T16:00:43,44,351,0,395
2023-08-14T16:13:21,44,351,0,395
2023-08-14T16:26:00,44,351,0,395
2023-08-14T16:38:50,44,351,0,395
2023-08-14T16:51:29,44,351,0,395
2023-08-14T17:04:08,44,351,0,395
2023-08-14T17:16:47,44,351,0,395
2023-08-14T17:29:26,44,351,0,395
2023-08-14T17:42:05,44,351,0,395
2023-08-14T17:54:44,44,351,0,395
2023-08-14T18:07:22,44,351,0,395
2023-08-14T18:20:11,44,351,0,395
2023-08-14T18:32:50,44,351,0,395
2023-08-14T18:45:28,44,351,0,395
2023-08-14T18:58:06,44,351,0,395
2023-08-14T19:10:46,44,351,0,395
2023-08-14T19:23:24,44,351,0,395
2023-08-14T19:36:13,44,351,0,395
2023-08-14T19:48:51,44,351,0,395
2023-08-14T20:01:29,44,351,0,395
2023-08-14T20:14:07,44,351,0,395
2023-08-14T20:26:45,44,351,0,395
2023-08-14T20:39:34,44,351,0,395
2023-08-14T20:52:13,44,351,0,395
2023-08-14T21:04:52,44,351,0,395
2023-08-14T21:17:30,44,351,0,395
2023-08-14T21:30:08,44,351,0,395
2023-08-14T21:42:47,44,351,0,395
2023-08-14T21:55:26,44,351,0,395
2023-08-14T22:08:04,44,351,0,395
2023-08-14T22:20:52,44,351,0,395
2023-08-14T22:33:31,44,351,0,395
2023-08-14T22:46:09,45,350,0,395
2023-08-14T22:58:48,45,350,0,395
2023-08-14T23:11:29,45,350,0,395
2023-08-14T23:24:09,45,350,0,395
2023-08-14T23:36:49,45,350,0,395
2023-08-14T23:49:27,45,350,0,395
2023-08-15T00:02:07,45,350,0,395
2023-08-15T00:14:58,45,350,0,395
2023-08-15T00:27:41,45,350,0,395
2023-08-15T00:40:24,45,350,0,395
2023-08-15T00:53:07,45,350,0,395
2023-08-15T01:05:51,45,350,0,395
2023-08-15T01:18:33,45,350,0,395
2023-08-15T01:31:15,45,350,0,395
2023-08-15T01:43:57,45,350,0,395
2023-08-15T01:56:40,45,350,0,395
2023-08-15T02:09:23,45,350,0,395
2023-08-15T02:22:04,45,350,0,395
2023-08-15T02:34:45,45,350,0,395
2023-08-15T02:47:25,45,350,0,395
2023-08-15T03:00:04,45,350,0,395
2023-08-15T03:12:44,45,350,0,395
2023-08-15T03:25:25,45,350,0,395
2023-08-15T03:38:05,45,350,0,395
2023-08-15T03:50:46,45,350,0,395
2023-08-15T04:03:27,45,350,0,395
2023-08-15T04:18:36,45,350,0,395
2023-08-15T04:42:48,45,350,0,395
2023-08-15T04:55:32,45,350,0,395
2023-08-15T05:08:15,45,350,0,395
2023-08-15T05:20:54,45,350,0,395
2023-08-15T05:33:36,45,350,0,395
2023-08-15T05:46:15,45,350,0,395
2023-08-15T05:58:53,45,350,0,395
2023-08-15T06:11:31,45,350,0,395
2023-08-15T06:24:15,45,350,0,395
2023-08-15T06:36:57,45,350,0,395
2023-08-15T06:49:39,45,350,0,395
2023-08-15T07:02:20,45,350,0,395
2023-08-15T07:15:09,45,350,0,395
2023-08-15T07:27:50,45,350,0,395
2023-08-15T07:40:38,45,350,0,395
2023-08-15T07:53:18,45,350,0,395
2023-08-15T08:05:59,45,350,0,395
2023-08-15T08:18:40,45,350,0,395
2023-08-15T08:31:20,45,350,0,395
2023-08-15T08:44:02,45,350,0,395
2023-08-15T08:56:44,45,350,0,395
2023-08-15T09:09:27,45,350,0,395
2023-08-15T09:22:09,45,350,0,395
2023-08-15T09:34:55,45,350,0,395
2023-08-15T09:47:37,45,350,0,395
2023-08-15T10:00:20,45,350,0,395
2023-08-15T10:13:14,45,350,0,395
2023-08-15T10:25:59,45,350,0,395
2023-08-15T10:38:41,45,350,0,395
2023-08-15T10:51:22,45,350,0,395
2023-08-15T11:04:02,45,350,0,395
2023-08-15T11:16:42,45,350,0,395
2023-08-15T11:29:21,45,350,0,395
2023-08-15T11:42:02,45,350,0,395
2023-08-15T11:54:42,45,350,0,395
2023-08-15T12:07:31,45,350,0,395
2023-08-15T12:20:10,45,350,0,395
2023-08-15T12:32:49,45,350,0,395
2023-08-15T12:45:27,45,350,0,395
2023-08-15T12:58:05,45,350,0,395
2023-08-15T13:10:43,45,350,0,395
2023-08-15T13:23:22,45,350,0,395
2023-08-15T13:36:11,45,350,0,395
2023-08-15T13:48:50,45,350,0,395
2023-08-15T14:01:29,45,350,0,395
2023-08-15T14:14:08,45,350,0,395
2023-08-15T14:26:49,45,350,0,395
2023-08-15T14:39:27,45,350,0,395
2023-08-15T14:52:06,45,350,0,395
2023-08-15T15:04:45,45,350,0,395
2023-08-15T15:17:25,45,350,0,395
2023-08-15T15:30:13,45,350,0,395
2023-08-15T15:42:52,45,350,0,395
2023-08-15T15:55:32,45,350,0,395
2023-08-15T16:08:11,45,350,0,395
2023-08-15T16:20:51,45,350,0,395
2023-08-15T16:33:30,45,350,0,395
2023-08-15T16:46:09,45,350,0,395
2023-08-15T16:58:49,45,350,0,395
2023-08-15T17:11:40,45,350,0,395
2023-08-15T17:24:19,45,350,0,395
2023-08-15T17:36:58,45,350,0,395
2023-08-15T17:49:36,45,350,0,395
2023-08-15T18:02:14,45,350,0,395
2023-08-15T18:14:54,45,350,0,395
2023-08-15T18:27:33,45,350,0,395
2023-08-15T18:40:11,45,350,0,395
2023-08-15T18:52:59,45,350,0,395
2023-08-15T19:05:38,45,350,0,395
2023-08-15T19:18:17,45,350,0,395
2023-08-15T19:30:56,45,350,0,395
2023-08-15T19:43:35,45,350,0,395
2023-08-15T19:56:14,45,350,0,395
2023-08-15T20:08:52,45,350,0,395
2023-08-15T20:21:31,45,350,0,395
2023-08-15T20:34:10,45,350,0,395
2023-08-15T20:46:48,45,350,0,395
2023-08-15T20:59:37,45,350,0,395
2023-08-15T21:12:15,45,350,0,395
2023-08-15T21:24:53,45,350,0,395
2023-08-15T21:37:31,45,350,0,395
2023-08-15T21:50:10,45,350,0,395
2023-08-15T22:02:49,45,350,0,395
2023-08-15T22:15:28,45,350,0,395
2023-08-15T22:28:07,45,350,0,395
2023-08-15T22:40:45,45,350,0,395
2023-08-15T22:53:24,45,350,0,395
2023-08-15T23:06:14,45,350,0,395
2023-08-15T23:18:54,45,350,0,395
2023-08-15T23:31:33,45,350,0,395
2023-08-15T23:44:13,45,350,0,395
2023-08-15T23:56:52,45,350,0,395
2023-08-16T00:09:33,45,350,0,395
2023-08-16T00:22:17,45,350,0,395
2023-08-16T00:34:59,45,350,0,395
2023-08-16T00:47:42,45,350,0,395
2023-08-16T01:00:36,45,350,0,395
2023-08-16T01:13:20,45,350,0,395
2023-08-16T01:26:03,45,350,0,395
2023-08-16T01:38:47,45,350,0,395
2023-08-16T01:51:30,45,350,0,395
2023-08-16T02:04:23,45,350,0,395
2023-08-16T02:17:03,45,350,0,395
2023-08-16T02:29:42,45,350,0,395
2023-08-16T02:42:22,45,350,0,395
2023-08-16T02:55:01,45,350,0,395
2023-08-16T03:07:51,45,350,0,395
2023-08-16T03:20:30,45,350,0,395
2023-08-16T03:33:09,45,350,0,395
2023-08-16T03:45:49,45,350,0,395
2023-08-16T03:58:32,45,350,0,395
2023-08-16T04:11:25,45,350,0,395
2023-08-16T04:32:57,45,350,0,395
2023-08-16T04:45:44,45,350,0,395
2023-08-16T04:58:30,45,350,0,395
2023-08-16T05:11:13,45,350,0,395
2023-08-16T05:24:02,45,350,0,395
2023-08-16T05:36:45,45,350,0,395
2023-08-16T05:49:30,45,350,0,395
2023-08-16T06:02:12,45,350,0,395
2023-08-16T06:15:04,45,350,0,395
2023-08-16T06:27:48,45,350,0,395
2023-08-16T06:40:30,45,350,0,395
2023-08-16T06:53:12,45,350,0,395
2023-08-16T07:06:04,45,350,0,395
2023-08-16T07:18:45,45,350,0,395
2023-08-16T07:31:26,45,350,0,395
2023-08-16T07:44:06,45,350,0,395
2023-08-16T07:56:47,45,350,0,395
2023-08-16T08:09:37,45,350,0,395
2023-08-16T08:22:17,45,350,0,395
2023-08-16T08:34:58,45,350,0,395
2023-08-16T08:47:39,45,350,0,395
2023-08-16T09:00:29,45,350,0,395
2023-08-16T09:13:10,45,350,0,395
2023-08-16T09:25:58,45,350,0,395
2023-08-16T09:38:36,45,350,0,395
2023-08-16T09:51:15,45,350,0,395
2023-08-16T10:03:53,45,350,0,395
2023-08-16T10:16:41,45,350,0,395
2023-08-16T10:29:19,45,350,0,395
2023-08-16T10:41:59,45,350,0,395
2023-08-16T10:54:46,45,350,0,395
2023-08-16T11:07:24,45,350,0,395
2023-08-16T11:20:02,45,350,0,395
2023-08-16T11:32:40,45,350,0,395
2023-08-16T11:45:29,45,350,0,395
2023-08-16T11:58:07,45,350,0,395
2023-08-16T12:10:46,45,350,0,395
2023-08-16T12:23:35,45,350,0,395
2023-08-16T12:36:13,45,350,0,395
2023-08-16T12:49:01,45,350,0,395
2023-08-16T13:01:39,45,350,0,395
2023-08-16T13:14:18,45,350,0,395
2023-08-16T13:26:56,45,350,0,395
2023-08-16T13:39:35,45,350,0,395
2023-08-16T13:52:16,45,350,0,395
2023-08-16T14:04:56,45,350,0,395
2023-08-16T14:17:34,45,350,0,395
2023-08-16T14:30:22,45,350,0,395
2023-08-16T14:43:00,45,350,0,395
2023-08-16T14:55:39,45,350,0,395
2023-08-16T15:08:17,45,350,0,395
2023-08-16T15:20:57,45,350,0,395
2023-08-16T15:33:37,45,350,0,395
2023-08-16T15:46:16,45,350,0,395
2023-08-16T15:58:55,45,350,0,395
2023-08-16T16:11:34,45,350,0,395
2023-08-16T16:24:23,45,350,0,395
2023-08-16T16:37:03,45,350,0,395
2023-08-16T16:49:42,45,350,0,395
2023-08-16T17:02:21,45,350,0,395
2023-08-16T17:15:01,45,350,0,395
2023-08-16T17:27:39,45,350,0,395
2023-08-16T17:40:18,45,350,0,395
2023-08-16T17:52:57,45,350,0,395
2023-08-16T18:05:35,45,350,0,395
2023-08-16T18:18:24,45,350,0,395
2023-08-16T18:31:04,45,350,0,395
2023-08-16T18:43:42,45,350,0,395
2023-08-16T18:56:21,45,350,0,395
2023-08-16T19:09:02,45,350,0,395
2023-08-16T19:21:42,45,350,0,395
2023-08-16T19:34:21,45,350,0,395
2023-08-16T19:47:02,45,350,0,395
2023-08-16T19:59:41,45,350,0,395
2023-08-16T20:12:20,45,350,0,395
2023-08-16T20:25:10,45,350,0,395
2023-08-16T20:37:49,45,350,0,395
2023-08-16T20:50:28,45,350,0,395
2023-08-16T21:03:07,45,350,0,395
2023-08-16T21:15:46,45,350,0,395
2023-08-16T21:28:25,45,350,0,395
2023-08-16T21:41:05,45,350,0,395
2023-08-16T21:53:45,45,350,0,395
2023-08-16T22:06:24,45,350,0,395
2023-08-16T22:19:02,45,350,0,395
2023-08-16T22:31:41,45,350,0,395
2023-08-16T22:44:30,45,350,0,395
2023-08-16T22:57:09,45,350,0,395
2023-08-16T23:09:51,45,350,0,395
2023-08-16T23:22:30,45,350,0,395
2023-08-16T23:35:10,45,350,0,395
2023-08-16T23:47:51,45,350,0,395
2023-08-17T00:00:31,45,350,0,395
2023-08-17T00:13:14,45,350,0,395
2023-08-17T00:26:00,45,350,0,395
2023-08-17T00:38:43,45,350,0,395
2023-08-17T00:51:36,45,350,0,395
2023-08-17T01:04:21,45,350,0,395
2023-08-17T01:17:04,45,350,0,395
2023-08-17T01:29:47,45,350,0,395
2023-08-17T01:42:30,45,350,0,395
2023-08-17T01:55:13,45,350,0,395
2023-08-17T02:07:56,45,350,0,395
2023-08-17T02:20:36,45,350,0,395
2023-08-17T02:33:16,45,350,0,395
2023-08-17T02:45:56,45,350,0,395
2023-08-17T02:58:38,45,350,0,395
2023-08-17T03:11:22,45,350,0,395
2023-08-17T03:24:08,45,350,0,395
2023-08-17T03:36:51,45,350,0,395
2023-08-17T03:49:33,45,350,0,395
2023-08-17T04:04:17,45,350,0,395
2023-08-17T04:25:49,45,350,0,395
2023-08-17T04:38:34,45,350,0,395
2023-08-17T04:51:19,45,350,0,395
2023-08-17T05:04:04,45,350,0,395
2023-08-17T05:16:47,45,350,0,395
2023-08-17T05:29:31,45,350,0,395
2023-08-17T05:42:14,45,350,0,395
2023-08-17T05:54:58,45,350,0,395
2023-08-17T06:07:40,45,350,0,395
2023-08-17T06:20:22,45,350,0,395
2023-08-17T06:33:06,45,350,0,395
2023-08-17T06:45:49,45,350,0,395
2023-08-17T06:58:33,45,350,0,395
2023-08-17T07:11:16,45,350,0,395
2023-08-17T07:24:00,45,350,0,395
2023-08-17T07:36:55,45,350,0,395
2023-08-17T07:49:44,45,350,0,395
2023-08-17T08:02:24,45,350,0,395
2023-08-17T08:15:04,45,350,0,395
2023-08-17T08:27:43,45,350,0,395
2023-08-17T08:40:22,45,350,0,395
2023-08-17T08:53:02,45,350,0,395
2023-08-17T09:05:42,45,350,0,395
2023-08-17T09:18:21,45,350,0,395
2023-08-17T09:31:01,45,350,0,395
2023-08-17T09:43:40,45,350,0,395
2023-08-17T09:56:22,45,350,0,395
2023-08-17T10:09:01,45,350,0,395
2023-08-17T10:21:53,45,350,0,395
2023-08-17T10:34:32,45,350,0,395
2023-08-17T10:47:11,45,350,0,395
2023-08-17T10:59:50,45,350,0,395
2023-08-17T11:12:30,45,350,0,395
2023-08-17T11:25:08,45,350,0,395
2023-08-17T11:37:48,45,350,0,395
2023-08-17T11:50:27,45,350,0,395
2023-08-17T12:03:16,45,350,0,395
2023-08-17T12:15:55,45,350,0,395
2023-08-17T12:28:33,45,350,0,395
2023-08-17T12:41:14,45,350,0,395
2023-08-17T12:53:53,45,350,0,395
2023-08-17T13:06:32,45,350,0,395
2023-08-17T13:19:10,45,350,0,395
2023-08-17T13:31:49,45,350,0,395
2023-08-17T13:44:29,45,350,0,395
2023-08-17T13:57:18,45,350,0,395
2023-08-17T14:09:57,45,350,0,395
2023-08-17T14:22:36,45,350,0,395
2023-08-17T14:35:16,45,350,0,395
2023-08-17T14:47:55,45,350,0,395
2023-08-17T15:00:34,45,350,0,395
2023-08-17T15:13:13,45,350,0,395
2023-08-17T15:25:53,45,350,0,395
2023-08-17T15:38:33,45,350,0,395
2023-08-17T15:51:24,45,350,0,395
2023-08-17T16:04:03,45,350,0,395
2023-08-17T16:16:43,45,350,0,395
2023-08-17T16:29:22,45,350,0,395
2023-08-17T16:42:02,45,350,0,395
2023-08-17T16:54:42,45,350,0,395
2023-08-17T17:07:22,45,350,0,395
2023-08-17T17:20:02,45,350,0,395
2023-08-17T17:32:53,45,350,0,395
2023-08-17T17:45:32,45,350,0,395
2023-08-17T17:58:12,45,350,0,395
2023-08-17T18:10:52,45,350,0,395
2023-08-17T18:23:31,45,350,0,395
2023-08-17T18:36:12,45,350,0,395
2023-08-17T18:48:52,45,350,0,395
2023-08-17T19:01:32,45,350,0,395
2023-08-17T19:14:12,45,350,0,395
2023-08-17T19:26:53,45,350,0,395
2023-08-17T19:39:45,45,350,0,395
2023-08-17T19:52:25,45,350,0,395
2023-08-17T20:05:06,45,350,0,395
2023-08-17T20:17:45,45,350,0,395
2023-08-17T20:30:26,45,350,0,395
2023-08-17T20:43:06,45,350,0,395
2023-08-17T20:55:45,45,350,0,395
2023-08-17T21:08:25,45,350,0,395
2023-08-17T21:21:05,45,350,0,395
2023-08-17T21:33:45,45,350,0,395
2023-08-17T21:46:25,45,350,0,395
2023-08-17T21:59:16,45,350,0,395
2023-08-17T22:11:55,45,350,0,395
2023-08-17T22:24:35,45,350,0,395
2023-08-17T22:37:17,45,350,0,395
2023-08-17T22:49:56,45,350,0,395
2023-08-17T23:02:38,45,350,0,395
2023-08-17T23:15:21,45,350,0,395
2023-08-17T23:28:02,45,350,0,395
2023-08-17T23:40:44,45,350,0,395
2023-08-17T23:53:25,45,350,0,395
2023-08-18T00:06:06,45,350,0,395
2023-08-18T00:18:59,45,350,0,395
2023-08-18T00:31:42,45,350,0,395
2023-08-18T00:44:38,45,350,0,395
2023-08-18T00:57:22,45,350,0,395
2023-08-18T01:10:08,45,350,0,395
2023-08-18T01:22:52,45,350,0,395
2023-08-18T01:35:36,45,350,0,395
2023-08-18T01:48:21,45,350,0,395
2023-08-18T02:01:06,45,350,0,395
2023-08-18T02:13:52,45,350,0,395
2023-08-18T02:26:58,45,350,0,395
2023-08-18T02:39:42,45,350,0,395
2023-08-18T02:52:26,45,350,0,395
2023-08-18T03:05:10,45,350,0,395
2023-08-18T03:17:55,45,350,0,395
2023-08-18T03:30:38,45,350,0,395
2023-08-18T03:43:23,45,350,0,395
2023-08-18T03:56:07,45,350,0,395
2023-08-18T04:08:50,45,350,0,395
2023-08-18T04:28:58,45,350,0,395
2023-08-18T04:43:02,45,350,0,395
2023-08-18T04:56:07,45,350,0,395
2023-08-18T05:08:56,45,350,0,395
2023-08-18T05:21:38,45,350,0,395
2023-08-18T05:34:22,45,350,0,395
2023-08-18T05:47:06,45,350,0,395
2023-08-18T05:59:50,45,350,0,395
2023-08-18T06:12:36,45,350,0,395
2023-08-18T06:25:20,45,350,0,395
2023-08-18T06:38:04,45,350,0,395
2023-08-18T06:50:46,45,350,0,395
2023-08-18T07:03:27,45,350,0,395
2023-08-18T07:16:07,45,350,0,395
2023-08-18T07:28:48,45,350,0,395
2023-08-18T07:41:28,45,350,0,395
2023-08-18T07:54:08,45,350,0,395
2023-08-18T08:06:48,45,350,0,395
2023-08-18T08:19:29,45,350,0,395
2023-08-18T08:32:09,45,350,0,395
2023-08-18T08:44:49,45,350,0,395
2023-08-18T08:57:29,45,350,0,395
2023-08-18T09:10:09,45,350,0,395
2023-08-18T09:22:49,45,350,0,395
2023-08-18T09:35:40,45,350,0,395
2023-08-18T09:48:19,45,350,0,395
2023-08-18T10:00:59,45,350,0,395
2023-08-18T10:13:39,45,350,0,395
2023-08-18T10:26:18,45,350,0,395
2023-08-18T10:38:58,45,350,0,395
2023-08-18T10:51:38,45,350,0,395
2023-08-18T11:04:18,45,350,0,395
2023-08-18T11:16:57,45,350,0,395
2023-08-18T11:29:48,45,350,0,395
2023-08-18T11:42:28,45,350,0,395
2023-08-18T11:55:08,45,350,0,395
2023-08-18T12:07:48,45,350,0,395
2023-08-18T12:20:27,45,350,0,395
2023-08-18T12:33:07,45,350,0,395
2023-08-18T12:45:46,45,350,0,395
2023-08-18T12:58:25,45,350,0,395
2023-08-18T13:11:04,45,350,0,395
2023-08-18T13:23:44,45,350,0,395
2023-08-18T13:36:35,45,350,0,395
2023-08-18T13:49:15,45,350,0,395
2023-08-18T14:01:54,45,350,0,395
2023-08-18T14:14:34,45,350,0,395
2023-08-18T14:27:14,45,350,0,395
2023-08-18T14:39:54,45,350,0,395
2023-08-18T14:52:33,45,350,0,395
2023-08-18T15:05:13,45,350,0,395
2023-08-18T15:17:53,45,350,0,395
2023-08-18T15:30:32,45,350,0,395
2023-08-18T15:43:22,45,350,0,395
2023-08-18T15:56:02,45,350,0,395
2023-08-18T16:08:43,45,350,0,395
2023-08-18T16:21:24,45,350,0,395
2023-08-18T16:34:03,45,350,0,395
2023-08-18T16:46:43,45,350,0,395
2023-08-18T16:59:22,45,350,0,395
2023-08-18T17:12:02,45,350,0,395
2023-08-18T17:24:42,45,350,0,395
2023-08-18T17:37:34,45,350,0,395
2023-08-18T17:50:13,45,350,0,395
2023-08-18T18:02:53,45,350,0,395
2023-08-18T18:15:32,45,350,0,395
2023-08-18T18:28:12,45,350,0,395
2023-08-18T18:40:52,45,350,0,395
2023-08-18T18:53:31,45,350,0,395
2023-08-18T19:06:12,45,350,0,395
2023-08-18T19:18:52,45,350,0,395
2023-08-18T19:31:33,45,350,0,395
2023-08-18T19:44:13,45,350,0,395
2023-08-18T19:56:52,45,350,0,395
2023-08-18T20:09:32,45,350,0,395
2023-08-18T20:22:22,45,350,0,395
2023-08-18T20:35:03,45,350,0,395
2023-08-18T20:47:43,45,350,0,395
2023-08-18T21:00:23,45,350,0,395
2023-08-18T21:13:03,45,350,0,395
2023-08-18T21:25:43,45,350,0,395
2023-08-18T21:38:23,45,350,0,395
2023-08-18T21:51:03,45,350,0,395
2023-08-18T22:03:43,45,350,0,395
2023-08-18T22:16:24,45,350,0,395
2023-08-18T22:29:04,45,350,0,395
2023-08-18T22:41:44,45,350,0,395
2023-08-18T22:54:24,45,350,0,395
2023-08-18T23:07:07,45,350,0,395
2023-08-18T23:19:48,45,350,0,395
2023-08-18T23:32:28,45,350,0,395
2023-08-18T23:45:09,45,350,0,395
2023-08-18T23:58:03,45,350,0,395
2023-08-19T00:10:46,45,350,0,395
2023-08-19T00:23:32,45,350,0,395
2023-08-19T00:36:16,45,350,0,395
2023-08-19T00:49:01,45,350,0,395
2023-08-19T01:01:46,45,350,0,395
2023-08-19T01:14:30,45,350,0,395
2023-08-19T01:27:15,45,350,0,395
2023-08-19T01:39:59,45,350,0,395
2023-08-19T01:52:45,45,350,0,395
2023-08-19T02:05:29,45,350,0,395
2023-08-19T02:18:10,45,350,0,395
2023-08-19T02:30:51,45,350,0,395
2023-08-19T02:43:33,45,350,0,395
2023-08-19T02:56:14,45,350,0,395
2023-08-19T03:08:58,45,350,0,395
2023-08-19T03:21:43,45,350,0,395
2023-08-19T03:34:37,45,350,0,395
2023-08-19T03:47:31,45,350,0,395
2023-08-19T04:00:15,45,350,0,395
2023-08-19T04:14:49,45,350,0,395
2023-08-19T04:32:10,45,350,0,395
2023-08-19T04:44:58,45,350,0,395
2023-08-19T04:57:43,45,350,0,395
2023-08-19T05:10:29,45,350,0,395
2023-08-19T05:23:12,45,350,0,395
2023-08-19T05:35:56,45,350,0,395
2023-08-19T05:48:42,45,350,0,395
2023-08-19T06:01:27,45,350,0,395
2023-08-19T06:14:12,45,350,0,395
2023-08-19T06:26:56,45,350,0,395
2023-08-19T06:39:40,45,350,0,395
2023-08-19T06:52:23,45,350,0,395
2023-08-19T07:05:07,45,350,0,395
2023-08-19T07:17:51,45,350,0,395
2023-08-19T07:30:43,45,350,0,395
2023-08-19T07:43:27,45,350,0,395
2023-08-19T07:56:10,45,350,0,395
2023-08-19T08:08:55,45,350,0,395
2023-08-19T08:21:37,45,350,0,395
2023-08-19T08:34:20,45,350,0,395
2023-08-19T08:47:03,45,350,0,395
2023-08-19T08:59:45,45,350,0,395
2023-08-19T09:12:37,45,350,0,395
2023-08-19T09:25:19,45,350,0,395
2023-08-19T09:38:01,45,350,0,395
2023-08-19T09:50:43,45,350,0,395
2023-08-19T10:03:25,45,350,0,395
2023-08-19T10:16:06,45,350,0,395
2023-08-19T10:28:46,45,350,0,395
2023-08-19T10:41:25,45,350,0,395
2023-08-19T10:54:06,45,350,0,395
2023-08-19T11:06:47,45,350,0,395
2023-08-19T11:19:27,45,350,0,395
2023-08-19T11:32:07,45,350,0,395
2023-08-19T11:44:47,45,350,0,395
2023-08-19T11:57:27,45,350,0,395
2023-08-19T12:10:17,45,350,0,395
2023-08-19T12:22:57,45,350,0,395
2023-08-19T12:35:38,45,350,0,395
2023-08-19T12:48:18,45,350,0,395
2023-08-19T13:00:58,45,350,0,395
2023-08-19T13:13:39,45,350,0,395
2023-08-19T13:26:20,45,350,0,395
2023-08-19T13:39:00,45,350,0,395
2023-08-19T13:51:40,45,350,0,395
2023-08-19T14:04:31,45,350,0,395
2023-08-19T14:17:11,45,350,0,395
2023-08-19T14:29:51,45,350,0,395
2023-08-19T14:42:31,45,350,0,395
2023-08-19T14:55:11,45,350,0,395
2023-08-19T15:07:52,45,350,0,395
2023-08-19T15:20:32,45,350,0,395
2023-08-19T15:33:12,45,350,0,395
2023-08-19T15:46:01,45,350,0,395
2023-08-19T15:58:41,45,350,0,395
2023-08-19T16:11:21,45,350,0,395
2023-08-19T16:24:02,45,350,0,395
2023-08-19T16:36:43,45,350,0,395
2023-08-19T16:49:23,45,350,0,395
2023-08-19T17:02:03,45,350,0,395
2023-08-19T17:14:44,45,350,0,395
2023-08-19T17:27:23,45,350,0,395
2023-08-19T17:40:13,45,350,0,395
2023-08-19T17:52:52,45,350,0,395
2023-08-19T18:05:32,45,350,0,395
2023-08-19T18:18:12,45,350,0,395
2023-08-19T18:30:52,45,350,0,395
2023-08-19T18:43:31,45,350,0,395
2023-08-19T18:56:11,45,350,0,395
2023-08-19T19:08:51,45,350,0,395
2023-08-19T19:21:42,45,350,0,395
2023-08-19T19:34:22,45,350,0,395
2023-08-19T19:47:02,45,350,0,395
2023-08-19T19:59:42,45,350,0,395
2023-08-19T20:12:23,45,350,0,395
2023-08-19T20:25:03,45,350,0,395
2023-08-19T20:37:43,45,350,0,395
2023-08-19T20:50:23,45,350,0,395
2023-08-19T21:03:12,45,350,0,395
2023-08-19T21:15:53,45,350,0,395
2023-08-19T21:28:33,45,350,0,395
2023-08-19T21:41:14,45,350,0,395
2023-08-19T21:53:54,45,350,0,395
2023-08-19T22:06:35,45,350,0,395
2023-08-19T22:19:15,45,350,0,395
2023-08-19T22:31:55,45,350,0,395
2023-08-19T22:44:35,45,350,0,395
2023-08-19T22:57:25,45,350,0,395
2023-08-19T23:10:08,45,350,0,395
2023-08-19T23:22:50,45,350,0,395
2023-08-19T23:35:30,45,350,0,395
2023-08-19T23:48:11,45,350,0,395
2023-08-20T00:00:52,45,350,0,395
2023-08-20T00:13:33,45,350,0,395
2023-08-20T00:26:16,45,350,0,395
2023-08-20T00:38:56,45,350,0,395
2023-08-20T01:03:58,45,350,0,395
2023-08-20T01:16:40,45,350,0,395
2023-08-20T01:29:21,45,350,0,395
2023-08-20T01:42:02,45,350,0,395
2023-08-20T01:54:41,45,350,0,395
2023-08-20T02:07:23,45,350,0,395
2023-08-20T02:20:04,45,350,0,395
2023-08-20T02:32:46,45,350,0,395
2023-08-20T02:45:27,45,350,0,395
2023-08-20T02:58:07,45,350,0,395
2023-08-20T03:10:47,45,350,0,395
2023-08-20T03:23:28,45,350,0,395
2023-08-20T03:36:11,45,350,0,395
2023-08-20T03:48:50,45,350,0,395
2023-08-20T04:01:37,45,350,0,395
2023-08-20T04:22:43,45,350,0,395
2023-08-20T04:35:43,45,350,0,395
2023-08-20T04:49:46,45,350,0,395
2023-08-20T05:02:44,45,350,0,395
2023-08-20T05:15:29,45,350,0,395
2023-08-20T05:28:14,45,350,0,395
2023-08-20T05:40:59,45,350,0,395
2023-08-20T05:53:44,45,350,0,395
2023-08-20T06:06:30,45,350,0,395
2023-08-20T06:19:14,45,350,0,395
2023-08-20T06:31:58,45,350,0,395
2023-08-20T06:44:45,45,350,0,395
2023-08-20T06:57:29,45,350,0,395
2023-08-20T07:10:13,45,350,0,395
2023-08-20T07:22:58,45,350,0,395
2023-08-20T07:35:43,45,350,0,395
2023-08-20T07:48:27,45,350,0,395
2023-08-20T08:01:11,45,350,0,395
2023-08-20T08:13:57,45,350,0,395
2023-08-20T08:26:50,45,350,0,395
2023-08-20T08:39:32,45,350,0,395
2023-08-20T08:52:15,45,350,0,395
2023-08-20T09:04:58,45,350,0,395
2023-08-20T09:17:41,45,350,0,395
2023-08-20T09:30:23,45,350,0,395
2023-08-20T09:43:03,45,350,0,395
2023-08-20T09:55:43,45,350,0,395
2023-08-20T10:08:24,45,350,0,395
2023-08-20T10:21:06,45,350,0,395
2023-08-20T10:33:47,45,350,0,395
2023-08-20T10:46:27,45,350,0,395
2023-08-20T10:59:08,45,350,0,395
2023-08-20T11:11:49,45,350,0,395
2023-08-20T11:24:31,45,350,0,395
2023-08-20T11:37:13,45,350,0,395
2023-08-20T11:50:03,45,350,0,395
2023-08-20T12:02:45,45,350,0,395
2023-08-20T12:15:26,45,350,0,395
2023-08-20T12:28:06,45,350,0,395
2023-08-20T12:40:47,45,350,0,395
2023-08-20T12:53:29,45,350,0,395
2023-08-20T13:06:09,45,350,0,395
2023-08-20T13:18:48,45,350,0,395
2023-08-20T13:31:28,45,350,0,395
2023-08-20T13:44:07,45,350,0,395
2023-08-20T13:56:57,45,350,0,395
2023-08-20T14:09:37,45,350,0,395
2023-08-20T14:22:17,45,350,0,395
2023-08-20T14:34:57,45,350,0,395
2023-08-20T14:47:37,45,350,0,395
2023-08-20T15:00:16,45,350,0,395
2023-08-20T15:12:56,45,350,0,395
2023-08-20T15:25:35,45,350,0,395
2023-08-20T15:38:15,45,350,0,395
2023-08-20T15:50:56,45,350,0,395
2023-08-20T16:03:35,45,350,0,395
2023-08-20T16:16:26,45,350,0,395
2023-08-20T16:29:08,45,350,0,395
2023-08-20T16:41:48,45,350,0,395
2023-08-20T16:54:28,45,350,0,395
2023-08-20T17:07:09,45,350,0,395
2023-08-20T17:19:50,45,350,0,395
2023-08-20T17:32:30,45,350,0,395
2023-08-20T17:45:10,45,350,0,395
2023-08-20T17:57:50,45,350,0,395
2023-08-20T18:10:31,45,350,0,395
2023-08-20T18:23:10,45,350,0,395
2023-08-20T18:36:01,45,350,0,395
2023-08-20T18:48:40,45,350,0,395
2023-08-20T19:01:20,45,350,0,395
2023-08-20T19:14:05,45,350,0,395
2023-08-20T19:26:45,45,350,0,395
2023-08-20T19:39:26,45,350,0,395
2023-08-20T19:52:06,45,350,0,395
2023-08-20T20:04:45,45,350,0,395
2023-08-20T20:17:26,45,350,0,395
2023-08-20T20:30:06,45,350,0,395
2023-08-20T20:42:47,45,350,0,395
2023-08-20T20:55:36,45,350,0,395
2023-08-20T21:08:16,45,350,0,395
2023-08-20T21:20:55,45,350,0,395
2023-08-20T21:33:36,45,350,0,395
2023-08-20T21:46:18,45,350,0,395
2023-08-20T21:58:58,45,350,0,395
2023-08-20T22:11:38,45,350,0,395
2023-08-20T22:24:17,45,350,0,395
2023-08-20T22:37:06,45,350,0,395
2023-08-20T22:49:47,45,350,0,395
2023-08-20T23:02:26,45,350,0,395
2023-08-20T23:15:10,45,350,0,395
2023-08-20T23:27:51,45,350,0,395
2023-08-20T23:40:32,45,350,0,395
2023-08-20T23:53:12,45,350,0,395
2023-08-21T00:05:54,45,350,0,395
2023-08-21T00:18:43,45,350,0,395
2023-08-21T00:31:33,45,350,0,395
2023-08-21T00:44:29,45,350,0,395
2023-08-21T00:57:24,45,350,0,395
2023-08-21T01:10:10,45,350,0,395
2023-08-21T01:22:53,45,350,0,395
2023-08-21T01:35:38,45,350,0,395
2023-08-21T01:48:21,45,350,0,395
2023-08-21T02:01:04,45,350,0,395
2023-08-21T02:13:48,45,350,0,395
2023-08-21T02:26:30,45,350,0,395
2023-08-21T02:39:11,45,350,0,395
2023-08-21T02:51:53,45,350,0,395
2023-08-21T03:04:35,45,350,0,395
2023-08-21T03:17:20,45,350,0,395
2023-08-21T03:30:03,45,350,0,395
2023-08-21T03:42:47,45,350,0,395
2023-08-21T03:55:40,45,350,0,395
2023-08-21T04:10:16,45,350,0,395
2023-08-21T04:29:36,45,350,0,395
2023-08-21T04:42:22,45,350,0,395
2023-08-21T04:55:09,45,350,0,395
2023-08-21T05:07:54,45,350,0,395
2023-08-21T05:20:39,45,350,0,395
2023-08-21T05:33:25,45,350,0,395
2023-08-21T05:46:09,45,350,0,395
2023-08-21T05:58:52,45,350,0,395
2023-08-21T06:11:35,45,350,0,395
2023-08-21T06:24:17,45,350,0,395
2023-08-21T06:37:01,45,350,0,395
2023-08-21T06:49:42,45,350,0,395
2023-08-21T07:02:26,45,350,0,395
2023-08-21T07:15:08,45,350,0,395
2023-08-21T07:27:56,45,350,0,395
2023-08-21T07:40:36,45,350,0,395
2023-08-21T07:53:16,45,350,0,395
2023-08-21T08:05:56,45,350,0,395
2023-08-21T08:18:37,45,350,0,395
2023-08-21T08:31:18,45,350,0,395
2023-08-21T08:44:00,45,350,0,395
2023-08-21T08:56:41,45,350,0,395
2023-08-21T09:09:22,45,350,0,395
2023-08-21T09:22:04,45,350,0,395
2023-08-21T09:34:45,45,350,0,395
2023-08-21T09:47:36,45,350,0,395
2023-08-21T10:00:18,45,350,0,395
2023-08-21T10:12:59,45,350,0,395
2023-08-21T10:25:40,45,350,0,395
2023-08-21T10:38:22,45,350,0,395
2023-08-21T10:51:04,45,350,0,395
2023-08-21T11:03:46,45,350,0,395
2023-08-21T11:16:28,45,350,0,395
2023-08-21T11:29:19,45,350,0,395
2023-08-21T11:42:01,45,350,0,395
2023-08-21T11:54:43,45,350,0,395
2023-08-21T12:07:24,45,350,0,395
2023-08-21T12:20:06,45,350,0,395
2023-08-21T12:32:48,45,350,0,395
2023-08-21T12:45:30,45,350,0,395
2023-08-21T12:58:22,45,350,0,395
2023-08-21T13:11:04,45,350,0,395
2023-08-21T13:23:45,45,350,0,395
2023-08-21T13:36:27,45,350,0,395
2023-08-21T13:49:09,45,350,0,395
2023-08-21T14:01:50,45,350,0,395
2023-08-21T14:14:32,45,350,0,395
2023-08-21T14:27:24,45,350,0,395
2023-08-21T14:40:06,45,350,0,395
2023-08-21T14:52:48,45,350,0,395
2023-08-21T15:05:30,45,350,0,395
2023-08-21T15:18:11,45,350,0,395
2023-08-21T15:30:54,45,350,0,395
2023-08-21T15:43:45,45,350,0,395
2023-08-21T15:56:26,45,350,0,395
2023-08-21T16:09:09,45,350,0,395
2023-08-21T16:21:51,45,350,0,395
2023-08-21T16:34:33,45,350,0,395
2023-08-21T16:47:16,45,350,0,395
2023-08-21T16:59:58,45,350,0,395
2023-08-21T17:12:42,45,350,0,395
2023-08-21T17:25:33,45,350,0,395
2023-08-21T17:38:15,45,350,0,395
2023-08-21T17:50:57,45,350,0,395
2023-08-21T18:03:40,45,350,0,395
2023-08-21T18:16:22,45,350,0,395
2023-08-21T18:29:04,45,350,0,395
2023-08-21T18:41:48,45,350,0,395
2023-08-21T18:54:40,45,350,0,395
2023-08-21T19:07:23,45,350,0,395
2023-08-21T19:20:05,45,350,0,395
2023-08-21T19:32:48,45,350,0,395
2023-08-21T19:45:30,45,350,0,395
2023-08-21T19:58:14,45,350,0,395
2023-08-21T20:10:58,45,350,0,395
2023-08-21T20:23:49,45,350,0,395
2023-08-21T20:36:32,45,350,0,395
2023-08-21T20:49:14,45,350,0,395
2023-08-21T21:01:57,45,350,0,395
2023-08-21T21:14:40,45,350,0,395
2023-08-21T21:27:22,45,350,0,395
2023-08-21T21:40:05,45,350,0,395
2023-08-21T21:52:48,45,350,0,395
2023-08-21T22:05:30,45,350,0,395
2023-08-21T22:18:13,45,350,0,395
2023-08-21T22:31:06,45,350,0,395
2023-08-21T22:43:48,45,350,0,395
2023-08-21T22:56:30,45,350,0,395
2023-08-21T23:09:14,45,350,0,395
2023-08-21T23:21:57,45,350,0,395
2023-08-21T23:34:40,45,350,0,395
2023-08-21T23:47:24,45,350,0,395
2023-08-22T00:00:06,45,350,0,395
2023-08-22T00:12:55,45,350,0,395
2023-08-22T00:25:44,45,350,0,395
2023-08-22T00:38:31,45,350,0,395
2023-08-22T00:51:18,45,350,0,395
2023-08-22T01:04:06,45,350,0,395
2023-08-22T01:16:51,45,350,0,395
2023-08-22T01:29:37,45,350,0,395
2023-08-22T01:42:23,45,350,0,395
2023-08-22T01:55:21,45,350,0,395
2023-08-22T02:08:06,45,350,0,395
2023-08-22T02:20:52,45,350,0,395
2023-08-22T02:33:37,45,350,0,395
2023-08-22T02:46:21,45,350,0,395
2023-08-22T02:59:10,45,350,0,395
2023-08-22T03:11:58,45,350,0,395
2023-08-22T03:24:44,45,350,0,395
2023-08-22T03:37:30,45,350,0,395
2023-08-22T03:50:17,45,350,0,395
2023-08-22T04:03:05,45,350,0,395
2023-08-22T04:29:47,45,350,0,395
2023-08-22T04:42:35,45,350,0,395
2023-08-22T04:55:22,45,350,0,395
2023-08-22T05:08:11,45,350,0,395
2023-08-22T05:21:00,45,350,0,395
2023-08-22T05:33:47,45,350,0,395
2023-08-22T05:46:34,45,350,0,395
2023-08-22T05:59:21,45,350,0,395
2023-08-22T06:12:06,45,350,0,395
2023-08-22T06:24:51,45,350,0,395
2023-08-22T06:37:37,45,350,0,395
2023-08-22T06:50:22,45,350,0,395
2023-08-22T07:03:08,45,350,0,395
2023-08-22T07:15:53,45,350,0,395
2023-08-22T07:28:35,45,350,0,395
2023-08-22T07:41:19,45,350,0,395
2023-08-22T07:54:01,45,350,0,395
2023-08-22T08:06:46,45,350,0,395
2023-08-22T08:19:28,45,350,0,395
2023-08-22T08:32:11,45,350,0,395
2023-08-22T08:44:53,45,350,0,395
2023-08-22T08:57:41,45,350,0,395
2023-08-22T09:10:34,45,350,0,395
2023-08-22T09:23:17,45,350,0,395
2023-08-22T09:36:00,45,350,0,395
2023-08-22T09:48:45,45,350,0,395
2023-08-22T10:01:27,45,350,0,395
2023-08-22T10:14:10,45,350,0,395
2023-08-22T10:26:55,45,350,0,395
2023-08-22T10:39:38,45,350,0,395
2023-08-22T10:52:22,45,350,0,395
2023-08-22T11:05:05,45,350,0,395
2023-08-22T11:17:59,45,350,0,395
2023-08-22T11:30:43,45,350,0,395
2023-08-22T11:43:26,45,350,0,395
2023-08-22T11:56:09,45,350,0,395
2023-08-22T12:08:53,45,350,0,395
2023-08-22T12:21:37,45,350,0,395
2023-08-22T12:34:21,45,350,0,395
2023-08-22T12:47:16,45,350,0,395
2023-08-22T13:00:00,45,350,0,395
2023-08-22T13:12:43,45,350,0,395
2023-08-22T13:25:26,45,350,0,395
2023-08-22T13:38:12,45,350,0,395
2023-08-22T13:50:55,45,350,0,395
2023-08-22T14:03:39,45,350,0,395
2023-08-22T14:16:34,45,350,0,395
2023-08-22T14:29:18,45,350,0,395
2023-08-22T14:42:01,45,350,0,395
2023-08-22T14:54:45,45,350,0,395
2023-08-22T15:07:29,45,350,0,395
2023-08-22T15:20:13,45,350,0,395
2023-08-22T15:32:57,45,350,0,395
2023-08-22T15:45:50,45,350,0,395
2023-08-22T15:58:33,45,350,0,395
2023-08-22T16:11:16,45,350,0,395
2023-08-22T16:24:00,45,350,0,395
2023-08-22T16:36:42,45,350,0,395
2023-08-22T16:49:25,45,350,0,395
2023-08-22T17:02:09,45,350,0,395
2023-08-22T17:14:56,45,350,0,395
2023-08-22T17:27:40,45,350,0,395
2023-08-22T17:40:35,45,350,0,395
2023-08-22T17:53:19,45,350,0,395
2023-08-22T18:06:01,45,350,0,395
2023-08-22T18:18:45,45,350,0,395
2023-08-22T18:31:28,45,350,0,395
2023-08-22T18:44:12,45,350,0,395
2023-08-22T18:56:56,45,350,0,395
2023-08-22T19:09:42,45,350,0,395
2023-08-22T19:22:25,45,350,0,395
2023-08-22T19:35:19,45,350,0,395
2023-08-22T19:48:02,45,350,0,395
2023-08-22T20:00:45,45,350,0,395
2023-08-22T20:13:28,45,350,0,395
2023-08-22T20:26:12,45,350,0,395
2023-08-22T20:38:55,45,350,0,395
2023-08-22T20:51:38,45,350,0,395
2023-08-22T21:04:32,45,350,0,395
2023-08-22T21:17:16,45,350,0,395
2023-08-22T21:29:59,45,350,0,395
2023-08-22T21:42:43,45,350,0,395
2023-08-22T21:55:26,45,350,0,395
2023-08-22T22:08:09,45,350,0,395
2023-08-22T22:20:53,45,350,0,395
2023-08-22T22:33:36,45,350,0,395
2023-08-22T22:46:19,45,350,0,395
2023-08-22T22:59:14,45,350,0,395
2023-08-22T23:12:00,45,350,0,395
2023-08-22T23:24:44,45,350,0,395
2023-08-22T23:37:28,45,350,0,395
2023-08-22T23:50:11,45,350,0,395
2023-08-23T00:02:55,45,350,0,395
2023-08-23T00:15:41,45,350,0,395
2023-08-23T00:28:27,45,350,0,395
2023-08-23T00:41:15,45,350,0,395
2023-08-23T00:54:02,45,350,0,395
2023-08-23T01:06:49,45,350,0,395
2023-08-23T01:19:37,45,350,0,395
2023-08-23T01:32:31,45,350,0,395
2023-08-23T01:45:18,45,350,0,395
2023-08-23T01:58:06,45,350,0,395
2023-08-23T02:11:01,45,350,0,395
2023-08-23T02:23:46,45,350,0,395
2023-08-23T02:36:32,45,350,0,395
2023-08-23T02:49:28,45,350,0,395
2023-08-23T03:02:21,45,350,0,395
2023-08-23T03:15:19,45,350,0,395
2023-08-23T03:28:06,45,350,0,395
2023-08-23T03:41:04,45,350,0,395
2023-08-23T03:53:50,45,350,0,395
2023-08-23T04:06:37,45,350,0,395
2023-08-23T04:31:56,45,350,0,395
2023-08-23T04:44:44,45,350,0,395
2023-08-23T04:59:11,45,350,0,395
2023-08-23T05:12:03,45,350,0,395
2023-08-23T05:24:50,45,350,0,395
2023-08-23T05:37:45,45,350,0,395
2023-08-23T05:50:33,45,350,0,395
2023-08-23T06:03:19,45,350,0,395
2023-08-23T06:16:06,45,350,0,395
2023-08-23T06:29:01,45,350,0,395
2023-08-23T06:41:49,45,350,0,395
2023-08-23T06:54:35,45,350,0,395
2023-08-23T07:07:22,45,350,0,395
2023-08-23T07:20:15,45,350,0,395
2023-08-23T07:32:59,45,350,0,395
2023-08-23T07:45:44,45,350,0,395
2023-08-23T07:58:27,45,350,0,395
2023-08-23T08:11:10,45,350,0,395
2023-08-23T08:23:53,45,350,0,395
2023-08-23T08:36:37,45,350,0,395
2023-08-23T08:49:20,45,350,0,395
2023-08-23T09:02:14,45,350,0,395
2023-08-23T09:14:58,45,350,0,395
2023-08-23T09:27:42,45,350,0,395
2023-08-23T09:40:26,45,350,0,395
2023-08-23T09:53:09,45,350,0,395
2023-08-23T10:05:52,45,350,0,395
2023-08-23T10:18:35,45,350,0,395
2023-08-23T10:31:19,45,350,0,395
2023-08-23T10:44:02,45,350,0,395
2023-08-23T10:56:45,45,350,0,395
2023-08-23T11:09:40,45,350,0,395
2023-08-23T11:22:24,45,350,0,395
2023-08-23T11:35:16,45,350,0,395
2023-08-23T11:47:59,45,350,0,395
2023-08-23T12:00:44,45,350,0,395
2023-08-23T12:13:28,45,350,0,395
2023-08-23T12:26:12,45,350,0,395
2023-08-23T12:38:57,45,350,0,395
2023-08-23T12:51:54,45,350,0,395
2023-08-23T13:04:38,45,350,0,395
2023-08-23T13:17:22,45,350,0,395
2023-08-23T13:30:05,45,350,0,395
2023-08-23T13:42:49,45,350,0,395
2023-08-23T13:55:33,45,350,0,395
2023-08-23T14:08:17,45,350,0,395
2023-08-23T14:21:01,45,350,0,395
2023-08-23T14:33:56,45,350,0,395
2023-08-23T14:46:40,45,350,0,395
2023-08-23T14:59:24,45,350,0,395
2023-08-23T15:12:09,45,350,0,395
2023-08-23T15:24:53,45,350,0,395
2023-08-23T15:37:37,45,350,0,395
2023-08-23T15:50:22,45,350,0,395
2023-08-23T16:03:06,45,350,0,395
2023-08-23T16:15:50,45,350,0,395
2023-08-23T16:28:47,45,350,0,395
2023-08-23T16:41:32,45,350,0,395
2023-08-23T16:54:16,45,350,0,395
2023-08-23T17:07:00,45,350,0,395
2023-08-23T17:19:45,45,350,0,395
2023-08-23T17:32:29,45,350,0,395
2023-08-23T17:45:13,45,350,0,395
2023-08-23T17:57:57,45,350,0,395
2023-08-23T18:10:42,45,350,0,395
2023-08-23T18:23:26,45,350,0,395
2023-08-23T18:36:20,45,350,0,395
2023-08-23T18:49:03,45,350,0,395
2023-08-23T19:01:48,45,350,0,395
2023-08-23T19:14:32,45,350,0,395
2023-08-23T19:27:16,45,350,0,395
2023-08-23T19:40:00,45,350,0,395
2023-08-23T19:52:44,45,350,0,395
2023-08-23T20:05:28,45,350,0,395
2023-08-23T20:18:21,45,350,0,395
2023-08-23T20:31:05,45,350,0,395
2023-08-23T20:43:48,45,350,0,395
2023-08-23T20:56:32,45,350,0,395
2023-08-23T21:09:17,45,350,0,395
2023-08-23T21:22:01,45,350,0,395
2023-08-23T21:34:45,45,350,0,395
2023-08-23T21:47:28,45,350,0,395
2023-08-23T22:00:12,45,350,0,395
2023-08-23T22:12:57,45,350,0,395
2023-08-23T22:25:40,45,350,0,395
2023-08-23T22:38:34,45,350,0,395
2023-08-23T22:51:18,45,350,0,395
2023-08-23T23:04:02,45,350,0,395
2023-08-23T23:16:51,45,350,0,395
2023-08-23T23:29:36,45,350,0,395
2023-08-23T23:42:21,45,350,0,395
2023-08-23T23:55:07,45,350,0,395
2023-08-24T00:07:53,45,350,0,395
2023-08-24T00:20:43,45,350,0,395
2023-08-24T00:33:31,45,350,0,395
2023-08-24T00:46:19,45,350,0,395
2023-08-24T00:59:09,45,350,0,395
2023-08-24T01:11:57,45,350,0,395
2023-08-24T01:24:45,45,350,0,395
2023-08-24T01:37:45,45,350,0,395
2023-08-24T01:50:32,45,350,0,395
2023-08-24T02:03:21,45,350,0,395
2023-08-24T02:16:06,45,350,0,395
2023-08-24T02:28:51,45,350,0,395
2023-08-24T02:41:39,45,350,0,395
2023-08-24T02:54:27,45,350,0,395
2023-08-24T03:07:25,45,350,0,395
2023-08-24T03:20:13,45,350,0,395
2023-08-24T03:33:02,45,350,0,395
2023-08-24T03:45:49,45,350,0,395
2023-08-24T03:58:37,45,350,0,395
2023-08-24T04:11:24,45,350,0,395
2023-08-24T04:29:28,45,350,0,395
2023-08-24T04:42:36,45,350,0,395
2023-08-24T04:55:25,45,350,0,395
2023-08-24T05:08:15,45,350,0,395
2023-08-24T05:21:04,45,350,0,395
2023-08-24T05:33:52,45,350,0,395
2023-08-24T05:46:41,45,350,0,395
2023-08-24T05:59:30,45,350,0,395
2023-08-24T06:12:18,45,350,0,395
2023-08-24T06:25:05,45,350,0,395
2023-08-24T06:37:52,45,350,0,395
2023-08-24T06:50:39,45,350,0,395
2023-08-24T07:03:27,45,350,0,395
2023-08-24T07:16:13,45,350,0,395
2023-08-24T07:28:58,45,350,0,395
2023-08-24T07:41:41,45,350,0,395
2023-08-24T07:54:25,45,350,0,395
2023-08-24T08:07:08,45,350,0,395
2023-08-24T08:19:53,45,350,0,395
2023-08-24T08:32:38,45,350,0,395
2023-08-24T08:45:22,45,350,0,395
2023-08-24T08:58:05,45,350,0,395
2023-08-24T09:10:59,45,350,0,395
2023-08-24T09:23:43,45,350,0,395
2023-08-24T09:36:37,45,350,0,395
2023-08-24T09:49:21,45,350,0,395
2023-08-24T10:02:14,45,350,0,395
2023-08-24T10:14:58,45,350,0,395
2023-08-24T10:27:52,45,350,0,395
2023-08-24T10:40:44,45,350,0,395
2023-08-24T10:53:27,45,350,0,395
2023-08-24T11:06:21,45,350,0,395
2023-08-24T11:19:06,45,350,0,395
2023-08-24T11:32:00,45,350,0,395
2023-08-24T11:44:55,45,350,0,395
2023-08-24T11:57:52,45,350,0,395
2023-08-24T12:10:36,45,350,0,395
2023-08-24T12:23:30,45,350,0,395
2023-08-24T12:36:14,45,350,0,395
2023-08-24T12:49:07,45,350,0,395
2023-08-24T13:02:01,45,350,0,395
2023-08-24T13:14:45,45,350,0,395
2023-08-24T13:27:40,45,350,0,395
2023-08-24T13:40:24,45,350,0,395
2023-08-24T13:53:18,45,350,0,395
2023-08-24T14:06:02,45,350,0,395
2023-08-24T14:18:56,45,350,0,395
2023-08-24T14:31:49,45,350,0,395
2023-08-24T14:44:33,45,350,0,395
2023-08-24T14:57:29,45,350,0,395
2023-08-24T15:10:13,45,350,0,395
2023-08-24T15:22:57,45,350,0,395
2023-08-24T15:35:51,45,350,0,395
2023-08-24T15:48:36,45,350,0,395
2023-08-24T16:01:20,45,350,0,395
2023-08-24T16:14:15,45,350,0,395
2023-08-24T16:27:00,45,350,0,395
2023-08-24T16:39:43,45,350,0,395
2023-08-24T16:52:27,45,350,0,395
2023-08-24T17:05:12,45,350,0,395
2023-08-24T17:17:58,45,350,0,395
2023-08-24T17:30:42,45,350,0,395
2023-08-24T17:43:27,45,350,0,395
2023-08-24T17:56:21,45,350,0,395
2023-08-24T18:09:06,45,350,0,395
2023-08-24T18:21:50,45,350,0,395
2023-08-24T18:34:35,45,350,0,395
2023-08-24T18:47:19,45,350,0,395
2023-08-24T19:00:05,45,350,0,395
2023-08-24T19:12:50,45,350,0,395
2023-08-24T19:25:34,45,350,0,395
2023-08-24T19:38:19,45,350,0,395
2023-08-24T19:51:16,45,350,0,395
2023-08-24T20:04:00,45,350,0,395
2023-08-24T20:16:43,45,350,0,395
2023-08-24T20:29:28,45,350,0,395
2023-08-24T20:42:13,45,350,0,395
2023-08-24T20:54:58,45,350,0,395
2023-08-24T21:07:42,45,350,0,395
2023-08-24T21:20:26,45,350,0,395
2023-08-24T21:33:11,45,350,0,395
2023-08-24T21:46:05,45,350,0,395
2023-08-24T21:58:49,45,350,0,395
2023-08-24T22:11:33,45,350,0,395
2023-08-24T22:24:31,45,350,0,395
2023-08-24T22:37:16,45,350,0,395
2023-08-24T22:50:00,45,350,0,395
2023-08-24T23:02:44,45,350,0,395
2023-08-24T23:15:32,45,350,0,395
2023-08-24T23:28:17,45,350,0,395
2023-08-24T23:41:01,45,350,0,395
2023-08-24T23:53:56,45,350,0,395
2023-08-25T00:06:42,45,350,0,395
2023-08-25T00:19:31,45,350,0,395
2023-08-25T00:32:19,45,350,0,395
2023-08-25T00:45:07,45,350,0,395
2023-08-25T00:57:56,45,350,0,395
2023-08-25T01:10:46,45,350,0,395
2023-08-25T01:23:36,45,350,0,395
2023-08-25T01:36:26,45,350,0,395
2023-08-25T01:49:14,45,350,0,395
2023-08-25T02:02:02,45,350,0,395
2023-08-25T02:15:00,45,350,0,395
2023-08-25T02:27:49,45,350,0,395
2023-08-25T02:40:38,45,350,0,395
2023-08-25T02:53:35,45,350,0,395
2023-08-25T03:06:22,45,350,0,395
2023-08-25T03:19:10,45,350,0,395
2023-08-25T03:31:58,45,350,0,395
2023-08-25T03:44:46,45,350,0,395
2023-08-25T03:57:33,45,350,0,395
2023-08-25T04:10:21,45,350,0,395
2023-08-25T04:34:26,45,350,0,395
2023-08-25T04:48:39,45,350,0,395
2023-08-25T05:01:48,45,350,0,395
2023-08-25T05:14:40,45,350,0,395
2023-08-25T05:27:29,45,350,0,395
2023-08-25T05:40:18,45,350,0,395
2023-08-25T05:53:07,45,350,0,395
2023-08-25T06:05:55,45,350,0,395
2023-08-25T06:18:44,45,350,0,395
2023-08-25T06:31:32,45,350,0,395
2023-08-25T06:44:19,45,350,0,395
2023-08-25T06:57:04,45,350,0,395
2023-08-25T07:09:49,45,350,0,395
2023-08-25T07:22:33,45,350,0,395
2023-08-25T07:35:27,45,350,0,395
2023-08-25T07:48:12,45,350,0,395
2023-08-25T08:00:57,45,350,0,395
2023-08-25T08:13:41,45,350,0,395
2023-08-25T08:26:25,45,350,0,395
2023-08-25T08:39:10,45,350,0,395
2023-08-25T08:51:54,45,350,0,395
2023-08-25T09:04:38,45,350,0,395
2023-08-25T09:17:23,45,350,0,395
2023-08-25T09:30:08,45,350,0,395
2023-08-25T09:43:03,45,350,0,395
2023-08-25T09:55:48,45,350,0,395
2023-08-25T10:08:32,45,350,0,395
2023-08-25T10:21:15,45,350,0,395
2023-08-25T10:33:59,45,350,0,395
2023-08-25T10:46:44,45,350,0,395
2023-08-25T10:59:29,45,350,0,395
2023-08-25T11:12:23,45,350,0,395
2023-08-25T11:25:07,45,350,0,395
2023-08-25T11:37:51,45,350,0,395
2023-08-25T11:50:35,45,350,0,395
2023-08-25T12:03:19,45,350,0,395
2023-08-25T12:16:04,45,350,0,395
2023-08-25T12:28:48,45,350,0,395
2023-08-25T12:41:33,45,350,0,395
2023-08-25T12:54:28,45,350,0,395
2023-08-25T13:07:12,45,350,0,395
2023-08-25T13:19:57,45,350,0,395
2023-08-25T13:32:42,45,350,0,395
2023-08-25T13:45:26,45,350,0,395
2023-08-25T13:58:10,45,350,0,395
2023-08-25T14:10:55,45,350,0,395
2023-08-25T14:23:49,45,350,0,395
2023-08-25T14:36:33,45,350,0,395
2023-08-25T14:49:20,45,350,0,395
2023-08-25T15:02:06,45,350,0,395
2023-08-25T15:14:50,45,350,0,395
2023-08-25T15:27:33,45,350,0,395
2023-08-25T15:40:20,45,350,0,395
2023-08-25T15:53:13,45,350,0,395
2023-08-25T16:05:56,45,350,0,395
2023-08-25T16:18:40,45,350,0,395
2023-08-25T16:31:25,45,350,0,395
2023-08-25T16:44:09,45,350,0,395
2023-08-25T16:56:54,45,350,0,395
2023-08-25T17:09:39,45,350,0,395
2023-08-25T17:22:33,45,350,0,395
2023-08-25T17:35:18,45,350,0,395
2023-08-25T17:48:01,45,350,0,395
2023-08-25T18:00:45,45,350,0,395
2023-08-25T18:13:29,45,350,0,395
2023-08-25T18:26:12,45,350,0,395
2023-08-25T18:38:56,45,350,0,395
2023-08-25T18:51:40,45,350,0,395
2023-08-25T19:04:34,45,350,0,395
2023-08-25T19:17:19,45,350,0,395
2023-08-25T19:30:03,45,350,0,395
2023-08-25T19:42:50,45,350,0,395
2023-08-25T19:55:34,45,350,0,395
2023-08-25T20:08:18,45,350,0,395
2023-08-25T20:21:02,45,350,0,395
2023-08-25T20:33:46,45,350,0,395
2023-08-25T20:46:30,45,350,0,395
2023-08-25T20:59:24,45,350,0,395
2023-08-25T21:12:08,45,350,0,395
2023-08-25T21:24:52,45,350,0,395
2023-08-25T21:37:36,45,350,0,395
2023-08-25T21:50:20,45,350,0,395
2023-08-25T22:03:04,45,350,0,395
2023-08-25T22:15:48,45,350,0,395
2023-08-25T22:28:31,45,350,0,395
2023-08-25T22:41:16,45,350,0,395
2023-08-25T22:54:10,45,350,0,395
2023-08-25T23:06:56,45,350,0,395
2023-08-25T23:19:41,45,350,0,395
2023-08-25T23:32:26,45,350,0,395
2023-08-25T23:45:11,45,350,0,395
2023-08-25T23:57:56,45,350,0,395
2023-08-26T00:10:43,45,350,0,395
2023-08-26T00:23:36,45,350,0,395
2023-08-26T00:36:24,45,350,0,395
2023-08-26T00:49:24,45,350,0,395
2023-08-26T01:02:13,45,350,0,395
2023-08-26T01:15:00,45,350,0,395
2023-08-26T01:27:49,45,350,0,395
2023-08-26T01:40:39,45,350,0,395
2023-08-26T01:53:26,45,350,0,395
2023-08-26T02:06:13,45,350,0,395
2023-08-26T02:18:58,45,350,0,395
2023-08-26T02:31:43,45,350,0,395
2023-08-26T02:44:28,45,350,0,395
2023-08-26T02:57:12,45,350,0,395
2023-08-26T03:09:58,45,350,0,395
2023-08-26T03:22:46,45,350,0,395
2023-08-26T03:35:45,45,350,0,395
2023-08-26T03:48:33,45,350,0,395
2023-08-26T04:01:21,45,350,0,395
2023-08-26T04:14:08,45,350,0,395
2023-08-26T04:35:37,45,350,0,395
2023-08-26T04:48:45,45,350,0,395
2023-08-26T05:01:37,45,350,0,395
2023-08-26T05:14:25,45,350,0,395
2023-08-26T05:27:13,45,350,0,395
2023-08-26T05:40:02,45,350,0,395
2023-08-26T05:52:50,45,350,0,395
2023-08-26T06:05:39,45,350,0,395
2023-08-26T06:18:26,45,350,0,395
2023-08-26T06:31:13,45,350,0,395
2023-08-26T06:44:04,45,350,0,395
2023-08-26T06:56:53,45,350,0,395
2023-08-26T07:09:55,45,350,0,395
2023-08-26T07:22:42,45,350,0,395
2023-08-26T07:35:29,45,350,0,395
2023-08-26T07:48:17,45,350,0,395
2023-08-26T08:01:04,45,350,0,395
2023-08-26T08:13:51,45,350,0,395
2023-08-26T08:26:39,45,350,0,395
2023-08-26T08:39:26,45,350,0,395
2023-08-26T08:52:14,45,350,0,395
2023-08-26T09:05:15,45,350,0,395
2023-08-26T09:18:02,45,350,0,395
2023-08-26T09:30:49,45,350,0,395
2023-08-26T09:43:36,45,350,0,395
2023-08-26T09:56:22,45,350,0,395
2023-08-26T10:09:08,45,350,0,395
2023-08-26T10:21:53,45,350,0,395
2023-08-26T10:34:39,45,350,0,395
2023-08-26T10:47:24,45,350,0,395
2023-08-26T11:00:08,45,350,0,395
2023-08-26T11:12:52,45,350,0,395
2023-08-26T11:25:36,45,350,0,395
2023-08-26T11:38:29,45,350,0,395
2023-08-26T11:51:13,45,350,0,395
2023-08-26T12:03:56,45,350,0,395
2023-08-26T12:16:40,45,350,0,395
2023-08-26T12:29:25,45,350,0,395
2023-08-26T12:42:08,45,350,0,395
2023-08-26T12:54:52,45,350,0,395
2023-08-26T13:07:36,45,350,0,395
2023-08-26T13:20:19,45,350,0,395
2023-08-26T13:33:03,45,350,0,395
2023-08-26T13:45:46,45,350,0,395
2023-08-26T13:58:54,45,350,0,395
2023-08-26T14:11:38,45,350,0,395
2023-08-26T14:24:22,45,350,0,395
2023-08-26T14:37:08,45,350,0,395
2023-08-26T14:49:51,45,350,0,395
2023-08-26T15:02:35,45,350,0,395
2023-08-26T15:15:18,45,350,0,395
2023-08-26T15:28:02,45,350,0,395
2023-08-26T15:40:45,45,350,0,395
2023-08-26T15:53:28,45,350,0,395
2023-08-26T16:06:21,45,350,0,395
2023-08-26T16:19:04,45,350,0,395
2023-08-26T16:31:49,45,350,0,395
2023-08-26T16:44:32,45,350,0,395
2023-08-26T16:57:15,45,350,0,395
2023-08-26T17:10:00,45,350,0,395
2023-08-26T17:22:44,45,350,0,395
2023-08-26T17:35:28,45,350,0,395
2023-08-26T17:48:11,45,350,0,395
2023-08-26T18:00:55,45,350,0,395
2023-08-26T18:13:59,45,350,0,395
2023-08-26T18:26:43,45,350,0,395
2023-08-26T18:39:26,45,350,0,395
2023-08-26T18:52:10,45,350,0,395
2023-08-26T19:04:55,45,350,0,395
2023-08-26T19:17:39,45,350,0,395
2023-08-26T19:30:24,45,350,0,395
2023-08-26T19:43:07,45,350,0,395
2023-08-26T19:56:00,45,350,0,395
2023-08-26T20:08:43,45,350,0,395
2023-08-26T20:21:27,45,350,0,395
2023-08-26T20:34:12,45,350,0,395
2023-08-26T20:46:55,45,350,0,395
2023-08-26T20:59:39,45,350,0,395
2023-08-26T21:12:24,45,350,0,395
2023-08-26T21:25:07,45,350,0,395
2023-08-26T21:38:08,45,350,0,395
2023-08-26T21:50:52,45,350,0,395
2023-08-26T22:03:36,45,350,0,395
2023-08-26T22:16:19,45,350,0,395
2023-08-26T22:29:02,45,350,0,395
2023-08-26T22:41:46,45,350,0,395
2023-08-26T22:54:31,45,350,0,395
2023-08-26T23:07:17,45,350,0,395
2023-08-26T23:20:01,45,350,0,395
2023-08-26T23:32:45,45,350,0,395
2023-08-26T23:45:40,45,350,0,395
2023-08-26T23:58:24,45,350,0,395
2023-08-27T00:11:12,45,350,0,395
2023-08-27T00:24:03,45,350,0,395
2023-08-27T00:36:51,45,350,0,395
2023-08-27T00:49:39,45,350,0,395
2023-08-27T01:02:26,45,350,0,395
2023-08-27T01:15:12,45,350,0,395
2023-08-27T01:28:00,45,350,0,395
2023-08-27T01:40:47,45,350,0,395
2023-08-27T01:53:34,45,350,0,395
2023-08-27T02:06:41,45,350,0,395
2023-08-27T02:19:29,45,350,0,395
2023-08-27T02:32:18,45,350,0,395
2023-08-27T02:45:04,45,350,0,395
2023-08-27T02:57:51,45,350,0,395
2023-08-27T03:10:38,45,350,0,395
2023-08-27T03:23:26,45,350,0,395
2023-08-27T03:36:15,45,350,0,395
2023-08-27T03:49:02,45,350,0,395
2023-08-27T04:01:49,45,350,0,395
2023-08-27T04:30:52,45,350,0,395
2023-08-27T04:44:36,45,350,0,395
2023-08-27T04:57:24,45,350,0,395
2023-08-27T05:10:13,45,350,0,395
2023-08-27T05:23:00,45,350,0,395
2023-08-27T05:35:49,45,350,0,395
2023-08-27T05:48:38,45,350,0,395
2023-08-27T06:01:27,45,350,0,395
2023-08-27T06:14:14,45,350,0,395
2023-08-27T06:27:01,45,350,0,395
2023-08-27T06:39:46,45,350,0,395
2023-08-27T06:52:30,45,350,0,395
2023-08-27T07:05:18,45,350,0,395
2023-08-27T07:18:01,45,350,0,395
2023-08-27T07:30:46,45,350,0,395
2023-08-27T07:43:30,45,350,0,395
2023-08-27T07:56:22,45,350,0,395
2023-08-27T08:09:07,45,350,0,395
2023-08-27T08:21:51,45,350,0,395
2023-08-27T08:34:37,45,350,0,395
2023-08-27T08:47:20,45,350,0,395
2023-08-27T09:00:04,45,350,0,395
2023-08-27T09:12:49,45,350,0,395
2023-08-27T09:25:32,45,350,0,395
2023-08-27T09:38:17,45,350,0,395
2023-08-27T09:51:02,45,350,0,395
2023-08-27T10:03:46,45,350,0,395
2023-08-27T10:16:31,45,350,0,395
2023-08-27T10:29:28,45,350,0,395
2023-08-27T10:42:12,45,350,0,395
2023-08-27T10:54:57,45,350,0,395
2023-08-27T11:07:44,45,350,0,395
2023-08-27T11:20:29,45,350,0,395
2023-08-27T11:33:15,45,350,0,395
2023-08-27T11:46:00,45,350,0,395
2023-08-27T11:58:44,45,350,0,395
2023-08-27T12:11:28,45,350,0,395
2023-08-27T12:24:11,45,350,0,395
2023-08-27T12:37:04,45,350,0,395
2023-08-27T12:49:48,45,350,0,395
2023-08-27T13:02:32,45,350,0,395
2023-08-27T13:15:17,45,350,0,395
2023-08-27T13:28:00,45,350,0,395
2023-08-27T13:40:44,45,350,0,395
2023-08-27T13:53:28,45,350,0,395
2023-08-27T14:06:12,45,350,0,395
2023-08-27T14:19:05,45,350,0,395
2023-08-27T14:31:48,45,350,0,395
2023-08-27T14:44:33,45,350,0,395
2023-08-27T14:57:17,45,350,0,395
2023-08-27T15:10:01,45,350,0,395
2023-08-27T15:22:44,45,350,0,395
2023-08-27T15:35:27,45,350,0,395
2023-08-27T15:48:19,45,350,0,395
2023-08-27T16:01:02,45,350,0,395
2023-08-27T16:13:46,45,350,0,395
2023-08-27T16:26:31,45,350,0,395
2023-08-27T16:39:15,45,350,0,395
2023-08-27T16:52:00,45,350,0,395
2023-08-27T17:04:44,45,350,0,395
2023-08-27T17:17:45,45,350,0,395
2023-08-27T17:30:29,45,350,0,395
2023-08-27T17:43:13,45,350,0,395
2023-08-27T17:55:56,45,350,0,395
2023-08-27T18:08:41,45,350,0,395
2023-08-27T18:21:24,45,350,0,395
2023-08-27T18:34:09,45,350,0,395
2023-08-27T18:46:53,45,350,0,395
2023-08-27T18:59:47,45,350,0,395
2023-08-27T19:12:34,45,350,0,395
2023-08-27T19:25:18,45,350,0,395
2023-08-27T19:38:02,45,350,0,395
2023-08-27T19:50:45,45,350,0,395
2023-08-27T20:03:29,45,350,0,395
2023-08-27T20:16:12,45,350,0,395
2023-08-27T20:29:12,45,350,0,395
2023-08-27T20:41:55,45,350,0,395
2023-08-27T20:54:39,45,350,0,395
2023-08-27T21:07:23,45,350,0,395
2023-08-27T21:20:06,45,350,0,395
2023-08-27T21:32:51,45,350,0,395
2023-08-27T21:45:36,45,350,0,395
2023-08-27T21:58:29,45,350,0,395
2023-08-27T22:11:13,45,350,0,395
2023-08-27T22:23:56,45,350,0,395
2023-08-27T22:36:39,45,350,0,395
2023-08-27T22:56:15,45,350,0,395
2023-08-27T23:09:01,45,350,0,395
2023-08-27T23:21:55,45,350,0,395
2023-08-27T23:34:41,45,350,0,395
2023-08-27T23:47:24,45,350,0,395
2023-08-28T00:00:09,45,350,0,395
2023-08-28T00:13:00,45,350,0,395
2023-08-28T00:25:53,45,350,0,395
2023-08-28T00:38:59,45,350,0,395
2023-08-28T00:51:45,45,350,0,395
2023-08-28T01:04:31,45,350,0,395
2023-08-28T01:17:29,45,350,0,395
2023-08-28T01:30:18,45,350,0,395
2023-08-28T01:43:06,45,350,0,395
2023-08-28T01:56:02,45,350,0,395
2023-08-28T02:08:59,45,350,0,395
2023-08-28T02:21:45,45,350,0,395
2023-08-28T02:34:31,45,350,0,395
2023-08-28T02:47:18,45,350,0,395
2023-08-28T03:00:04,45,350,0,395
2023-08-28T03:12:51,45,350,0,395
2023-08-28T03:25:38,45,350,0,395
2023-08-28T03:38:25,45,350,0,395
2023-08-28T03:51:11,45,350,0,395
2023-08-28T04:03:57,45,350,0,395
2023-08-28T04:33:30,45,350,0,395
2023-08-28T04:46:21,45,350,0,395
2023-08-28T04:59:09,45,350,0,395
2023-08-28T05:12:01,45,350,0,395
2023-08-28T05:24:49,45,350,0,395
2023-08-28T05:37:38,45,350,0,395
2023-08-28T05:50:26,45,350,0,395
2023-08-28T06:03:15,45,350,0,395
2023-08-28T06:16:02,45,350,0,395
2023-08-28T06:28:49,45,350,0,395
2023-08-28T06:41:36,45,350,0,395
2023-08-28T06:54:23,45,350,0,395
2023-08-28T07:07:09,45,350,0,395
2023-08-28T07:19:54,45,350,0,395
2023-08-28T07:32:46,45,350,0,395
2023-08-28T07:45:30,45,350,0,395
2023-08-28T07:58:15,45,350,0,395
2023-08-28T08:11:02,45,350,0,395
2023-08-28T08:23:48,45,350,0,395
2023-08-28T08:36:36,45,350,0,395
2023-08-28T08:49:23,45,350,0,395
2023-08-28T09:02:27,45,350,0,395
2023-08-28T09:15:15,45,350,0,395
2023-08-28T09:28:10,45,350,0,395
2023-08-28T09:40:59,45,350,0,395
2023-08-28T09:53:45,45,350,0,395
2023-08-28T10:06:44,45,350,0,395
2023-08-28T10:19:31,45,350,0,395
2023-08-28T10:32:21,45,350,0,395
2023-08-28T10:45:07,45,350,0,395
2023-08-28T10:58:06,45,350,0,395
2023-08-28T11:10:53,45,350,0,395
2023-08-28T11:23:40,45,350,0,395
2023-08-28T11:36:31,45,350,0,395
2023-08-28T11:49:29,45,350,0,395
2023-08-28T12:02:17,45,350,0,395
2023-08-28T12:15:03,45,350,0,395
2023-08-28T12:27:50,45,350,0,395
2023-08-28T12:40:49,45,350,0,395
2023-08-28T12:53:36,45,350,0,395
2023-08-28T13:06:22,45,350,0,395
2023-08-28T13:19:20,45,350,0,395
2023-08-28T13:32:08,45,350,0,395
2023-08-28T13:44:54,45,350,0,395
2023-08-28T13:57:40,45,350,0,395
2023-08-28T14:10:39,45,350,0,395
2023-08-28T14:23:24,45,350,0,395
2023-08-28T14:36:09,45,350,0,395
2023-08-28T14:48:53,45,350,0,395
2023-08-28T15:01:47,45,350,0,395
2023-08-28T15:14:32,45,350,0,395
2023-08-28T15:27:17,45,350,0,395
2023-08-28T15:40:04,45,350,0,395
2023-08-28T15:53:02,45,350,0,395
2023-08-28T16:05:48,45,350,0,395
2023-08-28T16:18:36,45,350,0,395
2023-08-28T16:31:22,45,350,0,395
2023-08-28T16:44:09,45,350,0,395
2023-08-28T16:57:07,45,350,0,395
2023-08-28T17:09:55,45,350,0,395
2023-08-28T17:22:43,45,350,0,395
2023-08-28T17:35:30,45,350,0,395
2023-08-28T17:48:16,45,350,0,395
2023-08-28T18:01:16,45,350,0,395
2023-08-28T18:14:03,45,350,0,395
2023-08-28T18:26:49,45,350,0,395
2023-08-28T18:39:36,45,350,0,395
2023-08-28T18:52:24,45,350,0,395
2023-08-28T19:05:22,45,350,0,395
2023-08-28T19:18:09,45,350,0,395
2023-08-28T19:30:55,45,350,0,395
2023-08-28T19:43:44,45,350,0,395
2023-08-28T19:56:31,45,350,0,395
2023-08-28T20:09:18,45,350,0,395
2023-08-28T20:22:16,45,350,0,395
2023-08-28T20:35:03,45,350,0,395
2023-08-28T20:47:50,45,350,0,395
2023-08-28T21:00:37,45,350,0,395
2023-08-28T21:13:24,45,350,0,395
2023-08-28T21:26:21,45,350,0,395
2023-08-28T21:39:08,45,350,0,395
2023-08-28T21:51:56,45,350,0,395
2023-08-28T22:04:42,45,350,0,395
2023-08-28T22:17:29,45,350,0,395
2023-08-28T22:30:27,45,350,0,395
2023-08-28T22:43:14,45,350,0,395
2023-08-28T22:56:01,45,350,0,395
2023-08-28T23:08:50,45,350,0,395
2023-08-28T23:21:39,45,350,0,395
2023-08-28T23:34:38,45,350,0,395
2023-08-28T23:47:27,45,350,0,395
2023-08-29T00:00:15,45,350,0,395
2023-08-29T00:13:14,45,350,0,395
2023-08-29T00:26:11,45,350,0,395
2023-08-29T00:39:01,45,350,0,395
2023-08-29T00:52:00,45,350,0,395
2023-08-29T01:04:49,45,350,0,395
2023-08-29T01:17:40,45,350,0,395
2023-08-29T01:30:30,45,350,0,395
2023-08-29T01:43:19,45,350,0,395
2023-08-29T01:56:09,45,350,0,395
2023-08-29T02:08:59,45,350,0,395
2023-08-29T02:21:50,45,350,0,395
2023-08-29T02:34:40,45,350,0,395
2023-08-29T02:47:29,45,350,0,395
2023-08-29T03:00:28,45,350,0,395
2023-08-29T03:13:19,45,350,0,395
2023-08-29T03:26:10,45,350,0,395
2023-08-29T03:39:01,45,350,0,395
2023-08-29T03:51:52,45,350,0,395
2023-08-29T04:04:44,45,350,0,395
2023-08-29T04:30:30,45,350,0,395
2023-08-29T04:43:22,45,350,0,395
2023-08-29T04:58:15,45,350,0,395
2023-08-29T05:11:09,45,350,0,395
2023-08-29T05:24:00,45,350,0,395
2023-08-29T05:36:51,45,350,0,395
2023-08-29T05:49:43,45,350,0,395
2023-08-29T06:02:34,45,350,0,395
2023-08-29T06:15:24,45,350,0,395
2023-08-29T06:28:18,45,350,0,395
2023-08-29T06:41:08,45,350,0,395
2023-08-29T06:53:59,45,350,0,395
2023-08-29T07:07:01,45,350,0,395
2023-08-29T07:19:51,45,350,0,395
2023-08-29T07:32:40,45,350,0,395
2023-08-29T07:45:29,45,350,0,395
2023-08-29T07:58:19,45,350,0,395
2023-08-29T08:11:16,45,350,0,395
2023-08-29T08:24:07,45,350,0,395
2023-08-29T08:36:59,45,350,0,395
2023-08-29T08:50:06,45,350,0,395
2023-08-29T09:03:00,45,350,0,395
2023-08-29T09:15:53,45,350,0,395
2023-08-29T09:28:47,45,350,0,395
2023-08-29T09:41:42,45,350,0,395
2023-08-29T09:54:51,45,350,0,395
2023-08-29T10:07:46,45,350,0,395
2023-08-29T10:20:43,45,350,0,395
2023-08-29T10:33:51,45,350,0,395
2023-08-29T10:46:47,45,350,0,395
2023-08-29T10:59:45,45,350,0,395
2023-08-29T11:12:46,45,350,0,395
2023-08-29T11:25:54,45,350,0,395
2023-08-29T11:38:51,45,350,0,395
2023-08-29T11:51:52,45,350,0,395
2023-08-29T12:05:03,45,350,0,395
2023-08-29T12:17:58,45,350,0,395
2023-08-29T12:30:57,45,350,0,395
2023-08-29T12:44:03,45,350,0,395
2023-08-29T12:56:57,45,350,0,395
2023-08-29T13:09:53,46,349,0,395
2023-08-29T13:23:01,46,349,0,395
2023-08-29T13:35:55,46,349,0,395
2023-08-29T13:48:50,46,349,0,395
2023-08-29T14:02:02,46,349,0,395
2023-08-29T14:14:58,46,349,0,395
2023-08-29T14:27:52,47,348,0,395
2023-08-29T14:41:04,47,348,0,395
2023-08-29T14:54:00,47,348,0,395
2023-08-29T15:06:56,47,348,0,395
2023-08-29T15:20:01,47,348,0,395
2023-08-29T15:32:58,47,348,0,395
2023-08-29T15:45:53,48,347,0,395
2023-08-29T15:58:59,48,347,0,395
2023-08-29T16:12:05,48,347,0,395
2023-08-29T16:25:00,48,347,0,395
2023-08-29T16:38:06,48,347,0,395
2023-08-29T16:51:06,48,347,0,395
2023-08-29T17:04:04,48,347,0,395
2023-08-29T17:17:14,48,347,0,395
2023-08-29T17:30:06,48,347,0,395
2023-08-29T17:43:00,48,347,0,395
2023-08-29T17:55:52,48,347,0,395
2023-08-29T18:09:07,48,347,0,395
2023-08-29T18:22:13,48,347,0,395
2023-08-29T18:35:10,48,347,0,395
2023-08-29T18:48:02,48,347,0,395
2023-08-29T19:01:08,48,347,0,395
2023-08-29T19:14:01,48,347,0,395
2023-08-29T19:26:53,48,347,0,395
2023-08-29T19:39:43,48,347,0,395
2023-08-29T19:52:52,48,347,0,395
2023-08-29T20:05:44,49,346,0,395
2023-08-29T20:18:35,49,346,0,395
2023-08-29T20:31:36,50,345,0,395
2023-08-29T20:44:23,50,345,0,395
2023-08-29T20:57:10,50,345,0,395
2023-08-29T21:09:58,50,345,0,395
2023-08-29T21:22:56,49,346,0,395
2023-08-29T21:35:43,50,345,0,395
2023-08-29T21:48:30,50,345,0,395
2023-08-29T22:01:18,50,345,0,395
2023-08-29T22:14:05,50,345,0,395
2023-08-29T22:27:05,50,345,0,395
2023-08-29T22:39:52,50,345,0,395
2023-08-29T22:52:40,50,345,0,395
2023-08-29T23:05:28,50,345,0,395
2023-08-29T23:18:28,50,345,0,395
2023-08-29T23:31:15,50,345,0,395
2023-08-29T23:44:03,50,345,0,395
2023-08-29T23:56:51,50,345,0,395
2023-08-30T00:09:40,50,345,0,395
2023-08-30T00:22:33,50,345,0,395
2023-08-30T00:35:36,50,345,0,395
2023-08-30T00:48:27,50,345,0,395
2023-08-30T01:01:20,50,345,0,395
2023-08-30T01:14:12,50,345,0,395
2023-08-30T01:27:04,50,345,0,395
2023-08-30T01:39:56,50,345,0,395
2023-08-30T01:52:46,50,345,0,395
2023-08-30T02:05:37,50,345,0,395
2023-08-30T02:18:40,50,345,0,395
2023-08-30T02:31:29,50,345,0,395
2023-08-30T02:44:19,50,345,0,395
2023-08-30T02:57:07,50,345,0,395
2023-08-30T03:09:56,50,345,0,395
2023-08-30T03:22:47,50,345,0,395
2023-08-30T03:35:38,50,345,0,395
2023-08-30T03:48:29,50,345,0,395
2023-08-30T04:01:21,50,345,0,395
2023-08-30T06:35:47,50,345,0,395
2023-08-30T06:48:38,50,345,0,395
2023-08-30T07:01:28,50,345,0,395
2023-08-30T07:14:18,50,345,0,395
2023-08-30T07:27:07,50,345,0,395
2023-08-30T07:39:55,50,345,0,395
2023-08-30T07:52:45,50,345,0,395
2023-08-30T08:05:34,50,345,0,395
2023-08-30T08:18:24,50,345,0,395
2023-08-30T08:31:13,50,345,0,395
2023-08-30T08:44:01,50,345,0,395
2023-08-30T08:56:48,50,345,0,395
2023-08-30T09:09:36,50,345,0,395
2023-08-30T09:22:32,50,345,0,395
2023-08-30T09:35:20,50,345,0,395
2023-08-30T09:48:07,50,345,0,395
2023-08-30T10:00:55,50,345,0,395
2023-08-30T10:13:43,50,345,0,395
2023-08-30T10:26:31,50,345,0,395
2023-08-30T10:39:20,50,345,0,395
2023-08-30T10:52:10,50,345,0,395
2023-08-30T11:05:08,50,345,0,395
2023-08-30T11:17:57,50,345,0,395
2023-08-30T11:30:46,50,345,0,395
2023-08-30T11:43:34,50,345,0,395
2023-08-30T11:56:23,50,345,0,395
2023-08-30T12:09:11,50,345,0,395
2023-08-30T12:22:08,50,345,0,395
2023-08-30T12:34:56,50,345,0,395
2023-08-30T12:47:44,50,345,0,395
2023-08-30T13:00:32,50,345,0,395
2023-08-30T13:13:19,50,345,0,395
2023-08-30T13:26:09,50,345,0,395
2023-08-30T13:38:57,50,345,0,395
2023-08-30T13:51:57,50,345,0,395
2023-08-30T14:04:47,50,345,0,395
2023-08-30T14:17:36,50,345,0,395
2023-08-30T14:30:24,50,345,0,395
2023-08-30T14:43:12,50,345,0,395
2023-08-30T14:56:00,50,345,0,395
2023-08-30T15:08:59,50,345,0,395
2023-08-30T15:21:47,50,345,0,395
2023-08-30T15:34:35,50,345,0,395
2023-08-30T15:47:23,50,345,0,395
2023-08-30T16:00:12,50,345,0,395
2023-08-30T16:13:00,50,345,0,395
2023-08-30T16:25:50,50,345,0,395
2023-08-30T16:38:49,50,345,0,395
2023-08-30T16:51:37,50,345,0,395
2023-08-30T17:04:27,50,345,0,395
2023-08-30T17:17:17,50,345,0,395
2023-08-30T17:30:06,51,344,0,395
2023-08-30T17:42:54,51,344,0,395
2023-08-30T17:55:43,51,344,0,395
2023-08-30T18:08:32,50,345,0,395
2023-08-30T18:21:30,50,345,0,395
2023-08-30T18:34:19,50,345,0,395
2023-08-30T18:47:08,50,345,0,395
2023-08-30T18:59:57,50,345,0,395
2023-08-30T19:12:47,50,345,0,395
2023-08-30T19:25:35,50,345,0,395
2023-08-30T19:38:24,50,345,0,395
2023-08-30T19:51:23,50,345,0,395
2023-08-30T20:04:12,50,345,0,395
2023-08-30T20:17:02,50,345,0,395
2023-08-30T20:29:50,50,345,0,395
2023-08-30T20:42:39,50,345,0,395
2023-08-30T20:55:28,50,345,0,395
2023-08-30T21:08:17,50,345,0,395
2023-08-30T21:21:05,50,345,0,395
2023-08-30T21:33:55,50,345,0,395
2023-08-30T21:46:53,50,345,0,395
2023-08-30T21:59:41,50,345,0,395
2023-08-30T22:12:30,50,345,0,395
2023-08-30T22:25:22,50,345,0,395
2023-08-30T22:38:11,50,345,0,395
2023-08-30T22:51:00,50,345,0,395
2023-08-30T23:03:49,50,345,0,395
2023-08-30T23:16:38,50,345,0,395
2023-08-30T23:29:36,50,345,0,395
2023-08-30T23:42:26,50,345,0,395
2023-08-30T23:55:15,50,345,0,395
2023-08-31T00:08:05,50,345,0,395
2023-08-31T00:21:18,50,345,0,395
2023-08-31T00:34:10,50,345,0,395
2023-08-31T00:47:00,50,345,0,395
2023-08-31T00:59:51,50,345,0,395
2023-08-31T01:12:43,50,345,0,395
2023-08-31T01:25:35,50,345,0,395
2023-08-31T01:38:27,50,345,0,395
2023-08-31T01:51:28,50,345,0,395
2023-08-31T02:04:23,50,345,0,395
2023-08-31T02:17:15,50,345,0,395
2023-08-31T02:30:06,50,345,0,395
2023-08-31T02:42:57,50,345,0,395
2023-08-31T02:55:47,50,345,0,395
2023-08-31T03:08:42,50,345,0,395
2023-08-31T03:21:41,50,345,0,395
2023-08-31T03:34:33,50,345,0,395
2023-08-31T03:47:25,50,345,0,395
2023-08-31T04:00:17,50,345,0,395
2023-08-31T04:28:58,50,345,0,395
2023-08-31T04:43:24,50,345,0,395
2023-08-31T04:56:18,50,345,0,395
2023-08-31T05:09:14,50,345,0,395
2023-08-31T05:22:07,50,345,0,395
2023-08-31T05:35:00,50,345,0,395
2023-08-31T05:47:54,50,345,0,395
2023-08-31T06:00:47,50,345,0,395
2023-08-31T06:13:39,50,345,0,395
2023-08-31T06:26:32,50,345,0,395
2023-08-31T06:39:24,50,345,0,395
2023-08-31T06:52:16,50,345,0,395
2023-08-31T07:05:09,50,345,0,395
2023-08-31T07:18:01,50,345,0,395
2023-08-31T07:30:52,50,345,0,395
2023-08-31T07:43:41,50,345,0,395
2023-08-31T07:56:30,50,345,0,395
2023-08-31T08:09:22,50,345,0,395
2023-08-31T08:22:12,50,345,0,395
2023-08-31T08:35:11,50,345,0,395
2023-08-31T08:48:01,50,345,0,395
2023-08-31T09:00:50,50,345,0,395
2023-08-31T09:13:41,50,345,0,395
2023-08-31T09:26:31,50,345,0,395
2023-08-31T09:39:21,50,345,0,395
2023-08-31T09:52:12,50,345,0,395
2023-08-31T10:05:15,50,345,0,395
2023-08-31T10:18:05,50,345,0,395
2023-08-31T10:30:56,50,345,0,395
2023-08-31T10:43:47,50,345,0,395
2023-08-31T10:56:38,50,345,0,395
2023-08-31T11:09:29,50,345,0,395
2023-08-31T11:22:29,50,345,0,395
2023-08-31T11:35:20,50,345,0,395
2023-08-31T11:48:10,50,345,0,395
2023-08-31T12:01:00,50,345,0,395
2023-08-31T12:13:52,50,345,0,395
2023-08-31T12:26:53,50,345,0,395
2023-08-31T12:39:44,50,345,0,395
2023-08-31T12:52:37,50,345,0,395
2023-08-31T13:05:29,50,345,0,395
2023-08-31T13:18:21,50,345,0,395
2023-08-31T13:31:22,50,345,0,395
2023-08-31T13:44:14,50,345,0,395
2023-08-31T13:57:05,50,345,0,395
2023-08-31T14:09:56,50,345,0,395
2023-08-31T14:22:46,50,345,0,395
2023-08-31T14:35:45,50,345,0,395
2023-08-31T14:48:35,50,345,0,395
2023-08-31T15:01:25,50,345,0,395
2023-08-31T15:14:15,50,345,0,395
2023-08-31T15:27:04,50,345,0,395
2023-08-31T15:39:56,50,345,0,395
2023-08-31T15:52:55,50,345,0,395
2023-08-31T16:05:44,50,345,0,395
2023-08-31T16:18:33,50,345,0,395
2023-08-31T16:31:24,50,345,0,395
2023-08-31T16:44:14,50,345,0,395
2023-08-31T16:57:03,50,345,0,395
2023-08-31T17:10:03,50,345,0,395
2023-08-31T17:22:53,50,345,0,395
2023-08-31T17:35:42,50,345,0,395
2023-08-31T17:48:31,50,345,0,395
2023-08-31T18:01:20,50,345,0,395
2023-08-31T18:14:09,50,345,0,395
2023-08-31T18:26:58,50,345,0,395
2023-08-31T18:39:58,50,345,0,395
2023-08-31T18:52:47,50,345,0,395
2023-08-31T19:05:36,50,345,0,395
2023-08-31T19:18:25,50,345,0,395
2023-08-31T19:31:14,50,345,0,395
2023-08-31T19:44:04,50,345,0,395
2023-08-31T19:56:53,50,345,0,395
2023-08-31T20:09:52,50,345,0,395
2023-08-31T20:22:41,50,345,0,395
2023-08-31T20:35:30,50,345,0,395
2023-08-31T20:48:19,50,345,0,395
2023-08-31T21:01:09,50,345,0,395
2023-08-31T21:13:58,50,345,0,395
2023-08-31T21:26:47,50,345,0,395
2023-08-31T21:39:36,50,345,0,395
2023-08-31T21:52:35,50,345,0,395
2023-08-31T22:05:24,50,345,0,395
2023-08-31T22:18:13,50,345,0,395
2023-08-31T22:31:02,50,345,0,395
2023-08-31T22:43:51,50,345,0,395
2023-08-31T22:56:40,50,345,0,395
2023-08-31T23:09:30,50,345,0,395
2023-08-31T23:22:20,50,345,0,395
2023-08-31T23:35:19,50,345,0,395
2023-08-31T23:48:08,50,345,0,395
2023-09-01T00:00:58,50,345,0,395
2023-09-01T00:13:56,50,345,0,395
2023-09-01T00:26:51,50,345,0,395
2023-09-01T00:39:44,50,345,0,395
2023-09-01T00:52:38,50,345,0,395
2023-09-01T01:05:32,50,345,0,395
2023-09-01T01:18:25,50,345,0,395
2023-09-01T01:31:19,50,345,0,395
2023-09-01T01:44:26,50,345,0,395
2023-09-01T01:57:20,50,345,0,395
2023-09-01T02:10:13,50,345,0,395
2023-09-01T02:23:05,50,345,0,395
2023-09-01T02:35:58,50,345,0,395
2023-09-01T02:48:51,50,345,0,395
2023-09-01T03:01:42,50,345,0,395
2023-09-01T03:14:36,50,345,0,395
2023-09-01T03:27:32,50,345,0,395
2023-09-01T03:40:25,50,345,0,395
2023-09-01T03:53:19,50,345,0,395
2023-09-01T04:08:13,50,345,0,395
2023-09-01T04:31:06,50,345,0,395
2023-09-01T04:44:02,50,345,0,395
2023-09-01T04:56:57,50,345,0,395
2023-09-01T05:09:51,50,345,0,395
2023-09-01T05:22:45,50,345,0,395
2023-09-01T05:35:39,50,345,0,395
2023-09-01T05:48:33,50,345,0,395
2023-09-01T06:01:28,50,345,0,395
2023-09-01T06:14:22,50,345,0,395
2023-09-01T06:27:15,50,345,0,395
2023-09-01T06:40:08,50,345,0,395
2023-09-01T06:53:01,50,345,0,395
2023-09-01T07:05:54,50,345,0,395
2023-09-01T07:18:49,50,345,0,395
2023-09-01T07:31:41,50,345,0,395
2023-09-01T07:44:32,50,345,0,395
2023-09-01T07:57:31,50,345,0,395
2023-09-01T08:10:22,50,345,0,395
2023-09-01T08:23:15,50,345,0,395
2023-09-01T08:36:07,51,344,0,395
2023-09-01T08:49:02,51,344,0,395
2023-09-01T09:02:00,52,343,0,395
2023-09-01T09:14:56,51,344,0,395
2023-09-01T09:28:03,51,344,0,395
2023-09-01T09:40:58,51,344,0,395
2023-09-01T09:53:53,51,344,0,395
2023-09-01T10:06:47,51,344,0,395
2023-09-01T10:19:42,51,344,0,395
2023-09-01T10:32:50,51,344,0,395
2023-09-01T10:45:46,51,344,0,395
2023-09-01T10:58:41,51,344,0,395
2023-09-01T11:11:38,51,344,0,395
2023-09-01T11:24:35,52,343,0,395
2023-09-01T11:37:40,52,343,0,395
2023-09-01T11:50:37,52,343,0,395
2023-09-01T12:03:34,52,343,0,395
2023-09-01T12:16:28,52,343,0,395
2023-09-01T12:29:33,52,343,0,395
2023-09-01T12:42:27,52,343,0,395
2023-09-01T12:55:22,52,343,0,395
2023-09-01T13:08:18,52,343,0,395
2023-09-01T13:21:23,52,343,0,395
2023-09-01T13:34:20,53,342,0,395
2023-09-01T13:47:15,53,342,0,395
2023-09-01T14:00:12,54,341,0,395
2023-09-01T14:13:27,55,340,0,395
2023-09-01T14:26:21,55,340,0,395
2023-09-01T14:39:15,55,340,0,395
2023-09-01T14:52:12,56,339,0,395
2023-09-01T15:05:20,56,339,0,395
2023-09-01T15:18:19,56,339,0,395
2023-09-01T15:31:19,57,338,0,395
2023-09-01T15:44:17,57,338,0,395
2023-09-01T15:57:25,57,338,0,395
2023-09-01T16:10:23,57,338,0,395
2023-09-01T16:23:18,57,338,0,395
2023-09-01T16:36:12,57,338,0,395
2023-09-01T16:49:16,57,338,0,395
2023-09-01T17:02:14,58,337,0,395
2023-09-01T17:15:14,58,337,0,395
2023-09-01T17:28:08,58,337,0,395
2023-09-01T19:28:11,60,335,0,395
2023-09-01T19:41:04,62,333,0,395
2023-09-01T19:53:58,62,333,0,395
2023-09-01T20:07:03,62,333,0,395
2023-09-01T20:19:56,62,333,0,395
2023-09-01T20:32:48,62,333,0,395
2023-09-01T20:45:38,62,333,0,395
2023-09-01T20:58:28,62,333,0,395
2023-09-01T21:11:29,62,333,0,395
2023-09-01T21:24:20,62,333,0,395
2023-09-01T21:37:11,62,333,0,395
2023-09-01T21:50:02,62,333,0,395
2023-09-01T22:02:53,62,333,0,395
2023-09-01T22:15:54,62,333,0,395
2023-09-01T22:28:45,62,333,0,395
2023-09-01T22:41:36,62,333,0,395
2023-09-01T22:54:26,62,333,0,395
2023-09-01T23:07:17,62,333,0,395
2023-09-01T23:20:19,62,333,0,395
2023-09-01T23:33:11,62,333,0,395
2023-09-01T23:46:02,62,333,0,395
2023-09-01T23:58:54,62,333,0,395
2023-09-02T00:11:51,62,333,0,395
2023-09-02T00:24:49,62,333,0,395
2023-09-02T00:37:53,62,333,0,395
2023-09-02T00:50:48,62,333,0,395
2023-09-02T01:03:42,62,333,0,395
2023-09-02T01:16:37,62,333,0,395
2023-09-02T01:29:33,62,333,0,395
2023-09-02T01:42:29,62,333,0,395
2023-09-02T01:55:25,62,333,0,395
2023-09-02T02:08:19,62,333,0,395
2023-09-02T02:21:13,62,333,0,395
2023-09-02T02:34:15,62,333,0,395
2023-09-02T02:47:09,62,333,0,395
2023-09-02T03:00:01,62,333,0,395
2023-09-02T03:12:54,62,333,0,395
2023-09-02T03:25:50,62,333,0,395
2023-09-02T03:38:43,62,333,0,395
2023-09-02T03:51:37,62,333,0,395
2023-09-02T04:04:32,62,333,0,395
2023-09-02T04:29:52,62,333,0,395
2023-09-02T04:43:08,62,333,0,395
2023-09-02T04:56:06,62,333,0,395
2023-09-02T05:09:04,62,333,0,395
2023-09-02T05:21:59,62,333,0,395
2023-09-02T05:34:55,62,333,0,395
2023-09-02T05:47:50,62,333,0,395
2023-09-02T06:00:44,62,333,0,395
2023-09-02T06:13:40,62,333,0,395
2023-09-02T06:26:35,62,333,0,395
2023-09-02T06:39:29,62,333,0,395
2023-09-02T06:52:24,62,333,0,395
2023-09-02T07:05:20,62,333,0,395
2023-09-02T07:18:14,62,333,0,395
2023-09-02T07:31:09,62,333,0,395
2023-09-02T07:44:03,62,333,0,395
2023-09-02T07:56:57,62,333,0,395
2023-09-02T08:09:59,62,333,0,395
2023-09-02T08:22:54,62,333,0,395
2023-09-02T08:35:49,62,333,0,395
2023-09-02T08:48:44,62,333,0,395
2023-09-02T09:01:39,62,333,0,395
2023-09-02T09:14:34,62,333,0,395
2023-09-02T09:27:27,62,333,0,395
2023-09-02T09:40:21,62,333,0,395
2023-09-02T09:53:14,62,333,0,395
2023-09-02T10:06:07,62,333,0,395
2023-09-02T10:19:01,62,333,0,395
2023-09-02T10:31:54,62,333,0,395
2023-09-02T10:44:57,62,333,0,395
2023-09-02T10:57:51,62,333,0,395
2023-09-02T11:10:43,62,333,0,395
2023-09-02T11:23:34,62,333,0,395
2023-09-02T11:36:26,62,333,0,395
2023-09-02T11:49:17,62,333,0,395
2023-09-02T12:02:09,62,333,0,395
2023-09-02T12:15:00,62,333,0,395
2023-09-02T12:27:52,62,333,0,395
2023-09-02T12:40:43,62,333,0,395
2023-09-02T12:53:44,62,333,0,395
2023-09-02T13:06:35,62,333,0,395
2023-09-02T13:19:26,62,333,0,395
2023-09-02T13:32:17,62,333,0,395
2023-09-02T13:45:08,62,333,0,395
2023-09-02T13:57:59,62,333,0,395
2023-09-02T14:10:50,62,333,0,395
2023-09-02T14:23:42,62,333,0,395
2023-09-02T14:36:44,62,333,0,395
2023-09-02T14:49:35,62,333,0,395
2023-09-02T15:02:26,62,333,0,395
2023-09-02T15:15:17,62,333,0,395
2023-09-02T15:28:08,62,333,0,395
2023-09-02T15:41:00,62,333,0,395
2023-09-02T15:53:53,62,333,0,395
2023-09-02T16:06:44,62,333,0,395
2023-09-02T16:19:35,62,333,0,395
2023-09-02T16:32:26,62,333,0,395
2023-09-02T16:45:17,62,333,0,395
2023-09-02T16:58:09,62,333,0,395
2023-09-02T17:11:12,62,333,0,395
2023-09-02T17:24:03,62,333,0,395
2023-09-02T17:36:55,62,333,0,395
2023-09-02T17:49:46,62,333,0,395
2023-09-02T18:02:38,62,333,0,395
2023-09-02T18:15:29,62,333,0,395
2023-09-02T18:28:20,62,333,0,395
2023-09-02T18:41:11,62,333,0,395
2023-09-02T18:54:01,62,333,0,395
2023-09-02T19:06:53,62,333,0,395
2023-09-02T19:19:45,62,333,0,395
2023-09-02T19:32:45,62,333,0,395
2023-09-02T19:45:36,62,333,0,395
2023-09-02T19:58:26,62,333,0,395
2023-09-02T20:11:17,62,333,0,395
2023-09-02T20:24:08,62,333,0,395
2023-09-02T20:36:59,62,333,0,395
2023-09-02T20:49:50,62,333,0,395
2023-09-02T21:02:42,62,333,0,395
2023-09-02T21:15:32,62,333,0,395
2023-09-02T21:28:23,62,333,0,395
2023-09-02T21:41:23,62,333,0,395
2023-09-02T21:54:14,62,333,0,395
2023-09-02T22:07:05,62,333,0,395
2023-09-02T22:19:56,62,333,0,395
2023-09-02T22:32:47,62,333,0,395
2023-09-02T22:45:38,62,333,0,395
2023-09-02T22:58:29,62,333,0,395
2023-09-02T23:11:23,62,333,0,395
2023-09-02T23:24:14,62,333,0,395
2023-09-02T23:37:05,62,333,0,395
2023-09-02T23:49:58,62,333,0,395
2023-09-03T00:02:50,62,333,0,395
2023-09-03T00:15:58,63,332,0,395
2023-09-03T00:28:52,63,332,0,395
2023-09-03T00:41:48,63,332,0,395
2023-09-03T00:54:42,63,332,0,395
2023-09-03T01:07:37,63,332,0,395
2023-09-03T01:20:28,63,332,0,395
2023-09-03T01:33:23,63,332,0,395
2023-09-03T01:46:17,63,332,0,395
2023-09-03T01:59:12,63,332,0,395
2023-09-03T02:12:16,63,332,0,395
2023-09-03T02:25:10,63,332,0,395
2023-09-03T02:38:06,63,332,0,395
2023-09-03T02:51:00,63,332,0,395
2023-09-03T03:03:54,63,332,0,395
2023-09-03T03:16:48,63,332,0,395
2023-09-03T03:29:43,63,332,0,395
2023-09-03T03:42:38,63,332,0,395
2023-09-03T03:55:42,63,332,0,395
2023-09-03T04:08:39,63,332,0,395
2023-09-03T04:27:05,63,332,0,395
2023-09-03T04:40:01,63,332,0,395
2023-09-03T04:54:19,63,332,0,395
2023-09-03T05:07:30,63,332,0,395
2023-09-03T05:20:25,63,332,0,395
2023-09-03T05:33:21,63,332,0,395
2023-09-03T05:46:19,63,332,0,395
2023-09-03T05:59:14,63,332,0,395
2023-09-03T06:12:09,63,332,0,395
2023-09-03T06:25:02,63,332,0,395
2023-09-03T06:37:54,63,332,0,395
2023-09-03T06:50:46,63,332,0,395
2023-09-03T07:03:38,63,332,0,395
2023-09-03T07:16:29,63,332,0,395
2023-09-03T07:29:20,63,332,0,395
2023-09-03T07:42:12,63,332,0,395
2023-09-03T07:55:04,63,332,0,395
2023-09-03T08:07:55,63,332,0,395
2023-09-03T08:20:47,63,332,0,395
2023-09-03T08:33:40,63,332,0,395
2023-09-03T08:46:47,63,332,0,395
2023-09-03T08:59:38,63,332,0,395
2023-09-03T09:12:29,63,332,0,395
2023-09-03T09:25:21,63,332,0,395
2023-09-03T09:38:13,63,332,0,395
2023-09-03T09:51:04,63,332,0,395
2023-09-03T10:03:55,63,332,0,395
2023-09-03T10:16:48,63,332,0,395
2023-09-03T10:29:41,63,332,0,395
2023-09-03T10:42:33,63,332,0,395
2023-09-03T10:55:26,63,332,0,395
2023-09-03T11:08:17,63,332,0,395
2023-09-03T11:21:17,63,332,0,395
2023-09-03T11:34:09,63,332,0,395
2023-09-03T11:47:01,63,332,0,395
2023-09-03T11:59:52,63,332,0,395
2023-09-03T12:12:43,63,332,0,395
2023-09-03T12:25:34,63,332,0,395
2023-09-03T12:38:26,63,332,0,395
2023-09-03T12:51:17,63,332,0,395
2023-09-03T13:04:07,63,332,0,395
2023-09-03T13:16:58,63,332,0,395
2023-09-03T13:29:49,63,332,0,395
2023-09-03T13:42:50,63,332,0,395
2023-09-03T13:55:40,63,332,0,395
2023-09-03T14:08:31,63,332,0,395
2023-09-03T14:21:22,63,332,0,395
2023-09-03T14:34:12,63,332,0,395
2023-09-03T14:47:03,63,332,0,395
2023-09-03T14:59:54,63,332,0,395
2023-09-03T15:12:44,63,332,0,395
2023-09-03T15:25:35,63,332,0,395
2023-09-03T15:38:25,63,332,0,395
2023-09-03T15:51:17,63,332,0,395
2023-09-03T16:04:08,63,332,0,395
2023-09-03T16:17:09,63,332,0,395
2023-09-03T16:30:00,63,332,0,395
2023-09-03T16:42:52,63,332,0,395
2023-09-03T16:55:43,63,332,0,395
2023-09-03T17:08:34,63,332,0,395
2023-09-03T17:21:25,63,332,0,395
2023-09-03T17:34:16,63,332,0,395
2023-09-03T17:47:06,63,332,0,395
2023-09-03T18:00:14,63,332,0,395
2023-09-03T18:13:04,63,332,0,395
2023-09-03T18:25:55,63,332,0,395
2023-09-03T18:38:45,63,332,0,395
2023-09-03T18:51:36,63,332,0,395
2023-09-03T19:04:29,63,332,0,395
2023-09-03T19:17:21,63,332,0,395
2023-09-03T19:30:11,63,332,0,395
2023-09-03T19:43:02,63,332,0,395
2023-09-03T19:55:52,63,332,0,395
2023-09-03T20:08:43,63,332,0,395
2023-09-03T20:21:34,63,332,0,395
2023-09-03T20:34:34,63,332,0,395
2023-09-03T20:47:25,63,332,0,395
2023-09-03T21:00:15,63,332,0,395
2023-09-03T21:13:06,63,332,0,395
2023-09-03T21:25:57,63,332,0,395
2023-09-03T21:38:49,63,332,0,395
2023-09-03T21:51:40,63,332,0,395
2023-09-03T22:04:32,63,332,0,395
2023-09-03T22:17:23,63,332,0,395
2023-09-03T22:30:31,63,332,0,395
2023-09-03T22:43:23,63,332,0,395
2023-09-03T22:56:13,63,332,0,395
2023-09-03T23:09:08,63,332,0,395
2023-09-03T23:22:00,63,332,0,395
2023-09-03T23:34:51,63,332,0,395
2023-09-03T23:47:42,63,332,0,395
2023-09-04T00:00:34,63,332,0,395
2023-09-04T00:13:34,63,332,0,395
2023-09-04T00:26:34,63,332,0,395
2023-09-04T00:39:37,63,332,0,395
2023-09-04T00:52:43,63,332,0,395
2023-09-04T01:05:35,63,332,0,395
2023-09-04T01:18:27,63,332,0,395
2023-09-04T01:31:25,63,332,0,395
2023-09-04T01:44:20,63,332,0,395
2023-09-04T01:57:19,63,332,0,395
2023-09-04T02:10:15,63,332,0,395
2023-09-04T02:23:09,63,332,0,395
2023-09-04T02:36:02,63,332,0,395
2023-09-04T02:48:54,63,332,0,395
2023-09-04T03:01:46,63,332,0,395
2023-09-04T03:14:41,63,332,0,395
2023-09-04T03:27:36,63,332,0,395
2023-09-04T03:40:31,63,332,0,395
2023-09-04T03:53:25,63,332,0,395
2023-09-04T04:06:19,63,332,0,395
2023-09-04T04:36:29,63,332,0,395
2023-09-04T04:49:42,63,332,0,395
2023-09-04T05:02:39,63,332,0,395
2023-09-04T05:15:37,63,332,0,395
2023-09-04T05:28:33,63,332,0,395
2023-09-04T05:41:30,63,332,0,395
2023-09-04T05:54:25,63,332,0,395
2023-09-04T06:07:22,63,332,0,395
2023-09-04T06:20:15,63,332,0,395
2023-09-04T06:33:08,64,331,0,395
2023-09-04T06:46:00,64,331,0,395
2023-09-04T06:58:52,63,332,0,395
2023-09-04T07:11:45,63,332,0,395
2023-09-04T07:24:36,63,332,0,395
2023-09-04T07:37:26,63,332,0,395
2023-09-04T07:50:17,63,332,0,395
2023-09-04T08:03:07,63,332,0,395
2023-09-04T08:15:57,63,332,0,395
2023-09-04T08:28:49,63,332,0,395
2023-09-04T08:41:40,63,332,0,395
2023-09-04T08:54:31,63,332,0,395
2023-09-04T09:07:22,63,332,0,395
2023-09-04T09:20:12,63,332,0,395
2023-09-04T09:33:11,63,332,0,395
2023-09-04T09:46:02,63,332,0,395
2023-09-04T09:58:53,63,332,0,395
2023-09-04T10:11:43,63,332,0,395
2023-09-04T10:24:34,63,332,0,395
2023-09-04T10:37:24,63,332,0,395
2023-09-04T10:50:14,63,332,0,395
2023-09-04T11:03:05,63,332,0,395
2023-09-04T11:15:55,63,332,0,395
2023-09-04T11:28:46,63,332,0,395
2023-09-04T11:41:38,63,332,0,395
2023-09-04T11:54:28,63,332,0,395
2023-09-04T12:07:19,63,332,0,395
2023-09-04T12:20:19,63,332,0,395
2023-09-04T12:33:10,63,332,0,395
2023-09-04T12:46:00,63,332,0,395
2023-09-04T12:58:51,63,332,0,395
2023-09-04T13:11:42,63,332,0,395
2023-09-04T13:24:33,63,332,0,395
2023-09-04T13:37:24,63,332,0,395
2023-09-04T13:50:14,63,332,0,395
2023-09-04T14:03:05,63,332,0,395
2023-09-04T14:15:55,63,332,0,395
2023-09-04T14:28:57,63,332,0,395
2023-09-04T14:41:49,63,332,0,395
2023-09-04T14:54:40,63,332,0,395
2023-09-04T15:07:32,63,332,0,395
2023-09-04T15:20:23,63,332,0,395
2023-09-04T15:33:14,63,332,0,395
2023-09-04T15:46:06,63,332,0,395
2023-09-04T15:58:56,63,332,0,395
2023-09-04T16:11:46,63,332,0,395
2023-09-04T16:24:37,63,332,0,395
2023-09-04T16:37:28,63,332,0,395
2023-09-04T16:50:29,63,332,0,395
2023-09-04T17:03:21,63,332,0,395
2023-09-04T17:16:13,63,332,0,395
2023-09-04T17:29:04,63,332,0,395
2023-09-04T17:41:54,64,331,0,395
2023-09-04T17:54:45,64,331,0,395
2023-09-04T18:07:35,64,331,0,395
2023-09-04T18:20:26,64,331,0,395
2023-09-04T18:33:16,64,331,0,395
2023-09-04T18:46:06,64,331,0,395
2023-09-04T18:58:57,64,331,0,395
2023-09-04T19:11:48,64,331,0,395
2023-09-04T19:24:49,64,331,0,395
2023-09-04T19:37:40,64,331,0,395
2023-09-04T19:50:31,64,331,0,395
2023-09-04T20:03:22,64,331,0,395
2023-09-04T20:16:13,64,331,0,395
2023-09-04T20:29:04,64,331,0,395
2023-09-04T20:41:54,64,331,0,395
2023-09-04T20:54:45,64,331,0,395
2023-09-04T21:07:37,64,331,0,395
2023-09-04T21:20:40,64,331,0,395
2023-09-04T21:33:31,64,331,0,395
2023-09-04T21:46:22,64,331,0,395
2023-09-04T21:59:12,64,331,0,395
2023-09-04T22:12:03,65,330,0,395
2023-09-04T22:24:53,65,330,0,395
2023-09-04T22:37:44,65,330,0,395
2023-09-04T22:50:34,65,330,0,395
2023-09-04T23:03:25,65,330,0,395
2023-09-04T23:16:20,65,330,0,395
2023-09-04T23:29:22,65,330,0,395
2023-09-04T23:42:13,65,330,0,395
2023-09-04T23:55:06,65,330,0,395
2023-09-05T00:07:59,65,330,0,395
2023-09-05T00:20:55,65,330,0,395
2023-09-05T00:33:49,65,330,0,395
2023-09-05T00:46:43,65,330,0,395
2023-09-05T00:59:37,65,330,0,395
2023-09-05T01:12:30,65,330,0,395
2023-09-05T01:25:25,65,330,0,395
2023-09-05T01:38:20,65,330,0,395
2023-09-05T01:51:15,65,330,0,395
2023-09-05T02:04:11,65,330,0,395
2023-09-05T02:17:04,65,330,0,395
2023-09-05T02:29:59,65,330,0,395
2023-09-05T02:42:54,65,330,0,395
2023-09-05T02:55:59,65,330,0,395
2023-09-05T03:08:52,65,330,0,395
2023-09-05T03:21:46,65,330,0,395
2023-09-05T03:34:40,65,330,0,395
2023-09-05T03:47:34,65,330,0,395
2023-09-05T04:00:29,65,330,0,395
2023-09-05T04:28:56,65,330,0,395
2023-09-05T04:42:16,65,330,0,395
2023-09-05T04:55:12,65,330,0,395
2023-09-05T05:08:11,65,330,0,395
2023-09-05T05:21:05,65,330,0,395
2023-09-05T05:34:01,65,330,0,395
2023-09-05T05:46:55,65,330,0,395
2023-09-05T05:59:51,65,330,0,395
2023-09-05T06:12:46,65,330,0,395
2023-09-05T06:25:39,65,330,0,395
2023-09-05T06:38:32,65,330,0,395
2023-09-05T06:51:24,65,330,0,395
2023-09-05T07:04:16,65,330,0,395
2023-09-05T07:17:07,65,330,0,395
2023-09-05T07:29:58,65,330,0,395
2023-09-05T07:42:50,65,330,0,395
2023-09-05T07:55:42,65,330,0,395
2023-09-05T08:08:32,65,330,0,395
2023-09-05T08:21:24,65,330,0,395
2023-09-05T08:34:16,65,330,0,395
2023-09-05T08:47:15,65,330,0,395
2023-09-05T09:00:07,65,330,0,395
2023-09-05T09:12:59,65,330,0,395
2023-09-05T09:25:52,65,330,0,395
2023-09-05T09:38:44,65,330,0,395
2023-09-05T09:51:36,65,330,0,395
2023-09-05T10:04:28,65,330,0,395
2023-09-05T10:17:19,66,329,0,395
2023-09-05T10:30:11,66,329,0,395
2023-09-05T10:43:16,66,329,0,395
2023-09-05T10:56:07,66,329,0,395
2023-09-05T11:09:00,66,329,0,395
2023-09-05T11:21:52,66,329,0,395
2023-09-05T11:34:44,66,329,0,395
2023-09-05T11:47:37,66,329,0,395
2023-09-05T12:00:29,66,329,0,395
2023-09-05T12:13:32,66,329,0,395
2023-09-05T12:26:24,66,329,0,395
2023-09-05T12:39:16,66,329,0,395
2023-09-05T12:52:08,66,329,0,395
2023-09-05T13:04:59,66,329,0,395
2023-09-05T13:17:51,66,329,0,395
2023-09-05T13:30:52,66,329,0,395
2023-09-05T13:43:44,66,329,0,395
2023-09-05T13:56:36,66,329,0,395
2023-09-05T14:09:29,66,329,0,395
2023-09-05T14:22:23,66,329,0,395
2023-09-05T14:35:15,66,329,0,395
2023-09-05T14:48:08,66,329,0,395
2023-09-05T15:01:09,66,329,0,395
2023-09-05T15:14:02,66,329,0,395
2023-09-05T15:26:54,67,328,0,395
2023-09-05T15:39:47,67,328,0,395
2023-09-05T15:52:43,67,328,0,395
2023-09-05T16:05:35,67,328,0,395
2023-09-05T16:18:26,67,328,0,395
2023-09-05T16:31:28,67,328,0,395
2023-09-05T16:44:20,68,327,0,395
2023-09-05T16:57:14,68,327,0,395
2023-09-05T17:10:08,68,327,0,395
2023-09-05T17:23:03,68,327,0,395
2023-09-05T17:35:55,68,327,0,395
2023-09-05T17:48:59,68,327,0,395
2023-09-05T18:01:52,68,327,0,395
2023-09-05T18:14:45,68,327,0,395
2023-09-05T18:27:37,68,327,0,395
2023-09-05T18:40:30,68,327,0,395
2023-09-05T18:53:33,68,327,0,395
2023-09-05T19:06:26,68,327,0,395
2023-09-05T19:19:19,68,327,0,395
2023-09-05T19:32:11,68,327,0,395
2023-09-05T19:45:14,68,327,0,395
2023-09-05T19:58:07,68,327,0,395
2023-09-05T20:10:59,68,327,0,395
2023-09-05T20:23:51,68,327,0,395
2023-09-05T20:36:44,68,327,0,395
2023-09-05T20:49:46,68,327,0,395
2023-09-05T21:02:38,68,327,0,395
2023-09-05T21:15:31,68,327,0,395
2023-09-05T21:28:24,68,327,0,395
2023-09-05T21:41:26,68,327,0,395
2023-09-05T21:54:19,68,327,0,395
2023-09-05T22:07:12,68,327,0,395
2023-09-05T22:20:05,68,327,0,395
2023-09-05T22:32:58,68,327,0,395
2023-09-05T22:46:01,68,327,0,395
2023-09-05T22:58:53,68,327,0,395
2023-09-05T23:11:48,68,327,0,395
2023-09-05T23:24:42,68,327,0,395
2023-09-05T23:37:37,68,327,0,395
2023-09-05T23:50:31,68,327,0,395
2023-09-06T00:03:26,68,327,0,395
2023-09-06T00:16:25,68,327,0,395
2023-09-06T00:29:34,68,327,0,395
2023-09-06T00:42:31,68,327,0,395
2023-09-06T00:55:31,68,327,0,395
2023-09-06T01:08:29,68,327,0,395
2023-09-06T01:21:27,68,327,0,395
2023-09-06T01:34:24,68,327,0,395
2023-09-06T01:47:25,68,327,0,395
2023-09-06T02:00:25,68,327,0,395
2023-09-06T02:13:22,68,327,0,395
2023-09-06T02:26:17,68,327,0,395
2023-09-06T02:39:13,68,327,0,395
2023-09-06T02:52:07,68,327,0,395
2023-09-06T03:05:47,68,327,0,395
2023-09-06T03:19:38,68,327,0,395
2023-09-06T03:32:35,68,327,0,395
2023-09-06T03:45:32,68,327,0,395
2023-09-06T03:58:29,68,327,0,395
2023-09-06T04:13:30,68,327,0,395
2023-09-06T04:34:30,68,327,0,395
2023-09-06T04:47:29,68,327,0,395
2023-09-06T05:00:27,68,327,0,395
2023-09-06T05:13:24,68,327,0,395
2023-09-06T05:26:21,68,327,0,395
2023-09-06T05:39:17,68,327,0,395
2023-09-06T05:52:13,68,327,0,395
2023-09-06T06:05:09,68,327,0,395
2023-09-06T06:18:05,68,327,0,395
2023-09-06T06:31:03,68,327,0,395
2023-09-06T06:44:09,68,327,0,395
2023-09-06T06:57:08,68,327,0,395
2023-09-06T07:10:15,68,327,0,395
2023-09-06T07:23:18,68,327,0,395
2023-09-06T07:36:15,68,327,0,395
2023-09-06T07:49:11,68,327,0,395
2023-09-06T08:02:07,68,327,0,395
2023-09-06T08:15:03,68,327,0,395
2023-09-06T08:28:00,68,327,0,395
2023-09-06T08:40:57,68,327,0,395
2023-09-06T08:53:52,68,327,0,395
2023-09-06T09:06:57,68,327,0,395
2023-09-06T09:19:52,68,327,0,395
2023-09-06T09:32:48,68,327,0,395
2023-09-06T09:45:46,68,327,0,395
2023-09-06T09:58:43,68,327,0,395
2023-09-06T10:11:52,68,327,0,395
2023-09-06T10:24:48,68,327,0,395
2023-09-06T10:37:44,68,327,0,395
2023-09-06T10:50:40,68,327,0,395
2023-09-06T11:03:46,68,327,0,395
2023-09-06T11:16:41,68,327,0,395
2023-09-06T11:29:35,68,327,0,395
2023-09-06T11:42:29,68,327,0,395
2023-09-06T11:55:33,68,327,0,395
2023-09-06T12:08:29,68,327,0,395
2023-09-06T12:21:24,68,327,0,395
2023-09-06T12:34:19,68,327,0,395
2023-09-06T12:47:14,68,327,0,395
2023-09-06T13:00:19,68,327,0,395
2023-09-06T13:13:13,68,327,0,395
2023-09-06T13:26:07,68,327,0,395
2023-09-06T13:39:02,68,327,0,395
2023-09-06T13:51:59,68,327,0,395
2023-09-06T14:05:03,68,327,0,395
2023-09-06T14:17:58,68,327,0,395
2023-09-06T14:30:54,68,327,0,395
2023-09-06T14:43:49,68,327,0,395
2023-09-06T14:56:45,68,327,0,395
2023-09-06T15:09:54,68,327,0,395
2023-09-06T15:22:48,68,327,0,395
2023-09-06T15:35:44,68,327,0,395
2023-09-06T15:48:38,68,327,0,395
2023-09-06T16:01:32,68,327,0,395
2023-09-06T16:14:25,68,327,0,395
2023-09-06T16:27:19,68,327,0,395
2023-09-06T16:40:24,68,327,0,395
2023-09-06T16:53:17,68,327,0,395
2023-09-06T17:06:12,68,327,0,395
2023-09-06T17:19:07,68,327,0,395
2023-09-06T17:32:00,68,327,0,395
2023-09-06T17:44:54,68,327,0,395
2023-09-06T17:57:47,68,327,0,395
2023-09-06T18:10:52,68,327,0,395
2023-09-06T18:23:45,68,327,0,395
2023-09-06T18:36:38,68,327,0,395
2023-09-06T18:49:32,68,327,0,395
2023-09-06T19:02:25,68,327,0,395
2023-09-06T19:15:18,68,327,0,395
2023-09-06T19:28:11,68,327,0,395
2023-09-06T19:41:15,68,327,0,395
2023-09-06T19:54:09,68,327,0,395
2023-09-06T20:07:02,68,327,0,395
2023-09-06T20:19:55,68,327,0,395
2023-09-06T20:32:50,68,327,0,395
2023-09-06T20:45:44,68,327,0,395
2023-09-06T20:58:37,68,327,0,395
2023-09-06T21:11:31,68,327,0,395
2023-09-06T21:24:35,68,327,0,395
2023-09-06T21:37:29,68,327,0,395
2023-09-06T21:50:22,68,327,0,395
2023-09-06T22:03:15,68,327,0,395
2023-09-06T22:16:09,68,327,0,395
2023-09-06T22:29:04,68,327,0,395
2023-09-06T22:41:59,68,327,0,395
2023-09-06T22:54:53,68,327,0,395
2023-09-06T23:07:59,68,327,0,395
2023-09-06T23:20:53,68,327,0,395
2023-09-06T23:33:47,69,326,0,395
2023-09-06T23:46:41,69,326,0,395
2023-09-06T23:59:34,69,326,0,395
2023-09-07T00:12:36,69,326,0,395
2023-09-07T00:25:36,69,326,0,395
2023-09-07T00:38:42,69,326,0,395
2023-09-07T00:51:40,69,326,0,395
2023-09-07T01:04:37,69,326,0,395
2023-09-07T01:17:34,69,326,0,395
2023-09-07T01:30:29,69,326,0,395
2023-09-07T01:43:27,69,326,0,395
2023-09-07T01:56:24,69,326,0,395
2023-09-07T02:09:20,69,326,0,395
2023-09-07T02:22:14,69,326,0,395
2023-09-07T02:35:21,69,326,0,395
2023-09-07T02:48:17,69,326,0,395
2023-09-07T03:01:12,69,326,0,395
2023-09-07T03:14:14,69,326,0,395
2023-09-07T03:27:10,69,326,0,395
2023-09-07T03:40:05,69,326,0,395
2023-09-07T03:53:02,69,326,0,395
2023-09-07T04:05:58,69,326,0,395
2023-09-07T04:31:21,69,326,0,395
2023-09-07T04:44:39,69,326,0,395
2023-09-07T04:57:43,69,326,0,395
2023-09-07T05:10:43,69,326,0,395
2023-09-07T05:23:42,69,326,0,395
2023-09-07T05:36:39,69,326,0,395
2023-09-07T05:49:37,69,326,0,395
2023-09-07T06:02:35,69,326,0,395
2023-09-07T06:15:33,69,326,0,395
2023-09-07T06:28:30,69,326,0,395
2023-09-07T06:41:26,69,326,0,395
2023-09-07T06:54:24,69,326,0,395
2023-09-07T07:07:22,69,326,0,395
2023-09-07T07:20:18,68,327,0,395
2023-09-07T07:33:14,68,327,0,395
2023-09-07T07:46:10,68,327,0,395
2023-09-07T07:59:07,68,327,0,395
2023-09-07T08:12:11,68,327,0,395
2023-09-07T08:25:07,68,327,0,395
2023-09-07T08:38:04,68,327,0,395
2023-09-07T08:50:59,68,327,0,395
2023-09-07T09:03:56,68,327,0,395
2023-09-07T09:16:52,68,327,0,395
2023-09-07T09:29:48,69,326,0,395
2023-09-07T09:42:44,69,326,0,395
2023-09-07T09:55:50,69,326,0,395
2023-09-07T10:08:45,69,326,0,395
2023-09-07T10:21:40,69,326,0,395
2023-09-07T10:34:35,69,326,0,395
2023-09-07T10:47:30,69,326,0,395
2023-09-07T11:00:25,69,326,0,395
2023-09-07T11:13:32,69,326,0,395
2023-09-07T11:26:26,69,326,0,395
2023-09-07T11:39:20,69,326,0,395
2023-09-07T11:52:15,69,326,0,395
2023-09-07T12:05:09,69,326,0,395
2023-09-07T12:18:14,69,326,0,395
2023-09-07T12:31:09,69,326,0,395
2023-09-07T12:44:04,69,326,0,395
2023-09-07T12:56:59,69,326,0,395
2023-09-07T13:09:55,69,326,0,395
2023-09-07T13:22:49,68,327,0,395
2023-09-07T13:35:52,68,327,0,395
2023-09-07T13:48:47,68,327,0,395
2023-09-07T14:01:42,68,327,0,395
2023-09-07T14:14:36,68,327,0,395
2023-09-07T14:27:30,68,327,0,395
2023-09-07T14:40:24,68,327,0,395
2023-09-07T14:53:28,68,327,0,395
2023-09-07T15:06:21,68,327,0,395
2023-09-07T15:19:15,67,328,0,395
2023-09-07T15:32:10,67,328,0,395
2023-09-07T15:45:04,67,328,0,395
2023-09-07T15:57:57,67,328,0,395
2023-09-07T16:11:01,67,328,0,395
2023-09-07T16:23:54,67,328,0,395
2023-09-07T16:36:48,67,328,0,395
2023-09-07T16:49:41,67,328,0,395
2023-09-07T17:02:34,67,328,0,395
2023-09-07T17:15:29,67,328,0,395
2023-09-07T17:28:33,67,328,0,395
2023-09-07T17:41:26,67,328,0,395
2023-09-07T17:54:20,67,328,0,395
2023-09-07T18:07:13,67,328,0,395
2023-09-07T18:20:06,67,328,0,395
2023-09-07T18:33:01,67,328,0,395
2023-09-07T18:45:54,67,328,0,395
2023-09-07T18:58:58,67,328,0,395
2023-09-07T19:11:52,67,328,0,395
2023-09-07T19:24:45,67,328,0,395
2023-09-07T19:37:38,67,328,0,395
2023-09-07T19:50:31,67,328,0,395
2023-09-07T20:03:26,67,328,0,395
2023-09-07T20:16:19,67,328,0,395
2023-09-07T20:29:12,67,328,0,395
2023-09-07T20:42:15,66,329,0,395
2023-09-07T20:55:08,66,329,0,395
2023-09-07T21:08:01,66,329,0,395
2023-09-07T21:20:54,66,329,0,395
2023-09-07T21:33:47,66,329,0,395
2023-09-07T21:46:40,66,329,0,395
2023-09-07T21:59:34,66,329,0,395
2023-09-07T22:12:29,66,329,0,395
2023-09-07T22:25:34,66,329,0,395
2023-09-07T22:38:28,66,329,0,395
2023-09-07T22:51:22,66,329,0,395
2023-09-07T23:04:16,66,329,0,395
2023-09-07T23:17:11,66,329,0,395
2023-09-07T23:30:06,66,329,0,395
2023-09-07T23:43:00,66,329,0,395
2023-09-07T23:55:55,66,329,0,395
2023-09-08T00:09:02,66,329,0,395
2023-09-08T00:22:13,66,329,0,395
2023-09-08T00:35:10,66,329,0,395
2023-09-08T00:48:09,66,329,0,395
2023-09-08T01:01:07,66,329,0,395
2023-09-08T01:14:05,66,329,0,395
2023-09-08T01:27:03,66,329,0,395
2023-09-08T01:40:01,66,329,0,395
2023-09-08T01:52:58,66,329,0,395
2023-09-08T02:05:56,66,329,0,395
2023-09-08T02:18:52,66,329,0,395
2023-09-08T02:31:49,66,329,0,395
2023-09-08T02:44:46,66,329,0,395
2023-09-08T02:57:41,66,329,0,395
2023-09-08T03:10:38,66,329,0,395
2023-09-08T03:23:34,66,329,0,395
2023-09-08T03:36:30,66,329,0,395
2023-09-08T03:49:37,66,329,0,395
2023-09-08T04:02:33,66,329,0,395
2023-09-08T04:26:38,66,329,0,395
2023-09-08T04:39:38,66,329,0,395
2023-09-08T04:52:36,66,329,0,395
2023-09-08T05:05:33,66,329,0,395
2023-09-08T05:18:28,66,329,0,395
2023-09-08T05:31:29,66,329,0,395
2023-09-08T05:44:28,66,329,0,395
2023-09-08T05:57:26,66,329,0,395
2023-09-08T06:10:27,66,329,0,395
2023-09-08T06:23:23,66,329,0,395
2023-09-08T06:36:20,66,329,0,395
2023-09-08T06:49:17,66,329,0,395
2023-09-08T07:02:15,66,329,0,395
2023-09-08T07:15:14,66,329,0,395
2023-09-08T07:28:13,66,329,0,395
2023-09-08T07:41:17,66,329,0,395
2023-09-08T07:54:12,66,329,0,395
2023-09-08T08:07:08,66,329,0,395
2023-09-08T08:20:03,66,329,0,395
2023-09-08T08:32:59,66,329,0,395
2023-09-08T08:45:55,66,329,0,395
2023-09-08T08:58:51,66,329,0,395
2023-09-08T09:11:49,66,329,0,395
2023-09-08T09:24:45,66,329,0,395
2023-09-08T09:37:41,66,329,0,395
2023-09-08T09:50:37,66,329,0,395
2023-09-08T10:03:33,66,329,0,395
2023-09-08T10:16:29,66,329,0,395
2023-09-08T10:29:26,66,329,0,395
2023-09-08T10:42:32,66,329,0,395
2023-09-08T10:55:27,66,329,0,395
2023-09-08T11:08:22,66,329,0,395
2023-09-08T11:21:17,66,329,0,395
2023-09-08T11:34:13,66,329,0,395
2023-09-08T11:47:07,66,329,0,395
2023-09-08T12:00:03,66,329,0,395
2023-09-08T12:13:08,66,329,0,395
2023-09-08T12:26:03,66,329,0,395
2023-09-08T12:38:58,66,329,0,395
2023-09-08T12:51:53,66,329,0,395
2023-09-08T13:04:47,66,329,0,395
2023-09-08T13:17:42,66,329,0,395
2023-09-08T13:30:38,66,329,0,395
2023-09-08T13:43:33,66,329,0,395
2023-09-08T13:56:38,66,329,0,395
2023-09-08T14:09:34,66,329,0,395
2023-09-08T14:22:29,66,329,0,395
2023-09-08T14:35:24,66,329,0,395
2023-09-08T14:48:20,66,329,0,395
2023-09-08T15:01:15,66,329,0,395
2023-09-08T15:14:20,66,329,0,395
2023-09-08T15:27:16,66,329,0,395
2023-09-08T15:40:11,66,329,0,395
2023-09-08T15:53:05,66,329,0,395
2023-09-08T16:06:00,66,329,0,395
2023-09-08T16:18:55,65,330,0,395
2023-09-08T16:31:51,65,330,0,395
2023-09-08T16:44:56,65,330,0,395
2023-09-08T16:57:51,65,330,0,395
2023-09-08T17:10:47,65,330,0,395
2023-09-08T17:23:42,65,330,0,395
2023-09-08T17:36:37,65,330,0,395
2023-09-08T17:49:32,65,330,0,395
2023-09-08T18:02:29,65,330,0,395
2023-09-08T18:15:25,65,330,0,395
2023-09-08T18:28:22,65,330,0,395
2023-09-08T18:41:27,65,330,0,395
2023-09-08T18:54:24,65,330,0,395
2023-09-08T19:07:20,65,330,0,395
2023-09-08T19:20:15,65,330,0,395
2023-09-08T19:33:10,65,330,0,395
2023-09-08T19:46:05,65,330,0,395
2023-09-08T19:59:00,65,330,0,395
2023-09-08T20:11:55,65,330,0,395
2023-09-08T20:24:51,65,330,0,395
2023-09-08T20:37:46,65,330,0,395
2023-09-08T20:50:42,65,330,0,395
2023-09-08T21:03:48,65,330,0,395
2023-09-08T21:16:42,65,330,0,395
2023-09-08T21:29:38,65,330,0,395
2023-09-08T21:42:32,65,330,0,395
2023-09-08T21:55:27,65,330,0,395
2023-09-08T22:08:22,65,330,0,395
2023-09-08T22:21:17,65,330,0,395
2023-09-08T22:34:11,65,330,0,395
2023-09-08T22:47:17,65,330,0,395
2023-09-08T23:00:12,65,330,0,395
2023-09-08T23:13:08,65,330,0,395
2023-09-08T23:26:03,65,330,0,395
2023-09-08T23:38:59,65,330,0,395
2023-09-08T23:51:55,65,330,0,395
2023-09-09T00:04:52,65,330,0,395
2023-09-09T00:17:54,65,330,0,395
2023-09-09T00:30:52,65,330,0,395
2023-09-09T00:43:52,65,330,0,395
2023-09-09T00:56:52,65,330,0,395
2023-09-09T01:09:51,65,330,0,395
2023-09-09T01:23:01,65,330,0,395
2023-09-09T01:36:02,65,330,0,395
2023-09-09T01:49:02,65,330,0,395
2023-09-09T02:02:01,65,330,0,395
2023-09-09T02:15:00,65,330,0,395
2023-09-09T02:27:56,65,330,0,395
2023-09-09T02:40:54,65,330,0,395
2023-09-09T02:53:50,65,330,0,395
2023-09-09T03:06:45,65,330,0,395
2023-09-09T03:19:42,65,330,0,395
2023-09-09T03:32:39,65,330,0,395
2023-09-09T03:45:36,65,330,0,395
2023-09-09T03:58:33,65,330,0,395
2023-09-09T04:28:57,65,330,0,395
2023-09-09T04:41:59,65,330,0,395
2023-09-09T04:54:59,65,330,0,395
2023-09-09T05:07:59,65,330,0,395
2023-09-09T05:21:04,65,330,0,395
2023-09-09T05:34:03,65,330,0,395
2023-09-09T05:47:02,65,330,0,395
2023-09-09T06:00:01,65,330,0,395
2023-09-09T06:12:59,65,330,0,395
2023-09-09T06:25:59,65,330,0,395
2023-09-09T06:38:58,65,330,0,395
2023-09-09T06:51:57,65,330,0,395
2023-09-09T07:04:56,65,330,0,395
2023-09-09T07:17:54,65,330,0,395
2023-09-09T07:30:53,65,330,0,395
2023-09-09T07:43:49,65,330,0,395
2023-09-09T07:56:56,65,330,0,395
2023-09-09T08:09:55,65,330,0,395
2023-09-09T08:22:53,65,330,0,395
2023-09-09T08:35:51,65,330,0,395
2023-09-09T08:48:49,65,330,0,395
2023-09-09T09:01:48,65,330,0,395
2023-09-09T09:14:47,65,330,0,395
2023-09-09T09:27:45,65,330,0,395
2023-09-09T09:40:43,65,330,0,395
2023-09-09T09:53:40,65,330,0,395
2023-09-09T10:06:38,65,330,0,395
2023-09-09T10:19:36,65,330,0,395
2023-09-09T10:32:33,65,330,0,395
2023-09-09T10:45:29,65,330,0,395
2023-09-09T10:58:38,65,330,0,395
2023-09-09T11:11:35,65,330,0,395
2023-09-09T11:24:31,65,330,0,395
2023-09-09T11:37:26,66,329,0,395
2023-09-09T11:50:22,66,329,0,395
2023-09-09T12:03:17,66,329,0,395
2023-09-09T12:16:13,66,329,0,395
2023-09-09T12:29:08,66,329,0,395
2023-09-09T12:42:03,66,329,0,395
2023-09-09T12:54:58,66,329,0,395
2023-09-09T13:07:54,66,329,0,395
2023-09-09T13:20:48,66,329,0,395
2023-09-09T13:33:44,66,329,0,395
2023-09-09T13:46:49,66,329,0,395
2023-09-09T13:59:45,66,329,0,395
2023-09-09T14:12:40,66,329,0,395
2023-09-09T14:25:36,66,329,0,395
2023-09-09T14:38:31,66,329,0,395
2023-09-09T14:51:27,66,329,0,395
2023-09-09T15:04:22,66,329,0,395
2023-09-09T15:17:17,66,329,0,395
2023-09-09T15:30:11,66,329,0,395
2023-09-09T15:43:06,66,329,0,395
2023-09-09T15:56:01,66,329,0,395
2023-09-09T16:08:56,66,329,0,395
2023-09-09T16:21:51,66,329,0,395
2023-09-09T16:34:56,66,329,0,395
2023-09-09T16:47:51,66,329,0,395
2023-09-09T17:00:47,66,329,0,395
2023-09-09T17:13:42,66,329,0,395
2023-09-09T17:26:37,66,329,0,395
2023-09-09T17:39:32,66,329,0,395
2023-09-09T17:52:29,66,329,0,395
2023-09-09T18:05:23,66,329,0,395
2023-09-09T18:18:19,66,329,0,395
2023-09-09T18:31:14,66,329,0,395
2023-09-09T18:44:09,66,329,0,395
2023-09-09T18:57:03,66,329,0,395
2023-09-09T19:10:08,66,329,0,395
2023-09-09T19:23:03,66,329,0,395
2023-09-09T19:35:58,66,329,0,395
2023-09-09T19:48:54,66,329,0,395
2023-09-09T20:01:49,66,329,0,395
2023-09-09T20:14:44,66,329,0,395
2023-09-09T20:27:40,66,329,0,395
2023-09-09T20:40:35,66,329,0,395
2023-09-09T20:53:31,66,329,0,395
2023-09-09T21:06:26,66,329,0,395
2023-09-09T21:19:21,66,329,0,395
2023-09-09T21:32:15,66,329,0,395
2023-09-09T21:45:11,66,329,0,395
2023-09-09T21:58:06,66,329,0,395
2023-09-09T22:11:11,66,329,0,395
2023-09-09T22:24:06,66,329,0,395
2023-09-09T22:37:02,66,329,0,395
2023-09-09T22:49:58,66,329,0,395
2023-09-09T23:02:53,66,329,0,395
2023-09-09T23:15:49,66,329,0,395
2023-09-09T23:28:45,66,329,0,395
2023-09-09T23:41:41,66,329,0,395
2023-09-09T23:54:36,66,329,0,395
2023-09-10T00:07:32,66,329,0,395
2023-09-10T00:20:45,66,329,0,395
2023-09-10T00:33:42,66,329,0,395
2023-09-10T00:46:37,66,329,0,395
2023-09-10T00:59:33,66,329,0,395
2023-09-10T01:12:27,66,329,0,395
2023-09-10T01:25:23,66,329,0,395
2023-09-10T01:38:28,66,329,0,395
2023-09-10T01:51:24,66,329,0,395
2023-09-10T02:04:20,66,329,0,395
2023-09-10T02:17:15,66,329,0,395
2023-09-10T02:30:15,66,329,0,395
2023-09-10T02:43:21,66,329,0,395
2023-09-10T02:56:19,66,329,0,395
2023-09-10T03:09:37,66,329,0,395
2023-09-10T03:22:46,66,329,0,395
2023-09-10T03:35:55,66,329,0,395
2023-09-10T03:48:56,66,329,0,395
2023-09-10T04:01:55,66,329,0,395
2023-09-10T04:30:31,66,329,0,395
2023-09-10T04:43:37,66,329,0,395
2023-09-10T04:56:42,66,329,0,395
2023-09-10T05:09:44,66,329,0,395
2023-09-10T05:22:43,66,329,0,395
2023-09-10T05:35:43,66,329,0,395
2023-09-10T05:48:42,66,329,0,395
2023-09-10T06:01:41,66,329,0,395
2023-09-10T06:14:42,66,329,0,395
2023-09-10T06:27:48,66,329,0,395
2023-09-10T06:40:49,66,329,0,395
2023-09-10T06:53:48,66,329,0,395
2023-09-10T07:06:46,66,329,0,395
2023-09-10T07:19:46,66,329,0,395
2023-09-10T07:32:44,66,329,0,395
2023-09-10T07:45:42,66,329,0,395
2023-09-10T07:58:42,66,329,0,395
2023-09-10T08:11:40,66,329,0,395
2023-09-10T08:24:41,66,329,0,395
2023-09-10T08:37:41,66,329,0,395
2023-09-10T08:50:38,66,329,0,395
2023-09-10T09:03:36,66,329,0,395
2023-09-10T09:16:34,66,329,0,395
2023-09-10T09:29:35,66,329,0,395
2023-09-10T09:42:33,66,329,0,395
2023-09-10T09:55:31,66,329,0,395
2023-09-10T10:08:29,66,329,0,395
2023-09-10T10:21:37,66,329,0,395
2023-09-10T10:34:34,66,329,0,395
2023-09-10T10:47:29,66,329,0,395
2023-09-10T11:00:25,66,329,0,395
2023-09-10T11:13:20,66,329,0,395
2023-09-10T11:26:14,66,329,0,395
2023-09-10T11:39:10,66,329,0,395
2023-09-10T11:52:05,66,329,0,395
2023-09-10T12:05:00,66,329,0,395
2023-09-10T12:17:55,66,329,0,395
2023-09-10T12:30:50,66,329,0,395
2023-09-10T12:43:45,66,329,0,395
2023-09-10T12:56:50,66,329,0,395
2023-09-10T13:09:46,66,329,0,395
2023-09-10T13:22:41,66,329,0,395
2023-09-10T13:35:36,66,329,0,395
2023-09-10T13:48:32,66,329,0,395
2023-09-10T14:01:27,66,329,0,395
2023-09-10T14:14:22,66,329,0,395
2023-09-10T14:27:17,66,329,0,395
2023-09-10T14:40:11,66,329,0,395
2023-09-10T14:53:07,66,329,0,395
2023-09-10T15:06:03,66,329,0,395
2023-09-10T15:18:58,66,329,0,395
2023-09-10T15:32:02,66,329,0,395
2023-09-10T15:44:57,66,329,0,395
2023-09-10T15:57:52,66,329,0,395
2023-09-10T16:10:48,66,329,0,395
2023-09-10T16:23:43,66,329,0,395
2023-09-10T16:36:39,66,329,0,395
2023-09-10T16:49:34,66,329,0,395
2023-09-10T17:02:29,66,329,0,395
2023-09-10T17:15:25,66,329,0,395
2023-09-10T17:28:20,66,329,0,395
2023-09-10T17:41:15,66,329,0,395
2023-09-10T17:54:11,66,329,0,395
2023-09-10T18:07:16,66,329,0,395
2023-09-10T18:20:12,66,329,0,395
2023-09-10T18:33:09,66,329,0,395
2023-09-10T18:46:06,66,329,0,395
2023-09-10T18:59:01,66,329,0,395
2023-09-10T19:12:01,66,329,0,395
2023-09-10T19:24:57,66,329,0,395
2023-09-10T19:37:53,66,329,0,395
2023-09-10T19:50:49,66,329,0,395
2023-09-10T20:03:44,67,328,0,395
2023-09-10T20:16:39,67,328,0,395
2023-09-10T20:29:34,67,328,0,395
2023-09-10T20:42:42,67,328,0,395
2023-09-10T20:55:36,67,328,0,395
2023-09-10T21:08:32,67,328,0,395
2023-09-10T21:21:27,67,328,0,395
2023-09-10T21:34:24,67,328,0,395
2023-09-10T21:47:21,67,328,0,395
2023-09-10T22:00:18,67,328,0,395
2023-09-10T22:13:14,67,328,0,395
2023-09-10T22:26:10,66,329,0,395
2023-09-10T22:39:06,66,329,0,395
2023-09-10T22:52:02,66,329,0,395
2023-09-10T23:04:58,66,329,0,395
2023-09-10T23:18:06,66,329,0,395
2023-09-10T23:31:04,66,329,0,395
2023-09-10T23:44:00,66,329,0,395
2023-09-10T23:56:55,66,329,0,395
2023-09-11T00:09:53,66,329,0,395
2023-09-11T00:22:51,66,329,0,395
2023-09-11T00:36:01,66,329,0,395
2023-09-11T00:49:05,66,329,0,395
2023-09-11T01:02:03,66,329,0,395
2023-09-11T01:15:01,66,329,0,395
2023-09-11T01:28:02,66,329,0,395
2023-09-11T01:41:05,66,329,0,395
2023-09-11T01:54:06,66,329,0,395
2023-09-11T02:07:10,66,329,0,395
2023-09-11T02:20:09,66,329,0,395
2023-09-11T02:33:09,66,329,0,395
2023-09-11T02:46:08,66,329,0,395
2023-09-11T02:59:07,66,329,0,395
2023-09-11T03:12:17,66,329,0,395
2023-09-11T03:25:17,66,329,0,395
2023-09-11T03:38:18,66,329,0,395
2023-09-11T03:51:17,66,329,0,395
2023-09-11T04:04:17,66,329,0,395
2023-09-11T04:35:35,66,329,0,395
2023-09-11T04:48:38,66,329,0,395
2023-09-11T05:01:40,66,329,0,395
2023-09-11T05:14:50,66,329,0,395
2023-09-11T05:27:50,66,329,0,395
2023-09-11T05:40:51,66,329,0,395
2023-09-11T05:53:51,66,329,0,395
2023-09-11T06:06:50,66,329,0,395
2023-09-11T06:19:51,66,329,0,395
2023-09-11T06:32:52,66,329,0,395
2023-09-11T06:45:51,66,329,0,395
2023-09-11T06:58:50,66,329,0,395
2023-09-11T07:11:48,66,329,0,395
2023-09-11T07:24:45,66,329,0,395
2023-09-11T07:37:39,66,329,0,395
2023-09-11T07:50:35,66,329,0,395
2023-09-11T08:03:30,66,329,0,395
2023-09-11T08:16:29,66,329,0,395
2023-09-11T08:29:25,66,329,0,395
2023-09-11T08:42:30,66,329,0,395
2023-09-11T08:55:27,66,329,0,395
2023-09-11T09:08:24,66,329,0,395
2023-09-11T09:21:20,66,329,0,395
2023-09-11T09:34:17,66,329,0,395
2023-09-11T09:47:15,66,329,0,395
2023-09-11T10:00:11,66,329,0,395
2023-09-11T10:13:20,66,329,0,395
2023-09-11T10:26:16,66,329,0,395
2023-09-11T10:39:13,66,329,0,395
2023-09-11T10:52:13,66,329,0,395
2023-09-11T11:05:09,66,329,0,395
2023-09-11T11:18:04,66,329,0,395
2023-09-11T11:31:12,66,329,0,395
2023-09-11T11:44:08,66,329,0,395
2023-09-11T11:57:04,66,329,0,395
2023-09-11T12:10:00,66,329,0,395
2023-09-11T12:22:56,66,329,0,395
2023-09-11T12:36:03,66,329,0,395
2023-09-11T12:48:59,66,329,0,395
2023-09-11T13:01:55,66,329,0,395
2023-09-11T13:14:50,66,329,0,395
2023-09-11T13:27:50,66,329,0,395
2023-09-11T13:40:46,66,329,0,395
2023-09-11T13:53:52,66,329,0,395
2023-09-11T14:06:49,66,329,0,395
2023-09-11T14:19:46,66,329,0,395
2023-09-11T14:32:44,66,329,0,395
2023-09-11T14:45:41,66,329,0,395
2023-09-11T14:58:38,66,329,0,395
2023-09-11T15:11:45,66,329,0,395
2023-09-11T15:24:42,66,329,0,395
2023-09-11T15:37:40,66,329,0,395
2023-09-11T15:50:36,66,329,0,395
2023-09-11T16:03:33,66,329,0,395
2023-09-11T16:16:30,66,329,0,395
2023-09-11T16:29:38,66,329,0,395
2023-09-11T16:42:36,66,329,0,395
2023-09-11T16:55:33,66,329,0,395
2023-09-11T17:08:31,66,329,0,395
2023-09-11T17:21:41,66,329,0,395
2023-09-11T17:34:38,66,329,0,395
2023-09-11T17:47:35,65,330,0,395
2023-09-11T18:00:35,65,330,0,395
2023-09-11T18:13:31,65,330,0,395
2023-09-11T18:26:39,65,330,0,395
2023-09-11T18:39:35,65,330,0,395
2023-09-11T18:52:30,65,330,0,395
2023-09-11T19:05:28,65,330,0,395
2023-09-11T19:18:25,65,330,0,395
2023-09-11T19:31:21,65,330,0,395
2023-09-11T19:44:18,65,330,0,395
2023-09-11T19:57:26,65,330,0,395
2023-09-11T20:10:28,65,330,0,395
2023-09-11T20:23:24,65,330,0,395
2023-09-11T20:36:20,65,330,0,395
2023-09-11T20:49:17,65,330,0,395
2023-09-11T21:02:13,65,330,0,395
2023-09-11T21:15:10,65,330,0,395
2023-09-11T21:28:17,65,330,0,395
2023-09-11T21:41:14,65,330,0,395
2023-09-11T21:54:11,65,330,0,395
2023-09-11T22:07:08,65,330,0,395
2023-09-11T22:20:03,65,330,0,395
2023-09-11T22:33:01,65,330,0,395
2023-09-11T22:45:57,65,330,0,395
2023-09-11T22:59:04,65,330,0,395
2023-09-11T23:12:03,65,330,0,395
2023-09-11T23:24:59,65,330,0,395
2023-09-11T23:37:56,65,330,0,395
2023-09-11T23:50:53,65,330,0,395
2023-09-12T00:03:51,65,330,0,395
2023-09-12T00:16:51,65,330,0,395
2023-09-12T00:29:57,65,330,0,395
2023-09-12T00:42:58,65,330,0,395
2023-09-12T00:56:10,65,330,0,395
2023-09-12T01:09:11,65,330,0,395
2023-09-12T01:22:11,65,330,0,395
2023-09-12T01:35:12,65,330,0,395
2023-09-12T01:48:13,65,330,0,395
2023-09-12T02:01:14,65,330,0,395
2023-09-12T02:14:14,65,330,0,395
2023-09-12T02:27:13,65,330,0,395
2023-09-12T02:40:12,65,330,0,395
2023-09-12T02:53:10,65,330,0,395
2023-09-12T03:06:07,65,330,0,395
2023-09-12T03:19:06,65,330,0,395
2023-09-12T03:32:06,65,330,0,395
2023-09-12T03:45:05,65,330,0,395
2023-09-12T03:58:04,65,330,0,395
2023-09-12T04:11:15,65,330,0,395
2023-09-12T04:36:39,65,330,0,395
2023-09-12T04:51:20,65,330,0,395
2023-09-12T05:04:23,65,330,0,395
2023-09-12T05:17:28,65,330,0,395
2023-09-12T05:30:28,65,330,0,395
2023-09-12T05:43:30,65,330,0,395
2023-09-12T05:56:31,65,330,0,395
2023-09-12T06:09:30,65,330,0,395
2023-09-12T06:22:30,65,330,0,395
2023-09-12T06:35:32,65,330,0,395
2023-09-12T06:48:32,65,330,0,395
2023-09-12T07:01:33,65,330,0,395
2023-09-12T07:14:34,65,330,0,395
2023-09-12T07:27:34,65,330,0,395
2023-09-12T07:40:32,65,330,0,395
2023-09-12T07:53:31,65,330,0,395
2023-09-12T08:06:30,65,330,0,395
2023-09-12T08:19:40,65,330,0,395
2023-09-12T08:32:40,65,330,0,395
2023-09-12T08:45:40,65,330,0,395
2023-09-12T08:58:40,65,330,0,395
2023-09-12T09:11:40,65,330,0,395
2023-09-12T09:24:39,65,330,0,395
2023-09-12T09:37:36,65,330,0,395
2023-09-12T09:50:32,65,330,0,395
2023-09-12T10:03:29,65,330,0,395
2023-09-12T10:16:39,65,330,0,395
2023-09-12T10:29:36,65,330,0,395
2023-09-12T10:42:34,65,330,0,395
2023-09-12T10:55:32,65,330,0,395
2023-09-12T11:08:29,65,330,0,395
2023-09-12T11:21:26,65,330,0,395
2023-09-12T11:34:34,65,330,0,395
2023-09-12T11:47:31,65,330,0,395
2023-09-12T12:00:29,65,330,0,395
2023-09-12T12:13:26,65,330,0,395
2023-09-12T12:26:24,65,330,0,395
2023-09-12T12:39:31,65,330,0,395
2023-09-12T12:52:28,65,330,0,395
2023-09-12T13:05:26,65,330,0,395
2023-09-12T13:18:23,65,330,0,395
2023-09-12T13:31:20,65,330,0,395
2023-09-12T13:44:17,65,330,0,395
2023-09-12T13:57:15,65,330,0,395
2023-09-12T14:10:25,65,330,0,395
2023-09-12T14:23:22,65,330,0,395
2023-09-12T14:36:20,65,330,0,395
2023-09-12T14:49:18,65,330,0,395
2023-09-12T15:02:15,65,330,0,395
2023-09-12T15:15:13,65,330,0,395
2023-09-12T15:28:23,65,330,0,395
2023-09-12T15:41:20,65,330,0,395
2023-09-12T15:54:18,65,330,0,395
2023-09-12T16:07:15,65,330,0,395
2023-09-12T16:20:12,65,330,0,395
2023-09-12T16:33:10,65,330,0,395
2023-09-12T16:46:18,65,330,0,395
2023-09-12T16:59:15,65,330,0,395
2023-09-12T17:12:12,65,330,0,395
2023-09-12T17:25:10,65,330,0,395
2023-09-12T17:38:07,65,330,0,395
2023-09-12T17:51:05,65,330,0,395
2023-09-12T18:04:01,65,330,0,395
2023-09-12T18:17:10,65,330,0,395
2023-09-12T18:30:07,65,330,0,395
2023-09-12T18:43:04,65,330,0,395
2023-09-12T18:56:00,65,330,0,395
2023-09-12T19:09:01,65,330,0,395
2023-09-12T19:21:59,65,330,0,395
2023-09-12T19:35:07,65,330,0,395
2023-09-12T19:48:05,65,330,0,395
2023-09-12T20:01:02,65,330,0,395
2023-09-12T20:13:59,65,330,0,395
2023-09-12T20:26:56,65,330,0,395
2023-09-12T20:39:55,65,330,0,395
2023-09-12T20:52:52,65,330,0,395
2023-09-12T21:06:00,65,330,0,395
2023-09-12T21:18:57,65,330,0,395
2023-09-12T21:31:55,65,330,0,395
2023-09-12T21:44:52,65,330,0,395
2023-09-12T21:57:49,65,330,0,395
2023-09-12T22:10:46,65,330,0,395
2023-09-12T22:23:43,65,330,0,395
2023-09-12T22:36:41,65,330,0,395
2023-09-12T22:49:50,65,330,0,395
2023-09-12T23:02:48,65,330,0,395
2023-09-12T23:15:45,65,330,0,395
2023-09-12T23:28:44,65,330,0,395
2023-09-12T23:41:41,65,330,0,395
2023-09-12T23:54:39,65,330,0,395
2023-09-13T00:07:49,65,330,0,395
2023-09-13T00:20:48,65,330,0,395
2023-09-13T00:33:49,65,330,0,395
2023-09-13T00:46:50,65,330,0,395
2023-09-13T00:59:52,65,330,0,395
2023-09-13T01:12:57,65,330,0,395
2023-09-13T01:26:00,65,330,0,395
2023-09-13T01:39:02,65,330,0,395
2023-09-13T01:52:04,65,330,0,395
2023-09-13T02:05:08,65,330,0,395
2023-09-13T02:18:09,65,330,0,395
2023-09-13T02:31:19,65,330,0,395
2023-09-13T02:44:20,65,330,0,395
2023-09-13T02:57:21,65,330,0,395
2023-09-13T03:10:24,65,330,0,395
2023-09-13T03:23:29,65,330,0,395
2023-09-13T03:36:30,65,330,0,395
2023-09-13T03:49:31,65,330,0,395
2023-09-13T04:02:34,65,330,0,395
2023-09-13T04:31:10,65,330,0,395
2023-09-13T04:44:16,65,330,0,395
2023-09-13T04:57:21,65,330,0,395
2023-09-13T05:10:26,65,330,0,395
2023-09-13T05:23:28,65,330,0,395
2023-09-13T05:36:30,65,330,0,395
2023-09-13T05:49:31,65,330,0,395
2023-09-13T06:02:32,65,330,0,395
2023-09-13T06:15:33,65,330,0,395
2023-09-13T06:28:34,65,330,0,395
2023-09-13T06:41:35,65,330,0,395
2023-09-13T06:54:36,65,330,0,395
2023-09-13T07:07:37,65,330,0,395
2023-09-13T07:20:37,65,330,0,395
2023-09-13T07:33:40,65,330,0,395
2023-09-13T07:46:39,65,330,0,395
2023-09-13T07:59:38,65,330,0,395
2023-09-13T08:12:39,65,330,0,395
2023-09-13T08:25:49,65,330,0,395
2023-09-13T08:38:49,65,330,0,395
2023-09-13T08:51:50,65,330,0,395
2023-09-13T09:04:49,65,330,0,395
2023-09-13T09:17:49,65,330,0,395
2023-09-13T09:30:49,65,330,0,395
2023-09-13T09:43:47,65,330,0,395
2023-09-13T09:56:45,65,330,0,395
2023-09-13T10:09:42,65,330,0,395
2023-09-13T10:22:52,65,330,0,395
2023-09-13T10:35:49,65,330,0,395
2023-09-13T10:48:47,65,330,0,395
2023-09-13T11:01:45,65,330,0,395
2023-09-13T11:14:43,65,330,0,395
2023-09-13T11:43:43,65,330,0,395
2023-09-13T11:56:40,65,330,0,395
2023-09-13T12:09:38,65,330,0,395
2023-09-13T12:22:37,65,330,0,395
2023-09-13T12:35:35,65,330,0,395
2023-09-13T12:48:33,65,330,0,395
2023-09-13T13:01:30,65,330,0,395
2023-09-13T13:14:38,65,330,0,395
2023-09-13T13:27:35,65,330,0,395
2023-09-13T13:40:33,65,330,0,395
2023-09-13T13:53:31,65,330,0,395
2023-09-13T14:06:28,65,330,0,395
2023-09-13T14:19:26,65,330,0,395
2023-09-13T14:32:23,65,330,0,395
2023-09-13T14:45:31,65,330,0,395
2023-09-13T14:58:28,65,330,0,395
2023-09-13T15:11:25,65,330,0,395
2023-09-13T15:24:22,65,330,0,395
2023-09-13T15:37:19,65,330,0,395
2023-09-13T15:50:17,65,330,0,395
2023-09-13T16:03:19,65,330,0,395
2023-09-13T16:16:26,65,330,0,395
2023-09-13T16:29:24,65,330,0,395
2023-09-13T16:42:21,65,330,0,395
2023-09-13T16:55:18,65,330,0,395
2023-09-13T17:08:17,65,330,0,395
2023-09-13T17:21:15,65,330,0,395
2023-09-13T17:34:12,65,330,0,395
2023-09-13T17:47:19,65,330,0,395
2023-09-13T18:00:15,65,330,0,395
2023-09-13T18:13:12,65,330,0,395
2023-09-13T18:26:09,65,330,0,395
2023-09-13T18:39:08,65,330,0,395
2023-09-13T18:52:05,65,330,0,395
2023-09-13T19:05:03,65,330,0,395
2023-09-13T19:18:01,65,330,0,395
2023-09-13T19:31:08,65,330,0,395
2023-09-13T19:44:05,65,330,0,395
2023-09-13T19:57:02,65,330,0,395
2023-09-13T20:10:00,66,329,0,395
2023-09-13T20:22:57,66,329,0,395
2023-09-13T20:35:55,66,329,0,395
2023-09-13T20:48:52,66,329,0,395
2023-09-13T21:01:49,66,329,0,395
2023-09-13T21:14:46,66,329,0,395
2023-09-13T21:27:43,66,329,0,395
2023-09-13T21:40:52,66,329,0,395
2023-09-13T21:53:50,66,329,0,395
2023-09-13T22:06:47,66,329,0,395
2023-09-13T22:19:44,66,329,0,395
2023-09-13T22:32:42,66,329,0,395
2023-09-13T22:45:41,66,329,0,395
2023-09-13T22:58:38,67,328,0,395
2023-09-13T23:11:46,67,328,0,395
2023-09-13T23:24:44,67,328,0,395
2023-09-13T23:37:42,67,328,0,395
2023-09-13T23:50:40,67,328,0,395
2023-09-14T00:03:38,67,328,0,395
2023-09-14T00:16:39,67,328,0,395
2023-09-14T00:29:40,67,328,0,395
2023-09-14T00:42:41,67,328,0,395
2023-09-14T00:55:43,67,328,0,395
2023-09-14T01:08:46,67,328,0,395
2023-09-14T01:21:47,67,328,0,395
2023-09-14T01:34:58,67,328,0,395
2023-09-14T01:48:00,67,328,0,395
2023-09-14T02:01:01,67,328,0,395
2023-09-14T02:14:03,67,328,0,395
2023-09-14T02:27:01,67,328,0,395
2023-09-14T02:40:01,67,328,0,395
2023-09-14T02:53:00,67,328,0,395
2023-09-14T03:05:58,67,328,0,395
2023-09-14T03:18:57,67,328,0,395
2023-09-14T03:31:57,67,328,0,395
2023-09-14T03:44:57,67,328,0,395
2023-09-14T03:57:59,67,328,0,395
2023-09-14T04:11:02,67,328,0,395
2023-09-14T04:35:42,67,328,0,395
2023-09-14T04:50:12,67,328,0,395
2023-09-14T05:03:15,67,328,0,395
2023-09-14T05:16:19,67,328,0,395
2023-09-14T05:29:23,67,328,0,395
2023-09-14T05:42:25,67,328,0,395
2023-09-14T05:55:26,67,328,0,395
2023-09-14T06:08:28,67,328,0,395
2023-09-14T06:21:29,67,328,0,395
2023-09-14T06:34:30,67,328,0,395
2023-09-14T06:47:32,67,328,0,395
2023-09-14T07:00:32,67,328,0,395
2023-09-14T07:13:34,67,328,0,395
2023-09-14T07:26:38,67,328,0,395
2023-09-14T07:39:36,67,328,0,395
2023-09-14T07:52:37,67,328,0,395
2023-09-14T08:05:37,67,328,0,395
2023-09-14T08:18:38,67,328,0,395
2023-09-14T08:31:48,67,328,0,395
2023-09-14T08:44:48,67,328,0,395
2023-09-14T08:57:48,67,328,0,395
2023-09-14T09:10:48,67,328,0,395
2023-09-14T09:23:46,67,328,0,395
2023-09-14T09:36:44,67,328,0,395
2023-09-14T09:49:44,67,328,0,395
2023-09-14T10:02:41,67,328,0,395
2023-09-14T10:15:40,67,328,0,395
2023-09-14T10:28:48,67,328,0,395
2023-09-14T10:41:47,67,328,0,395
2023-09-14T10:54:45,67,328,0,395
2023-09-14T11:07:43,67,328,0,395
2023-09-14T11:20:43,67,328,0,395
2023-09-14T11:33:43,67,328,0,395
2023-09-14T11:46:42,67,328,0,395
2023-09-14T11:59:52,67,328,0,395
2023-09-14T12:12:50,67,328,0,395
2023-09-14T12:25:49,67,328,0,395
2023-09-14T12:38:47,67,328,0,395
2023-09-14T12:51:46,67,328,0,395
2023-09-14T13:04:44,67,328,0,395
2023-09-14T13:17:43,67,328,0,395
2023-09-14T13:30:52,67,328,0,395
2023-09-14T13:43:50,67,328,0,395
2023-09-14T13:56:50,67,328,0,395
2023-09-14T14:09:49,67,328,0,395
2023-09-14T14:22:47,67,328,0,395
2023-09-14T14:35:49,67,328,0,395
2023-09-14T14:48:47,67,328,0,395
2023-09-14T15:01:58,67,328,0,395
2023-09-14T15:14:56,67,328,0,395
2023-09-14T15:27:54,67,328,0,395
2023-09-14T15:40:52,67,328,0,395
2023-09-14T15:53:52,67,328,0,395
2023-09-14T16:06:50,67,328,0,395
2023-09-14T16:19:48,67,328,0,395
2023-09-14T16:32:57,67,328,0,395
2023-09-14T16:45:57,67,328,0,395
2023-09-14T16:58:55,67,328,0,395
2023-09-14T17:11:54,67,328,0,395
2023-09-14T17:24:52,67,328,0,395
2023-09-14T17:37:51,67,328,0,395
2023-09-14T17:50:49,67,328,0,395
2023-09-14T18:03:48,67,328,0,395
2023-09-14T18:16:56,67,328,0,395
2023-09-14T18:29:54,68,327,0,395
2023-09-14T18:42:53,67,328,0,395
2023-09-14T18:55:51,67,328,0,395
2023-09-14T19:08:50,67,328,0,395
2023-09-14T19:21:49,67,328,0,395
2023-09-14T19:34:48,67,328,0,395
2023-09-14T19:47:47,67,328,0,395
2023-09-14T20:00:55,67,328,0,395
2023-09-14T20:13:54,67,328,0,395
2023-09-14T20:26:53,67,328,0,395
2023-09-14T20:39:51,67,328,0,395
2023-09-14T20:52:50,67,328,0,395
2023-09-14T21:05:48,67,328,0,395
2023-09-14T21:18:46,67,328,0,395
2023-09-14T21:31:44,67,328,0,395
2023-09-14T21:44:43,67,328,0,395
2023-09-14T21:57:53,67,328,0,395
2023-09-14T22:10:51,67,328,0,395
2023-09-14T22:23:49,67,328,0,395
2023-09-14T22:36:48,67,328,0,395
2023-09-14T22:49:45,67,328,0,395
2023-09-14T23:02:43,67,328,0,395
2023-09-14T23:15:42,67,328,0,395
2023-09-14T23:28:40,67,328,0,395
2023-09-14T23:41:49,67,328,0,395
2023-09-14T23:54:49,67,328,0,395
2023-09-15T00:07:48,67,328,0,395
2023-09-15T00:20:53,67,328,0,395
2023-09-15T00:33:55,67,328,0,395
2023-09-15T00:46:58,67,328,0,395
2023-09-15T01:00:01,67,328,0,395
2023-09-15T01:13:04,67,328,0,395
2023-09-15T01:26:07,67,328,0,395
2023-09-15T01:39:48,67,328,0,395
2023-09-15T01:52:51,67,328,0,395
2023-09-15T02:05:54,67,328,0,395
2023-09-15T02:19:06,67,328,0,395
2023-09-15T02:32:07,67,328,0,395
2023-09-15T02:45:07,67,328,0,395
2023-09-15T02:58:07,67,328,0,395
2023-09-15T03:11:08,67,328,0,395
2023-09-15T03:24:11,67,328,0,395
2023-09-15T03:37:15,67,328,0,395
2023-09-15T03:50:17,67,328,0,395
2023-09-15T04:03:19,67,328,0,395
2023-09-15T04:29:17,67,328,0,395
2023-09-15T04:42:22,67,328,0,395
2023-09-15T04:55:25,67,328,0,395
2023-09-15T05:08:31,67,328,0,395
2023-09-15T05:21:33,67,328,0,395
2023-09-15T05:34:36,67,328,0,395
2023-09-15T05:47:38,67,328,0,395
2023-09-15T06:00:40,67,328,0,395
2023-09-15T06:13:44,67,328,0,395
2023-09-15T06:26:48,67,328,0,395
2023-09-15T06:39:49,67,328,0,395
2023-09-15T06:52:51,67,328,0,395
2023-09-15T07:05:53,67,328,0,395
2023-09-15T07:18:54,67,328,0,395
2023-09-15T07:31:58,67,328,0,395
2023-09-15T07:45:02,67,328,0,395
2023-09-15T07:58:11,67,328,0,395
2023-09-15T08:11:13,67,328,0,395
2023-09-15T08:24:12,67,328,0,395
2023-09-15T08:37:13,67,328,0,395
2023-09-15T08:50:12,67,328,0,395
2023-09-15T09:03:10,67,328,0,395
2023-09-15T09:16:08,67,328,0,395
2023-09-15T09:29:07,67,328,0,395
2023-09-15T09:42:06,67,328,0,395
2023-09-15T09:55:04,67,328,0,395
2023-09-15T10:08:03,67,328,0,395
2023-09-15T10:21:12,67,328,0,395
2023-09-15T10:34:11,67,328,0,395
2023-09-15T10:47:10,67,328,0,395
2023-09-15T11:00:08,67,328,0,395
2023-09-15T11:13:07,67,328,0,395
2023-09-15T11:26:07,67,328,0,395
2023-09-15T11:39:07,67,328,0,395
2023-09-15T11:52:17,67,328,0,395
2023-09-15T12:05:17,67,328,0,395
2023-09-15T12:18:16,67,328,0,395
2023-09-15T12:31:16,67,328,0,395
2023-09-15T12:44:14,67,328,0,395
2023-09-15T12:57:14,67,328,0,395
2023-09-15T13:10:13,67,328,0,395
2023-09-15T13:23:23,67,328,0,395
2023-09-15T13:36:22,67,328,0,395
2023-09-15T13:49:21,67,328,0,395
2023-09-15T14:02:21,67,328,0,395
2023-09-15T14:15:20,67,328,0,395
2023-09-15T14:28:20,67,328,0,395
2023-09-15T14:41:20,67,328,0,395
2023-09-15T14:54:29,67,328,0,395
2023-09-15T15:07:28,67,328,0,395
2023-09-15T15:20:27,67,328,0,395
2023-09-15T15:33:27,67,328,0,395
2023-09-15T15:46:27,67,328,0,395
2023-09-15T15:59:27,67,328,0,395
2023-09-15T16:12:26,67,328,0,395
2023-09-15T16:25:35,67,328,0,395
2023-09-15T16:38:35,67,328,0,395
2023-09-15T16:51:33,67,328,0,395
2023-09-15T17:04:33,67,328,0,395
2023-09-15T17:17:33,67,328,0,395
2023-09-15T17:30:32,67,328,0,395
2023-09-15T17:43:32,67,328,0,395
2023-09-15T17:56:31,67,328,0,395
2023-09-15T18:09:29,67,328,0,395
2023-09-15T18:22:38,67,328,0,395
2023-09-15T18:35:37,67,328,0,395
2023-09-15T18:48:35,67,328,0,395
2023-09-15T19:01:34,67,328,0,395
2023-09-15T19:14:33,67,328,0,395
2023-09-15T19:27:32,67,328,0,395
2023-09-15T19:40:31,67,328,0,395
2023-09-15T19:53:30,67,328,0,395
2023-09-15T20:06:39,67,328,0,395
2023-09-15T20:19:38,67,328,0,395
2023-09-15T20:32:38,67,328,0,395
2023-09-15T20:45:37,67,328,0,395
2023-09-15T20:58:36,67,328,0,395
2023-09-15T21:11:35,67,328,0,395
2023-09-15T21:24:34,66,329,0,395
2023-09-15T21:37:33,66,329,0,395
2023-09-15T21:50:31,66,329,0,395
2023-09-15T22:03:30,66,329,0,395
2023-09-15T22:16:40,66,329,0,395
2023-09-15T22:29:38,66,329,0,395
2023-09-15T22:42:37,66,329,0,395
2023-09-15T22:55:35,66,329,0,395
2023-09-15T23:08:35,66,329,0,395
2023-09-15T23:21:35,66,329,0,395
2023-09-15T23:34:34,66,329,0,395
2023-09-15T23:47:34,66,329,0,395
2023-09-16T00:00:34,66,329,0,395
2023-09-16T00:13:49,66,329,0,395
2023-09-16T00:26:53,66,329,0,395
2023-09-16T00:39:57,66,329,0,395
2023-09-16T00:53:02,66,329,0,395
2023-09-16T01:06:05,66,329,0,395
2023-09-16T01:19:09,66,329,0,395
2023-09-16T01:32:13,66,329,0,395
2023-09-16T01:45:18,66,329,0,395
2023-09-16T01:58:22,66,329,0,395
2023-09-16T02:11:26,66,329,0,395
2023-09-16T02:24:26,66,329,0,395
2023-09-16T02:37:28,66,329,0,395
2023-09-16T02:50:29,66,329,0,395
2023-09-16T03:03:28,66,329,0,395
2023-09-16T03:16:30,66,329,0,395
2023-09-16T03:29:42,66,329,0,395
2023-09-16T03:42:44,66,329,0,395
2023-09-16T03:55:49,66,329,0,395
2023-09-16T04:22:02,66,329,0,395
2023-09-16T04:36:47,66,329,0,395
2023-09-16T04:49:53,66,329,0,395
2023-09-16T05:02:56,66,329,0,395
2023-09-16T05:16:00,66,329,0,395
2023-09-16T05:29:03,66,329,0,395
2023-09-16T05:42:05,66,329,0,395
2023-09-16T05:55:08,66,329,0,395
2023-09-16T06:08:11,66,329,0,395
2023-09-16T06:21:14,66,329,0,395
2023-09-16T06:34:16,66,329,0,395
2023-09-16T06:47:20,66,329,0,395
2023-09-16T07:00:23,66,329,0,395
2023-09-16T07:13:25,66,329,0,395
2023-09-16T07:26:27,66,329,0,395
2023-09-16T07:39:31,66,329,0,395
2023-09-16T07:52:42,66,329,0,395
2023-09-16T08:05:44,66,329,0,395
2023-09-16T08:18:46,66,329,0,395
2023-09-16T08:31:49,66,329,0,395
2023-09-16T08:44:52,66,329,0,395
2023-09-16T08:58:03,66,329,0,395
2023-09-16T09:11:06,66,329,0,395
2023-09-16T09:24:08,66,329,0,395
2023-09-16T09:37:10,66,329,0,395
2023-09-16T09:50:13,66,329,0,395
2023-09-16T10:03:24,66,329,0,395
2023-09-16T10:16:27,66,329,0,395
2023-09-16T10:29:38,66,329,0,395
2023-09-16T10:42:41,66,329,0,395
2023-09-16T10:55:43,66,329,0,395
2023-09-16T11:08:44,66,329,0,395
2023-09-16T11:21:46,66,329,0,395
2023-09-16T11:34:45,66,329,0,395
2023-09-16T11:47:44,66,329,0,395
2023-09-16T12:00:42,66,329,0,395
2023-09-16T12:13:43,66,329,0,395
2023-09-16T12:26:42,66,329,0,395
2023-09-16T12:39:49,66,329,0,395
2023-09-16T12:52:48,66,329,0,395
2023-09-16T13:05:48,66,329,0,395
2023-09-16T13:18:47,66,329,0,395
2023-09-16T13:31:46,66,329,0,395
2023-09-16T13:44:45,66,329,0,395
2023-09-16T13:57:44,66,329,0,395
2023-09-16T14:10:43,66,329,0,395
2023-09-16T14:23:43,66,329,0,395
2023-09-16T14:36:42,66,329,0,395
2023-09-16T14:49:51,66,329,0,395
2023-09-16T15:02:50,66,329,0,395
2023-09-16T15:15:51,66,329,0,395
2023-09-16T15:28:50,66,329,0,395
2023-09-16T15:41:49,66,329,0,395
2023-09-16T15:54:48,66,329,0,395
2023-09-16T16:07:47,66,329,0,395
2023-09-16T16:20:46,66,329,0,395
2023-09-16T16:33:44,66,329,0,395
2023-09-16T16:46:43,66,329,0,395
2023-09-16T16:59:42,66,329,0,395
2023-09-16T17:12:51,66,329,0,395
2023-09-16T17:25:51,66,329,0,395
2023-09-16T17:38:50,66,329,0,395
2023-09-16T17:51:50,66,329,0,395
2023-09-16T18:04:48,66,329,0,395
2023-09-16T18:17:47,66,329,0,395
2023-09-16T18:30:46,66,329,0,395
2023-09-16T18:43:45,66,329,0,395
2023-09-16T18:56:44,66,329,0,395
2023-09-16T19:09:44,66,329,0,395
2023-09-16T19:22:43,66,329,0,395
2023-09-16T19:35:42,66,329,0,395
2023-09-16T19:48:53,66,329,0,395
2023-09-16T20:01:52,66,329,0,395
2023-09-16T20:14:51,66,329,0,395
2023-09-16T20:27:50,66,329,0,395
2023-09-16T20:40:49,66,329,0,395
2023-09-16T20:53:48,66,329,0,395
2023-09-16T21:06:47,66,329,0,395
2023-09-16T21:19:47,66,329,0,395
2023-09-16T21:32:45,66,329,0,395
2023-09-16T21:45:44,66,329,0,395
2023-09-16T21:58:43,66,329,0,395
2023-09-16T22:11:42,66,329,0,395
2023-09-16T22:24:53,66,329,0,395
2023-09-16T22:37:51,66,329,0,395
2023-09-16T22:50:49,66,329,0,395
2023-09-16T23:03:48,66,329,0,395
2023-09-16T23:16:48,66,329,0,395
2023-09-16T23:29:47,66,329,0,395
2023-09-16T23:42:46,66,329,0,395
2023-09-16T23:55:44,66,329,0,395
2023-09-17T00:08:46,66,329,0,395
2023-09-17T00:21:46,66,329,0,395
2023-09-17T01:00:43,66,329,0,395
2023-09-17T01:13:42,66,329,0,395
2023-09-17T01:26:40,66,329,0,395
2023-09-17T01:39:40,66,329,0,395
2023-09-17T01:52:43,66,329,0,395
2023-09-17T02:05:48,66,329,0,395
2023-09-17T02:18:52,66,329,0,395
2023-09-17T02:32:14,66,329,0,395
2023-09-17T02:45:37,66,329,0,395
2023-09-17T02:58:40,66,329,0,395
2023-09-17T03:11:42,66,329,0,395
2023-09-17T03:24:45,66,329,0,395
2023-09-17T03:37:48,66,329,0,395
2023-09-17T03:50:52,66,329,0,395
2023-09-17T04:03:55,66,329,0,395
2023-09-17T04:26:30,66,329,0,395
2023-09-17T04:40:53,66,329,0,395
2023-09-17T04:54:14,66,329,0,395
2023-09-17T05:07:22,66,329,0,395
2023-09-17T05:20:26,66,329,0,395
2023-09-17T05:33:28,66,329,0,395
2023-09-17T05:46:29,66,329,0,395
2023-09-17T05:59:30,66,329,0,395
2023-09-17T06:12:32,66,329,0,395
2023-09-17T06:25:36,66,329,0,395
2023-09-17T06:38:39,66,329,0,395
2023-09-17T06:51:38,66,329,0,395
2023-09-17T07:04:37,66,329,0,395
2023-09-17T07:17:36,66,329,0,395
2023-09-17T07:30:35,66,329,0,395
2023-09-17T07:43:34,66,329,0,395
2023-09-17T07:56:34,66,329,0,395
2023-09-17T08:09:35,66,329,0,395
2023-09-17T08:22:35,66,329,0,395
2023-09-17T08:35:42,66,329,0,395
2023-09-17T08:48:55,65,330,0,395
2023-09-17T09:01:59,65,330,0,395
2023-09-17T09:15:02,65,330,0,395
2023-09-17T09:28:18,65,330,0,395
2023-09-17T09:41:25,65,330,0,395
2023-09-17T09:54:33,65,330,0,395
2023-09-17T10:07:39,65,330,0,395
2023-09-17T10:20:45,65,330,0,395
2023-09-17T10:33:57,65,330,0,395
2023-09-17T10:46:58,65,330,0,395
2023-09-17T10:59:56,65,330,0,395
2023-09-17T11:12:55,65,330,0,395
2023-09-17T11:25:54,65,330,0,395
2023-09-17T11:38:53,65,330,0,395
2023-09-17T11:51:52,65,330,0,395
2023-09-17T12:04:50,65,330,0,395
2023-09-17T12:17:49,65,330,0,395
2023-09-17T12:30:48,65,330,0,395
2023-09-17T12:43:46,65,330,0,395
2023-09-17T12:56:53,65,330,0,395
2023-09-17T13:09:52,65,330,0,395
2023-09-17T13:22:50,65,330,0,395
2023-09-17T13:35:49,65,330,0,395
2023-09-17T13:48:48,65,330,0,395
2023-09-17T14:01:47,65,330,0,395
2023-09-17T14:14:46,65,330,0,395
2023-09-17T14:27:44,65,330,0,395
2023-09-17T14:40:42,65,330,0,395
2023-09-17T14:53:51,65,330,0,395
2023-09-17T15:06:49,65,330,0,395
2023-09-17T15:19:47,65,330,0,395
2023-09-17T15:32:46,65,330,0,395
2023-09-17T15:45:45,65,330,0,395
2023-09-17T15:58:43,65,330,0,395
2023-09-17T16:11:42,65,330,0,395
2023-09-17T16:24:41,65,330,0,395
2023-09-17T16:37:41,65,330,0,395
2023-09-17T16:50:40,65,330,0,395
2023-09-17T17:03:38,65,330,0,395
2023-09-17T17:16:48,65,330,0,395
2023-09-17T17:29:46,65,330,0,395
2023-09-17T17:42:48,65,330,0,395
2023-09-17T17:55:46,65,330,0,395
2023-09-17T18:08:44,65,330,0,395
2023-09-17T18:21:43,65,330,0,395
2023-09-17T18:34:43,65,330,0,395
2023-09-17T18:47:42,65,330,0,395
2023-09-17T19:00:41,65,330,0,395
2023-09-17T19:13:42,65,330,0,395
2023-09-17T19:26:42,65,330,0,395
2023-09-17T19:39:53,65,330,0,395
2023-09-17T19:52:52,65,330,0,395
2023-09-17T20:05:51,65,330,0,395
2023-09-17T20:18:51,65,330,0,395
2023-09-17T20:31:50,65,330,0,395
2023-09-17T20:44:49,65,330,0,395
2023-09-17T20:57:48,65,330,0,395
2023-09-17T21:10:47,65,330,0,395
2023-09-17T21:23:58,65,330,0,395
2023-09-17T21:37:00,65,330,0,395
2023-09-17T21:50:01,65,330,0,395
2023-09-17T22:03:01,65,330,0,395
2023-09-17T22:16:00,65,330,0,395
2023-09-17T22:28:59,65,330,0,395
2023-09-17T22:41:59,65,330,0,395
2023-09-17T22:54:58,65,330,0,395
2023-09-17T23:07:58,65,330,0,395
2023-09-17T23:20:57,65,330,0,395
2023-09-17T23:33:57,65,330,0,395
2023-09-17T23:47:08,65,330,0,395
2023-09-18T00:00:09,65,330,0,395
2023-09-18T00:13:10,65,330,0,395
2023-09-18T00:26:24,65,330,0,395
2023-09-18T00:39:36,65,330,0,395
2023-09-18T00:52:42,65,330,0,395
2023-09-18T01:05:45,65,330,0,395
2023-09-18T01:18:58,65,330,0,395
2023-09-18T01:32:05,65,330,0,395
2023-09-18T01:45:08,65,330,0,395
2023-09-18T01:58:15,65,330,0,395
2023-09-18T02:11:19,65,330,0,395
2023-09-18T02:24:19,65,330,0,395
2023-09-18T02:37:29,65,330,0,395
2023-09-18T02:50:33,65,330,0,395
2023-09-18T03:03:35,65,330,0,395
2023-09-18T03:16:39,65,330,0,395
2023-09-18T03:29:44,65,330,0,395
2023-09-18T03:42:47,65,330,0,395
2023-09-18T03:55:49,65,330,0,395
2023-09-18T04:08:53,65,330,0,395
2023-09-18T04:35:24,65,330,0,395
2023-09-18T04:48:30,65,330,0,395
2023-09-18T05:01:36,65,330,0,395
2023-09-18T05:14:44,65,330,0,395
2023-09-18T05:27:48,65,330,0,395
2023-09-18T05:40:51,65,330,0,395
2023-09-18T05:53:55,65,330,0,395
2023-09-18T06:07:00,65,330,0,395
2023-09-18T06:20:04,65,330,0,395
2023-09-18T06:33:09,65,330,0,395
2023-09-18T06:46:12,65,330,0,395
2023-09-18T06:59:14,65,330,0,395
2023-09-18T07:12:17,65,330,0,395
2023-09-18T07:25:18,65,330,0,395
2023-09-18T07:38:19,65,330,0,395
2023-09-18T07:51:19,65,330,0,395
2023-09-18T08:04:21,65,330,0,395
2023-09-18T08:17:23,65,330,0,395
2023-09-18T08:30:28,65,330,0,395
2023-09-18T08:43:30,65,330,0,395
2023-09-18T08:56:50,65,330,0,395
2023-09-18T09:09:49,65,330,0,395
2023-09-18T09:22:49,65,330,0,395
2023-09-18T09:35:47,65,330,0,395
2023-09-18T09:48:47,65,330,0,395
2023-09-18T10:01:48,65,330,0,395
2023-09-18T10:14:48,65,330,0,395
2023-09-18T10:28:06,65,330,0,395
2023-09-18T10:41:05,65,330,0,395
2023-09-18T10:54:05,65,330,0,395
2023-09-18T11:07:05,65,330,0,395
2023-09-18T11:20:03,65,330,0,395
2023-09-18T11:33:03,65,330,0,395
2023-09-18T11:46:04,65,330,0,395
2023-09-18T11:59:13,65,330,0,395
2023-09-18T12:12:12,65,330,0,395
2023-09-18T12:25:13,65,330,0,395
2023-09-18T12:38:13,65,330,0,395
2023-09-18T12:51:13,65,330,0,395
2023-09-18T13:04:13,65,330,0,395
2023-09-18T13:17:24,65,330,0,395
2023-09-18T13:30:24,65,330,0,395
2023-09-18T13:43:23,65,330,0,395
2023-09-18T13:56:23,65,330,0,395
2023-09-18T14:09:23,65,330,0,395
2023-09-18T14:22:40,65,330,0,395
2023-09-18T14:35:40,65,330,0,395
2023-09-18T14:48:40,65,330,0,395
2023-09-18T15:01:40,65,330,0,395
2023-09-18T15:14:41,65,330,0,395
2023-09-18T15:27:42,65,330,0,395
2023-09-18T15:40:52,65,330,0,395
2023-09-18T15:53:52,65,330,0,395
2023-09-18T16:06:52,65,330,0,395
2023-09-18T16:19:52,64,331,0,395
2023-09-18T16:33:11,64,331,0,395
2023-09-18T16:46:11,64,331,0,395
2023-09-18T16:59:10,64,331,0,395
2023-09-18T17:12:10,64,331,0,395
2023-09-18T17:25:10,63,332,0,395
2023-09-18T17:38:10,63,332,0,395
2023-09-18T17:51:10,63,332,0,395
2023-09-18T18:04:21,63,332,0,395
2023-09-18T18:17:20,63,332,0,395
2023-09-18T18:30:21,63,332,0,395
2023-09-18T18:43:21,63,332,0,395
2023-09-18T18:56:21,63,332,0,395
2023-09-18T19:09:21,63,332,0,395
2023-09-18T19:22:20,63,332,0,395
2023-09-18T19:35:20,63,332,0,395
2023-09-18T19:48:31,63,332,0,395
2023-09-18T20:01:31,63,332,0,395
2023-09-18T20:14:30,63,332,0,395
2023-09-18T20:27:32,63,332,0,395
2023-09-18T20:40:32,63,332,0,395
2023-09-18T20:53:32,63,332,0,395
2023-09-18T21:06:31,63,332,0,395
2023-09-18T21:19:30,63,332,0,395
2023-09-18T21:32:30,63,332,0,395
2023-09-18T21:45:41,63,332,0,395
2023-09-18T21:58:41,63,332,0,395
2023-09-18T22:11:41,63,332,0,395
2023-09-18T22:24:40,64,331,0,395
2023-09-18T22:37:42,64,331,0,395
2023-09-18T22:50:41,64,331,0,395
2023-09-18T23:03:42,64,331,0,395
2023-09-18T23:17:18,64,331,0,395
2023-09-18T23:30:18,64,331,0,395
2023-09-18T23:43:18,64,331,0,395
2023-09-18T23:56:19,64,331,0,395
2023-09-19T00:09:22,64,331,0,395
2023-09-19T00:22:31,64,331,0,395
2023-09-19T00:35:35,64,331,0,395
2023-09-19T00:48:40,64,331,0,395
2023-09-19T01:01:45,64,331,0,395
2023-09-19T01:14:50,64,331,0,395
2023-09-19T01:27:54,64,331,0,395
2023-09-19T01:41:15,64,331,0,395
2023-09-19T01:54:18,64,331,0,395
2023-09-19T02:07:35,64,331,0,395
2023-09-19T02:20:37,64,331,0,395
2023-09-19T02:33:39,64,331,0,395
2023-09-19T02:46:42,64,331,0,395
2023-09-19T02:59:43,64,331,0,395
2023-09-19T03:12:45,64,331,0,395
2023-09-19T03:25:48,64,331,0,395
2023-09-19T03:38:51,64,331,0,395
2023-09-19T03:51:55,64,331,0,395
2023-09-19T04:04:58,64,331,0,395
2023-09-19T04:18:07,64,331,0,395
2023-09-19T04:36:37,64,331,0,395
2023-09-19T04:51:22,64,331,0,395
2023-09-19T05:04:29,64,331,0,395
2023-09-19T05:17:38,64,331,0,395
2023-09-19T05:30:43,64,331,0,395
2023-09-19T05:43:47,64,331,0,395
2023-09-19T05:56:51,64,331,0,395
2023-09-19T06:09:55,64,331,0,395
2023-09-19T06:22:59,64,331,0,395
2023-09-19T06:36:02,64,331,0,395
2023-09-19T06:49:06,64,331,0,395
2023-09-19T07:02:09,64,331,0,395
2023-09-19T07:15:13,64,331,0,395
2023-09-19T07:28:17,64,331,0,395
2023-09-19T07:41:20,64,331,0,395
2023-09-19T07:54:23,64,331,0,395
2023-09-19T08:07:24,64,331,0,395
2023-09-19T08:20:26,64,331,0,395
2023-09-19T08:33:29,64,331,0,395
2023-09-19T08:46:32,64,331,0,395
2023-09-19T08:59:34,64,331,0,395
2023-09-19T09:12:37,64,331,0,395
2023-09-19T09:25:54,64,331,0,395
2023-09-19T09:38:57,65,330,0,395
2023-09-19T09:51:57,65,330,0,395
2023-09-19T10:04:59,65,330,0,395
2023-09-19T10:18:00,65,330,0,395
2023-09-19T10:31:00,65,330,0,395
2023-09-19T10:44:02,65,330,0,395
2023-09-19T10:57:02,65,330,0,395
2023-09-19T11:10:16,65,330,0,395
2023-09-19T11:23:17,65,330,0,395
2023-09-19T11:36:17,65,330,0,395
2023-09-19T11:49:17,66,329,0,395
2023-09-19T12:02:17,66,329,0,395
2023-09-19T12:15:18,66,329,0,395
2023-09-19T12:28:40,66,329,0,395
2023-09-19T12:41:39,66,329,0,395
2023-09-19T12:54:39,66,329,0,395
2023-09-19T13:07:39,66,329,0,395
2023-09-19T13:20:38,66,329,0,395
2023-09-19T13:33:38,66,329,0,395
2023-09-19T13:46:47,66,329,0,395
2023-09-19T13:59:48,66,329,0,395
2023-09-19T14:12:48,66,329,0,395
2023-09-19T14:25:47,66,329,0,395
2023-09-19T14:38:48,66,329,0,395
2023-09-19T14:51:48,66,329,0,395
2023-09-19T15:05:11,66,329,0,395
2023-09-19T15:18:11,66,329,0,395
2023-09-19T15:31:11,66,329,0,395
2023-09-19T15:44:11,66,329,0,395
2023-09-19T15:57:11,66,329,0,395
2023-09-19T16:10:11,66,329,0,395
2023-09-19T16:23:21,66,329,0,395
2023-09-19T16:36:20,66,329,0,395
2023-09-19T16:49:20,66,329,0,395
2023-09-19T17:02:19,66,329,0,395
2023-09-19T17:15:20,66,329,0,395
2023-09-19T17:28:19,66,329,0,395
2023-09-19T17:41:20,66,329,0,395
2023-09-19T17:54:39,66,329,0,395
2023-09-19T18:07:39,66,329,0,395
2023-09-19T18:20:38,66,329,0,395
2023-09-19T18:33:38,66,329,0,395
2023-09-19T18:46:38,66,329,0,395
2023-09-19T18:59:37,66,329,0,395
2023-09-19T19:12:38,66,329,0,395
2023-09-19T19:25:48,66,329,0,395
2023-09-19T19:38:49,67,328,0,395
2023-09-19T19:51:49,67,328,0,395
2023-09-19T20:04:50,67,328,0,395
2023-09-19T20:17:51,67,328,0,395
2023-09-19T20:30:51,67,328,0,395
2023-09-19T20:44:11,67,328,0,395
2023-09-19T20:57:11,67,328,0,395
2023-09-19T21:10:10,67,328,0,395
2023-09-19T21:23:11,67,328,0,395
2023-09-19T21:36:11,67,328,0,395
2023-09-19T21:49:10,67,328,0,395
2023-09-19T22:02:21,67,328,0,395
2023-09-19T22:15:21,67,328,0,395
2023-09-19T22:28:20,67,328,0,395
2023-09-19T22:41:19,67,328,0,395
2023-09-19T22:54:19,67,328,0,395
2023-09-19T23:07:19,67,328,0,395
2023-09-19T23:20:20,67,328,0,395
2023-09-19T23:33:40,67,328,0,395
2023-09-19T23:46:40,67,328,0,395
2023-09-19T23:59:41,67,328,0,395
2023-09-20T00:12:44,67,328,0,395
2023-09-20T00:25:47,67,328,0,395
2023-09-20T00:38:53,67,328,0,395
2023-09-20T00:51:59,67,328,0,395
2023-09-20T01:05:03,67,328,0,395
2023-09-20T01:18:08,67,328,0,395
2023-09-20T01:31:13,67,328,0,395
2023-09-20T01:44:19,67,328,0,395
2023-09-20T01:57:36,67,328,0,395
2023-09-20T02:10:40,67,328,0,395
2023-09-20T02:23:44,67,328,0,395
2023-09-20T02:36:48,67,328,0,395
2023-09-20T02:49:50,67,328,0,395
2023-09-20T03:02:51,67,328,0,395
2023-09-20T03:15:57,67,328,0,395
2023-09-20T03:29:41,67,328,0,395
2023-09-20T03:42:45,67,328,0,395
2023-09-20T03:55:59,67,328,0,395
2023-09-20T04:11:18,67,328,0,395
2023-09-20T04:33:44,67,328,0,395
2023-09-20T04:46:48,67,328,0,395
2023-09-20T04:59:53,67,328,0,395
2023-09-20T05:13:09,67,328,0,395
2023-09-20T05:26:13,67,328,0,395
2023-09-20T05:39:18,67,328,0,395
2023-09-20T05:52:32,67,328,0,395
2023-09-20T06:05:38,67,328,0,395
2023-09-20T06:18:42,67,328,0,395
2023-09-20T06:31:46,67,328,0,395
2023-09-20T06:44:49,67,328,0,395
2023-09-20T06:57:51,67,328,0,395
2023-09-20T07:10:56,67,328,0,395
2023-09-20T07:23:58,67,328,0,395
2023-09-20T07:37:00,67,328,0,395
2023-09-20T07:50:03,67,328,0,395
2023-09-20T08:03:05,67,328,0,395
2023-09-20T08:16:07,67,328,0,395
2023-09-20T08:29:17,67,328,0,395
2023-09-20T08:42:17,67,328,0,395
2023-09-20T08:55:17,67,328,0,395
2023-09-20T09:08:17,67,328,0,395
2023-09-20T09:21:21,67,328,0,395
2023-09-20T09:34:21,67,328,0,395
2023-09-20T09:47:21,67,328,0,395
2023-09-20T10:00:21,67,328,0,395
2023-09-20T10:13:30,67,328,0,395
2023-09-20T10:26:31,67,328,0,395
2023-09-20T10:39:30,67,328,0,395
2023-09-20T10:52:30,67,328,0,395
2023-09-20T11:05:30,68,327,0,395
2023-09-20T11:18:30,68,327,0,395
2023-09-20T11:31:40,68,327,0,395
2023-09-20T11:44:40,68,327,0,395
2023-09-20T11:57:40,69,326,0,395
2023-09-20T12:10:41,69,326,0,395
2023-09-20T12:23:41,69,326,0,395
2023-09-20T12:36:40,69,326,0,395
2023-09-20T12:49:51,69,326,0,395
2023-09-20T13:02:51,69,326,0,395
2023-09-20T13:15:50,69,326,0,395
2023-09-20T13:28:50,69,326,0,395
2023-09-20T13:41:50,69,326,0,395
2023-09-20T13:54:51,69,326,0,395
2023-09-20T14:07:52,69,326,0,395
2023-09-20T14:21:03,69,326,0,395
2023-09-20T14:34:03,69,326,0,395
2023-09-20T14:47:04,69,326,0,395
2023-09-20T15:00:05,69,326,0,395
2023-09-20T15:13:08,69,326,0,395
2023-09-20T15:26:08,69,326,0,395
2023-09-20T15:39:18,69,326,0,395
2023-09-20T15:52:19,69,326,0,395
2023-09-20T16:05:18,69,326,0,395
2023-09-20T16:18:18,69,326,0,395
2023-09-20T16:31:19,69,326,0,395
2023-09-20T16:44:19,69,326,0,395
2023-09-20T16:57:19,69,326,0,395
2023-09-20T17:10:32,69,326,0,395
2023-09-20T17:23:34,69,326,0,395
2023-09-20T17:36:34,69,326,0,395
2023-09-20T17:49:35,69,326,0,395
2023-09-20T18:02:36,69,326,0,395
2023-09-20T18:15:36,69,326,0,395
2023-09-20T18:28:35,69,326,0,395
2023-09-20T18:41:45,69,326,0,395
2023-09-20T18:54:45,68,327,0,395
2023-09-20T19:07:46,68,327,0,395
2023-09-20T19:20:47,68,327,0,395
2023-09-20T19:33:48,68,327,0,395
2023-09-20T19:46:48,68,327,0,395
2023-09-20T19:59:49,68,327,0,395
2023-09-20T20:13:00,68,327,0,395
2023-09-20T20:26:01,68,327,0,395
2023-09-20T20:39:01,68,327,0,395
2023-09-20T20:52:01,68,327,0,395
2023-09-20T21:05:01,68,327,0,395
2023-09-20T21:18:01,68,327,0,395
2023-09-20T21:31:13,68,327,0,395
2023-09-20T21:44:13,68,327,0,395
2023-09-20T21:57:13,68,327,0,395
2023-09-20T22:10:13,68,327,0,395
2023-09-20T22:23:13,68,327,0,395
2023-09-20T22:36:14,68,327,0,395
2023-09-20T22:49:25,68,327,0,395
2023-09-20T23:02:25,68,327,0,395
2023-09-20T23:15:26,68,327,0,395
2023-09-20T23:28:27,68,327,0,395
2023-09-20T23:41:27,68,327,0,395
2023-09-20T23:54:27,68,327,0,395
2023-09-21T00:07:29,68,327,0,395
2023-09-21T00:20:36,68,327,0,395
2023-09-21T00:33:40,68,327,0,395
2023-09-21T00:46:45,68,327,0,395
2023-09-21T01:00:02,68,327,0,395
2023-09-21T01:13:06,68,327,0,395
2023-09-21T01:26:10,68,327,0,395
2023-09-21T01:39:14,68,327,0,395
2023-09-21T01:52:18,68,327,0,395
2023-09-21T02:05:23,68,327,0,395
2023-09-21T02:18:26,68,327,0,395
2023-09-21T02:31:29,68,327,0,395
2023-09-21T02:44:32,68,327,0,395
2023-09-21T02:57:33,68,327,0,395
2023-09-21T03:10:35,68,327,0,395
2023-09-21T03:23:40,68,327,0,395
2023-09-21T03:36:43,68,327,0,395
2023-09-21T03:49:48,68,327,0,395
2023-09-21T04:02:54,68,327,0,395
2023-09-21T04:32:16,68,327,0,395
2023-09-21T04:46:44,68,327,0,395
2023-09-21T05:00:05,68,327,0,395
2023-09-21T05:13:12,68,327,0,395
2023-09-21T05:26:17,68,327,0,395
2023-09-21T05:39:20,68,327,0,395
2023-09-21T05:52:24,68,327,0,395
2023-09-21T06:05:28,68,327,0,395
2023-09-21T06:18:32,68,327,0,395
2023-09-21T06:31:39,68,327,0,395
2023-09-21T06:44:43,68,327,0,395
2023-09-21T06:57:47,68,327,0,395
2023-09-21T07:10:52,68,327,0,395
2023-09-21T07:23:55,68,327,0,395
2023-09-21T07:36:58,68,327,0,395
2023-09-21T07:50:01,68,327,0,395
2023-09-21T08:03:06,68,327,0,395
2023-09-21T08:16:11,68,327,0,395
2023-09-21T08:29:30,68,327,0,395
2023-09-21T08:42:33,68,327,0,395
2023-09-21T08:55:35,68,327,0,395
2023-09-21T09:08:37,68,327,0,395
2023-09-21T09:21:38,68,327,0,395
2023-09-21T09:34:37,68,327,0,395
2023-09-21T09:47:37,68,327,0,395
2023-09-21T10:00:38,68,327,0,395
2023-09-21T10:13:39,68,327,0,395
2023-09-21T10:26:50,68,327,0,395
2023-09-21T10:39:50,68,327,0,395
2023-09-21T10:52:50,68,327,0,395
2023-09-21T11:05:51,68,327,0,395
2023-09-21T11:18:51,68,327,0,395
2023-09-21T11:31:51,68,327,0,395
2023-09-21T11:44:52,68,327,0,395
2023-09-21T11:58:12,68,327,0,395
2023-09-21T12:11:12,68,327,0,395
2023-09-21T12:24:12,68,327,0,395
2023-09-21T12:37:13,68,327,0,395
2023-09-21T12:50:14,68,327,0,395
2023-09-21T13:03:14,68,327,0,395
2023-09-21T13:16:26,68,327,0,395
2023-09-21T13:29:26,68,327,0,395
2023-09-21T13:42:29,68,327,0,395
2023-09-21T13:55:29,68,327,0,395
2023-09-21T14:08:31,68,327,0,395
2023-09-21T14:21:41,68,327,0,395
2023-09-21T14:34:42,68,327,0,395
2023-09-21T14:47:44,68,327,0,395
2023-09-21T15:00:45,68,327,0,395
2023-09-21T15:13:46,68,327,0,395
2023-09-21T15:26:46,68,327,0,395
2023-09-21T15:39:59,68,327,0,395
2023-09-21T15:53:00,68,327,0,395
2023-09-21T16:06:02,68,327,0,395
2023-09-21T16:19:03,68,327,0,395
2023-09-21T16:32:05,68,327,0,395
2023-09-21T16:45:06,68,327,0,395
2023-09-21T16:58:17,68,327,0,395
2023-09-21T17:11:19,68,327,0,395
2023-09-21T17:24:21,68,327,0,395
2023-09-21T17:37:21,68,327,0,395
2023-09-21T17:50:22,68,327,0,395
2023-09-21T18:03:23,68,327,0,395
2023-09-21T18:16:25,68,327,0,395
2023-09-21T18:29:36,68,327,0,395
2023-09-21T18:42:38,68,327,0,395
2023-09-21T18:55:38,68,327,0,395
2023-09-21T19:08:40,68,327,0,395
2023-09-21T19:21:40,68,327,0,395
2023-09-21T19:34:42,68,327,0,395
2023-09-21T19:47:42,68,327,0,395
2023-09-21T20:01:01,68,327,0,395
2023-09-21T20:14:02,68,327,0,395
2023-09-21T20:27:04,68,327,0,395
2023-09-21T20:40:04,68,327,0,395
2023-09-21T20:53:04,68,327,0,395
2023-09-21T21:06:05,68,327,0,395
2023-09-21T21:19:07,68,327,0,395
2023-09-21T21:32:19,68,327,0,395
2023-09-21T21:45:21,68,327,0,395
2023-09-21T21:58:22,68,327,0,395
2023-09-21T22:11:23,68,327,0,395
2023-09-21T22:24:23,68,327,0,395
2023-09-21T22:37:24,68,327,0,395
2023-09-21T22:50:24,68,327,0,395
2023-09-21T23:03:45,68,327,0,395
2023-09-21T23:16:46,68,327,0,395
2023-09-21T23:29:48,68,327,0,395
2023-09-21T23:42:49,68,327,0,395
2023-09-21T23:55:51,68,327,0,395
2023-09-22T00:08:54,68,327,0,395
2023-09-22T00:22:00,68,327,0,395
2023-09-22T00:35:06,68,327,0,395
2023-09-22T00:48:11,68,327,0,395
2023-09-22T01:01:17,68,327,0,395
2023-09-22T01:14:34,68,327,0,395
2023-09-22T01:27:39,68,327,0,395
2023-09-22T01:40:46,68,327,0,395
2023-09-22T01:53:51,68,327,0,395
2023-09-22T02:07:00,68,327,0,395
2023-09-22T02:20:03,68,327,0,395
2023-09-22T02:33:07,68,327,0,395
2023-09-22T02:46:12,68,327,0,395
2023-09-22T02:59:15,68,327,0,395
2023-09-22T03:12:19,68,327,0,395
2023-09-22T03:25:26,68,327,0,395
2023-09-22T03:38:50,68,327,0,395
2023-09-22T03:51:56,68,327,0,395
2023-09-22T04:05:01,68,327,0,395
2023-09-22T07:10:18,68,327,0,395
2023-09-22T07:23:22,68,327,0,395
2023-09-22T07:36:29,68,327,0,395
2023-09-22T07:49:33,68,327,0,395
2023-09-22T08:02:36,68,327,0,395
2023-09-22T08:15:47,68,327,0,395
2023-09-22T08:28:51,68,327,0,395
2023-09-22T08:41:53,68,327,0,395
2023-09-22T08:54:56,68,327,0,395
2023-09-22T09:07:57,68,327,0,395
2023-09-22T09:21:00,68,327,0,395
2023-09-22T09:34:02,68,327,0,395
2023-09-22T09:47:04,68,327,0,395
2023-09-22T10:00:05,68,327,0,395
2023-09-22T10:13:19,68,327,0,395
2023-09-22T10:26:22,68,327,0,395
2023-09-22T10:39:23,68,327,0,395
2023-09-22T10:52:26,68,327,0,395
2023-09-22T11:05:27,68,327,0,395
2023-09-22T11:18:28,68,327,0,395
2023-09-22T11:31:41,68,327,0,395
2023-09-22T11:44:42,68,327,0,395
2023-09-22T11:57:43,68,327,0,395
2023-09-22T12:10:44,68,327,0,395
2023-09-22T12:23:46,68,327,0,395
2023-09-22T12:36:50,68,327,0,395
2023-09-22T12:50:09,68,327,0,395
2023-09-22T13:03:11,68,327,0,395
2023-09-22T13:16:13,68,327,0,395
2023-09-22T13:29:14,68,327,0,395
2023-09-22T13:42:16,68,327,0,395
2023-09-22T13:55:18,68,327,0,395
2023-09-22T14:08:20,68,327,0,395
2023-09-22T14:21:36,68,327,0,395
2023-09-22T14:34:42,68,327,0,395
2023-09-22T14:47:46,68,327,0,395
2023-09-22T15:00:49,68,327,0,395
2023-09-22T15:13:54,68,327,0,395
2023-09-22T15:26:58,68,327,0,395
2023-09-22T15:40:12,68,327,0,395
2023-09-22T15:53:14,68,327,0,395
2023-09-22T16:06:15,68,327,0,395
2023-09-22T16:19:16,68,327,0,395
2023-09-22T16:32:17,68,327,0,395
2023-09-22T16:45:37,68,327,0,395
2023-09-22T16:58:39,68,327,0,395
2023-09-22T17:11:40,68,327,0,395
2023-09-22T17:24:41,68,327,0,395
2023-09-22T17:37:42,68,327,0,395
2023-09-22T17:50:43,68,327,0,395
2023-09-22T18:03:44,68,327,0,395
2023-09-22T18:16:55,68,327,0,395
2023-09-22T18:29:58,68,327,0,395
2023-09-22T18:43:00,68,327,0,395
2023-09-22T18:56:02,68,327,0,395
2023-09-22T19:09:04,68,327,0,395
2023-09-22T19:22:06,67,328,0,395
2023-09-22T19:35:17,67,328,0,395
2023-09-22T19:48:17,67,328,0,395
2023-09-22T20:01:18,67,328,0,395
2023-09-22T20:14:20,67,328,0,395
2023-09-22T20:27:22,67,328,0,395
2023-09-22T20:40:23,67,328,0,395
2023-09-22T21:00:17,67,328,0,395
2023-09-22T21:13:18,67,328,0,395
2023-09-22T21:26:18,67,328,0,395
2023-09-22T21:39:19,67,328,0,395
2023-09-22T21:52:20,67,328,0,395
2023-09-22T22:05:21,67,328,0,395
2023-09-22T22:18:33,67,328,0,395
2023-09-22T22:31:33,67,328,0,395
2023-09-22T22:44:34,67,328,0,395
2023-09-22T22:57:34,67,328,0,395
2023-09-22T23:10:38,67,328,0,395
2023-09-22T23:23:39,67,328,0,395
2023-09-22T23:36:40,67,328,0,395
2023-09-22T23:49:42,67,328,0,395
2023-09-23T00:02:44,67,328,0,395
2023-09-23T00:15:52,67,328,0,395
2023-09-23T00:29:08,67,328,0,395
2023-09-23T00:42:14,67,328,0,395
2023-09-23T01:03:34,67,328,0,395
2023-09-23T01:16:40,67,328,0,395
2023-09-23T01:29:47,67,328,0,395
2023-09-23T01:42:54,67,328,0,395
2023-09-23T01:56:02,67,328,0,395
2023-09-23T02:09:07,67,328,0,395
2023-09-23T02:22:11,67,328,0,395
2023-09-23T02:35:16,67,328,0,395
2023-09-23T02:48:20,67,328,0,395
2023-09-23T03:01:22,67,328,0,395
2023-09-23T03:14:26,67,328,0,395
2023-09-23T03:27:30,67,328,0,395
2023-09-23T03:40:35,67,328,0,395
2023-09-23T03:53:41,67,328,0,395
2023-09-23T04:27:01,67,328,0,395
2023-09-23T04:40:10,67,328,0,395
2023-09-23T04:53:17,67,328,0,395
2023-09-23T05:06:24,67,328,0,395
2023-09-23T05:19:30,67,328,0,395
2023-09-23T05:32:35,67,328,0,395
2023-09-23T05:45:42,67,328,0,395
2023-09-23T05:58:47,67,328,0,395
2023-09-23T06:11:54,67,328,0,395
2023-09-23T06:24:59,67,328,0,395
2023-09-23T06:38:04,67,328,0,395
2023-09-23T06:51:09,67,328,0,395
2023-09-23T07:04:14,67,328,0,395
2023-09-23T07:17:19,67,328,0,395
2023-09-23T07:30:23,67,328,0,395
2023-09-23T07:43:27,67,328,0,395
2023-09-23T07:56:31,67,328,0,395
2023-09-23T08:09:44,67,328,0,395
2023-09-23T08:22:48,67,328,0,395
2023-09-23T08:35:54,67,328,0,395
2023-09-23T08:48:58,67,328,0,395
2023-09-23T09:02:02,67,328,0,395
2023-09-23T09:15:06,67,328,0,395
2023-09-23T09:28:09,67,328,0,395
2023-09-23T09:41:12,67,328,0,395
2023-09-23T09:54:15,67,328,0,395
2023-09-23T10:07:18,67,328,0,395
2023-09-23T10:20:20,67,328,0,395
2023-09-23T10:33:23,67,328,0,395
2023-09-23T10:46:36,67,328,0,395
2023-09-23T10:59:38,67,328,0,395
2023-09-23T11:12:39,67,328,0,395
2023-09-23T11:25:39,67,328,0,395
2023-09-23T11:38:41,67,328,0,395
2023-09-23T11:51:43,67,328,0,395
2023-09-23T12:04:43,67,328,0,395
2023-09-23T12:17:46,67,328,0,395
2023-09-23T12:30:58,67,328,0,395
2023-09-23T12:43:59,67,328,0,395
2023-09-23T12:57:00,67,328,0,395
2023-09-23T13:10:00,67,328,0,395
2023-09-23T13:23:01,67,328,0,395
2023-09-23T13:36:02,67,328,0,395
2023-09-23T13:49:03,67,328,0,395
2023-09-23T14:02:04,67,328,0,395
2023-09-23T14:15:14,67,328,0,395
2023-09-23T14:28:16,67,328,0,395
2023-09-23T14:41:22,67,328,0,395
2023-09-23T14:54:23,67,328,0,395
2023-09-23T15:07:24,67,328,0,395
2023-09-23T15:20:25,67,328,0,395
2023-09-23T15:33:26,67,328,0,395
2023-09-23T15:46:28,67,328,0,395
2023-09-23T15:59:37,67,328,0,395
2023-09-23T16:12:38,67,328,0,395
2023-09-23T16:25:39,67,328,0,395
2023-09-23T16:38:40,67,328,0,395
2023-09-23T16:51:41,67,328,0,395
2023-09-23T17:04:42,67,328,0,395
2023-09-23T17:17:43,67,328,0,395
2023-09-23T17:30:44,67,328,0,395
2023-09-23T17:43:45,67,328,0,395
2023-09-23T17:56:56,67,328,0,395
2023-09-23T18:09:57,67,328,0,395
2023-09-23T18:22:58,67,328,0,395
2023-09-23T18:35:59,67,328,0,395
2023-09-23T18:49:00,67,328,0,395
2023-09-23T19:02:01,67,328,0,395
2023-09-23T19:15:03,67,328,0,395
2023-09-23T19:28:04,67,328,0,395
2023-09-23T19:41:05,67,328,0,395
2023-09-23T19:54:16,67,328,0,395
2023-09-23T20:07:16,67,328,0,395
2023-09-23T20:20:17,66,329,0,395
2023-09-23T20:33:18,66,329,0,395
2023-09-23T20:46:19,66,329,0,395
2023-09-23T20:59:20,66,329,0,395
2023-09-23T21:12:22,66,329,0,395
2023-09-23T21:25:23,66,329,0,395
2023-09-23T21:38:24,66,329,0,395
2023-09-23T21:51:25,66,329,0,395
2023-09-23T22:04:35,66,329,0,395
2023-09-23T22:17:36,66,329,0,395
2023-09-23T22:30:37,66,329,0,395
2023-09-23T22:43:38,66,329,0,395
2023-09-23T22:56:38,66,329,0,395
2023-09-23T23:09:40,66,329,0,395
2023-09-23T23:22:41,66,329,0,395
2023-09-23T23:35:42,66,329,0,395
2023-09-23T23:48:42,66,329,0,395
2023-09-24T00:01:43,66,329,0,395
2023-09-24T00:14:58,66,329,0,395
2023-09-24T00:28:03,66,329,0,395
2023-09-24T00:41:05,66,329,0,395
2023-09-24T00:54:07,66,329,0,395
2023-09-24T01:07:08,66,329,0,395
2023-09-24T01:20:08,66,329,0,395
2023-09-24T01:33:08,65,330,0,395
2023-09-24T01:46:09,65,330,0,395
2023-09-24T01:59:12,65,330,0,395
2023-09-24T02:12:14,65,330,0,395
2023-09-24T02:25:15,65,330,0,395
2023-09-24T02:38:19,65,330,0,395
2023-09-24T02:51:20,65,330,0,395
2023-09-24T03:04:22,65,330,0,395
2023-09-24T03:17:23,65,330,0,395
2023-09-24T03:30:26,65,330,0,395
2023-09-24T03:43:37,65,330,0,395
2023-09-24T03:57:02,65,330,0,395
2023-09-24T04:10:08,65,330,0,395
2023-09-24T04:27:45,65,330,0,395
2023-09-24T04:40:54,65,330,0,395
2023-09-24T04:54:01,65,330,0,395
2023-09-24T05:07:08,65,330,0,395
2023-09-24T05:20:15,65,330,0,395
2023-09-24T05:33:21,65,330,0,395
2023-09-24T05:46:28,65,330,0,395
2023-09-24T05:59:35,65,330,0,395
2023-09-24T06:12:41,65,330,0,395
2023-09-24T06:25:46,65,330,0,395
2023-09-24T06:38:51,65,330,0,395
2023-09-24T06:51:56,65,330,0,395
2023-09-24T07:05:18,65,330,0,395
2023-09-24T07:18:24,65,330,0,395
2023-09-24T07:31:28,65,330,0,395
2023-09-24T07:44:31,65,330,0,395
2023-09-24T07:57:35,65,330,0,395
2023-09-24T08:10:41,65,330,0,395
2023-09-24T08:23:44,65,330,0,395
2023-09-24T08:36:48,65,330,0,395
2023-09-24T08:49:55,65,330,0,395
2023-09-24T09:02:58,65,330,0,395
2023-09-24T09:16:04,65,330,0,395
2023-09-24T09:29:18,65,330,0,395
2023-09-24T09:42:24,65,330,0,395
2023-09-24T09:55:30,65,330,0,395
2023-09-24T10:08:34,65,330,0,395
2023-09-24T10:21:43,65,330,0,395
2023-09-24T10:34:50,65,330,0,395
2023-09-24T10:47:59,65,330,0,395
2023-09-24T11:01:08,65,330,0,395
2023-09-24T11:14:13,65,330,0,395
2023-09-24T11:27:24,65,330,0,395
2023-09-24T11:40:28,65,330,0,395
2023-09-24T11:53:29,65,330,0,395
2023-09-24T12:06:30,65,330,0,395
2023-09-24T12:19:32,65,330,0,395
2023-09-24T12:32:33,65,330,0,395
2023-09-24T12:45:34,65,330,0,395
2023-09-24T12:58:46,65,330,0,395
2023-09-24T13:11:46,65,330,0,395
2023-09-24T13:24:47,65,330,0,395
2023-09-24T13:37:48,65,330,0,395
2023-09-24T13:50:48,65,330,0,395
2023-09-24T14:03:49,65,330,0,395
2023-09-24T14:16:51,65,330,0,395
2023-09-24T14:30:01,65,330,0,395
2023-09-24T14:43:02,65,330,0,395
2023-09-24T14:56:03,65,330,0,395
2023-09-24T15:09:04,65,330,0,395
2023-09-24T15:22:05,65,330,0,395
2023-09-24T15:35:07,66,329,0,395
2023-09-24T15:48:08,66,329,0,395
2023-09-24T16:01:09,66,329,0,395
2023-09-24T16:14:20,66,329,0,395
2023-09-24T16:27:21,66,329,0,395
2023-09-24T16:40:24,66,329,0,395
2023-09-24T16:53:24,66,329,0,395
2023-09-24T17:06:25,66,329,0,395
2023-09-24T17:19:26,66,329,0,395
2023-09-24T17:32:27,66,329,0,395
2023-09-24T17:45:37,66,329,0,395
2023-09-24T17:58:39,66,329,0,395
2023-09-24T18:11:39,66,329,0,395
2023-09-24T18:24:40,66,329,0,395
2023-09-24T18:37:41,65,330,0,395
2023-09-24T18:50:52,65,330,0,395
2023-09-24T19:03:54,65,330,0,395
2023-09-24T19:16:57,65,330,0,395
2023-09-24T19:29:58,65,330,0,395
2023-09-24T19:42:59,65,330,0,395
2023-09-24T19:56:00,65,330,0,395
2023-09-24T20:09:00,65,330,0,395
2023-09-24T20:22:11,65,330,0,395
2023-09-24T20:35:12,65,330,0,395
2023-09-24T20:48:12,65,330,0,395
2023-09-24T21:01:13,65,330,0,395
2023-09-24T21:14:14,65,330,0,395
2023-09-24T21:27:15,65,330,0,395
2023-09-24T21:40:27,65,330,0,395
2023-09-24T21:53:29,65,330,0,395
2023-09-24T22:06:32,65,330,0,395
2023-09-24T22:19:33,65,330,0,395
2023-09-24T22:32:33,65,330,0,395
2023-09-24T22:45:34,65,330,0,395
2023-09-24T22:58:45,65,330,0,395
2023-09-24T23:11:47,65,330,0,395
2023-09-24T23:24:48,65,330,0,395
2023-09-24T23:37:52,65,330,0,395
2023-09-24T23:50:53,65,330,0,395
2023-09-25T00:03:55,65,330,0,395
2023-09-25T00:17:04,65,330,0,395
2023-09-25T00:30:32,65,330,0,395
2023-09-25T00:43:44,65,330,0,395
2023-09-25T00:56:50,65,330,0,395
2023-09-25T01:09:54,65,330,0,395
2023-09-25T01:23:04,65,330,0,395
2023-09-25T01:36:11,65,330,0,395
2023-09-25T01:49:18,65,330,0,395
2023-09-25T02:02:26,65,330,0,395
2023-09-25T02:15:44,65,330,0,395
2023-09-25T02:28:48,65,330,0,395
2023-09-25T02:41:53,65,330,0,395
2023-09-25T02:54:56,65,330,0,395
2023-09-25T03:07:59,65,330,0,395
2023-09-25T03:21:15,65,330,0,395
2023-09-25T03:34:20,65,330,0,395
2023-09-25T03:47:25,65,330,0,395
2023-09-25T04:00:30,65,330,0,395
2023-09-25T04:27:37,65,330,0,395
2023-09-25T04:40:44,65,330,0,395
2023-09-25T04:55:18,65,330,0,395
2023-09-25T05:08:53,65,330,0,395
2023-09-25T05:22:09,65,330,0,395
2023-09-25T05:35:14,65,330,0,395
2023-09-25T05:48:20,65,330,0,395
2023-09-25T06:01:26,65,330,0,395
2023-09-25T06:14:39,65,330,0,395
2023-09-25T06:27:44,65,330,0,395
2023-09-25T06:40:50,65,330,0,395
2023-09-25T06:53:54,65,330,0,395
2023-09-25T07:07:00,65,330,0,395
2023-09-25T07:20:03,65,330,0,395
2023-09-25T07:33:06,65,330,0,395
2023-09-25T07:46:07,65,330,0,395
2023-09-25T07:59:07,65,330,0,395
2023-09-25T08:12:08,65,330,0,395
2023-09-25T08:25:18,65,330,0,395
2023-09-25T08:38:19,65,330,0,395
2023-09-25T08:51:20,65,330,0,395
2023-09-25T09:04:35,65,330,0,395
2023-09-25T09:17:36,65,330,0,395
2023-09-25T09:30:43,65,330,0,395
2023-09-25T09:43:44,65,330,0,395
2023-09-25T09:56:45,65,330,0,395
2023-09-25T10:09:57,65,330,0,395
2023-09-25T10:22:58,65,330,0,395
2023-09-25T10:35:58,65,330,0,395
2023-09-25T10:48:59,65,330,0,395
2023-09-25T11:02:12,64,331,0,395
2023-09-25T11:15:14,64,331,0,395
2023-09-25T11:28:16,64,331,0,395
2023-09-25T11:41:17,64,331,0,395
2023-09-25T11:54:28,64,331,0,395
2023-09-25T12:07:29,64,331,0,395
2023-09-25T12:20:30,64,331,0,395
2023-09-25T12:33:31,64,331,0,395
2023-09-25T12:46:43,63,332,0,395
2023-09-25T12:59:44,63,332,0,395
2023-09-25T13:12:45,63,332,0,395
2023-09-25T13:25:46,64,331,0,395
2023-09-25T13:38:58,64,331,0,395
2023-09-25T13:52:00,64,331,0,395
2023-09-25T14:05:02,65,330,0,395
2023-09-25T14:18:04,65,330,0,395
2023-09-25T14:31:16,64,331,0,395
2023-09-25T14:44:18,64,331,0,395
2023-09-25T14:57:20,64,331,0,395
2023-09-25T15:10:22,64,331,0,395
2023-09-25T15:23:34,63,332,0,395
2023-09-25T15:36:36,63,332,0,395
2023-09-25T15:49:38,63,332,0,395
2023-09-25T16:02:40,63,332,0,395
2023-09-25T16:15:51,63,332,0,395
2023-09-25T16:28:53,63,332,0,395
2023-09-25T16:41:54,63,332,0,395
2023-09-25T16:54:55,63,332,0,395
2023-09-25T17:08:10,63,332,0,395
2023-09-25T17:21:12,63,332,0,395
2023-09-25T17:34:15,63,332,0,395
2023-09-25T17:47:16,63,332,0,395
2023-09-25T18:00:17,63,332,0,395
2023-09-25T18:13:28,63,332,0,395
2023-09-25T18:26:30,63,332,0,395
2023-09-25T18:39:31,63,332,0,395
2023-09-25T18:52:32,63,332,0,395
2023-09-25T19:05:44,63,332,0,395
2023-09-25T19:18:46,63,332,0,395
2023-09-25T19:31:47,63,332,0,395
2023-09-25T19:44:49,63,332,0,395
2023-09-25T19:57:49,63,332,0,395
2023-09-25T20:11:02,63,332,0,395
2023-09-25T20:24:03,63,332,0,395
2023-09-25T20:37:03,63,332,0,395
2023-09-25T20:50:05,63,332,0,395
2023-09-25T21:03:06,63,332,0,395
2023-09-25T21:16:18,63,332,0,395
2023-09-25T21:29:19,63,332,0,395
2023-09-25T21:42:21,63,332,0,395
2023-09-25T21:55:22,63,332,0,395
2023-09-25T22:08:23,63,332,0,395
2023-09-25T22:21:34,63,332,0,395
2023-09-25T22:34:36,63,332,0,395
2023-09-25T22:47:37,63,332,0,395
2023-09-25T23:00:38,63,332,0,395
2023-09-25T23:13:40,63,332,0,395
2023-09-25T23:26:53,63,332,0,395
2023-09-25T23:39:55,62,333,0,395
2023-09-25T23:52:57,62,333,0,395
2023-09-26T00:05:59,62,333,0,395
2023-09-26T00:19:05,62,333,0,395
2023-09-26T00:32:12,62,333,0,395
2023-09-26T00:45:31,62,333,0,395
2023-09-26T00:58:39,62,333,0,395
2023-09-26T01:11:45,62,333,0,395
2023-09-26T01:24:50,62,333,0,395
2023-09-26T01:37:57,62,333,0,395
2023-09-26T01:51:02,62,333,0,395
2023-09-26T02:04:09,62,333,0,395
2023-09-26T02:17:14,62,333,0,395
2023-09-26T02:30:18,62,333,0,395
2023-09-26T02:43:21,62,333,0,395
2023-09-26T02:56:24,62,333,0,395
2023-09-26T03:09:27,62,333,0,395
2023-09-26T03:22:32,62,333,0,395
2023-09-26T03:35:38,62,333,0,395
2023-09-26T03:48:57,62,333,0,395
2023-09-26T04:02:03,62,333,0,395
2023-09-26T04:29:42,62,333,0,395
2023-09-26T04:43:07,62,333,0,395
2023-09-26T04:56:15,62,333,0,395
2023-09-26T05:09:24,62,333,0,395
2023-09-26T05:22:31,62,333,0,395
2023-09-26T05:35:37,62,333,0,395
2023-09-26T05:48:48,62,333,0,395
2023-09-26T06:01:57,62,333,0,395
2023-09-26T06:15:03,62,333,0,395
2023-09-26T06:28:09,62,333,0,395
2023-09-26T06:41:14,62,333,0,395
2023-09-26T06:54:19,62,333,0,395
2023-09-26T07:07:27,62,333,0,395
2023-09-26T07:20:31,62,333,0,395
2023-09-26T07:33:35,62,333,0,395
2023-09-26T07:46:37,62,333,0,395
2023-09-26T07:59:41,62,333,0,395
2023-09-26T08:12:45,62,333,0,395
2023-09-26T08:26:01,62,333,0,395
2023-09-26T08:39:04,62,333,0,395
2023-09-26T08:52:07,62,333,0,395
2023-09-26T09:05:09,62,333,0,395
2023-09-26T09:18:10,63,332,0,395
2023-09-26T09:31:12,63,332,0,395
2023-09-26T09:44:13,63,332,0,395
2023-09-26T09:57:26,63,332,0,395
2023-09-26T10:10:28,63,332,0,395
2023-09-26T10:23:29,63,332,0,395
2023-09-26T10:36:32,63,332,0,395
2023-09-26T10:49:35,63,332,0,395
2023-09-26T11:02:48,63,332,0,395
2023-09-26T11:15:50,63,332,0,395
2023-09-26T11:28:52,63,332,0,395
2023-09-26T11:42:08,63,332,0,395
2023-09-26T11:55:10,63,332,0,395
2023-09-26T12:08:12,63,332,0,395
2023-09-26T12:21:24,63,332,0,395
2023-09-26T12:34:26,63,332,0,395
2023-09-26T12:47:27,63,332,0,395
2023-09-26T13:00:28,63,332,0,395
2023-09-26T13:13:30,63,332,0,395
2023-09-26T13:26:43,63,332,0,395
2023-09-26T13:39:45,63,332,0,395
2023-09-26T13:52:49,63,332,0,395
2023-09-26T14:05:50,63,332,0,395
2023-09-26T14:19:02,63,332,0,395
2023-09-26T14:32:04,64,331,0,395
2023-09-26T14:45:06,64,331,0,395
2023-09-26T14:58:08,64,331,0,395
2023-09-26T15:11:21,64,331,0,395
2023-09-26T15:24:23,64,331,0,395
2023-09-26T15:37:25,64,331,0,395
2023-09-26T15:50:28,64,331,0,395
2023-09-26T16:03:40,64,331,0,395
2023-09-26T16:16:43,64,331,0,395
2023-09-26T16:29:45,64,331,0,395
2023-09-26T16:42:47,64,331,0,395
2023-09-26T16:56:02,65,330,0,395
2023-09-26T17:09:04,65,330,0,395
2023-09-26T17:22:08,65,330,0,395
2023-09-26T17:35:10,65,330,0,395
2023-09-26T17:48:12,65,330,0,395
2023-09-26T18:01:26,65,330,0,395
2023-09-26T18:14:27,65,330,0,395
2023-09-26T18:27:29,65,330,0,395
2023-09-26T18:40:31,65,330,0,395
2023-09-26T18:53:44,65,330,0,395
2023-09-26T19:06:47,65,330,0,395
2023-09-26T19:19:49,65,330,0,395
2023-09-26T19:32:51,65,330,0,395
2023-09-26T19:45:53,65,330,0,395
2023-09-26T19:58:54,65,330,0,395
2023-09-26T20:12:08,65,330,0,395
2023-09-26T20:25:10,65,330,0,395
2023-09-26T20:38:13,65,330,0,395
2023-09-26T20:51:14,65,330,0,395
2023-09-26T21:04:16,65,330,0,395
2023-09-26T21:17:30,65,330,0,395
2023-09-26T21:30:31,65,330,0,395
2023-09-26T21:43:33,65,330,0,395
2023-09-26T21:56:35,65,330,0,395
2023-09-26T22:09:37,65,330,0,395
2023-09-26T22:22:39,65,330,0,395
2023-09-26T22:35:52,65,330,0,395
2023-09-26T22:48:54,65,330,0,395
2023-09-26T23:01:57,66,329,0,395
2023-09-26T23:15:00,66,329,0,395
2023-09-26T23:28:03,66,329,0,395
2023-09-26T23:41:16,66,329,0,395
2023-09-26T23:54:23,66,329,0,395
2023-09-27T00:07:31,66,329,0,395
2023-09-27T00:20:41,66,329,0,395
2023-09-27T00:33:47,66,329,0,395
2023-09-27T00:46:53,66,329,0,395
2023-09-27T01:00:01,66,329,0,395
2023-09-27T01:13:09,66,329,0,395
2023-09-27T01:26:26,66,329,0,395
2023-09-27T01:39:33,66,329,0,395
2023-09-27T01:52:42,66,329,0,395
2023-09-27T02:05:50,66,329,0,395
2023-09-27T02:18:59,66,329,0,395
2023-09-27T02:32:03,66,329,0,395
2023-09-27T02:45:08,66,329,0,395
2023-09-27T02:58:15,66,329,0,395
2023-09-27T03:11:23,66,329,0,395
2023-09-27T03:24:30,66,329,0,395
2023-09-27T03:37:38,66,329,0,395
2023-09-27T03:50:45,66,329,0,395
2023-09-27T04:03:54,66,329,0,395
2023-09-27T04:31:11,66,329,0,395
2023-09-27T04:44:19,66,329,0,395
2023-09-27T04:59:01,66,329,0,395
2023-09-27T05:12:10,66,329,0,395
2023-09-27T05:25:16,66,329,0,395
2023-09-27T05:38:23,66,329,0,395
2023-09-27T05:51:31,66,329,0,395
2023-09-27T06:04:37,66,329,0,395
2023-09-27T06:17:43,66,329,0,395
2023-09-27T06:30:48,66,329,0,395
2023-09-27T06:43:55,66,329,0,395
2023-09-27T06:57:01,66,329,0,395
2023-09-27T07:10:10,66,329,0,395
2023-09-27T07:23:14,66,329,0,395
2023-09-27T07:36:19,66,329,0,395
2023-09-27T07:49:22,66,329,0,395
2023-09-27T08:02:26,66,329,0,395
2023-09-27T08:15:39,66,329,0,395
2023-09-27T08:28:43,66,329,0,395
2023-09-27T08:41:46,66,329,0,395
2023-09-27T08:54:48,66,329,0,395
2023-09-27T09:07:51,66,329,0,395
2023-09-27T09:20:57,66,329,0,395
2023-09-27T09:33:59,66,329,0,395
2023-09-27T09:47:11,66,329,0,395
2023-09-27T10:00:14,67,328,0,395
2023-09-27T10:13:16,67,328,0,395
2023-09-27T10:26:18,67,328,0,395
2023-09-27T10:39:35,67,328,0,395
2023-09-27T10:52:37,67,328,0,395
2023-09-27T11:05:40,67,328,0,395
2023-09-27T11:18:42,67,328,0,395
2023-09-27T11:31:56,67,328,0,395
2023-09-27T11:44:59,67,328,0,395
2023-09-27T11:58:02,67,328,0,395
2023-09-27T12:11:18,67,328,0,395
2023-09-27T12:24:21,66,329,0,395
2023-09-27T12:37:23,66,329,0,395
2023-09-27T12:50:39,66,329,0,395
2023-09-27T13:03:42,66,329,0,395
2023-09-27T13:16:44,66,329,0,395
2023-09-27T13:30:00,66,329,0,395
2023-09-27T13:43:03,66,329,0,395
2023-09-27T13:56:06,65,330,0,395
2023-09-27T14:09:20,65,330,0,395
2023-09-27T14:22:22,65,330,0,395
2023-09-27T14:35:25,65,330,0,395
2023-09-27T14:48:41,65,330,0,395
2023-09-27T15:01:43,64,331,0,395
2023-09-27T15:14:46,64,331,0,395
2023-09-27T15:27:59,65,330,0,395
2023-09-27T15:41:03,65,330,0,395
2023-09-27T15:54:06,65,330,0,395
2023-09-27T16:07:20,65,330,0,395
2023-09-27T16:20:22,65,330,0,395
2023-09-27T16:33:25,65,330,0,395
2023-09-27T16:46:40,65,330,0,395
2023-09-27T16:59:44,65,330,0,395
2023-09-27T17:12:49,66,329,0,395
2023-09-27T17:26:05,66,329,0,395
2023-09-27T17:39:08,66,329,0,395
2023-09-27T17:52:10,66,329,0,395
2023-09-27T18:05:23,66,329,0,395
2023-09-27T18:18:26,66,329,0,395
2023-09-27T18:31:28,66,329,0,395
2023-09-27T18:44:42,66,329,0,395
2023-09-27T18:57:44,66,329,0,395
2023-09-27T19:10:47,66,329,0,395
2023-09-27T19:23:50,66,329,0,395
2023-09-27T19:37:08,66,329,0,395
2023-09-27T19:50:11,66,329,0,395
2023-09-27T20:03:13,65,330,0,395
2023-09-27T20:16:26,65,330,0,395
2023-09-27T20:29:29,65,330,0,395
2023-09-27T20:42:31,65,330,0,395
2023-09-27T20:55:46,66,329,0,395
2023-09-27T21:08:48,66,329,0,395
2023-09-27T21:21:50,66,329,0,395
2023-09-27T21:35:05,66,329,0,395
2023-09-27T21:48:07,66,329,0,395
2023-09-27T22:01:10,66,329,0,395
2023-09-27T22:14:25,66,329,0,395
2023-09-27T22:27:29,65,330,0,395
2023-09-27T22:40:43,65,330,0,395
2023-09-27T22:53:46,65,330,0,395
2023-09-27T23:06:50,65,330,0,395
2023-09-27T23:20:03,65,330,0,395
2023-09-27T23:33:10,65,330,0,395
2023-09-27T23:46:15,65,330,0,395
2023-09-27T23:59:30,65,330,0,395
2023-09-28T00:13:54,65,330,0,395
2023-09-28T00:27:05,65,330,0,395
2023-09-28T00:40:12,65,330,0,395
2023-09-28T00:53:30,65,330,0,395
2023-09-28T01:06:37,65,330,0,395
2023-09-28T01:19:42,65,330,0,395
2023-09-28T01:32:48,65,330,0,395
2023-09-28T01:45:53,65,330,0,395
2023-09-28T01:59:03,65,330,0,395
2023-09-28T02:12:20,65,330,0,395
2023-09-28T02:25:25,65,330,0,395
2023-09-28T02:38:32,65,330,0,395
2023-09-28T02:51:36,65,330,0,395
2023-09-28T03:04:40,65,330,0,395
2023-09-28T03:17:48,65,330,0,395
2023-09-28T03:30:53,65,330,0,395
2023-09-28T03:43:59,65,330,0,395
2023-09-28T03:57:06,65,330,0,395
2023-09-28T04:22:50,65,330,0,395
2023-09-28T04:37:34,65,330,0,395
2023-09-28T04:50:43,65,330,0,395
2023-09-28T05:03:50,65,330,0,395
2023-09-28T05:16:58,65,330,0,395
2023-09-28T05:30:04,65,330,0,395
2023-09-28T05:43:10,65,330,0,395
2023-09-28T05:56:16,65,330,0,395
2023-09-28T06:09:22,65,330,0,395
2023-09-28T06:22:28,65,330,0,395
2023-09-28T06:35:34,65,330,0,395
2023-09-28T06:48:40,65,330,0,395
2023-09-28T07:01:45,65,330,0,395
2023-09-28T07:14:52,64,331,0,395
2023-09-28T07:28:04,64,331,0,395
2023-09-28T07:41:08,64,331,0,395
2023-09-28T07:54:12,64,331,0,395
2023-09-28T08:07:37,64,331,0,395
2023-09-28T08:20:41,64,331,0,395
2023-09-28T08:33:46,64,331,0,395
2023-09-28T08:46:59,64,331,0,395
2023-09-28T09:00:03,64,331,0,395
2023-09-28T09:13:19,64,331,0,395
2023-09-28T09:26:23,64,331,0,395
2023-09-28T09:39:46,64,331,0,395
2023-09-28T09:53:01,64,331,0,395
2023-09-28T10:06:05,64,331,0,395
2023-09-28T10:19:24,64,331,0,395
2023-09-28T10:32:39,64,331,0,395
2023-09-28T10:45:41,63,332,0,395
2023-09-28T10:58:54,62,333,0,395
2023-09-28T11:12:07,62,333,0,395
2023-09-28T11:25:10,61,334,0,395
2023-09-28T11:38:24,61,334,0,395
2023-09-28T11:51:37,61,334,0,395
2023-09-28T12:04:39,61,334,0,395
2023-09-28T12:17:58,61,334,0,395
2023-09-28T12:31:11,61,334,0,395
2023-09-28T12:44:14,61,334,0,395
2023-09-28T12:57:37,61,334,0,395
2023-09-28T13:10:51,61,334,0,395
2023-09-28T13:23:53,61,334,0,395
2023-09-28T13:37:15,61,334,0,395
2023-09-28T13:50:16,61,334,0,395
2023-09-28T14:03:30,64,331,0,395
2023-09-28T14:16:34,64,331,0,395
2023-09-28T14:29:53,64,331,0,395
2023-09-28T14:43:07,63,332,0,395
2023-09-28T14:56:10,63,332,0,395
2023-09-28T15:09:24,63,332,0,395
2023-09-28T15:22:27,63,332,0,395
2023-09-28T15:35:49,63,332,0,395
2023-09-28T15:48:51,63,332,0,395
2023-09-28T16:02:04,63,332,0,395
2023-09-28T16:15:07,63,332,0,395
2023-09-28T16:28:30,63,332,0,395
2023-09-28T16:41:33,63,332,0,395
2023-09-28T16:54:35,63,332,0,395
2023-09-28T17:07:53,64,331,0,395
2023-09-28T17:20:57,64,331,0,395
2023-09-28T17:34:18,64,331,0,395
2023-09-28T17:47:20,63,332,0,395
2023-09-28T18:00:45,63,332,0,395
2023-09-28T18:13:48,63,332,0,395
2023-09-28T18:26:50,63,332,0,395
2023-09-28T18:39:52,63,332,0,395
2023-09-28T18:53:05,63,332,0,395
2023-09-28T19:06:07,63,332,0,395
2023-09-28T19:19:09,63,332,0,395
2023-09-28T19:32:11,63,332,0,395
2023-09-28T19:45:22,63,332,0,395
2023-09-28T19:58:24,63,332,0,395
2023-09-28T20:11:26,62,333,0,395
2023-09-28T20:24:28,62,333,0,395
2023-09-28T20:37:40,62,333,0,395
2023-09-28T20:50:41,62,333,0,395
2023-09-28T21:03:43,62,333,0,395
2023-09-28T21:16:45,62,333,0,395
2023-09-28T21:29:46,62,333,0,395
2023-09-28T21:43:00,63,332,0,395
2023-09-28T21:56:01,63,332,0,395
2023-09-28T22:09:04,63,332,0,395
2023-09-28T22:22:05,63,332,0,395
2023-09-28T22:35:18,63,332,0,395
2023-09-28T22:48:20,63,332,0,395
2023-09-28T23:01:23,62,333,0,395
2023-09-28T23:14:25,62,333,0,395
2023-09-28T23:27:38,62,333,0,395
2023-09-28T23:40:40,62,333,0,395
2023-09-28T23:53:43,62,333,0,395
2023-09-29T00:06:47,62,333,0,395
2023-09-29T00:19:58,62,333,0,395
2023-09-29T00:33:12,62,333,0,395
2023-09-29T00:46:18,62,333,0,395
2023-09-29T00:59:26,62,333,0,395
2023-09-29T01:12:33,62,333,0,395
2023-09-29T01:25:40,62,333,0,395
2023-09-29T01:39:36,62,333,0,395
2023-09-29T01:52:44,62,333,0,395
2023-09-29T02:05:51,62,333,0,395
2023-09-29T02:18:57,62,333,0,395
2023-09-29T02:32:01,62,333,0,395
2023-09-29T02:45:05,62,333,0,395
2023-09-29T02:58:22,62,333,0,395
2023-09-29T03:11:40,62,333,0,395
2023-09-29T03:24:47,62,333,0,395
2023-09-29T03:37:54,62,333,0,395
2023-09-29T03:51:02,62,333,0,395
2023-09-29T04:04:08,62,333,0,395
2023-09-29T04:17:16,62,333,0,395
2023-09-29T04:37:18,62,333,0,395
2023-09-29T04:50:26,62,333,0,395
2023-09-29T05:03:33,62,333,0,395
2023-09-29T05:16:42,62,333,0,395
2023-09-29T05:29:48,62,333,0,395
2023-09-29T05:42:55,62,333,0,395
2023-09-29T05:56:03,62,333,0,395
2023-09-29T06:09:08,62,333,0,395
2023-09-29T06:22:13,62,333,0,395
2023-09-29T06:35:17,62,333,0,395
2023-09-29T06:48:23,62,333,0,395
2023-09-29T07:01:29,62,333,0,395
2023-09-29T07:14:33,62,333,0,395
2023-09-29T07:27:37,62,333,0,395
2023-09-29T07:40:57,62,333,0,395
2023-09-29T07:54:00,62,333,0,395
2023-09-29T08:07:04,62,333,0,395
2023-09-29T08:20:06,62,333,0,395
2023-09-29T08:33:08,62,333,0,395
2023-09-29T08:46:19,62,333,0,395
2023-09-29T08:59:21,62,333,0,395
2023-09-29T09:12:24,62,333,0,395
2023-09-29T09:25:35,63,332,0,395
2023-09-29T09:38:37,63,332,0,395
2023-09-29T09:51:39,64,331,0,395
2023-09-29T10:04:50,64,331,0,395
2023-09-29T10:17:53,64,331,0,395
2023-09-29T10:31:04,64,331,0,395
2023-09-29T10:44:06,64,331,0,395
2023-09-29T10:57:09,64,331,0,395
2023-09-29T11:10:20,65,330,0,395
2023-09-29T11:23:22,65,330,0,395
2023-09-29T11:36:43,66,329,0,395
2023-09-29T11:49:54,66,329,0,395
2023-09-29T12:02:56,66,329,0,395
2023-09-29T12:16:16,66,329,0,395
2023-09-29T12:29:18,66,329,0,395
2023-09-29T12:42:20,66,329,0,395
2023-09-29T12:55:34,66,329,0,395
2023-09-29T13:08:36,66,329,0,395
2023-09-29T13:21:56,66,329,0,395
2023-09-29T13:34:58,66,329,0,395
2023-09-29T13:48:00,66,329,0,395
2023-09-29T14:01:13,66,329,0,395
2023-09-29T14:14:15,66,329,0,395
2023-09-29T14:27:34,67,328,0,395
2023-09-29T14:40:36,67,328,0,395
2023-09-29T14:53:48,67,328,0,395
2023-09-29T15:06:51,67,328,0,395
2023-09-29T15:19:53,67,328,0,395
2023-09-29T15:33:13,67,328,0,395
2023-09-29T15:46:15,67,328,0,395
2023-09-29T15:59:27,67,328,0,395
2023-09-29T16:12:30,67,328,0,395
2023-09-29T16:25:33,67,328,0,395
2023-09-29T16:38:54,67,328,0,395
2023-09-29T16:51:57,67,328,0,395
2023-09-29T17:04:59,67,328,0,395
2023-09-29T17:18:03,67,328,0,395
2023-09-29T17:31:15,67,328,0,395
2023-09-29T17:44:18,67,328,0,395
2023-09-29T17:57:20,67,328,0,395
2023-09-29T18:10:42,67,328,0,395
2023-09-29T18:23:44,67,328,0,395
2023-09-29T18:36:47,67,328,0,395
2023-09-29T18:50:49,67,328,0,395
2023-09-29T19:04:02,67,328,0,395
2023-09-29T19:17:04,67,328,0,395
2023-09-29T19:30:07,67,328,0,395
2023-09-29T19:43:10,67,328,0,395
2023-09-29T19:56:22,67,328,0,395
2023-09-29T20:09:25,67,328,0,395
2023-09-29T20:22:27,67,328,0,395
2023-09-29T20:35:30,67,328,0,395
2023-09-29T20:48:51,67,328,0,395
2023-09-29T21:01:53,67,328,0,395
2023-09-29T21:14:56,67,328,0,395
2023-09-29T21:27:58,67,328,0,395
2023-09-29T21:41:01,67,328,0,395
2023-09-29T21:54:13,67,328,0,395
2023-09-29T22:07:16,67,328,0,395
2023-09-29T22:20:21,67,328,0,395
2023-09-29T22:33:23,67,328,0,395
2023-09-29T22:46:43,67,328,0,395
2023-09-29T22:59:45,67,328,0,395
2023-09-29T23:12:49,67,328,0,395
2023-09-29T23:25:52,67,328,0,395
2023-09-29T23:38:55,67,328,0,395
2023-09-29T23:52:09,67,328,0,395
2023-09-30T00:05:13,67,328,0,395
2023-09-30T00:18:21,67,328,0,395
2023-09-30T00:31:28,67,328,0,395
2023-09-30T00:44:38,67,328,0,395
2023-09-30T00:57:48,67,328,0,395
2023-09-30T01:10:55,67,328,0,395
2023-09-30T01:24:21,67,328,0,395
2023-09-30T01:37:30,67,328,0,395
2023-09-30T01:50:39,67,328,0,395
2023-09-30T02:03:50,67,328,0,395
2023-09-30T02:16:55,67,328,0,395
2023-09-30T02:29:59,67,328,0,395
2023-09-30T02:43:03,67,328,0,395
2023-09-30T02:56:06,67,328,0,395
2023-09-30T03:09:12,67,328,0,395
2023-09-30T03:22:29,67,328,0,395
2023-09-30T03:36:33,67,328,0,395
2023-09-30T03:49:41,67,328,0,395
2023-09-30T04:02:50,67,328,0,395
2023-09-30T04:16:01,67,328,0,395
2023-09-30T04:27:12,67,328,0,395
2023-09-30T04:42:07,67,328,0,395
2023-09-30T04:55:16,67,328,0,395
2023-09-30T05:08:24,67,328,0,395
2023-09-30T05:21:32,67,328,0,395
2023-09-30T05:34:39,67,328,0,395
2023-09-30T05:47:47,67,328,0,395
2023-09-30T06:00:55,67,328,0,395
2023-09-30T06:14:02,67,328,0,395
2023-09-30T06:27:09,67,328,0,395
2023-09-30T06:40:16,67,328,0,395
2023-09-30T06:53:23,67,328,0,395
2023-09-30T07:06:30,67,328,0,395
2023-09-30T07:19:37,67,328,0,395
2023-09-30T07:32:44,67,328,0,395
2023-09-30T07:45:49,67,328,0,395
2023-09-30T07:58:56,67,328,0,395
2023-09-30T08:12:02,67,328,0,395
2023-09-30T08:25:19,67,328,0,395
2023-09-30T08:38:25,67,328,0,395
2023-09-30T08:51:31,67,328,0,395
2023-09-30T09:04:36,67,328,0,395
2023-09-30T09:17:39,67,328,0,395
2023-09-30T09:30:44,67,328,0,395
2023-09-30T09:43:48,67,328,0,395
2023-09-30T09:56:51,67,328,0,395
2023-09-30T10:09:56,67,328,0,395
2023-09-30T10:23:00,67,328,0,395
2023-09-30T10:36:15,67,328,0,395
2023-09-30T10:49:18,67,328,0,395
2023-09-30T11:02:20,67,328,0,395
2023-09-30T11:15:22,67,328,0,395
2023-09-30T11:28:23,67,328,0,395
2023-09-30T11:41:25,67,328,0,395
2023-09-30T11:54:28,67,328,0,395
2023-09-30T12:07:31,67,328,0,395
2023-09-30T12:20:34,67,328,0,395
2023-09-30T12:33:46,67,328,0,395
2023-09-30T12:46:49,67,328,0,395
2023-09-30T12:59:51,67,328,0,395
2023-09-30T13:12:54,67,328,0,395
2023-09-30T13:25:57,67,328,0,395
2023-09-30T13:39:11,67,328,0,395
2023-09-30T13:52:13,67,328,0,395
2023-09-30T14:05:15,67,328,0,395
2023-09-30T14:18:17,67,328,0,395
2023-09-30T14:31:19,67,328,0,395
2023-09-30T14:44:21,67,328,0,395
2023-09-30T14:57:24,67,328,0,395
2023-09-30T15:10:27,67,328,0,395
2023-09-30T15:23:29,67,328,0,395
2023-09-30T15:36:43,67,328,0,395
2023-09-30T15:49:46,67,328,0,395
2023-09-30T16:02:48,67,328,0,395
2023-09-30T16:15:51,67,328,0,395
2023-09-30T16:28:53,67,328,0,395
2023-09-30T16:41:55,67,328,0,395
2023-09-30T16:54:57,67,328,0,395
2023-09-30T17:08:10,67,328,0,395
2023-09-30T17:21:13,67,328,0,395
2023-09-30T17:34:15,67,328,0,395
2023-09-30T17:47:18,67,328,0,395
2023-09-30T18:00:20,67,328,0,395
2023-09-30T18:13:23,67,328,0,395
2023-09-30T18:26:25,67,328,0,395
2023-09-30T18:39:27,67,328,0,395
2023-09-30T18:52:39,67,328,0,395
2023-09-30T19:05:42,67,328,0,395
2023-09-30T19:18:44,67,328,0,395
2023-09-30T19:31:47,67,328,0,395
2023-09-30T19:44:50,67,328,0,395
2023-09-30T19:57:53,67,328,0,395
2023-09-30T20:10:55,67,328,0,395
2023-09-30T20:23:58,67,328,0,395
2023-09-30T20:37:00,67,328,0,395
2023-09-30T20:50:13,67,328,0,395
2023-09-30T21:03:16,67,328,0,395
2023-09-30T21:16:18,67,328,0,395
2023-09-30T21:29:21,67,328,0,395
2023-09-30T21:42:24,67,328,0,395
2023-09-30T21:55:27,67,328,0,395
2023-09-30T22:08:29,67,328,0,395
2023-09-30T22:21:32,67,328,0,395
2023-09-30T22:34:34,67,328,0,395
2023-09-30T22:47:37,67,328,0,395
2023-09-30T23:00:50,67,328,0,395
2023-09-30T23:13:55,67,328,0,395
2023-09-30T23:26:58,67,328,0,395
2023-09-30T23:40:02,67,328,0,395
2023-09-30T23:53:05,67,328,0,395
2023-10-01T00:06:10,67,328,0,395
2023-10-01T00:19:20,67,328,0,395
2023-10-01T00:32:27,67,328,0,395
2023-10-01T00:45:35,67,328,0,395
2023-10-01T00:58:42,67,328,0,395
2023-10-01T01:11:49,67,328,0,395
2023-10-01T01:24:55,67,328,0,395
2023-10-01T01:38:12,67,328,0,395
2023-10-01T01:51:21,67,328,0,395
2023-10-01T02:04:29,67,328,0,395
2023-10-01T02:17:37,67,328,0,395
2023-10-01T02:30:44,67,328,0,395
2023-10-01T02:43:50,67,328,0,395
2023-10-01T02:56:56,67,328,0,395
2023-10-01T03:10:02,67,328,0,395
2023-10-01T03:23:09,67,328,0,395
2023-10-01T03:36:15,67,328,0,395
2023-10-01T03:49:22,67,328,0,395
2023-10-01T04:02:29,67,328,0,395
2023-10-01T04:17:48,67,328,0,395
2023-10-01T04:35:37,67,328,0,395
2023-10-01T04:48:48,67,328,0,395
2023-10-01T05:01:56,67,328,0,395
2023-10-01T05:15:03,67,328,0,395
2023-10-01T05:28:09,67,328,0,395
2023-10-01T05:41:17,67,328,0,395
2023-10-01T05:54:26,67,328,0,395
2023-10-01T06:07:33,67,328,0,395
2023-10-01T06:20:41,67,328,0,395
2023-10-01T06:33:47,67,328,0,395
2023-10-01T06:46:52,67,328,0,395
2023-10-01T06:59:57,67,328,0,395
2023-10-01T07:13:00,67,328,0,395
2023-10-01T07:26:02,67,328,0,395
2023-10-01T07:39:06,67,328,0,395
2023-10-01T07:52:09,67,328,0,395
2023-10-01T08:05:12,67,328,0,395
2023-10-01T08:18:14,67,328,0,395
2023-10-01T08:31:18,67,328,0,395
2023-10-01T08:44:21,67,328,0,395
2023-10-01T08:57:23,67,328,0,395
2023-10-01T09:10:26,67,328,0,395
2023-10-01T09:23:28,67,328,0,395
2023-10-01T09:36:41,67,328,0,395
2023-10-01T09:49:45,67,328,0,395
2023-10-01T10:02:48,67,328,0,395
2023-10-01T10:15:50,67,328,0,395
2023-10-01T10:28:52,67,328,0,395
2023-10-01T10:41:55,67,328,0,395
2023-10-01T10:55:02,67,328,0,395
2023-10-01T11:08:09,67,328,0,395
2023-10-01T11:21:11,67,328,0,395
2023-10-01T11:34:13,67,328,0,395
2023-10-01T11:47:27,67,328,0,395
2023-10-01T12:00:29,67,328,0,395
2023-10-01T12:13:32,67,328,0,395
2023-10-01T12:26:35,67,328,0,395
2023-10-01T12:39:37,67,328,0,395
2023-10-01T12:52:39,67,328,0,395
2023-10-01T13:05:41,67,328,0,395
2023-10-01T13:18:54,67,328,0,395
2023-10-01T13:31:56,67,328,0,395
2023-10-01T13:44:59,67,328,0,395
2023-10-01T13:58:01,67,328,0,395
2023-10-01T14:11:03,67,328,0,395
2023-10-01T14:24:05,67,328,0,395
2023-10-01T14:37:07,67,328,0,395
2023-10-01T14:50:10,67,328,0,395
2023-10-01T15:03:24,67,328,0,395
2023-10-01T15:16:27,67,328,0,395
2023-10-01T15:29:29,67,328,0,395
2023-10-01T15:42:31,67,328,0,395
2023-10-01T15:55:34,67,328,0,395
2023-10-01T16:08:36,67,328,0,395
2023-10-01T16:21:49,67,328,0,395
2023-10-01T16:34:52,68,327,0,395
2023-10-01T16:47:55,68,327,0,395
2023-10-01T17:00:57,67,328,0,395
2023-10-01T17:14:01,67,328,0,395
2023-10-01T17:27:03,67,328,0,395
2023-10-01T17:40:16,67,328,0,395
2023-10-01T17:53:18,67,328,0,395
2023-10-01T18:06:21,67,328,0,395
2023-10-01T18:19:23,67,328,0,395
2023-10-01T18:32:25,67,328,0,395
2023-10-01T18:54:20,67,328,0,395
2023-10-01T19:07:23,67,328,0,395
2023-10-01T19:20:26,67,328,0,395
2023-10-01T19:33:28,67,328,0,395
2023-10-01T19:46:31,67,328,0,395
2023-10-01T19:59:46,67,328,0,395
2023-10-01T20:12:49,67,328,0,395
2023-10-01T20:25:52,67,328,0,395
2023-10-01T20:38:55,67,328,0,395
2023-10-01T20:51:58,67,328,0,395
2023-10-01T21:05:11,67,328,0,395
2023-10-01T21:18:14,67,328,0,395
2023-10-01T21:31:16,67,328,0,395
2023-10-01T21:44:19,67,328,0,395
2023-10-01T21:57:22,67,328,0,395
2023-10-01T22:10:36,67,328,0,395
2023-10-01T22:23:38,67,328,0,395
2023-10-01T22:36:41,68,327,0,395
2023-10-01T22:49:44,68,327,0,395
2023-10-01T23:02:49,68,327,0,395
2023-10-01T23:16:03,68,327,0,395
2023-10-01T23:29:06,68,327,0,395
2023-10-01T23:42:10,68,327,0,395
2023-10-01T23:55:13,68,327,0,395
2023-10-02T00:08:18,68,327,0,395
2023-10-02T00:21:46,68,327,0,395
2023-10-02T00:34:59,68,327,0,395
2023-10-02T00:48:30,68,327,0,395
2023-10-02T01:01:42,68,327,0,395
2023-10-02T01:14:55,68,327,0,395
2023-10-02T01:28:04,68,327,0,395
2023-10-02T01:41:12,68,327,0,395
2023-10-02T01:54:21,68,327,0,395
2023-10-02T02:07:29,68,327,0,395
2023-10-02T02:20:37,68,327,0,395
2023-10-02T02:33:42,68,327,0,395
2023-10-02T02:46:57,68,327,0,395
2023-10-02T03:00:02,68,327,0,395
2023-10-02T03:13:09,68,327,0,395
2023-10-02T03:26:16,68,327,0,395
2023-10-02T03:39:22,68,327,0,395
2023-10-02T03:52:29,68,327,0,395
2023-10-02T04:05:37,68,327,0,395
2023-10-02T04:25:34,68,327,0,395
2023-10-02T04:40:23,68,327,0,395
2023-10-02T04:53:32,68,327,0,395
2023-10-02T05:06:43,68,327,0,395
2023-10-02T05:19:52,68,327,0,395
2023-10-02T05:33:00,68,327,0,395
2023-10-02T05:46:08,68,327,0,395
2023-10-02T05:59:17,68,327,0,395
2023-10-02T06:12:24,68,327,0,395
2023-10-02T06:25:31,68,327,0,395
2023-10-02T06:38:37,68,327,0,395
2023-10-02T06:51:43,68,327,0,395
2023-10-02T07:04:48,68,327,0,395
2023-10-02T07:17:52,68,327,0,395
2023-10-02T07:30:54,68,327,0,395
2023-10-02T07:43:57,68,327,0,395
2023-10-02T07:57:12,68,327,0,395
2023-10-02T08:10:15,68,327,0,395
2023-10-02T08:23:18,68,327,0,395
2023-10-02T08:36:22,68,327,0,395
2023-10-02T08:49:26,68,327,0,395
2023-10-02T09:02:39,68,327,0,395
2023-10-02T09:15:42,68,327,0,395
2023-10-02T09:28:45,68,327,0,395
2023-10-02T09:41:48,68,327,0,395
2023-10-02T09:55:02,68,327,0,395
2023-10-02T10:08:06,68,327,0,395
2023-10-02T10:21:20,68,327,0,395
2023-10-02T10:34:24,68,327,0,395
2023-10-02T10:47:27,68,327,0,395
2023-10-02T11:00:40,68,327,0,395
2023-10-02T11:13:45,68,327,0,395
2023-10-02T11:27:07,68,327,0,395
2023-10-02T11:40:11,68,327,0,395
2023-10-02T11:53:15,69,326,0,395
2023-10-02T12:06:29,69,326,0,395
2023-10-02T12:19:32,69,326,0,395
2023-10-02T12:32:47,69,326,0,395
2023-10-02T12:45:50,69,326,0,395
2023-10-02T12:58:52,69,326,0,395
2023-10-02T13:12:10,69,326,0,395
2023-10-02T13:25:13,69,326,0,395
2023-10-02T13:38:17,69,326,0,395
2023-10-02T13:51:31,69,326,0,395
2023-10-02T14:04:34,69,326,0,395
2023-10-02T14:17:49,69,326,0,395
2023-10-02T14:30:58,69,326,0,395
2023-10-02T14:44:02,69,326,0,395
2023-10-02T14:57:18,69,326,0,395
2023-10-02T15:10:20,70,325,0,395
2023-10-02T15:23:35,69,326,0,395
2023-10-02T15:36:39,70,325,0,395
2023-10-02T15:49:54,70,325,0,395
2023-10-02T16:02:57,70,325,0,395
2023-10-02T16:16:01,70,325,0,395
2023-10-02T16:29:04,69,326,0,395
2023-10-02T16:42:19,69,326,0,395
2023-10-02T16:55:34,69,326,0,395
2023-10-02T17:08:38,69,326,0,395
2023-10-02T17:21:53,69,326,0,395
2023-10-02T17:34:56,69,326,0,395
2023-10-02T17:47:59,69,326,0,395
2023-10-02T18:01:13,70,325,0,395
2023-10-02T18:14:15,70,325,0,395
2023-10-02T18:27:18,70,325,0,395
2023-10-02T18:40:33,70,325,0,395
2023-10-02T18:53:35,70,325,0,395
2023-10-02T19:06:38,70,325,0,395
2023-10-02T19:19:41,70,325,0,395
2023-10-02T19:32:55,70,325,0,395
2023-10-02T19:45:57,70,325,0,395
2023-10-02T19:59:00,70,325,0,395
2023-10-02T20:12:04,70,325,0,395
2023-10-02T20:25:07,70,325,0,395
2023-10-02T20:38:20,70,325,0,395
2023-10-02T20:51:23,70,325,0,395
2023-10-02T21:04:26,70,325,0,395
2023-10-02T21:17:29,70,325,0,395
2023-10-02T21:30:42,70,325,0,395
2023-10-02T21:43:45,70,325,0,395
2023-10-02T21:56:48,70,325,0,395
2023-10-02T22:09:51,70,325,0,395
2023-10-02T22:22:53,70,325,0,395
2023-10-02T22:36:07,70,325,0,395
2023-10-02T22:49:10,70,325,0,395
2023-10-02T23:02:13,70,325,0,395
2023-10-02T23:15:17,70,325,0,395
2023-10-02T23:28:20,70,325,0,395
2023-10-02T23:41:35,70,325,0,395
2023-10-02T23:54:38,70,325,0,395
2023-10-03T00:07:43,70,325,0,395
2023-10-03T00:20:51,70,325,0,395
2023-10-03T00:33:58,70,325,0,395
2023-10-03T00:47:06,70,325,0,395
2023-10-03T01:00:27,70,325,0,395
2023-10-03T01:13:35,70,325,0,395
2023-10-03T01:26:41,70,325,0,395
2023-10-03T01:40:05,70,325,0,395
2023-10-03T01:53:14,70,325,0,395
2023-10-03T02:06:21,70,325,0,395
2023-10-03T02:19:28,70,325,0,395
2023-10-03T02:32:33,70,325,0,395
2023-10-03T02:45:37,70,325,0,395
2023-10-03T02:58:40,70,325,0,395
2023-10-03T03:11:45,70,325,0,395
2023-10-03T03:24:51,70,325,0,395
2023-10-03T03:37:57,70,325,0,395
2023-10-03T03:51:03,70,325,0,395
2023-10-03T04:04:09,70,325,0,395
2023-10-03T04:25:47,70,325,0,395
2023-10-03T04:39:40,70,325,0,395
2023-10-03T04:53:40,70,325,0,395
2023-10-03T05:06:48,70,325,0,395
2023-10-03T05:19:56,70,325,0,395
2023-10-03T05:33:04,70,325,0,395
2023-10-03T05:46:12,70,325,0,395
2023-10-03T05:59:19,70,325,0,395
2023-10-03T06:12:27,70,325,0,395
2023-10-03T06:25:33,70,325,0,395
2023-10-03T06:38:39,70,325,0,395
2023-10-03T06:51:45,70,325,0,395
2023-10-03T07:04:51,70,325,0,395
2023-10-03T07:18:00,70,325,0,395
2023-10-03T07:31:04,70,325,0,395
2023-10-03T07:44:07,70,325,0,395
2023-10-03T07:57:13,70,325,0,395
2023-10-03T08:10:40,70,325,0,395
2023-10-03T08:23:53,70,325,0,395
2023-10-03T08:37:03,70,325,0,395
2023-10-03T08:50:10,70,325,0,395
2023-10-03T09:03:18,70,325,0,395
2023-10-03T09:16:24,70,325,0,395
2023-10-03T09:29:41,70,325,0,395
2023-10-03T09:42:46,70,325,0,395
2023-10-03T09:55:50,70,325,0,395
2023-10-03T10:09:07,70,325,0,395
2023-10-03T10:22:15,70,325,0,395
2023-10-03T10:35:25,70,325,0,395
2023-10-03T10:48:45,70,325,0,395
2023-10-03T11:01:55,70,325,0,395
2023-10-03T11:15:01,70,325,0,395
2023-10-03T11:28:17,70,325,0,395
2023-10-03T11:41:22,70,325,0,395
2023-10-03T11:54:25,70,325,0,395
2023-10-03T12:07:40,70,325,0,395
2023-10-03T12:20:43,70,325,0,395
2023-10-03T12:33:45,70,325,0,395
2023-10-03T12:46:59,70,325,0,395
2023-10-03T13:00:01,70,325,0,395
2023-10-03T13:13:05,70,325,0,395
2023-10-03T13:26:19,70,325,0,395
2023-10-03T13:39:22,70,325,0,395
2023-10-03T13:52:26,70,325,0,395
2023-10-03T14:05:42,70,325,0,395
2023-10-03T14:18:46,71,324,0,395
2023-10-03T14:31:52,71,324,0,395
2023-10-03T14:45:17,71,324,0,395
2023-10-03T14:58:33,71,324,0,395
2023-10-03T15:11:49,71,324,0,395
2023-10-03T15:25:13,71,324,0,395
2023-10-03T15:38:17,71,324,0,395
2023-10-03T15:51:20,70,325,0,395
2023-10-03T16:04:34,71,324,0,395
2023-10-03T16:17:38,71,324,0,395
2023-10-03T16:31:01,72,323,0,395
2023-10-03T16:44:04,72,323,0,395
2023-10-03T16:57:06,72,323,0,395
2023-10-03T17:10:10,72,323,0,395
2023-10-03T17:23:25,72,323,0,395
2023-10-03T17:36:27,72,323,0,395
2023-10-03T17:49:31,72,323,0,395
2023-10-03T18:02:45,72,323,0,395
2023-10-03T18:15:49,72,323,0,395
2023-10-03T18:28:53,72,323,0,395
2023-10-03T18:42:19,72,323,0,395
2023-10-03T18:55:22,72,323,0,395
2023-10-03T19:08:28,72,323,0,395
2023-10-03T19:21:31,72,323,0,395
2023-10-03T19:34:34,73,322,0,395
2023-10-03T19:47:48,73,322,0,395
2023-10-03T20:00:51,73,322,0,395
2023-10-03T20:13:54,73,322,0,395
2023-10-03T20:26:56,73,322,0,395
2023-10-03T20:40:11,73,322,0,395
2023-10-03T20:53:14,73,322,0,395
2023-10-03T21:06:17,73,322,0,395
2023-10-03T21:19:31,73,322,0,395
2023-10-03T21:32:34,73,322,0,395
2023-10-03T21:45:36,73,322,0,395
2023-10-03T21:58:39,73,322,0,395
2023-10-03T22:11:43,73,322,0,395
2023-10-03T22:24:48,73,322,0,395
2023-10-03T22:38:04,73,322,0,395
2023-10-03T22:51:07,73,322,0,395
2023-10-03T23:04:10,73,322,0,395
2023-10-03T23:17:13,73,322,0,395
2023-10-03T23:30:18,73,322,0,395
2023-10-03T23:43:21,73,322,0,395
2023-10-03T23:56:35,73,322,0,395
2023-10-04T00:09:39,73,322,0,395
2023-10-04T00:22:48,73,322,0,395
2023-10-04T00:35:54,73,322,0,395
2023-10-04T00:49:02,73,322,0,395
2023-10-04T01:02:11,73,322,0,395
2023-10-04T01:15:18,73,322,0,395
2023-10-04T01:28:25,73,322,0,395
2023-10-04T01:41:42,73,322,0,395
2023-10-04T01:54:49,73,322,0,395
2023-10-04T02:07:56,73,322,0,395
2023-10-04T02:21:01,73,322,0,395
2023-10-04T02:34:05,73,322,0,395
2023-10-04T02:47:12,73,322,0,395
2023-10-04T03:00:20,73,322,0,395
2023-10-04T03:13:28,73,322,0,395
2023-10-04T03:26:36,73,322,0,395
2023-10-04T03:39:42,73,322,0,395
2023-10-04T03:52:48,73,322,0,395
2023-10-04T04:05:54,73,322,0,395
2023-10-04T04:31:14,73,322,0,395
2023-10-04T04:44:25,73,322,0,395
2023-10-04T04:57:36,73,322,0,395
2023-10-04T05:10:45,73,322,0,395
2023-10-04T05:23:53,73,322,0,395
2023-10-04T05:37:01,73,322,0,395
2023-10-04T05:50:09,73,322,0,395
2023-10-04T06:03:15,73,322,0,395
2023-10-04T06:16:20,73,322,0,395
2023-10-04T06:29:26,73,322,0,395
2023-10-04T06:42:34,73,322,0,395
2023-10-04T06:55:43,73,322,0,395
2023-10-04T07:08:52,73,322,0,395
2023-10-04T07:21:56,73,322,0,395
2023-10-04T07:35:01,73,322,0,395
2023-10-04T07:48:06,73,322,0,395
2023-10-04T08:01:21,73,322,0,395
2023-10-04T08:14:27,73,322,0,395
2023-10-04T08:27:32,73,322,0,395
2023-10-04T08:40:38,73,322,0,395
2023-10-04T08:53:43,73,322,0,395
2023-10-04T09:06:48,73,322,0,395
2023-10-04T09:19:52,74,321,0,395
2023-10-04T09:35:54,74,321,0,395
2023-10-04T09:48:50,74,321,0,395
2023-10-04T10:01:46,74,321,0,395
2023-10-04T10:14:42,74,321,0,395
2023-10-04T10:27:50,74,321,0,395
2023-10-04T10:40:47,75,320,0,395
2023-10-04T10:53:42,75,320,0,395
2023-10-04T11:06:50,75,320,0,395
2023-10-04T11:19:46,76,319,0,395
2023-10-04T11:32:42,76,319,0,395
2023-10-04T11:45:38,77,318,0,395
2023-10-04T11:58:45,77,318,0,395
2023-10-04T12:11:41,77,318,0,395
2023-10-04T12:24:37,77,318,0,395
2023-10-04T12:37:43,77,318,0,395
2023-10-04T12:50:39,77,318,0,395
2023-10-04T13:03:34,77,318,0,395
2023-10-04T13:16:30,77,318,0,395
2023-10-04T13:29:37,77,318,0,395
2023-10-04T13:42:33,77,318,0,395
2023-10-04T13:55:29,78,317,0,395
2023-10-04T14:08:35,78,317,0,395
2023-10-04T14:21:31,78,317,0,395
2023-10-04T14:34:26,79,316,0,395
2023-10-04T14:47:23,79,316,0,395
2023-10-04T15:00:30,79,316,0,395
2023-10-04T15:13:28,79,316,0,395
2023-10-04T15:26:25,79,316,0,395
2023-10-04T15:39:34,79,316,0,395
2023-10-04T15:52:31,79,316,0,395
2023-10-04T16:05:29,79,316,0,395
2023-10-04T16:18:29,79,316,0,395
2023-10-04T16:31:38,79,316,0,395
2023-10-04T16:44:34,79,316,0,395
2023-10-04T16:57:31,79,316,0,395
2023-10-04T17:10:38,79,316,0,395
2023-10-04T17:23:35,79,316,0,395
2023-10-04T17:36:31,79,316,0,395
2023-10-04T17:49:27,79,316,0,395
2023-10-04T18:02:36,79,316,0,395
2023-10-04T18:15:34,79,316,0,395
2023-10-04T18:28:30,79,316,0,395
2023-10-04T18:41:27,79,316,0,395
2023-10-04T18:54:22,79,316,0,395
2023-10-04T19:07:29,79,316,0,395
2023-10-04T19:20:25,79,316,0,395
2023-10-04T19:33:22,79,316,0,395
2023-10-04T19:46:17,78,317,0,395
2023-10-04T19:59:13,78,317,0,395
2023-10-04T20:12:19,78,317,0,395
2023-10-04T20:25:15,78,317,0,395
2023-10-04T20:38:11,78,317,0,395
2023-10-04T20:51:12,78,317,0,395
2023-10-04T21:04:08,78,317,0,395
2023-10-04T21:17:15,77,318,0,395
2023-10-04T21:30:12,78,317,0,395
2023-10-04T21:43:08,77,318,0,395
2023-10-04T21:56:04,77,318,0,395
2023-10-04T22:09:00,77,318,0,395
2023-10-04T22:22:06,77,318,0,395
2023-10-04T22:35:03,77,318,0,395
2023-10-04T22:47:59,77,318,0,395
2023-10-04T23:00:56,77,318,0,395
2023-10-04T23:13:53,77,318,0,395
2023-10-04T23:27:00,77,318,0,395
2023-10-04T23:39:58,77,318,0,395
2023-10-04T23:52:55,78,317,0,395
2023-10-05T00:05:53,78,317,0,395
2023-10-05T00:18:58,78,317,0,395
2023-10-05T00:31:57,78,317,0,395
2023-10-05T00:44:59,78,317,0,395
2023-10-05T00:58:00,78,317,0,395
2023-10-05T01:11:01,78,317,0,395
2023-10-05T01:24:13,78,317,0,395
2023-10-05T01:37:13,78,317,0,395
2023-10-05T01:50:14,78,317,0,395
2023-10-05T02:03:21,78,317,0,395
2023-10-05T02:16:20,78,317,0,395
2023-10-05T02:29:18,78,317,0,395
2023-10-05T02:42:16,78,317,0,395
2023-10-05T02:55:12,78,317,0,395
2023-10-05T03:08:09,78,317,0,395
2023-10-05T03:21:10,78,317,0,395
2023-10-05T03:34:11,78,317,0,395
2023-10-05T03:47:13,78,317,0,395
2023-10-05T04:00:16,78,317,0,395
2023-10-05T04:26:03,78,317,0,395
2023-10-05T04:40:22,78,317,0,395
2023-10-05T04:53:41,78,317,0,395
2023-10-05T05:06:49,78,317,0,395
2023-10-05T05:19:54,78,317,0,395
2023-10-05T05:32:53,78,317,0,395
2023-10-05T05:45:59,78,317,0,395
2023-10-05T05:59:36,78,317,0,395
2023-10-05T06:12:47,78,317,0,395
2023-10-05T06:25:55,78,317,0,395
2023-10-05T06:39:03,78,317,0,395
2023-10-05T06:52:10,78,317,0,395
2023-10-05T07:05:18,78,317,0,395
2023-10-05T07:18:31,78,317,0,395
2023-10-05T07:31:38,78,317,0,395
2023-10-05T07:44:45,78,317,0,395
2023-10-05T07:57:52,78,317,0,395
2023-10-05T08:10:58,78,317,0,395
2023-10-05T08:24:14,78,317,0,395
2023-10-05T08:37:21,78,317,0,395
2023-10-05T08:50:28,78,317,0,395
2023-10-05T09:03:32,78,317,0,395
2023-10-05T09:16:37,78,317,0,395
2023-10-05T09:29:42,78,317,0,395
2023-10-05T09:42:56,78,317,0,395
2023-10-05T09:56:00,78,317,0,395
2023-10-05T10:09:05,78,317,0,395
2023-10-05T10:22:11,78,317,0,395
2023-10-05T10:35:17,78,317,0,395
2023-10-05T10:48:32,78,317,0,395
2023-10-05T11:01:37,78,317,0,395
2023-10-05T11:14:43,78,317,0,395
2023-10-05T11:27:47,78,317,0,395
2023-10-05T11:41:02,78,317,0,395
2023-10-05T11:54:06,78,317,0,395
2023-10-05T12:07:11,78,317,0,395
2023-10-05T12:20:16,78,317,0,395
2023-10-05T12:33:31,78,317,0,395
2023-10-05T12:46:35,78,317,0,395
2023-10-05T12:59:40,78,317,0,395
2023-10-05T13:12:46,78,317,0,395
2023-10-05T13:26:01,79,316,0,395
2023-10-05T13:39:06,79,316,0,395
2023-10-05T13:52:11,79,316,0,395
2023-10-05T14:05:27,79,316,0,395
2023-10-05T14:18:33,79,316,0,395
2023-10-05T14:31:37,79,316,0,395
2023-10-05T14:44:54,79,316,0,395
2023-10-05T14:57:58,79,316,0,395
2023-10-05T15:11:03,79,316,0,395
2023-10-05T15:24:07,79,316,0,395
2023-10-05T15:37:23,79,316,0,395
2023-10-05T15:50:27,79,316,0,395
2023-10-05T16:03:31,79,316,0,395
2023-10-05T16:16:35,79,316,0,395
2023-10-05T16:29:49,79,316,0,395
2023-10-05T16:42:54,79,316,0,395
2023-10-05T16:56:09,79,316,0,395
2023-10-05T17:09:16,79,316,0,395
2023-10-05T17:22:21,79,316,0,395
2023-10-05T17:35:25,79,316,0,395
2023-10-05T17:48:39,78,317,0,395
2023-10-05T18:01:43,78,317,0,395
2023-10-05T18:14:47,77,318,0,395
2023-10-05T18:27:52,77,318,0,395
2023-10-05T18:40:56,77,318,0,395
2023-10-05T18:53:59,77,318,0,395
2023-10-05T19:07:14,77,318,0,395
2023-10-05T19:20:17,77,318,0,395
2023-10-05T19:33:26,77,318,0,395
2023-10-05T19:46:30,77,318,0,395
2023-10-05T19:59:35,77,318,0,395
2023-10-05T20:12:50,77,318,0,395
2023-10-05T20:25:54,77,318,0,395
2023-10-05T20:38:58,77,318,0,395
2023-10-05T20:52:03,77,318,0,395
2023-10-05T21:05:07,77,318,0,395
2023-10-05T21:18:12,77,318,0,395
2023-10-05T21:31:16,77,318,0,395
2023-10-05T21:44:31,77,318,0,395
2023-10-05T21:57:35,77,318,0,395
2023-10-05T22:10:39,77,318,0,395
2023-10-05T22:23:42,78,317,0,395
2023-10-05T22:36:47,78,317,0,395
2023-10-05T22:49:53,78,317,0,395
2023-10-05T23:02:58,78,317,0,395
2023-10-05T23:16:14,78,317,0,395
2023-10-05T23:29:19,78,317,0,395
2023-10-05T23:42:23,78,317,0,395
2023-10-05T23:55:29,78,317,0,395
2023-10-06T00:08:36,78,317,0,395
2023-10-06T00:21:46,79,316,0,395
2023-10-06T00:35:06,79,316,0,395
2023-10-06T00:48:15,79,316,0,395
2023-10-06T01:01:26,79,316,0,395
2023-10-06T01:14:35,79,316,0,395
2023-10-06T01:27:45,79,316,0,395
2023-10-06T01:41:04,79,316,0,395
2023-10-06T01:54:15,79,316,0,395
2023-10-06T02:07:27,79,316,0,395
2023-10-06T02:20:36,79,316,0,395
2023-10-06T02:33:44,79,316,0,395
2023-10-06T02:46:51,79,316,0,395
2023-10-06T03:00:00,79,316,0,395
2023-10-06T03:13:22,79,316,0,395
2023-10-06T03:26:32,79,316,0,395
2023-10-06T03:39:42,79,316,0,395
2023-10-06T03:52:51,79,316,0,395
2023-10-06T04:06:00,79,316,0,395
2023-10-06T04:36:04,79,316,0,395
2023-10-06T04:49:36,79,316,0,395
2023-10-06T05:02:47,79,316,0,395
2023-10-06T05:15:58,79,316,0,395
2023-10-06T05:29:08,79,316,0,395
2023-10-06T05:42:18,79,316,0,395
2023-10-06T05:55:29,79,316,0,395
2023-10-06T06:08:37,79,316,0,395
2023-10-06T06:21:46,79,316,0,395
2023-10-06T06:34:54,79,316,0,395
2023-10-06T06:48:04,79,316,0,395
2023-10-06T07:01:11,79,316,0,395
2023-10-06T07:14:24,79,316,0,395
2023-10-06T07:27:32,79,316,0,395
2023-10-06T07:40:39,79,316,0,395
2023-10-06T07:53:55,79,316,0,395
2023-10-06T08:07:00,79,316,0,395
2023-10-06T08:20:04,79,316,0,395
2023-10-06T08:33:14,79,316,0,395
2023-10-06T08:46:19,79,316,0,395
2023-10-06T08:59:26,79,316,0,395
2023-10-06T09:12:30,79,316,0,395
2023-10-06T09:25:47,79,316,0,395
2023-10-06T09:38:52,79,316,0,395
2023-10-06T09:51:57,79,316,0,395
2023-10-06T10:05:01,79,316,0,395
2023-10-06T10:18:05,79,316,0,395
2023-10-06T10:31:36,79,316,0,395
2023-10-06T10:44:40,79,316,0,395
2023-10-06T10:57:46,79,316,0,395
2023-10-06T11:10:53,79,316,0,395
2023-10-06T11:24:00,79,316,0,395
2023-10-06T11:37:16,79,316,0,395
2023-10-06T11:50:21,79,316,0,395
2023-10-06T12:03:27,80,315,0,395
2023-10-06T12:16:31,80,315,0,395
2023-10-06T12:29:55,80,315,0,395
2023-10-06T12:42:59,80,315,0,395
2023-10-06T12:56:04,80,315,0,395
2023-10-06T13:09:09,80,315,0,395
2023-10-06T13:22:24,80,315,0,395
2023-10-06T13:35:28,80,315,0,395
2023-10-06T13:48:33,80,315,0,395
2023-10-06T14:01:39,80,315,0,395
2023-10-06T14:14:44,80,315,0,395
2023-10-06T14:28:16,80,315,0,395
2023-10-06T14:41:21,80,315,0,395
2023-10-06T14:54:25,80,315,0,395
2023-10-06T15:07:29,80,315,0,395
2023-10-06T15:20:33,80,315,0,395
2023-10-06T15:33:46,80,315,0,395
2023-10-06T15:46:51,80,315,0,395
2023-10-06T15:59:55,80,315,0,395
2023-10-06T16:13:00,80,315,0,395
2023-10-06T16:26:05,80,315,0,395
2023-10-06T16:39:33,80,315,0,395
2023-10-06T16:52:37,80,315,0,395
2023-10-06T17:05:41,80,315,0,395
2023-10-06T17:18:47,80,315,0,395
2023-10-06T17:31:52,80,315,0,395
2023-10-06T17:44:57,80,315,0,395
2023-10-06T17:58:01,80,315,0,395
2023-10-06T18:11:26,80,315,0,395
2023-10-06T18:24:30,80,315,0,395
2023-10-06T18:37:35,80,315,0,395
2023-10-06T18:50:40,80,315,0,395
2023-10-06T19:03:46,80,315,0,395
2023-10-06T19:16:51,80,315,0,395
2023-10-06T19:29:56,80,315,0,395
2023-10-06T19:43:01,80,315,0,395
2023-10-06T19:56:16,80,315,0,395
2023-10-06T20:09:21,80,315,0,395
2023-10-06T20:22:26,80,315,0,395
2023-10-06T20:35:31,80,315,0,395
2023-10-06T20:48:36,80,315,0,395
2023-10-06T21:01:41,80,315,0,395
2023-10-06T21:14:46,80,315,0,395
2023-10-06T21:27:51,80,315,0,395
2023-10-06T21:40:56,80,315,0,395
2023-10-06T21:54:21,80,315,0,395
2023-10-06T22:07:25,80,315,0,395
2023-10-06T22:20:29,80,315,0,395
2023-10-06T22:33:35,80,315,0,395
2023-10-06T22:46:40,80,315,0,395
2023-10-06T22:59:46,80,315,0,395
2023-10-06T23:12:52,80,315,0,395
2023-10-06T23:26:01,80,315,0,395
2023-10-06T23:39:07,80,315,0,395
2023-10-06T23:52:15,80,315,0,395
2023-10-07T00:05:34,80,315,0,395
2023-10-07T00:18:49,80,315,0,395
2023-10-07T00:31:59,80,315,0,395
2023-10-07T00:45:07,80,315,0,395
2023-10-07T00:58:30,80,315,0,395
2023-10-07T01:11:39,80,315,0,395
2023-10-07T01:24:50,80,315,0,395
2023-10-07T01:38:01,80,315,0,395
2023-10-07T01:51:11,80,315,0,395
2023-10-07T02:04:23,80,315,0,395
2023-10-07T02:17:33,80,315,0,395
2023-10-07T02:30:44,80,315,0,395
2023-10-07T02:43:54,80,315,0,395
2023-10-07T02:57:15,80,315,0,395
2023-10-07T03:11:14,80,315,0,395
2023-10-07T03:24:24,80,315,0,395
2023-10-07T03:37:36,80,315,0,395
2023-10-07T03:50:46,80,315,0,395
2023-10-07T04:03:58,80,315,0,395
2023-10-07T04:26:57,80,315,0,395
2023-10-07T04:40:10,80,315,0,395
2023-10-07T04:53:19,80,315,0,395
2023-10-07T05:06:28,80,315,0,395
2023-10-07T05:21:01,80,315,0,395
2023-10-07T05:34:32,80,315,0,395
2023-10-07T05:47:43,80,315,0,395
2023-10-07T06:00:53,80,315,0,395
2023-10-07T06:14:04,80,315,0,395
2023-10-07T06:27:12,80,315,0,395
2023-10-07T06:40:23,80,315,0,395
2023-10-07T06:53:32,80,315,0,395
2023-10-07T07:06:42,80,315,0,395
2023-10-07T07:19:59,80,315,0,395
2023-10-07T07:33:06,80,315,0,395
2023-10-07T07:46:12,80,315,0,395
2023-10-07T07:59:20,80,315,0,395
2023-10-07T08:12:27,80,315,0,395
2023-10-07T08:25:37,80,315,0,395
2023-10-07T08:38:45,80,315,0,395
2023-10-07T08:51:52,80,315,0,395
2023-10-07T09:04:59,80,315,0,395
2023-10-07T09:18:06,80,315,0,395
2023-10-07T09:31:13,80,315,0,395
2023-10-07T09:44:20,80,315,0,395
2023-10-07T09:57:27,80,315,0,395
2023-10-07T10:10:32,80,315,0,395
2023-10-07T10:23:38,80,315,0,395
2023-10-07T10:36:55,80,315,0,395
2023-10-07T10:50:00,80,315,0,395
2023-10-07T11:03:05,80,315,0,395
2023-10-07T11:16:09,80,315,0,395
2023-10-07T11:29:13,80,315,0,395
2023-10-07T11:42:17,80,315,0,395
2023-10-07T11:55:21,80,315,0,395
2023-10-07T12:08:26,80,315,0,395
2023-10-07T12:21:31,80,315,0,395
2023-10-07T12:34:35,80,315,0,395
2023-10-07T12:47:39,80,315,0,395
2023-10-07T13:00:45,80,315,0,395
2023-10-07T13:14:02,80,315,0,395
2023-10-07T13:27:06,80,315,0,395
2023-10-07T13:40:11,80,315,0,395
2023-10-07T13:53:16,80,315,0,395
2023-10-07T14:06:20,80,315,0,395
2023-10-07T14:19:24,80,315,0,395
2023-10-07T14:32:29,80,315,0,395
2023-10-07T14:45:34,80,315,0,395
2023-10-07T14:58:39,80,315,0,395
2023-10-07T15:11:43,80,315,0,395
2023-10-07T15:24:47,80,315,0,395
2023-10-07T15:37:51,80,315,0,395
2023-10-07T15:51:05,80,315,0,395
2023-10-07T16:04:11,80,315,0,395
2023-10-07T16:17:15,80,315,0,395
2023-10-07T16:30:20,80,315,0,395
2023-10-07T16:43:25,80,315,0,395
2023-10-07T16:56:29,80,315,0,395
2023-10-07T17:09:35,80,315,0,395
2023-10-07T17:22:40,80,315,0,395
2023-10-07T17:35:45,80,315,0,395
2023-10-07T17:48:50,80,315,0,395
2023-10-07T18:01:55,80,315,0,395
2023-10-07T18:15:10,80,315,0,395
2023-10-07T18:28:15,80,315,0,395
2023-10-07T18:41:21,80,315,0,395
2023-10-07T18:54:30,80,315,0,395
2023-10-07T19:07:35,80,315,0,395
2023-10-07T19:20:40,80,315,0,395
2023-10-07T19:33:45,80,315,0,395
2023-10-07T19:46:49,80,315,0,395
2023-10-07T19:59:53,80,315,0,395
2023-10-07T20:12:58,80,315,0,395
2023-10-07T20:26:04,80,315,0,395
2023-10-07T20:39:09,80,315,0,395
2023-10-07T20:52:14,80,315,0,395
2023-10-07T21:05:26,80,315,0,395
2023-10-07T21:18:30,80,315,0,395
2023-10-07T21:31:36,80,315,0,395
2023-10-07T21:44:42,80,315,0,395
2023-10-07T21:57:47,80,315,0,395
2023-10-07T22:10:52,80,315,0,395
2023-10-07T22:23:57,80,315,0,395
2023-10-07T22:37:05,80,315,0,395
2023-10-07T22:50:10,80,315,0,395
2023-10-07T23:03:16,80,315,0,395
2023-10-07T23:16:22,80,315,0,395
2023-10-07T23:29:27,80,315,0,395
2023-10-07T23:42:32,80,315,0,395
2023-10-07T23:55:37,80,315,0,395
2023-10-08T00:08:42,80,315,0,395
2023-10-08T00:22:07,80,315,0,395
2023-10-08T00:35:15,80,315,0,395
2023-10-08T00:48:21,80,315,0,395
2023-10-08T01:01:26,80,315,0,395
2023-10-08T01:14:31,80,315,0,395
2023-10-08T01:27:36,80,315,0,395
2023-10-08T01:40:41,80,315,0,395
2023-10-08T01:53:46,80,315,0,395
2023-10-08T02:06:52,80,315,0,395
2023-10-08T02:19:57,80,315,0,395
2023-10-08T02:33:02,80,315,0,395
2023-10-08T02:46:07,80,315,0,395
2023-10-08T02:59:15,80,315,0,395
2023-10-08T03:12:31,80,315,0,395
2023-10-08T03:25:43,80,315,0,395
2023-10-08T03:38:54,80,315,0,395
2023-10-08T03:52:04,80,315,0,395
2023-10-08T04:05:17,80,315,0,395
2023-10-08T04:23:52,80,315,0,395
2023-10-08T04:38:43,80,315,0,395
2023-10-08T04:51:57,80,315,0,395
2023-10-08T05:05:11,80,315,0,395
2023-10-08T05:18:21,80,315,0,395
2023-10-08T05:31:31,80,315,0,395
2023-10-08T05:44:41,80,315,0,395
2023-10-08T05:57:50,80,315,0,395
2023-10-08T06:10:59,80,315,0,395
2023-10-08T06:24:11,80,315,0,395
2023-10-08T06:37:20,80,315,0,395
2023-10-08T06:50:28,80,315,0,395
2023-10-08T07:03:34,80,315,0,395
2023-10-08T07:16:42,80,315,0,395
2023-10-08T07:29:51,80,315,0,395
2023-10-08T07:42:58,80,315,0,395
2023-10-08T07:56:06,80,315,0,395
2023-10-08T08:09:14,80,315,0,395
