time,enrolled,available,waitlisted,total
2023-05-25T01:22:34,0,145,0,145
2023-05-25T01:34:10,0,145,0,145
2023-05-25T01:45:54,0,145,0,145
2023-05-25T01:57:29,0,145,0,145
2023-05-25T02:09:05,0,145,0,145
2023-05-25T02:20:42,0,145,0,145
2023-05-25T02:32:16,0,145,0,145
2023-05-25T02:43:50,0,145,0,145
2023-05-25T02:55:22,0,145,0,145
2023-05-25T03:06:56,0,145,0,145
2023-05-25T03:18:35,0,145,0,145
2023-05-25T03:30:33,0,145,0,145
2023-05-25T03:42:10,0,145,0,145
2023-05-25T03:53:46,0,145,0,145
2023-05-25T04:05:21,0,145,0,145
2023-05-25T04:25:09,0,145,0,145
2023-05-25T04:36:46,0,145,0,145
2023-05-25T04:48:22,0,145,0,145
2023-05-25T04:59:58,0,145,0,145
2023-05-25T05:11:34,0,145,0,145
2023-05-25T05:23:11,0,145,0,145
2023-05-25T05:34:47,0,145,0,145
2023-05-25T05:46:23,0,145,0,145
2023-05-25T05:58:00,0,145,0,145
2023-05-25T06:09:36,0,145,0,145
2023-05-25T06:21:11,0,145,0,145
2023-05-25T06:32:46,0,145,0,145
2023-05-25T06:44:21,0,145,0,145
2023-05-25T06:55:56,0,145,0,145
2023-05-25T07:07:32,0,145,0,145
2023-05-25T07:19:07,0,145,0,145
2023-05-25T07:30:40,0,145,0,145
2023-05-25T07:42:17,0,145,0,145
2023-05-25T07:53:53,0,145,0,145
2023-05-25T08:05:28,0,145,0,145
2023-05-25T08:17:02,0,145,0,145
2023-05-25T08:28:46,0,145,0,145
2023-05-25T08:40:19,0,145,0,145
2023-05-25T08:51:51,0,145,0,145
2023-05-25T09:03:25,0,145,0,145
2023-05-25T09:14:58,0,145,0,145
2023-05-25T09:26:30,0,145,0,145
2023-05-25T09:38:03,0,145,0,145
2023-05-25T09:49:36,0,145,0,145
2023-05-25T10:01:09,0,145,0,145
2023-05-25T10:12:54,0,145,0,145
2023-05-25T10:24:27,0,145,0,145
2023-05-25T10:35:59,0,145,0,145
2023-05-25T10:47:32,0,145,0,145
2023-05-25T10:59:15,0,145,0,145
2023-05-25T11:10:47,0,145,0,145
2023-05-25T11:22:20,0,145,0,145
2023-05-25T11:33:53,0,145,0,145
2023-05-25T11:45:25,0,145,0,145
2023-05-25T11:57:10,0,145,0,145
2023-05-25T12:08:43,0,145,0,145
2023-05-25T12:20:15,0,145,0,145
2023-05-25T12:31:48,0,145,0,145
2023-05-25T12:43:21,0,145,0,145
2023-05-25T12:54:54,0,145,0,145
2023-05-25T13:06:37,0,145,0,145
2023-05-25T13:18:10,0,145,0,145
2023-05-25T13:29:43,0,145,0,145
2023-05-25T13:41:16,0,145,0,145
2023-05-25T13:52:49,0,145,0,145
2023-05-25T14:04:34,0,145,0,145
2023-05-25T14:16:07,0,145,0,145
2023-05-25T14:27:41,0,145,0,145
2023-05-25T14:39:14,0,145,0,145
2023-05-25T14:50:46,0,145,0,145
2023-05-25T15:02:31,0,145,0,145
2023-05-25T15:14:05,0,145,0,145
2023-05-25T15:25:40,0,145,0,145
2023-05-25T15:37:14,0,145,0,145
2023-05-25T15:48:49,0,145,0,145
2023-05-25T16:00:23,0,145,0,145
2023-05-25T16:12:09,0,145,0,145
2023-05-25T16:23:44,0,145,0,145
2023-05-25T16:35:19,0,145,0,145
2023-05-25T16:46:54,0,145,0,145
2023-05-25T16:58:30,0,145,0,145
2023-05-25T17:10:07,0,145,0,145
2023-05-25T17:21:54,0,145,0,145
2023-05-25T17:33:29,0,145,0,145
2023-05-25T17:45:05,0,145,0,145
2023-05-25T17:56:41,0,145,0,145
2023-05-25T18:08:18,0,145,0,145
2023-05-25T18:19:53,0,145,0,145
2023-05-25T18:31:28,0,145,0,145
2023-05-25T18:43:14,0,145,0,145
2023-05-25T18:54:50,0,145,0,145
2023-05-25T19:06:26,0,145,0,145
2023-05-25T19:18:02,0,145,0,145
2023-05-25T19:29:38,0,145,0,145
2023-05-25T19:41:14,0,145,0,145
2023-05-25T19:52:59,0,145,0,145
2023-05-25T20:04:35,0,145,0,145
2023-05-25T20:16:11,0,145,0,145
2023-05-25T20:27:47,0,145,0,145
2023-05-25T20:39:23,0,145,0,145
2023-05-25T20:50:58,0,145,0,145
2023-05-25T21:02:34,0,145,0,145
2023-05-25T21:14:10,0,145,0,145
2023-05-25T21:25:57,0,145,0,145
2023-05-25T21:37:32,0,145,0,145
2023-05-25T21:49:09,0,145,0,145
2023-05-25T22:00:43,0,145,0,145
2023-05-25T22:12:19,0,145,0,145
2023-05-25T22:23:54,0,145,0,145
2023-05-25T22:35:30,0,145,0,145
2023-05-25T22:47:16,0,145,0,145
2023-05-25T22:58:51,0,145,0,145
2023-05-25T23:10:30,0,145,0,145
2023-05-25T23:22:05,0,145,0,145
2023-05-25T23:33:41,0,145,0,145
2023-05-25T23:45:17,0,145,0,145
2023-05-25T23:56:54,0,145,0,145
2023-05-26T00:08:50,0,145,0,145
2023-05-26T00:20:30,0,145,0,145
2023-05-26T00:32:09,0,145,0,145
2023-05-26T00:43:48,0,145,0,145
2023-05-26T00:55:27,0,145,0,145
2023-05-26T01:07:06,0,145,0,145
2023-05-26T01:18:45,0,145,0,145
2023-05-26T01:30:23,0,145,0,145
2023-05-26T01:42:01,0,145,0,145
2023-05-26T01:53:49,0,145,0,145
2023-05-26T02:05:31,0,145,0,145
2023-05-26T02:17:09,0,145,0,145
2023-05-26T02:28:46,0,145,0,145
2023-05-26T02:40:25,0,145,0,145
2023-05-26T02:52:14,0,145,0,145
2023-05-26T03:03:55,0,145,0,145
2023-05-26T03:15:34,0,145,0,145
2023-05-26T03:27:15,0,145,0,145
2023-05-26T03:38:53,0,145,0,145
2023-05-26T03:50:31,0,145,0,145
2023-05-26T04:02:10,0,145,0,145
2023-05-26T04:13:58,0,145,0,145
2023-05-26T04:36:22,0,145,0,145
2023-05-26T04:48:03,0,145,0,145
2023-05-26T04:59:43,0,145,0,145
2023-05-26T05:11:25,0,145,0,145
2023-05-26T05:23:04,0,145,0,145
2023-05-26T05:34:42,0,145,0,145
2023-05-26T05:46:22,0,145,0,145
2023-05-26T05:58:01,0,145,0,145
2023-05-26T06:09:40,0,145,0,145
2023-05-26T06:21:19,0,145,0,145
2023-05-26T06:32:57,0,145,0,145
2023-05-26T06:44:36,0,145,0,145
2023-05-26T06:56:14,0,145,0,145
2023-05-26T07:07:52,0,145,0,145
2023-05-26T07:19:31,0,145,0,145
2023-05-26T07:31:17,0,145,0,145
2023-05-26T07:42:54,0,145,0,145
2023-05-26T07:54:32,0,145,0,145
2023-05-26T08:06:08,0,145,0,145
2023-05-26T08:17:44,0,145,0,145
2023-05-26T08:29:20,0,145,0,145
2023-05-26T08:40:57,0,145,0,145
2023-05-26T08:52:33,0,145,0,145
2023-05-26T09:04:09,0,145,0,145
2023-05-26T09:15:45,0,145,0,145
2023-05-26T09:27:21,0,145,0,145
2023-05-26T09:39:08,0,145,0,145
2023-05-26T09:50:44,0,145,0,145
2023-05-26T10:02:20,0,145,0,145
2023-05-26T10:13:57,0,145,0,145
2023-05-26T10:25:33,0,145,0,145
2023-05-26T10:37:21,0,145,0,145
2023-05-26T10:48:58,0,145,0,145
2023-05-26T11:00:34,0,145,0,145
2023-05-26T11:12:11,0,145,0,145
2023-05-26T11:23:47,0,145,0,145
2023-05-26T11:35:23,0,145,0,145
2023-05-26T11:47:10,0,145,0,145
2023-05-26T11:58:45,0,145,0,145
2023-05-26T12:10:22,1,144,0,145
2023-05-26T12:21:58,1,144,0,145
2023-05-26T12:33:34,1,144,0,145
2023-05-26T12:45:22,1,144,0,145
2023-05-26T12:56:57,1,144,0,145
2023-05-26T13:08:33,1,144,0,145
2023-05-26T13:20:09,1,144,0,145
2023-05-26T13:31:55,1,144,0,145
2023-05-26T13:43:31,1,144,0,145
2023-05-26T13:55:07,1,144,0,145
2023-05-26T14:06:43,1,144,0,145
2023-05-26T14:18:19,1,144,0,145
2023-05-26T14:30:06,1,144,0,145
2023-05-26T14:41:42,1,144,0,145
2023-05-26T14:53:18,2,143,0,145
2023-05-26T15:04:55,2,143,0,145
2023-05-26T15:16:32,2,143,0,145
2023-05-26T15:28:19,2,143,0,145
2023-05-26T15:39:54,2,143,0,145
2023-05-26T15:51:30,3,142,0,145
2023-05-26T16:03:06,3,142,0,145
2023-05-26T16:14:42,3,142,0,145
2023-05-26T16:26:17,3,142,0,145
2023-05-26T16:38:03,3,142,0,145
2023-05-26T16:49:39,3,142,0,145
2023-05-26T17:01:15,3,142,0,145
2023-05-26T17:12:52,3,142,0,145
2023-05-26T17:24:27,3,142,0,145
2023-05-26T17:36:03,3,142,0,145
2023-05-26T17:47:49,3,142,0,145
2023-05-26T17:59:24,3,142,0,145
2023-05-26T18:11:00,3,142,0,145
2023-05-26T18:22:36,3,142,0,145
2023-05-26T18:34:12,3,142,0,145
2023-05-26T18:45:47,3,142,0,145
2023-05-26T18:57:33,4,141,0,145
2023-05-26T19:09:09,4,141,0,145
2023-05-26T19:20:46,4,141,0,145
2023-05-26T19:32:22,4,141,0,145
2023-05-26T19:43:57,4,141,0,145
2023-05-26T19:55:33,4,141,0,145
2023-05-26T20:07:09,4,141,0,145
2023-05-26T20:18:54,4,141,0,145
2023-05-26T20:30:30,4,141,0,145
2023-05-26T20:42:05,4,141,0,145
2023-05-26T20:53:41,4,141,0,145
2023-05-26T21:05:16,4,141,0,145
2023-05-26T21:16:53,4,141,0,145
2023-05-26T21:28:29,4,141,0,145
2023-05-26T21:40:05,4,141,0,145
2023-05-26T21:51:52,4,141,0,145
2023-05-26T22:03:28,4,141,0,145
2023-05-26T22:15:04,4,141,0,145
2023-05-26T22:26:40,4,141,0,145
2023-05-26T22:38:16,4,141,0,145
2023-05-26T22:49:51,4,141,0,145
2023-05-26T23:01:28,4,141,0,145
2023-05-26T23:13:16,4,141,0,145
2023-05-26T23:24:52,4,141,0,145
2023-05-26T23:36:29,4,141,0,145
2023-05-26T23:48:06,4,141,0,145
2023-05-26T23:59:42,4,141,0,145
2023-05-27T00:11:20,4,141,0,145
2023-05-27T00:23:01,4,141,0,145
2023-05-27T00:34:39,5,140,0,145
2023-05-27T00:46:18,5,140,0,145
2023-05-27T00:57:57,5,140,0,145
2023-05-27T01:09:36,5,140,0,145
2023-05-27T01:21:25,5,140,0,145
2023-05-27T01:33:03,5,140,0,145
2023-05-27T01:44:43,5,140,0,145
2023-05-27T01:56:22,5,140,0,145
2023-05-27T02:07:59,5,140,0,145
2023-05-27T02:19:37,5,140,0,145
2023-05-27T02:31:15,5,140,0,145
2023-05-27T02:42:51,5,140,0,145
2023-05-27T02:54:27,5,140,0,145
2023-05-27T03:06:04,5,140,0,145
2023-05-27T03:17:42,5,140,0,145
2023-05-27T03:29:20,5,140,0,145
2023-05-27T03:40:57,5,140,0,145
2023-05-27T03:52:34,5,140,0,145
2023-05-27T04:04:13,5,140,0,145
2023-05-27T04:16:07,5,140,0,145
2023-05-27T04:38:42,5,140,0,145
2023-05-27T04:50:39,5,140,0,145
2023-05-27T05:02:19,5,140,0,145
2023-05-27T05:13:58,5,140,0,145
2023-05-27T05:25:36,5,140,0,145
2023-05-27T05:37:17,5,140,0,145
2023-05-27T05:48:55,5,140,0,145
2023-05-27T06:00:34,5,140,0,145
2023-05-27T06:12:12,5,140,0,145
2023-05-27T06:23:53,5,140,0,145
2023-05-27T06:35:32,5,140,0,145
2023-05-27T06:47:10,5,140,0,145
2023-05-27T06:58:48,5,140,0,145
2023-05-27T07:10:27,5,140,0,145
2023-05-27T07:22:05,5,140,0,145
2023-05-27T07:33:43,5,140,0,145
2023-05-27T07:45:19,5,140,0,145
2023-05-27T07:57:10,5,140,0,145
2023-05-27T08:08:48,5,140,0,145
2023-05-27T08:20:25,5,140,0,145
2023-05-27T08:32:04,5,140,0,145
2023-05-27T08:43:42,5,140,0,145
2023-05-27T08:55:20,5,140,0,145
2023-05-27T09:06:58,5,140,0,145
2023-05-27T09:18:35,5,140,0,145
2023-05-27T09:30:15,5,140,0,145
2023-05-27T09:41:53,6,139,0,145
2023-05-27T09:53:31,6,139,0,145
2023-05-27T10:05:07,6,139,0,145
2023-05-27T10:17:02,6,139,0,145
2023-05-27T10:28:39,6,139,0,145
2023-05-27T10:40:16,6,139,0,145
2023-05-27T10:51:53,6,139,0,145
2023-05-27T11:03:30,6,139,0,145
2023-05-27T11:15:05,6,139,0,145
2023-05-27T11:26:40,6,139,0,145
2023-05-27T11:38:15,6,139,0,145
2023-05-27T11:49:50,6,139,0,145
2023-05-27T12:01:25,6,139,0,145
2023-05-27T12:13:10,6,139,0,145
2023-05-27T12:24:45,6,139,0,145
2023-05-27T12:36:20,6,139,0,145
2023-05-27T12:47:56,6,139,0,145
2023-05-27T12:59:31,6,139,0,145
2023-05-27T13:11:06,6,139,0,145
2023-05-27T13:22:41,6,139,0,145
2023-05-27T13:34:36,6,139,0,145
2023-05-27T13:46:11,6,139,0,145
2023-05-27T13:57:47,6,139,0,145
2023-05-27T14:09:22,6,139,0,145
2023-05-27T14:20:58,6,139,0,145
2023-05-27T14:32:33,6,139,0,145
2023-05-27T14:44:08,6,139,0,145
2023-05-27T14:55:43,6,139,0,145
2023-05-27T15:07:29,6,139,0,145
2023-05-27T15:19:04,6,139,0,145
2023-05-27T15:30:39,6,139,0,145
2023-05-27T15:42:15,6,139,0,145
2023-05-27T15:53:49,6,139,0,145
2023-05-27T16:05:24,6,139,0,145
2023-05-27T16:16:59,6,139,0,145
2023-05-27T16:28:44,6,139,0,145
2023-05-27T16:40:20,6,139,0,145
2023-05-27T16:51:55,6,139,0,145
2023-05-27T17:03:31,6,139,0,145
2023-05-27T17:15:09,6,139,0,145
2023-05-27T17:26:44,6,139,0,145
2023-05-27T17:38:20,6,139,0,145
2023-05-27T17:50:05,6,139,0,145
2023-05-27T18:01:41,6,139,0,145
2023-05-27T18:13:16,6,139,0,145
2023-05-27T18:24:52,6,139,0,145
2023-05-27T18:36:27,6,139,0,145
2023-05-27T18:48:02,6,139,0,145
2023-05-27T18:59:37,6,139,0,145
2023-05-27T19:11:33,6,139,0,145
2023-05-27T19:23:08,6,139,0,145
2023-05-27T19:34:45,6,139,0,145
2023-05-27T19:46:20,6,139,0,145
2023-05-27T19:57:55,6,139,0,145
2023-05-27T20:09:30,6,139,0,145
2023-05-27T20:21:06,6,139,0,145
2023-05-27T20:32:41,6,139,0,145
2023-05-27T20:44:16,6,139,0,145
2023-05-27T20:56:01,6,139,0,145
2023-05-27T21:07:36,6,139,0,145
2023-05-27T21:19:11,6,139,0,145
2023-05-27T21:30:47,6,139,0,145
2023-05-27T21:42:22,6,139,0,145
2023-05-27T21:53:58,6,139,0,145
2023-05-27T22:05:33,6,139,0,145
2023-05-27T22:17:17,6,139,0,145
2023-05-27T22:28:53,6,139,0,145
2023-05-27T22:40:29,6,139,0,145
2023-05-27T22:52:04,6,139,0,145
2023-05-27T23:03:43,6,139,0,145
2023-05-27T23:15:20,6,139,0,145
2023-05-27T23:26:55,6,139,0,145
2023-05-27T23:38:48,6,139,0,145
2023-05-27T23:50:23,6,139,0,145
2023-05-28T00:01:59,6,139,0,145
2023-05-28T00:13:37,6,139,0,145
2023-05-28T00:25:17,6,139,0,145
2023-05-28T00:36:55,6,139,0,145
2023-05-28T00:48:32,6,139,0,145
2023-05-28T01:00:08,6,139,0,145
2023-05-28T01:11:44,6,139,0,145
2023-05-28T01:23:21,6,139,0,145
2023-05-28T01:35:06,6,139,0,145
2023-05-28T01:46:42,6,139,0,145
2023-05-28T01:58:17,6,139,0,145
2023-05-28T02:09:53,6,139,0,145
2023-05-28T02:21:29,6,139,0,145
2023-05-28T02:33:06,6,139,0,145
2023-05-28T02:44:47,6,139,0,145
2023-05-28T02:56:27,6,139,0,145
2023-05-28T03:08:08,6,139,0,145
2023-05-28T03:19:48,6,139,0,145
2023-05-28T03:31:27,6,139,0,145
2023-05-28T03:43:46,6,139,0,145
2023-05-28T03:56:14,6,139,0,145
2023-05-28T04:07:53,6,139,0,145
2023-05-28T04:33:33,6,139,0,145
2023-05-28T04:46:46,6,139,0,145
2023-05-28T04:58:26,6,139,0,145
2023-05-28T05:10:05,6,139,0,145
2023-05-28T05:21:43,6,139,0,145
2023-05-28T05:33:22,6,139,0,145
2023-05-28T05:45:05,6,139,0,145
2023-05-28T05:56:45,6,139,0,145
2023-05-28T06:08:24,6,139,0,145
2023-05-28T06:20:03,6,139,0,145
2023-05-28T06:31:41,6,139,0,145
2023-05-28T06:43:19,6,139,0,145
2023-05-28T06:54:58,6,139,0,145
2023-05-28T07:06:35,6,139,0,145
2023-05-28T07:18:13,6,139,0,145
2023-05-28T07:29:52,6,139,0,145
2023-05-28T07:41:30,6,139,0,145
2023-05-28T07:53:10,6,139,0,145
2023-05-28T08:04:51,6,139,0,145
2023-05-28T08:16:30,6,139,0,145
2023-05-28T08:28:08,6,139,0,145
2023-05-28T08:39:46,6,139,0,145
2023-05-28T08:51:24,6,139,0,145
2023-05-28T09:03:03,6,139,0,145
2023-05-28T09:14:39,6,139,0,145
2023-05-28T09:26:24,6,139,0,145
2023-05-28T09:37:59,6,139,0,145
2023-05-28T09:49:36,7,138,0,145
2023-05-28T10:01:12,7,138,0,145
2023-05-28T10:12:48,7,138,0,145
2023-05-28T10:24:24,7,138,0,145
2023-05-28T10:35:59,7,138,0,145
2023-05-28T10:47:35,7,138,0,145
2023-05-28T10:59:10,7,138,0,145
2023-05-28T11:10:47,7,138,0,145
2023-05-28T11:22:23,7,138,0,145
2023-05-28T11:33:59,7,138,0,145
2023-05-28T11:45:34,7,138,0,145
2023-05-28T11:57:10,7,138,0,145
2023-05-28T12:08:54,8,137,0,145
2023-05-28T12:20:30,8,137,0,145
2023-05-28T12:32:06,8,137,0,145
2023-05-28T12:43:42,8,137,0,145
2023-05-28T12:55:18,8,137,0,145
2023-05-28T13:06:54,8,137,0,145
2023-05-28T13:18:29,8,137,0,145
2023-05-28T13:30:05,8,137,0,145
2023-05-28T13:41:41,8,137,0,145
2023-05-28T13:53:16,8,137,0,145
2023-05-28T14:04:51,9,136,0,145
2023-05-28T14:16:36,9,136,0,145
2023-05-28T14:28:11,9,136,0,145
2023-05-28T14:39:47,9,136,0,145
2023-05-28T14:51:22,9,136,0,145
2023-05-28T15:02:58,9,136,0,145
2023-05-28T15:14:33,9,136,0,145
2023-05-28T15:26:09,9,136,0,145
2023-05-28T15:37:45,9,136,0,145
2023-05-28T15:49:20,9,136,0,145
2023-05-28T16:00:56,9,136,0,145
2023-05-28T16:12:42,9,136,0,145
2023-05-28T16:24:18,9,136,0,145
2023-05-28T16:35:54,9,136,0,145
2023-05-28T16:47:29,9,136,0,145
2023-05-28T16:59:04,9,136,0,145
2023-05-28T17:10:39,9,136,0,145
2023-05-28T17:22:15,9,136,0,145
2023-05-28T17:33:51,9,136,0,145
2023-05-28T17:45:26,9,136,0,145
2023-05-28T17:57:11,9,136,0,145
2023-05-28T18:08:47,9,136,0,145
2023-05-28T18:20:22,9,136,0,145
2023-05-28T18:31:58,9,136,0,145
2023-05-28T18:43:33,9,136,0,145
2023-05-28T18:55:08,9,136,0,145
2023-05-28T19:06:46,9,136,0,145
2023-05-28T19:18:22,9,136,0,145
2023-05-28T19:29:57,9,136,0,145
2023-05-28T19:41:42,9,136,0,145
2023-05-28T19:53:18,9,136,0,145
2023-05-28T20:04:52,9,136,0,145
2023-05-28T20:16:28,9,136,0,145
2023-05-28T20:28:03,9,136,0,145
2023-05-28T20:39:38,9,136,0,145
2023-05-28T20:51:14,9,136,0,145
2023-05-28T21:02:49,9,136,0,145
2023-05-28T21:14:24,9,136,0,145
2023-05-28T21:26:00,9,136,0,145
2023-05-28T21:37:45,9,136,0,145
2023-05-28T21:49:20,9,136,0,145
2023-05-28T22:00:56,9,136,0,145
2023-05-28T22:12:31,9,136,0,145
2023-05-28T22:24:07,9,136,0,145
2023-05-28T22:35:43,9,136,0,145
2023-05-28T22:47:19,9,136,0,145
2023-05-28T22:58:55,9,136,0,145
2023-05-28T23:10:43,9,136,0,145
2023-05-28T23:22:19,9,136,0,145
2023-05-28T23:33:56,9,136,0,145
2023-05-28T23:45:32,9,136,0,145
2023-05-28T23:57:08,9,136,0,145
2023-05-29T00:08:47,9,136,0,145
2023-05-29T00:20:35,9,136,0,145
2023-05-29T00:32:19,9,136,0,145
2023-05-29T00:43:57,9,136,0,145
2023-05-29T00:55:47,9,136,0,145
2023-05-29T01:07:25,9,136,0,145
2023-05-29T01:19:05,9,136,0,145
2023-05-29T01:30:44,9,136,0,145
2023-05-29T01:42:23,9,136,0,145
2023-05-29T01:54:00,9,136,0,145
2023-05-29T02:05:46,9,136,0,145
2023-05-29T02:17:24,9,136,0,145
2023-05-29T02:29:01,9,136,0,145
2023-05-29T02:40:38,9,136,0,145
2023-05-29T02:52:14,9,136,0,145
2023-05-29T03:03:51,9,136,0,145
2023-05-29T03:15:28,9,136,0,145
2023-05-29T03:27:06,9,136,0,145
2023-05-29T03:38:44,9,136,0,145
2023-05-29T03:50:30,9,136,0,145
2023-05-29T04:02:09,9,136,0,145
2023-05-29T04:13:49,9,136,0,145
2023-05-29T04:36:32,9,136,0,145
2023-05-29T04:49:23,9,136,0,145
2023-05-29T05:01:21,9,136,0,145
2023-05-29T05:13:00,9,136,0,145
2023-05-29T05:24:39,9,136,0,145
2023-05-29T05:36:18,9,136,0,145
2023-05-29T05:47:57,9,136,0,145
2023-05-29T05:59:35,9,136,0,145
2023-05-29T06:11:13,9,136,0,145
2023-05-29T06:22:52,9,136,0,145
2023-05-29T06:34:30,9,136,0,145
2023-05-29T06:46:08,9,136,0,145
2023-05-29T06:57:47,9,136,0,145
2023-05-29T07:09:24,9,136,0,145
2023-05-29T07:20:59,9,136,0,145
2023-05-29T07:32:43,9,136,0,145
2023-05-29T07:44:18,9,136,0,145
2023-05-29T07:55:54,9,136,0,145
2023-05-29T08:07:29,9,136,0,145
2023-05-29T08:19:03,9,136,0,145
2023-05-29T08:30:39,9,136,0,145
2023-05-29T08:42:14,9,136,0,145
2023-05-29T08:53:49,9,136,0,145
2023-05-29T09:05:24,9,136,0,145
2023-05-29T09:17:00,9,136,0,145
2023-05-29T09:28:35,9,136,0,145
2023-05-29T09:40:10,9,136,0,145
2023-05-29T09:51:56,9,136,0,145
2023-05-29T10:03:32,9,136,0,145
2023-05-29T10:15:07,9,136,0,145
2023-05-29T10:26:42,10,135,0,145
2023-05-29T10:38:17,10,135,0,145
2023-05-29T10:49:52,10,135,0,145
2023-05-29T11:01:27,10,135,0,145
2023-05-29T11:13:12,11,134,0,145
2023-05-29T11:24:47,11,134,0,145
2023-05-29T11:36:22,11,134,0,145
2023-05-29T11:47:58,11,134,0,145
2023-05-29T11:59:32,11,134,0,145
2023-05-29T12:11:08,11,134,0,145
2023-05-29T12:22:52,11,134,0,145
2023-05-29T12:34:29,11,134,0,145
2023-05-29T12:46:05,11,134,0,145
2023-05-29T12:57:41,11,134,0,145
2023-05-29T13:09:16,11,134,0,145
2023-05-29T13:21:01,11,134,0,145
2023-05-29T13:32:38,11,134,0,145
2023-05-29T13:44:14,11,134,0,145
2023-05-29T13:55:49,12,133,0,145
2023-05-29T14:07:25,12,133,0,145
2023-05-29T14:19:11,12,133,0,145
2023-05-29T14:30:47,12,133,0,145
2023-05-29T14:42:25,12,133,0,145
2023-05-29T14:54:02,12,133,0,145
2023-05-29T15:05:49,12,133,0,145
2023-05-29T15:17:26,12,133,0,145
2023-05-29T15:29:01,13,132,0,145
2023-05-29T15:40:37,13,132,0,145
2023-05-29T15:52:24,14,131,0,145
2023-05-29T16:04:01,15,130,0,145
2023-05-29T16:15:39,15,130,0,145
2023-05-29T16:27:15,15,130,0,145
2023-05-29T16:38:52,15,130,0,145
2023-05-29T16:50:37,15,130,0,145
2023-05-29T17:02:15,17,128,0,145
2023-05-29T17:13:54,17,128,0,145
2023-05-29T17:25:31,17,128,0,145
2023-05-29T17:37:07,17,128,0,145
2023-05-29T17:48:52,19,126,0,145
2023-05-29T18:00:30,20,125,0,145
2023-05-29T18:12:08,20,125,0,145
2023-05-29T18:23:45,20,125,0,145
2023-05-29T18:35:34,20,125,0,145
2023-05-29T18:47:11,20,125,0,145
2023-05-29T18:58:47,20,125,0,145
2023-05-29T19:10:25,22,123,0,145
2023-05-29T19:22:01,23,122,0,145
2023-05-29T19:33:37,24,121,0,145
2023-05-29T19:45:22,26,119,0,145
2023-05-29T19:57:00,25,120,0,145
2023-05-29T20:08:36,25,120,0,145
2023-05-29T20:20:14,26,119,0,145
2023-05-29T20:31:51,26,119,0,145
2023-05-29T20:43:37,26,119,0,145
2023-05-29T20:55:13,26,119,0,145
2023-05-29T21:06:50,26,119,0,145
2023-05-29T21:18:27,26,119,0,145
2023-05-29T21:30:03,26,119,0,145
2023-05-29T21:41:54,27,118,0,145
2023-05-29T21:53:32,27,118,0,145
2023-05-29T22:05:08,27,118,0,145
2023-05-29T22:16:43,27,118,0,145
2023-05-29T22:28:19,27,118,0,145
2023-05-29T22:40:04,27,118,0,145
2023-05-29T22:51:40,28,117,0,145
2023-05-29T23:03:17,29,116,0,145
2023-05-29T23:14:53,29,116,0,145
2023-05-29T23:26:29,29,116,0,145
2023-05-29T23:38:15,29,116,0,145
2023-05-29T23:49:52,29,116,0,145
2023-05-30T00:01:28,29,116,0,145
2023-05-30T00:13:06,29,116,0,145
2023-05-30T00:24:43,29,116,0,145
2023-05-30T00:36:21,29,116,0,145
2023-05-30T00:47:59,30,115,0,145
2023-05-30T00:59:45,30,115,0,145
2023-05-30T01:11:23,30,115,0,145
2023-05-30T01:23:01,30,115,0,145
2023-05-30T01:34:38,30,115,0,145
2023-05-30T01:46:14,30,115,0,145
2023-05-30T01:57:50,30,115,0,145
2023-05-30T02:09:27,30,115,0,145
2023-05-30T02:21:13,30,115,0,145
2023-05-30T02:32:50,30,115,0,145
2023-05-30T02:44:27,30,115,0,145
2023-05-30T02:56:13,30,115,0,145
2023-05-30T03:07:52,30,115,0,145
2023-05-30T03:19:30,30,115,0,145
2023-05-30T03:31:08,30,115,0,145
2023-05-30T03:42:46,30,115,0,145
2023-05-30T03:54:24,30,115,0,145
2023-05-30T04:06:01,30,115,0,145
2023-05-30T04:17:40,30,115,0,145
2023-05-30T04:39:49,30,115,0,145
2023-05-30T04:51:30,30,115,0,145
2023-05-30T05:03:10,30,115,0,145
2023-05-30T05:14:49,30,115,0,145
2023-05-30T05:26:27,30,115,0,145
2023-05-30T05:38:06,30,115,0,145
2023-05-30T05:49:44,30,115,0,145
2023-05-30T06:01:23,30,115,0,145
2023-05-30T06:13:02,30,115,0,145
2023-05-30T06:24:40,30,115,0,145
2023-05-30T06:36:19,30,115,0,145
2023-05-30T06:47:57,30,115,0,145
2023-05-30T06:59:35,30,115,0,145
2023-05-30T07:11:13,30,115,0,145
2023-05-30T07:22:49,30,115,0,145
2023-05-30T07:34:25,30,115,0,145
2023-05-30T07:46:04,30,115,0,145
2023-05-30T07:57:40,30,115,0,145
2023-05-30T08:09:16,30,115,0,145
2023-05-30T08:21:02,30,115,0,145
2023-05-30T08:32:39,30,115,0,145
2023-05-30T08:44:15,30,115,0,145
2023-05-30T08:55:52,30,115,0,145
2023-05-30T09:07:28,30,115,0,145
2023-05-30T09:19:05,31,114,0,145
2023-05-30T09:30:43,32,113,0,145
2023-05-30T09:42:32,33,112,0,145
2023-05-30T09:54:09,33,112,0,145
2023-05-30T10:05:49,33,112,0,145
2023-05-30T10:17:28,34,111,0,145
2023-05-30T10:29:17,34,111,0,145
2023-05-30T10:41:01,37,108,0,145
2023-05-30T10:52:39,37,108,0,145
2023-05-30T11:04:21,37,108,0,145
2023-05-30T11:16:16,38,107,0,145
2023-05-30T11:27:55,39,106,0,145
2023-05-30T11:39:46,42,103,0,145
2023-05-30T11:51:27,43,102,0,145
2023-05-30T12:03:08,45,100,0,145
2023-05-30T12:14:56,45,100,0,145
2023-05-30T12:26:34,46,99,0,145
2023-05-30T12:38:14,47,98,0,145
2023-05-30T12:49:57,48,97,0,145
2023-05-30T13:01:54,49,96,0,145
2023-05-30T13:13:35,49,96,0,145
2023-05-30T13:25:16,50,95,0,145
2023-05-30T13:37:05,50,95,0,145
2023-05-30T13:48:48,52,93,0,145
2023-05-30T14:00:28,51,94,0,145
2023-05-30T14:12:22,51,94,0,145
2023-05-30T14:24:02,52,93,0,145
2023-05-30T14:35:56,53,92,0,145
2023-05-30T14:47:34,53,92,0,145
2023-05-30T14:59:14,53,92,0,145
2023-05-30T15:11:07,54,91,0,145
2023-05-30T15:22:47,54,91,0,145
2023-05-30T15:34:27,55,90,0,145
2023-05-30T15:46:20,55,90,0,145
2023-05-30T15:58:00,55,90,0,145
2023-05-30T16:09:44,55,90,0,145
2023-05-30T16:21:38,55,90,0,145
2023-05-30T16:33:19,56,89,0,145
2023-05-30T16:44:56,57,88,0,145
2023-05-30T16:56:46,57,88,0,145
2023-05-30T17:08:27,57,88,0,145
2023-05-30T17:20:06,58,87,0,145
2023-05-30T17:31:46,58,87,0,145
2023-05-30T17:43:35,58,87,0,145
2023-05-30T17:55:13,58,87,0,145
2023-05-30T18:07:00,58,87,0,145
2023-05-30T18:18:39,59,86,0,145
2023-05-30T18:30:31,59,86,0,145
2023-05-30T18:42:10,59,86,0,145
2023-05-30T18:53:48,59,86,0,145
2023-05-30T19:05:27,59,86,0,145
2023-05-30T19:17:18,59,86,0,145
2023-05-30T19:28:57,59,86,0,145
2023-05-30T19:40:38,59,86,0,145
2023-05-30T19:52:27,59,86,0,145
2023-05-30T20:04:04,59,86,0,145
2023-05-30T20:15:43,59,86,0,145
2023-05-30T20:27:22,59,86,0,145
2023-05-30T20:39:00,59,86,0,145
2023-05-30T20:50:50,59,86,0,145
2023-05-30T21:02:31,59,86,0,145
2023-05-30T21:14:09,59,86,0,145
2023-05-30T21:25:48,59,86,0,145
2023-05-30T21:37:26,59,86,0,145
2023-05-30T21:49:15,60,85,0,145
2023-05-30T22:00:52,60,85,0,145
2023-05-30T22:12:32,60,85,0,145
2023-05-30T22:24:08,60,85,0,145
2023-05-30T22:35:56,60,85,0,145
2023-05-30T22:47:32,61,84,0,145
2023-05-30T22:59:08,62,83,0,145
2023-05-30T23:10:45,62,83,0,145
2023-05-30T23:22:23,62,83,0,145
2023-05-30T23:34:00,62,83,0,145
2023-05-30T23:45:48,62,83,0,145
2023-05-30T23:57:24,62,83,0,145
2023-05-31T00:09:02,62,83,0,145
2023-05-31T00:20:44,62,83,0,145
2023-05-31T00:32:22,62,83,0,145
2023-05-31T00:44:01,62,83,0,145
2023-05-31T00:55:39,62,83,0,145
2023-05-31T01:07:17,62,83,0,145
2023-05-31T01:19:09,62,83,0,145
2023-05-31T01:30:48,62,83,0,145
2023-05-31T01:42:27,62,83,0,145
2023-05-31T01:54:06,62,83,0,145
2023-05-31T02:05:45,62,83,0,145
2023-05-31T02:17:23,62,83,0,145
2023-05-31T02:29:01,62,83,0,145
2023-05-31T02:40:39,62,83,0,145
2023-05-31T02:52:17,62,83,0,145
2023-05-31T03:03:55,62,83,0,145
2023-05-31T03:15:45,62,83,0,145
2023-05-31T03:27:25,62,83,0,145
2023-05-31T03:39:04,62,83,0,145
2023-05-31T03:50:45,62,83,0,145
2023-05-31T04:02:38,62,83,0,145
2023-05-31T04:14:19,62,83,0,145
2023-05-31T04:37:37,62,83,0,145
2023-05-31T04:49:35,62,83,0,145
2023-05-31T05:01:15,62,83,0,145
2023-05-31T05:12:57,62,83,0,145
2023-05-31T05:24:36,62,83,0,145
2023-05-31T05:36:17,62,83,0,145
2023-05-31T05:47:58,62,83,0,145
2023-05-31T05:59:36,62,83,0,145
2023-05-31T06:11:16,62,83,0,145
2023-05-31T06:22:54,62,83,0,145
2023-05-31T06:34:33,62,83,0,145
2023-05-31T06:46:13,62,83,0,145
2023-05-31T06:57:52,62,83,0,145
2023-05-31T07:09:30,62,83,0,145
2023-05-31T07:21:07,62,83,0,145
2023-05-31T07:32:45,62,83,0,145
2023-05-31T07:44:26,62,83,0,145
2023-05-31T07:56:04,63,82,0,145
2023-05-31T08:07:52,63,82,0,145
2023-05-31T08:19:29,63,82,0,145
2023-05-31T08:31:09,63,82,0,145
2023-05-31T08:42:48,63,82,0,145
2023-05-31T08:54:28,63,82,0,145
2023-05-31T09:06:08,63,82,0,145
2023-05-31T09:17:47,63,82,0,145
2023-05-31T09:29:27,63,82,0,145
2023-05-31T09:41:18,63,82,0,145
2023-05-31T09:52:57,63,82,0,145
2023-05-31T10:04:36,63,82,0,145
2023-05-31T10:16:15,64,81,0,145
2023-05-31T10:27:54,64,81,0,145
2023-05-31T10:39:45,64,81,0,145
2023-05-31T10:51:30,64,81,0,145
2023-05-31T11:03:08,64,81,0,145
2023-05-31T11:14:48,64,81,0,145
2023-05-31T11:26:39,64,81,0,145
2023-05-31T11:38:18,64,81,0,145
2023-05-31T11:49:57,64,81,0,145
2023-05-31T12:01:37,64,81,0,145
2023-05-31T12:13:27,64,81,0,145
2023-05-31T12:25:06,64,81,0,145
2023-05-31T12:36:45,64,81,0,145
2023-05-31T12:48:23,64,81,0,145
2023-05-31T13:00:12,64,81,0,145
2023-05-31T13:11:49,64,81,0,145
2023-05-31T13:23:27,64,81,0,145
2023-05-31T13:35:07,64,81,0,145
2023-05-31T13:46:55,64,81,0,145
2023-05-31T13:58:32,63,82,0,145
2023-05-31T14:10:10,63,82,0,145
2023-05-31T14:21:48,63,82,0,145
2023-05-31T14:33:26,63,82,0,145
2023-05-31T14:45:15,63,82,0,145
2023-05-31T14:56:55,63,82,0,145
2023-05-31T15:08:35,63,82,0,145
2023-05-31T15:20:14,63,82,0,145
2023-05-31T15:31:52,63,82,0,145
2023-05-31T15:43:40,63,82,0,145
2023-05-31T15:55:18,63,82,0,145
2023-05-31T16:06:56,63,82,0,145
2023-05-31T16:18:34,63,82,0,145
2023-05-31T16:30:13,63,82,0,145
2023-05-31T16:42:02,63,82,0,145
2023-05-31T16:53:39,63,82,0,145
2023-05-31T17:05:18,63,82,0,145
2023-05-31T17:16:58,63,82,0,145
2023-05-31T17:28:36,63,82,0,145
2023-05-31T17:40:14,63,82,0,145
2023-05-31T17:51:53,63,82,0,145
2023-05-31T18:03:42,63,82,0,145
2023-05-31T18:15:20,63,82,0,145
2023-05-31T18:26:58,63,82,0,145
2023-05-31T18:38:36,63,82,0,145
2023-05-31T18:50:14,63,82,0,145
2023-05-31T19:01:52,63,82,0,145
2023-05-31T19:13:31,63,82,0,145
2023-05-31T19:25:20,63,82,0,145
2023-05-31T19:36:58,63,82,0,145
2023-05-31T19:48:36,63,82,0,145
2023-05-31T20:00:14,63,82,0,145
2023-05-31T20:11:52,63,82,0,145
2023-05-31T20:23:30,63,82,0,145
2023-05-31T20:35:08,63,82,0,145
2023-05-31T20:46:56,63,82,0,145
2023-05-31T20:58:34,63,82,0,145
2023-05-31T21:10:12,63,82,0,145
2023-05-31T21:21:50,63,82,0,145
2023-05-31T21:33:28,63,82,0,145
2023-05-31T21:45:06,63,82,0,145
2023-05-31T21:56:44,63,82,0,145
2023-05-31T22:08:21,63,82,0,145
2023-05-31T22:20:10,63,82,0,145
2023-05-31T22:31:48,63,82,0,145
2023-05-31T22:43:26,63,82,0,145
2023-05-31T22:55:04,63,82,0,145
2023-05-31T23:06:43,63,82,0,145
2023-05-31T23:18:21,63,82,0,145
2023-05-31T23:30:11,63,82,0,145
2023-05-31T23:41:50,63,82,0,145
2023-05-31T23:53:28,63,82,0,145
2023-06-01T00:05:09,63,82,0,145
2023-06-01T00:16:54,63,82,0,145
2023-06-01T00:28:35,63,82,0,145
2023-06-01T00:40:16,63,82,0,145
2023-06-01T00:51:58,63,82,0,145
2023-06-01T01:03:40,63,82,0,145
2023-06-01T01:15:20,63,82,0,145
2023-06-01T01:27:01,63,82,0,145
2023-06-01T01:38:52,63,82,0,145
2023-06-01T01:50:31,63,82,0,145
2023-06-01T02:02:11,63,82,0,145
2023-06-01T02:13:49,63,82,0,145
2023-06-01T02:25:27,63,82,0,145
2023-06-01T02:37:07,63,82,0,145
2023-06-01T02:48:47,63,82,0,145
2023-06-01T03:00:26,63,82,0,145
2023-06-01T03:12:08,63,82,0,145
2023-06-01T03:23:50,63,82,0,145
2023-06-01T03:35:31,63,82,0,145
2023-06-01T03:47:12,63,82,0,145
2023-06-01T03:58:54,63,82,0,145
2023-06-01T04:10:34,63,82,0,145
2023-06-01T04:36:13,63,82,0,145
2023-06-01T04:49:14,63,82,0,145
2023-06-01T05:01:15,63,82,0,145
2023-06-01T05:12:58,63,82,0,145
2023-06-01T05:24:39,63,82,0,145
2023-06-01T05:36:20,63,82,0,145
2023-06-01T05:48:02,63,82,0,145
2023-06-01T05:59:43,63,82,0,145
2023-06-01T06:11:25,63,82,0,145
2023-06-01T06:23:06,63,82,0,145
2023-06-01T06:34:46,63,82,0,145
2023-06-01T06:46:27,63,82,0,145
2023-06-01T06:58:08,63,82,0,145
2023-06-01T07:09:50,63,82,0,145
2023-06-01T07:21:30,63,82,0,145
2023-06-01T07:33:10,63,82,0,145
2023-06-01T07:44:50,63,82,0,145
2023-06-01T07:56:29,63,82,0,145
2023-06-01T08:08:14,63,82,0,145
2023-06-01T08:19:54,63,82,0,145
2023-06-01T08:31:34,63,82,0,145
2023-06-01T08:43:25,63,82,0,145
2023-06-01T08:55:05,63,82,0,145
2023-06-01T09:06:44,63,82,0,145
2023-06-01T09:18:24,63,82,0,145
2023-06-01T09:30:04,63,82,0,145
2023-06-01T09:41:42,63,82,0,145
2023-06-01T09:53:22,63,82,0,145
2023-06-01T10:05:03,63,82,0,145
2023-06-01T10:16:41,63,82,0,145
2023-06-01T10:28:19,63,82,0,145
2023-06-01T10:40:08,63,82,0,145
2023-06-01T10:51:46,63,82,0,145
2023-06-01T11:03:24,63,82,0,145
2023-06-01T11:15:03,63,82,0,145
2023-06-01T11:26:41,63,82,0,145
2023-06-01T11:38:19,63,82,0,145
2023-06-01T11:49:57,63,82,0,145
2023-06-01T12:01:45,63,82,0,145
2023-06-01T12:13:23,63,82,0,145
2023-06-01T12:25:01,63,82,0,145
2023-06-01T12:36:39,63,82,0,145
2023-06-01T12:48:18,63,82,0,145
2023-06-01T12:59:57,63,82,0,145
2023-06-01T13:11:46,63,82,0,145
2023-06-01T13:23:24,63,82,0,145
2023-06-01T13:35:02,63,82,0,145
2023-06-01T13:46:41,63,82,0,145
2023-06-01T13:58:20,63,82,0,145
2023-06-01T14:09:59,63,82,0,145
2023-06-01T14:21:49,63,82,0,145
2023-06-01T14:33:27,63,82,0,145
2023-06-01T14:45:05,63,82,0,145
2023-06-01T14:56:44,63,82,0,145
2023-06-01T15:08:25,63,82,0,145
2023-06-01T15:20:16,63,82,0,145
2023-06-01T15:31:55,63,82,0,145
2023-06-01T15:43:34,63,82,0,145
2023-06-01T15:55:13,63,82,0,145
2023-06-01T16:06:51,63,82,0,145
2023-06-01T16:18:30,63,82,0,145
2023-06-01T16:30:08,63,82,0,145
2023-06-01T16:41:59,63,82,0,145
2023-06-01T16:53:37,63,82,0,145
2023-06-01T17:05:16,63,82,0,145
2023-06-01T17:16:57,63,82,0,145
2023-06-01T17:28:36,63,82,0,145
2023-06-01T17:40:14,63,82,0,145
2023-06-01T17:51:53,63,82,0,145
2023-06-01T18:03:43,63,82,0,145
2023-06-01T18:15:21,63,82,0,145
2023-06-01T18:27:02,63,82,0,145
2023-06-01T18:38:42,63,82,0,145
2023-06-01T18:50:23,63,82,0,145
2023-06-01T19:02:03,63,82,0,145
2023-06-01T19:13:44,63,82,0,145
2023-06-01T19:25:24,63,82,0,145
2023-06-01T19:37:05,63,82,0,145
2023-06-01T19:48:57,63,82,0,145
2023-06-01T20:00:37,63,82,0,145
2023-06-01T20:12:18,63,82,0,145
2023-06-01T20:23:59,63,82,0,145
2023-06-01T20:35:39,63,82,0,145
2023-06-01T20:47:20,63,82,0,145
2023-06-01T20:59:00,63,82,0,145
2023-06-01T21:10:41,63,82,0,145
2023-06-01T21:22:21,63,82,0,145
2023-06-01T21:34:02,63,82,0,145
2023-06-01T21:45:53,63,82,0,145
2023-06-01T21:57:33,63,82,0,145
2023-06-01T22:09:14,63,82,0,145
2023-06-01T22:20:55,63,82,0,145
2023-06-01T22:32:46,63,82,0,145
2023-06-01T22:44:26,63,82,0,145
2023-06-01T22:56:06,63,82,0,145
2023-06-01T23:07:47,63,82,0,145
2023-06-01T23:19:28,63,82,0,145
2023-06-01T23:31:09,63,82,0,145
2023-06-01T23:42:50,63,82,0,145
2023-06-01T23:54:31,63,82,0,145
2023-06-02T00:06:12,63,82,0,145
2023-06-02T00:18:08,63,82,0,145
2023-06-02T00:29:51,63,82,0,145
2023-06-02T00:41:36,63,82,0,145
2023-06-02T00:53:22,63,82,0,145
2023-06-02T01:05:07,63,82,0,145
2023-06-02T01:16:53,63,82,0,145
2023-06-02T01:28:37,63,82,0,145
2023-06-02T01:40:21,63,82,0,145
2023-06-02T01:52:06,63,82,0,145
2023-06-02T02:03:50,63,82,0,145
2023-06-02T02:15:33,63,82,0,145
2023-06-02T02:27:15,63,82,0,145
2023-06-02T02:38:58,63,82,0,145
2023-06-02T02:50:52,63,82,0,145
2023-06-02T03:02:35,63,82,0,145
2023-06-02T03:14:18,63,82,0,145
2023-06-02T03:26:02,63,82,0,145
2023-06-02T03:37:45,63,82,0,145
2023-06-02T03:49:29,63,82,0,145
2023-06-02T04:01:13,63,82,0,145
2023-06-02T04:12:56,63,82,0,145
2023-06-02T04:34:43,63,82,0,145
2023-06-02T04:46:44,63,82,0,145
2023-06-02T04:58:29,63,82,0,145
2023-06-02T05:10:13,63,82,0,145
2023-06-02T05:21:56,63,82,0,145
2023-06-02T05:33:49,63,82,0,145
2023-06-02T05:45:43,63,82,0,145
2023-06-02T05:57:28,63,82,0,145
2023-06-02T06:09:12,63,82,0,145
2023-06-02T06:20:54,63,82,0,145
2023-06-02T06:32:38,63,82,0,145
2023-06-02T06:44:20,63,82,0,145
2023-06-02T06:56:02,63,82,0,145
2023-06-02T07:07:44,63,82,0,145
2023-06-02T07:19:27,63,82,0,145
2023-06-02T07:31:09,63,82,0,145
2023-06-02T07:42:50,63,82,0,145
2023-06-02T07:54:33,63,82,0,145
2023-06-02T08:06:26,63,82,0,145
2023-06-02T08:18:08,63,82,0,145
2023-06-02T08:29:51,63,82,0,145
2023-06-02T08:41:33,63,82,0,145
2023-06-02T08:53:15,63,82,0,145
2023-06-02T09:04:58,63,82,0,145
2023-06-02T09:16:40,63,82,0,145
2023-06-02T09:28:23,63,82,0,145
2023-06-02T09:40:06,63,82,0,145
2023-06-02T09:51:48,63,82,0,145
2023-06-02T10:03:30,63,82,0,145
2023-06-02T10:15:12,63,82,0,145
2023-06-02T10:27:05,63,82,0,145
2023-06-02T10:38:45,63,82,0,145
2023-06-02T10:50:26,63,82,0,145
2023-06-02T11:02:06,63,82,0,145
2023-06-02T11:13:47,63,82,0,145
2023-06-02T11:25:28,63,82,0,145
2023-06-02T11:37:08,63,82,0,145
2023-06-02T11:49:00,63,82,0,145
2023-06-02T12:00:40,63,82,0,145
2023-06-02T12:12:20,63,82,0,145
2023-06-02T12:24:01,63,82,0,145
2023-06-02T12:35:41,63,82,0,145
2023-06-02T12:47:22,63,82,0,145
2023-06-02T12:59:14,63,82,0,145
2023-06-02T13:10:55,63,82,0,145
2023-06-02T13:22:35,63,82,0,145
2023-06-02T13:34:15,63,82,0,145
2023-06-02T13:45:56,63,82,0,145
2023-06-02T13:57:37,63,82,0,145
2023-06-02T14:09:17,63,82,0,145
2023-06-02T14:21:09,63,82,0,145
2023-06-02T14:32:50,63,82,0,145
2023-06-02T14:44:31,63,82,0,145
2023-06-02T14:56:12,63,82,0,145
2023-06-02T15:07:53,63,82,0,145
2023-06-02T15:19:34,63,82,0,145
2023-06-02T15:31:17,63,82,0,145
2023-06-02T15:43:08,63,82,0,145
2023-06-02T15:54:49,63,82,0,145
2023-06-02T16:06:32,63,82,0,145
2023-06-02T16:18:13,63,82,0,145
2023-06-02T16:29:55,63,82,0,145
2023-06-02T16:41:37,63,82,0,145
2023-06-02T16:53:18,63,82,0,145
2023-06-02T17:05:01,63,82,0,145
2023-06-02T17:16:43,63,82,0,145
2023-06-02T17:28:35,63,82,0,145
2023-06-02T17:40:16,63,82,0,145
2023-06-02T17:51:57,63,82,0,145
2023-06-02T18:03:38,63,82,0,145
2023-06-02T18:15:18,63,82,0,145
2023-06-02T18:26:59,63,82,0,145
2023-06-02T18:38:40,63,82,0,145
2023-06-02T18:50:21,63,82,0,145
2023-06-02T19:02:02,63,82,0,145
2023-06-02T19:13:44,63,82,0,145
2023-06-02T19:25:36,63,82,0,145
2023-06-02T19:37:18,63,82,0,145
2023-06-02T19:48:59,63,82,0,145
2023-06-02T20:00:40,63,82,0,145
2023-06-02T20:12:22,63,82,0,145
2023-06-02T20:24:03,63,82,0,145
2023-06-02T20:35:44,63,82,0,145
2023-06-02T20:47:25,63,82,0,145
2023-06-02T20:59:06,63,82,0,145
2023-06-02T21:10:48,63,82,0,145
2023-06-02T21:22:29,63,82,0,145
2023-06-02T21:34:21,63,82,0,145
2023-06-02T21:46:02,63,82,0,145
2023-06-02T21:57:42,63,82,0,145
2023-06-02T22:09:24,63,82,0,145
2023-06-02T22:21:05,63,82,0,145
2023-06-02T22:32:46,63,82,0,145
2023-06-02T22:44:26,63,82,0,145
2023-06-02T22:56:07,63,82,0,145
2023-06-02T23:07:49,63,82,0,145
2023-06-02T23:19:31,63,82,0,145
2023-06-02T23:31:13,63,82,0,145
2023-06-02T23:43:05,63,82,0,145
2023-06-02T23:54:47,63,82,0,145
2023-06-03T00:07:05,63,82,0,145
2023-06-03T00:18:54,63,82,0,145
2023-06-03T00:30:39,63,82,0,145
2023-06-03T00:42:23,63,82,0,145
2023-06-03T00:54:08,63,82,0,145
2023-06-03T01:05:52,63,82,0,145
2023-06-03T01:17:39,63,82,0,145
2023-06-03T01:29:22,63,82,0,145
2023-06-03T01:41:06,63,82,0,145
2023-06-03T01:53:00,63,82,0,145
2023-06-03T02:04:44,63,82,0,145
2023-06-03T02:16:27,63,82,0,145
2023-06-03T02:28:10,63,82,0,145
2023-06-03T02:39:53,63,82,0,145
2023-06-03T02:51:35,63,82,0,145
2023-06-03T03:03:17,63,82,0,145
2023-06-03T03:15:00,63,82,0,145
2023-06-03T03:26:43,63,82,0,145
2023-06-03T03:38:25,63,82,0,145
2023-06-03T03:50:08,63,82,0,145
2023-06-03T04:02:04,63,82,0,145
2023-06-03T04:29:13,63,82,0,145
2023-06-03T04:40:59,63,82,0,145
2023-06-03T04:52:44,63,82,0,145
2023-06-03T05:04:29,63,82,0,145
2023-06-03T05:16:13,63,82,0,145
2023-06-03T05:27:59,63,82,0,145
2023-06-03T05:39:44,63,82,0,145
2023-06-03T05:51:28,63,82,0,145
2023-06-03T06:03:12,63,82,0,145
2023-06-03T06:14:57,63,82,0,145
2023-06-03T06:26:42,63,82,0,145
2023-06-03T06:38:27,63,82,0,145
2023-06-03T06:50:15,63,82,0,145
2023-06-03T07:01:59,63,82,0,145
2023-06-03T07:13:43,63,82,0,145
2023-06-03T07:25:27,63,82,0,145
2023-06-03T07:37:19,63,82,0,145
2023-06-03T07:49:02,63,82,0,145
2023-06-03T08:00:45,63,82,0,145
2023-06-03T08:12:29,63,82,0,145
2023-06-03T08:24:13,63,82,0,145
2023-06-03T08:35:58,63,82,0,145
2023-06-03T08:47:42,63,82,0,145
2023-06-03T08:59:26,63,82,0,145
2023-06-03T09:11:09,63,82,0,145
2023-06-03T09:22:53,63,82,0,145
2023-06-03T09:34:46,63,82,0,145
2023-06-03T09:46:29,63,82,0,145
2023-06-03T09:58:11,63,82,0,145
2023-06-03T10:09:53,63,82,0,145
2023-06-03T10:21:35,63,82,0,145
2023-06-03T10:33:17,63,82,0,145
2023-06-03T10:44:58,63,82,0,145
2023-06-03T10:56:40,63,82,0,145
2023-06-03T11:08:20,65,80,0,145
2023-06-03T11:20:01,65,80,0,145
2023-06-03T11:31:52,66,79,0,145
2023-06-03T11:43:33,66,79,0,145
2023-06-03T11:55:13,66,79,0,145
2023-06-03T12:06:54,68,77,0,145
2023-06-03T12:18:35,68,77,0,145
2023-06-03T12:30:15,68,77,0,145
2023-06-03T12:41:56,68,77,0,145
2023-06-03T12:53:36,68,77,0,145
2023-06-03T13:05:17,68,77,0,145
2023-06-03T13:16:57,68,77,0,145
2023-06-03T13:28:48,68,77,0,145
2023-06-03T13:40:29,68,77,0,145
2023-06-03T13:52:10,68,77,0,145
2023-06-03T14:03:51,68,77,0,145
2023-06-03T14:15:32,68,77,0,145
2023-06-03T14:27:12,68,77,0,145
2023-06-03T14:38:53,68,77,0,145
2023-06-03T14:50:43,68,77,0,145
2023-06-03T15:02:24,68,77,0,145
2023-06-03T15:14:04,68,77,0,145
2023-06-03T15:25:45,68,77,0,145
2023-06-03T15:37:26,68,77,0,145
2023-06-03T15:49:07,68,77,0,145
2023-06-03T16:00:47,68,77,0,145
2023-06-03T16:12:28,68,77,0,145
2023-06-03T16:24:08,68,77,0,145
2023-06-03T16:35:59,68,77,0,145
2023-06-03T16:47:39,68,77,0,145
2023-06-03T16:59:20,68,77,0,145
2023-06-03T17:11:02,68,77,0,145
2023-06-03T17:22:44,68,77,0,145
2023-06-03T17:34:25,68,77,0,145
2023-06-03T17:46:06,68,77,0,145
2023-06-03T17:57:46,68,77,0,145
2023-06-03T18:09:27,68,77,0,145
2023-06-03T18:21:07,68,77,0,145
2023-06-03T18:32:48,68,77,0,145
2023-06-03T18:44:38,68,77,0,145
2023-06-03T18:56:18,68,77,0,145
2023-06-03T19:08:00,68,77,0,145
2023-06-03T19:19:40,68,77,0,145
2023-06-03T19:31:21,68,77,0,145
2023-06-03T19:43:02,68,77,0,145
2023-06-03T19:54:43,68,77,0,145
2023-06-03T20:06:24,68,77,0,145
2023-06-03T20:18:05,68,77,0,145
2023-06-03T20:29:45,68,77,0,145
2023-06-03T20:41:36,68,77,0,145
2023-06-03T20:53:17,68,77,0,145
2023-06-03T21:04:58,68,77,0,145
2023-06-03T21:16:39,68,77,0,145
2023-06-03T21:28:20,68,77,0,145
2023-06-03T21:40:01,68,77,0,145
2023-06-03T21:51:42,68,77,0,145
2023-06-03T22:03:24,68,77,0,145
2023-06-03T22:15:05,68,77,0,145
2023-06-03T22:26:45,68,77,0,145
2023-06-03T22:38:26,68,77,0,145
2023-06-03T22:50:17,68,77,0,145
2023-06-03T23:01:58,68,77,0,145
2023-06-03T23:13:40,68,77,0,145
2023-06-03T23:25:21,68,77,0,145
2023-06-03T23:37:02,68,77,0,145
2023-06-03T23:48:44,68,77,0,145
2023-06-04T00:00:25,68,77,0,145
2023-06-04T00:12:12,68,77,0,145
2023-06-04T00:23:58,68,77,0,145
2023-06-04T00:35:42,68,77,0,145
2023-06-04T00:47:26,68,77,0,145
2023-06-04T00:59:10,68,77,0,145
2023-06-04T01:10:53,68,77,0,145
2023-06-04T01:22:46,68,77,0,145
2023-06-04T01:34:31,68,77,0,145
2023-06-04T01:46:15,68,77,0,145
2023-06-04T01:57:59,68,77,0,145
2023-06-04T02:09:44,68,77,0,145
2023-06-04T02:21:43,68,77,0,145
2023-06-04T02:33:29,68,77,0,145
2023-06-04T02:45:12,68,77,0,145
2023-06-04T02:56:55,68,77,0,145
2023-06-04T03:08:39,68,77,0,145
2023-06-04T03:20:22,68,77,0,145
2023-06-04T03:32:06,68,77,0,145
2023-06-04T03:43:50,68,77,0,145
2023-06-04T03:55:34,68,77,0,145
2023-06-04T04:07:19,68,77,0,145
2023-06-04T04:35:22,68,77,0,145
2023-06-04T04:47:09,68,77,0,145
2023-06-04T04:58:54,68,77,0,145
2023-06-04T05:10:40,68,77,0,145
2023-06-04T05:22:24,68,77,0,145
2023-06-04T05:34:08,68,77,0,145
2023-06-04T05:45:52,68,77,0,145
2023-06-04T05:57:36,68,77,0,145
2023-06-04T06:09:20,68,77,0,145
2023-06-04T06:21:03,68,77,0,145
2023-06-04T06:32:47,68,77,0,145
2023-06-04T06:44:31,68,77,0,145
2023-06-04T06:56:15,68,77,0,145
2023-06-04T07:07:57,68,77,0,145
2023-06-04T07:19:40,68,77,0,145
2023-06-04T07:31:21,68,77,0,145
2023-06-04T07:43:02,68,77,0,145
2023-06-04T07:54:43,68,77,0,145
2023-06-04T08:06:24,68,77,0,145
2023-06-04T08:18:18,68,77,0,145
2023-06-04T08:30:00,68,77,0,145
2023-06-04T08:41:42,68,77,0,145
2023-06-04T08:53:23,68,77,0,145
2023-06-04T09:05:05,68,77,0,145
2023-06-04T09:16:47,68,77,0,145
2023-06-04T09:28:29,68,77,0,145
2023-06-04T09:40:10,68,77,0,145
2023-06-04T09:51:51,68,77,0,145
2023-06-04T10:03:31,68,77,0,145
2023-06-04T10:15:13,68,77,0,145
2023-06-04T10:26:54,68,77,0,145
2023-06-04T10:38:36,68,77,0,145
2023-06-04T10:50:17,68,77,0,145
2023-06-04T11:01:58,68,77,0,145
2023-06-04T11:13:40,68,77,0,145
2023-06-04T11:25:32,68,77,0,145
2023-06-04T11:37:14,68,77,0,145
2023-06-04T11:48:55,68,77,0,145
2023-06-04T12:00:36,68,77,0,145
2023-06-04T12:12:17,68,77,0,145
2023-06-04T12:23:58,68,77,0,145
2023-06-04T12:35:39,68,77,0,145
2023-06-04T12:47:19,68,77,0,145
2023-06-04T12:59:00,68,77,0,145
2023-06-04T13:10:40,68,77,0,145
2023-06-04T13:22:21,68,77,0,145
2023-06-04T13:34:02,68,77,0,145
2023-06-04T13:45:52,68,77,0,145
2023-06-04T13:57:33,68,77,0,145
2023-06-04T14:09:14,68,77,0,145
2023-06-04T14:20:54,68,77,0,145
2023-06-04T14:32:35,68,77,0,145
2023-06-04T14:44:15,68,77,0,145
2023-06-04T14:55:55,68,77,0,145
2023-06-04T15:07:36,68,77,0,145
2023-06-04T15:19:17,68,77,0,145
2023-06-04T15:30:57,68,77,0,145
2023-06-04T15:42:49,68,77,0,145
2023-06-04T15:54:29,68,77,0,145
2023-06-04T16:06:10,68,77,0,145
2023-06-04T16:17:52,68,77,0,145
2023-06-04T16:29:33,68,77,0,145
2023-06-04T16:41:15,68,77,0,145
2023-06-04T16:52:56,68,77,0,145
2023-06-04T17:04:37,68,77,0,145
2023-06-04T17:16:18,68,77,0,145
2023-06-04T17:28:00,68,77,0,145
2023-06-04T17:39:52,68,77,0,145
2023-06-04T17:51:32,68,77,0,145
2023-06-04T18:03:13,69,76,0,145
2023-06-04T18:14:53,69,76,0,145
2023-06-04T18:26:35,69,76,0,145
2023-06-04T18:38:16,69,76,0,145
2023-06-04T18:49:57,69,76,0,145
2023-06-04T19:01:39,69,76,0,145
2023-06-04T19:13:22,69,76,0,145
2023-06-04T19:25:13,69,76,0,145
2023-06-04T19:36:54,69,76,0,145
2023-06-04T19:48:35,69,76,0,145
2023-06-04T20:00:16,69,76,0,145
2023-06-04T20:11:57,69,76,0,145
2023-06-04T20:23:38,69,76,0,145
2023-06-04T20:35:19,69,76,0,145
2023-06-04T20:47:00,69,76,0,145
2023-06-04T20:58:41,69,76,0,145
2023-06-04T21:10:22,69,76,0,145
2023-06-04T21:22:13,69,76,0,145
2023-06-04T21:33:55,69,76,0,145
2023-06-04T21:45:37,70,75,0,145
2023-06-04T21:57:18,70,75,0,145
2023-06-04T22:08:59,70,75,0,145
2023-06-04T22:20:40,70,75,0,145
2023-06-04T22:32:21,70,75,0,145
2023-06-04T22:44:02,70,75,0,145
2023-06-04T22:55:43,70,75,0,145
2023-06-04T23:07:24,70,75,0,145
2023-06-04T23:19:16,70,75,0,145
2023-06-04T23:30:57,70,75,0,145
2023-06-04T23:42:40,70,75,0,145
2023-06-04T23:54:21,70,75,0,145
2023-06-05T00:06:03,70,75,0,145
2023-06-05T00:17:52,70,75,0,145
2023-06-05T00:29:40,70,75,0,145
2023-06-05T00:41:33,70,75,0,145
2023-06-05T00:53:17,70,75,0,145
2023-06-05T01:04:58,70,75,0,145
2023-06-05T01:16:58,70,75,0,145
2023-06-05T01:28:42,70,75,0,145
2023-06-05T01:40:27,70,75,0,145
2023-06-05T01:52:10,70,75,0,145
2023-06-05T02:04:00,70,75,0,145
2023-06-05T02:15:43,70,75,0,145
2023-06-05T02:27:27,70,75,0,145
2023-06-05T02:39:09,70,75,0,145
2023-06-05T02:50:53,70,75,0,145
2023-06-05T03:02:35,70,75,0,145
2023-06-05T03:14:18,70,75,0,145
2023-06-05T03:26:03,70,75,0,145
2023-06-05T03:37:46,70,75,0,145
2023-06-05T03:49:31,70,75,0,145
2023-06-05T04:01:16,70,75,0,145
2023-06-05T04:13:01,70,75,0,145
2023-06-05T04:38:53,70,75,0,145
2023-06-05T04:51:02,70,75,0,145
2023-06-05T05:02:48,70,75,0,145
2023-06-05T05:14:33,70,75,0,145
2023-06-05T05:26:17,70,75,0,145
2023-06-05T05:38:02,70,75,0,145
2023-06-05T05:49:47,70,75,0,145
2023-06-05T06:01:32,70,75,0,145
2023-06-05T06:13:19,70,75,0,145
2023-06-05T06:25:04,70,75,0,145
2023-06-05T06:36:48,70,75,0,145
2023-06-05T06:48:32,70,75,0,145
2023-06-05T07:00:16,70,75,0,145
2023-06-05T07:12:01,70,75,0,145
2023-06-05T07:23:43,70,75,0,145
2023-06-05T07:35:24,70,75,0,145
2023-06-05T07:47:05,70,75,0,145
2023-06-05T07:58:46,70,75,0,145
2023-06-05T08:10:28,70,75,0,145
2023-06-05T08:22:09,70,75,0,145
2023-06-05T08:34:01,70,75,0,145
2023-06-05T08:45:42,70,75,0,145
2023-06-05T08:57:24,70,75,0,145
2023-06-05T09:09:05,70,75,0,145
2023-06-05T09:20:46,70,75,0,145
2023-06-05T09:32:27,70,75,0,145
2023-06-05T09:44:08,70,75,0,145
2023-06-05T09:55:50,70,75,0,145
2023-06-05T10:07:31,70,75,0,145
2023-06-05T10:19:23,70,75,0,145
2023-06-05T10:31:05,70,75,0,145
2023-06-05T10:42:46,70,75,0,145
2023-06-05T10:54:27,70,75,0,145
2023-06-05T11:06:09,70,75,0,145
2023-06-05T11:17:50,71,74,0,145
2023-06-05T11:29:42,71,74,0,145
2023-06-05T11:41:24,71,74,0,145
2023-06-05T11:53:05,71,74,0,145
2023-06-05T12:04:47,71,74,0,145
2023-06-05T12:16:28,71,74,0,145
2023-06-05T12:28:21,71,74,0,145
2023-06-05T12:40:03,71,74,0,145
2023-06-05T12:51:46,71,74,0,145
2023-06-05T13:03:28,71,74,0,145
2023-06-05T13:15:21,71,74,0,145
2023-06-05T13:27:03,71,74,0,145
2023-06-05T13:38:44,71,74,0,145
2023-06-05T13:50:25,71,74,0,145
2023-06-05T14:02:06,71,74,0,145
2023-06-05T14:13:58,71,74,0,145
2023-06-05T14:25:39,71,74,0,145
2023-06-05T14:37:24,71,74,0,145
2023-06-05T14:49:05,71,74,0,145
2023-06-05T15:00:58,71,74,0,145
2023-06-05T15:12:40,71,74,0,145
2023-06-05T15:24:23,71,74,0,145
2023-06-05T15:36:04,71,74,0,145
2023-06-05T15:47:46,71,74,0,145
2023-06-05T15:59:38,71,74,0,145
2023-06-05T16:11:19,71,74,0,145
2023-06-05T16:23:00,71,74,0,145
2023-06-05T16:34:41,71,74,0,145
2023-06-05T16:46:25,71,74,0,145
2023-06-05T16:58:16,71,74,0,145
2023-06-05T17:09:58,71,74,0,145
2023-06-05T17:21:40,71,74,0,145
2023-06-05T17:33:21,71,74,0,145
2023-06-05T17:45:05,71,74,0,145
2023-06-05T17:56:46,71,74,0,145
2023-06-05T18:08:38,71,74,0,145
2023-06-05T18:20:19,71,74,0,145
2023-06-05T18:32:00,71,74,0,145
2023-06-05T18:43:40,71,74,0,145
2023-06-05T18:55:22,71,74,0,145
2023-06-05T19:07:04,71,74,0,145
2023-06-05T19:18:55,71,74,0,145
2023-06-05T19:30:37,71,74,0,145
2023-06-05T19:42:18,71,74,0,145
2023-06-05T19:53:59,71,74,0,145
2023-06-05T20:05:41,71,74,0,145
2023-06-05T20:17:23,71,74,0,145
2023-06-05T20:29:04,71,74,0,145
2023-06-05T20:40:58,71,74,0,145
2023-06-05T20:52:39,71,74,0,145
2023-06-05T21:04:21,71,74,0,145
2023-06-05T21:16:02,71,74,0,145
2023-06-05T21:27:44,71,74,0,145
2023-06-05T21:39:25,71,74,0,145
2023-06-05T21:51:07,71,74,0,145
2023-06-05T22:03:00,71,74,0,145
2023-06-05T22:14:41,72,73,0,145
2023-06-05T22:26:23,72,73,0,145
2023-06-05T22:38:04,72,73,0,145
2023-06-05T22:49:46,72,73,0,145
2023-06-05T23:01:28,72,73,0,145
2023-06-05T23:13:10,72,73,0,145
2023-06-05T23:25:03,72,73,0,145
2023-06-05T23:36:45,72,73,0,145
2023-06-05T23:48:27,72,73,0,145
2023-06-06T00:00:09,72,73,0,145
2023-06-06T00:11:53,72,73,0,145
2023-06-06T00:23:36,72,73,0,145
2023-06-06T00:35:20,73,72,0,145
2023-06-06T00:47:06,73,72,0,145
2023-06-06T00:59:02,73,72,0,145
2023-06-06T01:10:46,73,72,0,145
2023-06-06T01:22:31,73,72,0,145
2023-06-06T01:34:15,73,72,0,145
2023-06-06T01:45:59,73,72,0,145
2023-06-06T01:57:45,73,72,0,145
2023-06-06T02:09:28,73,72,0,145
2023-06-06T02:21:12,73,72,0,145
2023-06-06T02:32:55,73,72,0,145
2023-06-06T02:44:38,73,72,0,145
2023-06-06T02:56:20,73,72,0,145
2023-06-06T03:08:03,73,72,0,145
2023-06-06T03:19:46,73,72,0,145
2023-06-06T03:31:30,73,72,0,145
2023-06-06T03:43:13,73,72,0,145
2023-06-06T03:54:58,73,72,0,145
2023-06-06T04:06:42,73,72,0,145
2023-06-06T04:34:29,73,72,0,145
2023-06-06T04:47:38,73,72,0,145
2023-06-06T04:59:42,73,72,0,145
2023-06-06T05:11:27,73,72,0,145
2023-06-06T05:23:12,73,72,0,145
2023-06-06T05:34:57,73,72,0,145
2023-06-06T05:46:42,73,72,0,145
2023-06-06T05:58:26,73,72,0,145
2023-06-06T06:10:13,73,72,0,145
2023-06-06T06:21:59,73,72,0,145
2023-06-06T06:33:44,73,72,0,145
2023-06-06T06:45:27,73,72,0,145
2023-06-06T06:57:11,73,72,0,145
2023-06-06T07:08:56,73,72,0,145
2023-06-06T07:20:40,73,72,0,145
2023-06-06T07:32:23,73,72,0,145
2023-06-06T07:44:07,73,72,0,145
2023-06-06T07:55:50,73,72,0,145
2023-06-06T08:07:33,73,72,0,145
2023-06-06T08:19:16,73,72,0,145
2023-06-06T08:30:59,73,72,0,145
2023-06-06T08:42:42,73,72,0,145
2023-06-06T08:54:35,74,71,0,145
2023-06-06T09:06:19,74,71,0,145
2023-06-06T09:18:02,75,70,0,145
2023-06-06T09:29:44,75,70,0,145
2023-06-06T09:41:27,75,70,0,145
2023-06-06T09:53:10,75,70,0,145
2023-06-06T10:04:52,76,69,0,145
2023-06-06T10:16:33,76,69,0,145
2023-06-06T10:28:27,76,69,0,145
2023-06-06T10:40:09,76,69,0,145
2023-06-06T10:51:51,76,69,0,145
2023-06-06T11:03:33,76,69,0,145
2023-06-06T11:15:16,75,70,0,145
2023-06-06T11:27:09,75,70,0,145
2023-06-06T11:38:51,75,70,0,145
2023-06-06T11:50:33,75,70,0,145
2023-06-06T12:02:14,75,70,0,145
2023-06-06T12:14:07,75,70,0,145
2023-06-06T12:25:50,75,70,0,145
2023-06-06T12:37:32,75,70,0,145
2023-06-06T12:49:14,75,70,0,145
2023-06-06T13:00:55,75,70,0,145
2023-06-06T13:12:48,75,70,0,145
2023-06-06T13:24:31,75,70,0,145
2023-06-06T13:36:13,76,69,0,145
2023-06-06T13:47:57,76,69,0,145
2023-06-06T13:59:50,77,68,0,145
2023-06-06T14:11:35,77,68,0,145
2023-06-06T14:23:19,78,67,0,145
2023-06-06T14:35:13,78,67,0,145
2023-06-06T14:46:55,78,67,0,145
2023-06-06T14:58:37,79,66,0,145
2023-06-06T15:10:19,79,66,0,145
2023-06-06T15:22:05,80,65,0,145
2023-06-06T15:33:58,80,65,0,145
2023-06-06T15:45:40,80,65,0,145
2023-06-06T15:57:23,80,65,0,145
2023-06-06T16:09:06,80,65,0,145
2023-06-06T16:21:01,81,64,0,145
2023-06-06T16:32:44,81,64,0,145
2023-06-06T16:44:26,82,63,0,145
2023-06-06T16:56:08,82,63,0,145
2023-06-06T17:07:53,82,63,0,145
2023-06-06T17:19:47,83,62,0,145
2023-06-06T17:31:29,83,62,0,145
2023-06-06T17:43:12,83,62,0,145
2023-06-06T17:54:55,84,61,0,145
2023-06-06T18:06:51,85,60,0,145
2023-06-06T18:18:34,85,60,0,145
2023-06-06T18:30:16,85,60,0,145
2023-06-06T18:41:59,85,60,0,145
2023-06-06T18:53:42,85,60,0,145
2023-06-06T19:05:35,86,59,0,145
2023-06-06T19:17:15,86,59,0,145
2023-06-06T19:28:54,86,59,0,145
2023-06-06T19:40:33,86,59,0,145
2023-06-06T19:52:12,86,59,0,145
2023-06-06T20:04:04,87,58,0,145
2023-06-06T20:15:43,88,57,0,145
2023-06-06T20:27:22,88,57,0,145
2023-06-06T20:39:02,88,57,0,145
2023-06-06T20:50:40,88,57,0,145
2023-06-06T21:02:30,90,55,0,145
2023-06-06T21:14:09,91,54,0,145
2023-06-06T21:25:49,91,54,0,145
2023-06-06T21:37:27,91,54,0,145
2023-06-06T21:49:06,92,53,0,145
2023-06-06T22:00:44,93,52,0,145
2023-06-06T22:12:23,93,52,0,145
2023-06-06T22:24:12,93,52,0,145
2023-06-06T22:35:51,94,51,0,145
2023-06-06T22:47:29,94,51,0,145
2023-06-06T22:59:07,94,51,0,145
2023-06-06T23:10:47,94,51,0,145
2023-06-06T23:22:27,94,51,0,145
2023-06-06T23:34:06,95,50,0,145
2023-06-06T23:45:56,95,50,0,145
2023-06-06T23:57:35,96,49,0,145
2023-06-07T00:09:15,96,49,0,145
2023-06-07T00:21:01,96,49,0,145
2023-06-07T00:32:42,97,48,0,145
2023-06-07T00:44:23,97,48,0,145
2023-06-07T00:56:05,98,47,0,145
2023-06-07T01:07:48,98,47,0,145
2023-06-07T01:19:41,98,47,0,145
2023-06-07T01:31:23,98,47,0,145
2023-06-07T01:43:04,98,47,0,145
2023-06-07T01:54:46,98,47,0,145
2023-06-07T02:06:28,98,47,0,145
2023-06-07T02:18:08,98,47,0,145
2023-06-07T02:29:48,98,47,0,145
2023-06-07T02:41:29,98,47,0,145
2023-06-07T02:53:11,98,47,0,145
2023-06-07T03:04:54,98,47,0,145
2023-06-07T03:16:37,98,47,0,145
2023-06-07T03:28:19,98,47,0,145
2023-06-07T03:40:02,98,47,0,145
2023-06-07T03:51:44,98,47,0,145
2023-06-07T04:03:25,98,47,0,145
2023-06-07T04:25:50,98,47,0,145
2023-06-07T04:37:35,98,47,0,145
2023-06-07T04:51:09,98,47,0,145
2023-06-07T05:02:55,98,47,0,145
2023-06-07T05:14:42,98,47,0,145
2023-06-07T05:26:27,98,47,0,145
2023-06-07T05:38:12,98,47,0,145
2023-06-07T05:49:57,98,47,0,145
2023-06-07T06:01:42,98,47,0,145
2023-06-07T06:13:27,98,47,0,145
2023-06-07T06:25:12,98,47,0,145
2023-06-07T06:36:57,98,47,0,145
2023-06-07T06:48:42,98,47,0,145
2023-06-07T07:00:26,98,47,0,145
2023-06-07T07:12:13,98,47,0,145
2023-06-07T07:23:58,98,47,0,145
2023-06-07T07:35:42,98,47,0,145
2023-06-07T07:47:25,98,47,0,145
2023-06-07T07:59:07,99,46,0,145
2023-06-07T08:10:50,99,46,0,145
2023-06-07T08:22:32,99,46,0,145
2023-06-07T08:34:24,100,45,0,145
2023-06-07T08:46:08,100,45,0,145
2023-06-07T08:57:51,100,45,0,145
2023-06-07T09:09:33,100,45,0,145
2023-06-07T09:21:17,102,43,0,145
2023-06-07T09:32:59,103,42,0,145
2023-06-07T09:44:42,103,42,0,145
2023-06-07T09:56:25,104,41,0,145
2023-06-07T10:08:20,104,41,0,145
2023-06-07T10:20:03,104,41,0,145
2023-06-07T10:31:46,104,41,0,145
2023-06-07T10:43:28,105,40,0,145
2023-06-07T10:55:22,105,40,0,145
2023-06-07T11:07:07,105,40,0,145
2023-06-07T11:18:50,105,40,0,145
2023-06-07T11:30:34,107,38,0,145
2023-06-07T11:42:40,109,36,0,145
2023-06-07T11:54:23,110,35,0,145
2023-06-07T12:06:07,111,34,0,145
2023-06-07T12:17:50,112,33,0,145
2023-06-07T12:29:44,112,33,0,145
2023-06-07T12:41:26,113,32,0,145
2023-06-07T12:53:09,113,32,0,145
2023-06-07T13:04:51,115,30,0,145
2023-06-07T13:16:34,117,28,0,145
2023-06-07T13:28:26,118,27,0,145
2023-06-07T13:40:08,118,27,0,145
2023-06-07T13:51:51,121,24,0,145
2023-06-07T14:03:50,121,24,0,145
2023-06-07T14:15:33,121,24,0,145
2023-06-07T14:27:15,122,23,0,145
2023-06-07T14:38:57,123,22,0,145
2023-06-07T14:50:39,123,22,0,145
2023-06-07T15:02:32,123,22,0,145
2023-06-07T15:14:16,124,21,0,145
2023-06-07T15:26:00,125,20,0,145
2023-06-07T15:37:43,125,20,0,145
2023-06-07T15:49:46,126,19,0,145
2023-06-07T16:01:30,127,18,0,145
2023-06-07T16:13:13,127,18,0,145
2023-06-07T16:24:57,128,17,0,145
2023-06-07T16:36:51,128,17,0,145
2023-06-07T16:48:33,128,17,0,145
2023-06-07T17:00:16,128,17,0,145
2023-06-07T17:12:22,129,16,0,145
2023-06-07T17:24:05,129,16,0,145
2023-06-07T17:35:47,129,16,0,145
2023-06-07T17:47:29,129,16,0,145
2023-06-07T17:59:13,129,16,0,145
2023-06-07T18:11:12,129,16,0,145
2023-06-07T18:22:55,129,16,0,145
2023-06-07T18:34:38,129,16,0,145
2023-06-07T18:46:20,130,15,0,145
2023-06-07T18:58:03,130,15,0,145
2023-06-07T19:09:57,130,15,0,145
2023-06-07T19:21:41,130,15,0,145
2023-06-07T19:33:24,130,15,0,145
2023-06-07T19:45:07,131,14,0,145
2023-06-07T19:56:49,131,14,0,145
2023-06-07T20:08:32,132,13,0,145
2023-06-07T20:20:26,132,13,0,145
2023-06-07T20:32:08,132,13,0,145
2023-06-07T20:43:50,132,13,0,145
2023-06-07T20:55:32,132,13,0,145
2023-06-07T21:07:14,132,13,0,145
2023-06-07T21:19:16,132,13,0,145
2023-06-07T21:30:58,132,13,0,145
2023-06-07T21:42:42,132,13,0,145
2023-06-07T21:54:24,132,13,0,145
2023-06-07T22:06:07,132,13,0,145
2023-06-07T22:17:59,132,13,0,145
2023-06-07T22:29:42,132,13,0,145
2023-06-07T22:41:25,132,13,0,145
2023-06-07T22:53:06,132,13,0,145
2023-06-07T23:04:49,132,13,0,145
2023-06-07T23:16:31,132,13,0,145
2023-06-07T23:28:14,132,13,0,145
2023-06-07T23:40:07,132,13,0,145
2023-06-07T23:51:50,132,13,0,145
2023-06-08T00:03:33,132,13,0,145
2023-06-08T00:15:18,132,13,0,145
2023-06-08T00:27:04,132,13,0,145
2023-06-08T00:38:51,132,13,0,145
2023-06-08T00:50:36,132,13,0,145
2023-06-08T01:02:44,132,13,0,145
2023-06-08T01:14:29,132,13,0,145
2023-06-08T01:26:13,132,13,0,145
2023-06-08T01:37:58,132,13,0,145
2023-06-08T01:49:43,132,13,0,145
2023-06-08T02:01:30,132,13,0,145
2023-06-08T02:13:15,132,13,0,145
2023-06-08T02:24:59,132,13,0,145
2023-06-08T02:36:44,132,13,0,145
2023-06-08T02:48:27,132,13,0,145
2023-06-08T03:00:09,132,13,0,145
2023-06-08T03:11:53,132,13,0,145
2023-06-08T03:23:48,132,13,0,145
2023-06-08T03:35:33,132,13,0,145
2023-06-08T03:47:17,132,13,0,145
2023-06-08T03:59:02,132,13,0,145
2023-06-08T04:10:49,132,13,0,145
2023-06-08T04:39:40,132,13,0,145
2023-06-08T04:51:30,132,13,0,145
2023-06-08T05:03:17,132,13,0,145
2023-06-08T05:15:02,132,13,0,145
2023-06-08T05:26:47,132,13,0,145
2023-06-08T05:38:32,132,13,0,145
2023-06-08T05:51:53,132,13,0,145
2023-06-08T06:04:01,132,13,0,145
2023-06-08T06:15:46,132,13,0,145
2023-06-08T06:27:31,132,13,0,145
2023-06-08T06:39:16,132,13,0,145
2023-06-08T06:51:01,132,13,0,145
2023-06-08T07:02:46,132,13,0,145
2023-06-08T07:14:31,132,13,0,145
2023-06-08T07:26:18,132,13,0,145
2023-06-08T07:38:01,132,13,0,145
2023-06-08T07:49:45,132,13,0,145
2023-06-08T08:01:30,132,13,0,145
2023-06-08T08:13:14,132,13,0,145
2023-06-08T08:24:59,132,13,0,145
2023-06-08T08:36:59,132,13,0,145
2023-06-08T08:48:43,132,13,0,145
2023-06-08T09:00:28,132,13,0,145
2023-06-08T09:12:11,132,13,0,145
2023-06-08T09:23:54,132,13,0,145
2023-06-08T09:35:37,132,13,0,145
2023-06-08T09:47:20,133,12,0,145
2023-06-08T09:59:03,133,12,0,145
2023-06-08T10:10:58,133,12,0,145
2023-06-08T10:22:41,133,12,0,145
2023-06-08T10:34:23,133,12,0,145
2023-06-08T10:46:06,133,12,0,145
2023-06-08T10:57:49,133,12,0,145
2023-06-08T11:09:32,133,12,0,145
2023-06-08T11:21:27,133,12,0,145
2023-06-08T11:33:11,133,12,0,145
2023-06-08T11:44:53,133,12,0,145
2023-06-08T11:56:38,133,12,0,145
2023-06-08T12:08:22,133,12,0,145
2023-06-08T12:20:15,133,12,0,145
2023-06-08T12:31:59,133,12,0,145
2023-06-08T12:43:42,133,12,0,145
2023-06-08T12:55:24,133,12,0,145
2023-06-08T13:07:07,133,12,0,145
2023-06-08T13:18:59,133,12,0,145
2023-06-08T13:30:42,133,12,0,145
2023-06-08T13:42:24,133,12,0,145
2023-06-08T13:54:07,133,12,0,145
2023-06-08T14:05:50,133,12,0,145
2023-06-08T14:17:33,133,12,0,145
2023-06-08T14:29:26,134,11,0,145
2023-06-08T14:41:08,134,11,0,145
2023-06-08T14:52:51,134,11,0,145
2023-06-08T15:04:33,134,11,0,145
2023-06-08T15:16:16,134,11,0,145
2023-06-08T15:28:16,134,11,0,145
2023-06-08T15:39:58,134,11,0,145
2023-06-08T15:51:41,134,11,0,145
2023-06-08T16:03:23,134,11,0,145
2023-06-08T16:15:06,134,11,0,145
2023-06-08T16:26:48,134,11,0,145
2023-06-08T16:38:30,134,11,0,145
2023-06-08T16:50:23,134,11,0,145
2023-06-08T17:02:05,134,11,0,145
2023-06-08T17:13:49,134,11,0,145
2023-06-08T17:25:32,134,11,0,145
2023-06-08T17:37:14,134,11,0,145
2023-06-08T17:48:57,134,11,0,145
2023-06-08T18:00:39,134,11,0,145
2023-06-08T18:12:23,134,11,0,145
2023-06-08T18:24:15,134,11,0,145
2023-06-08T18:35:57,134,11,0,145
2023-06-08T18:47:39,134,11,0,145
2023-06-08T18:59:21,134,11,0,145
2023-06-08T19:11:04,134,11,0,145
2023-06-08T19:22:47,135,10,0,145
2023-06-08T19:34:29,135,10,0,145
2023-06-08T20:05:51,135,10,0,145
2023-06-08T20:17:34,135,10,0,145
2023-06-08T20:29:16,135,10,0,145
2023-06-08T20:40:59,135,10,0,145
2023-06-08T20:52:41,135,10,0,145
2023-06-08T21:04:23,135,10,0,145
2023-06-08T21:16:05,135,10,0,145
2023-06-08T21:27:47,135,10,0,145
2023-06-08T21:39:30,135,10,0,145
2023-06-08T21:51:12,135,10,0,145
2023-06-08T22:03:05,135,10,0,145
2023-06-08T22:14:47,135,10,0,145
2023-06-08T22:26:30,135,10,0,145
2023-06-08T22:38:12,135,10,0,145
2023-06-08T22:49:54,135,10,0,145
2023-06-08T23:01:36,135,10,0,145
2023-06-08T23:13:19,135,10,0,145
2023-06-08T23:25:03,135,10,0,145
2023-06-08T23:36:45,135,10,0,145
2023-06-08T23:48:28,135,10,0,145
2023-06-09T00:00:11,135,10,0,145
2023-06-09T00:12:12,135,10,0,145
2023-06-09T00:23:59,135,10,0,145
2023-06-09T00:35:45,135,10,0,145
2023-06-09T00:47:31,135,10,0,145
2023-06-09T00:59:17,135,10,0,145
2023-06-09T01:11:03,135,10,0,145
2023-06-09T01:22:49,135,10,0,145
2023-06-09T01:34:35,135,10,0,145
2023-06-09T01:46:22,135,10,0,145
2023-06-09T01:58:09,135,10,0,145
2023-06-09T02:09:54,135,10,0,145
2023-06-09T02:21:38,135,10,0,145
2023-06-09T02:33:23,136,9,0,145
2023-06-09T02:45:26,136,9,0,145
2023-06-09T02:57:26,136,9,0,145
2023-06-09T03:09:13,136,9,0,145
2023-06-09T03:20:59,136,9,0,145
2023-06-09T03:32:45,136,9,0,145
2023-06-09T03:44:30,136,9,0,145
2023-06-09T03:56:16,136,9,0,145
2023-06-09T04:08:01,136,9,0,145
2023-06-09T04:32:43,136,9,0,145
2023-06-09T04:44:31,136,9,0,145
2023-06-09T04:56:20,136,9,0,145
2023-06-09T05:08:09,136,9,0,145
2023-06-09T05:19:55,136,9,0,145
2023-06-09T05:31:41,136,9,0,145
2023-06-09T05:43:27,136,9,0,145
2023-06-09T05:55:13,136,9,0,145
2023-06-09T06:06:59,136,9,0,145
2023-06-09T06:18:45,136,9,0,145
2023-06-09T06:30:31,136,9,0,145
2023-06-09T06:42:17,136,9,0,145
2023-06-09T06:54:03,136,9,0,145
2023-06-09T07:05:48,136,9,0,145
2023-06-09T07:17:33,136,9,0,145
2023-06-09T07:29:20,136,9,0,145
2023-06-09T07:41:05,136,9,0,145
2023-06-09T07:52:48,136,9,0,145
2023-06-09T08:04:33,136,9,0,145
2023-06-09T08:16:16,136,9,0,145
2023-06-09T08:27:59,136,9,0,145
2023-06-09T08:39:42,136,9,0,145
2023-06-09T08:51:25,136,9,0,145
2023-06-09T09:03:18,136,9,0,145
2023-06-09T09:15:01,136,9,0,145
2023-06-09T09:26:43,136,9,0,145
2023-06-09T09:38:27,136,9,0,145
2023-06-09T09:50:10,136,9,0,145
2023-06-09T10:01:55,136,9,0,145
2023-06-09T10:13:38,136,9,0,145
2023-06-09T10:25:20,136,9,0,145
2023-06-09T10:37:03,136,9,0,145
2023-06-09T10:48:45,136,9,0,145
2023-06-09T11:00:28,136,9,0,145
2023-06-09T11:12:29,136,9,0,145
2023-06-09T11:24:12,136,9,0,145
2023-06-09T11:35:54,136,9,0,145
2023-06-09T11:47:36,136,9,0,145
2023-06-09T11:59:18,136,9,0,145
2023-06-09T12:11:01,136,9,0,145
2023-06-09T12:22:45,136,9,0,145
2023-06-09T12:34:29,136,9,0,145
2023-06-09T12:46:24,136,9,0,145
2023-06-09T12:58:08,136,9,0,145
2023-06-09T13:09:51,136,9,0,145
2023-06-09T13:21:36,136,9,0,145
2023-06-09T13:33:20,136,9,0,145
2023-06-09T13:45:04,136,9,0,145
2023-06-09T13:56:48,136,9,0,145
2023-06-09T14:08:49,136,9,0,145
2023-06-09T14:20:33,136,9,0,145
2023-06-09T14:32:17,136,9,0,145
2023-06-09T14:44:01,136,9,0,145
2023-06-09T14:55:46,136,9,0,145
2023-06-09T15:07:30,136,9,0,145
2023-06-09T15:19:14,136,9,0,145
2023-06-09T15:30:59,136,9,0,145
2023-06-09T15:42:43,136,9,0,145
2023-06-09T15:54:38,136,9,0,145
2023-06-09T16:06:23,136,9,0,145
2023-06-09T16:18:08,136,9,0,145
2023-06-09T16:29:52,136,9,0,145
2023-06-09T16:41:38,136,9,0,145
2023-06-09T16:53:22,136,9,0,145
2023-06-09T17:05:08,136,9,0,145
2023-06-09T17:17:05,136,9,0,145
2023-06-09T17:28:50,136,9,0,145
2023-06-09T17:40:35,136,9,0,145
2023-06-09T17:52:20,136,9,0,145
2023-06-09T18:04:06,136,9,0,145
2023-06-09T18:15:51,136,9,0,145
2023-06-09T18:27:36,136,9,0,145
2023-06-09T18:39:21,136,9,0,145
2023-06-09T18:51:07,136,9,0,145
2023-06-09T19:03:02,136,9,0,145
2023-06-09T19:14:47,136,9,0,145
2023-06-09T19:26:32,136,9,0,145
2023-06-09T19:38:17,136,9,0,145
2023-06-09T19:50:02,136,9,0,145
2023-06-09T20:01:48,136,9,0,145
2023-06-09T20:13:33,136,9,0,145
2023-06-09T20:25:18,136,9,0,145
2023-06-09T20:37:22,136,9,0,145
2023-06-09T20:49:07,136,9,0,145
2023-06-09T21:00:52,136,9,0,145
2023-06-09T21:12:37,136,9,0,145
2023-06-09T21:24:23,136,9,0,145
2023-06-09T21:36:08,136,9,0,145
2023-06-09T21:47:53,136,9,0,145
2023-06-09T21:59:38,136,9,0,145
2023-06-09T22:11:24,136,9,0,145
2023-06-09T22:23:09,136,9,0,145
2023-06-09T22:34:54,136,9,0,145
2023-06-09T22:46:39,136,9,0,145
2023-06-09T22:58:36,136,9,0,145
2023-06-09T23:10:22,136,9,0,145
2023-06-09T23:22:08,136,9,0,145
2023-06-09T23:33:54,136,9,0,145
2023-06-09T23:45:40,136,9,0,145
2023-06-09T23:57:26,136,9,0,145
2023-06-10T00:09:13,136,9,0,145
2023-06-10T00:21:04,136,9,0,145
2023-06-10T00:32:52,136,9,0,145
2023-06-10T00:44:41,136,9,0,145
2023-06-10T00:56:51,136,9,0,145
2023-06-10T01:08:39,136,9,0,145
2023-06-10T01:20:28,136,9,0,145
2023-06-10T01:32:18,136,9,0,145
2023-06-10T01:44:08,136,9,0,145
2023-06-10T01:55:57,136,9,0,145
2023-06-10T02:07:47,136,9,0,145
2023-06-10T02:19:35,136,9,0,145
2023-06-10T02:31:22,136,9,0,145
2023-06-10T02:43:08,136,9,0,145
2023-06-10T02:54:54,136,9,0,145
2023-06-10T03:06:39,136,9,0,145
2023-06-10T03:18:27,136,9,0,145
2023-06-10T03:30:14,136,9,0,145
2023-06-10T03:42:01,136,9,0,145
2023-06-10T03:53:49,136,9,0,145
2023-06-10T04:05:38,136,9,0,145
2023-06-10T04:18:09,136,9,0,145
2023-06-10T04:35:58,136,9,0,145
2023-06-10T04:49:23,136,9,0,145
2023-06-10T05:01:13,136,9,0,145
2023-06-10T05:13:02,136,9,0,145
2023-06-10T05:24:51,136,9,0,145
2023-06-10T05:36:39,136,9,0,145
2023-06-10T05:48:27,136,9,0,145
2023-06-10T06:00:16,136,9,0,145
2023-06-10T06:12:04,136,9,0,145
2023-06-10T06:23:52,136,9,0,145
2023-06-10T06:35:40,136,9,0,145
2023-06-10T06:47:29,136,9,0,145
2023-06-10T06:59:18,136,9,0,145
2023-06-10T07:11:07,136,9,0,145
2023-06-10T07:22:55,136,9,0,145
2023-06-10T07:34:43,136,9,0,145
2023-06-10T07:46:33,136,9,0,145
2023-06-10T07:58:21,136,9,0,145
2023-06-10T08:10:17,136,9,0,145
2023-06-10T08:22:05,136,9,0,145
2023-06-10T08:33:53,136,9,0,145
2023-06-10T08:45:42,136,9,0,145
2023-06-10T08:57:30,136,9,0,145
2023-06-10T09:09:18,136,9,0,145
2023-06-10T09:21:05,136,9,0,145
2023-06-10T09:32:53,136,9,0,145
2023-06-10T09:44:41,136,9,0,145
2023-06-10T09:56:28,136,9,0,145
2023-06-10T10:08:15,136,9,0,145
2023-06-10T10:20:01,136,9,0,145
2023-06-10T10:31:47,136,9,0,145
2023-06-10T10:43:34,136,9,0,145
2023-06-10T10:55:20,136,9,0,145
2023-06-10T11:07:17,136,9,0,145
2023-06-10T11:19:03,136,9,0,145
2023-06-10T11:30:47,136,9,0,145
2023-06-10T11:42:32,136,9,0,145
2023-06-10T11:54:17,136,9,0,145
2023-06-10T12:06:02,136,9,0,145
2023-06-10T12:17:47,136,9,0,145
2023-06-10T12:29:32,136,9,0,145
2023-06-10T12:41:17,136,9,0,145
2023-06-10T12:53:01,136,9,0,145
2023-06-10T13:04:47,136,9,0,145
2023-06-10T13:16:32,136,9,0,145
2023-06-10T13:28:26,136,9,0,145
2023-06-10T13:40:10,136,9,0,145
2023-06-10T13:51:55,136,9,0,145
2023-06-10T14:03:40,136,9,0,145
2023-06-10T14:15:25,136,9,0,145
2023-06-10T14:27:10,136,9,0,145
2023-06-10T14:38:55,136,9,0,145
2023-06-10T14:50:40,136,9,0,145
2023-06-10T15:02:25,136,9,0,145
2023-06-10T15:14:09,136,9,0,145
2023-06-10T15:25:54,136,9,0,145
2023-06-10T15:37:39,136,9,0,145
2023-06-10T15:49:24,136,9,0,145
2023-06-10T16:01:19,136,9,0,145
2023-06-10T16:13:04,136,9,0,145
2023-06-10T16:24:48,136,9,0,145
2023-06-10T16:36:33,136,9,0,145
2023-06-10T16:48:18,136,9,0,145
2023-06-10T17:00:03,136,9,0,145
2023-06-10T17:11:49,136,9,0,145
2023-06-10T17:23:34,136,9,0,145
2023-06-10T17:35:19,136,9,0,145
2023-06-10T17:47:05,136,9,0,145
2023-06-10T17:58:59,136,9,0,145
2023-06-10T18:10:45,136,9,0,145
2023-06-10T18:22:30,136,9,0,145
2023-06-10T18:34:15,136,9,0,145
2023-06-10T18:46:00,136,9,0,145
2023-06-10T18:57:45,136,9,0,145
2023-06-10T19:09:30,136,9,0,145
2023-06-10T19:21:15,136,9,0,145
2023-06-10T19:33:00,136,9,0,145
2023-06-10T19:44:45,136,9,0,145
2023-06-10T19:56:30,136,9,0,145
2023-06-10T20:08:15,136,9,0,145
2023-06-10T20:20:01,136,9,0,145
2023-06-10T20:31:45,136,9,0,145
2023-06-10T20:43:40,136,9,0,145
2023-06-10T20:55:25,136,9,0,145
2023-06-10T21:07:11,136,9,0,145
2023-06-10T21:18:56,136,9,0,145
2023-06-10T21:30:40,136,9,0,145
2023-06-10T21:42:25,136,9,0,145
2023-06-10T21:54:11,136,9,0,145
2023-06-10T22:05:56,136,9,0,145
2023-06-10T22:17:40,136,9,0,145
2023-06-10T22:29:26,136,9,0,145
2023-06-10T22:41:10,136,9,0,145
2023-06-10T22:52:55,136,9,0,145
2023-06-10T23:04:40,136,9,0,145
2023-06-10T23:16:26,137,8,0,145
2023-06-10T23:28:21,137,8,0,145
2023-06-10T23:40:06,137,8,0,145
2023-06-10T23:51:51,137,8,0,145
2023-06-11T00:03:37,137,8,0,145
2023-06-11T00:15:33,137,8,0,145
2023-06-11T00:27:21,137,8,0,145
2023-06-11T00:39:09,137,8,0,145
2023-06-11T00:50:58,137,8,0,145
2023-06-11T01:02:47,137,8,0,145
2023-06-11T01:14:33,137,8,0,145
2023-06-11T01:26:20,137,8,0,145
2023-06-11T01:38:09,137,8,0,145
2023-06-11T01:49:57,137,8,0,145
2023-06-11T02:01:46,137,8,0,145
2023-06-11T02:13:35,137,8,0,145
2023-06-11T02:25:23,137,8,0,145
2023-06-11T02:37:12,137,8,0,145
2023-06-11T02:48:59,137,8,0,145
2023-06-11T03:00:46,137,8,0,145
2023-06-11T03:12:34,137,8,0,145
2023-06-11T03:24:32,137,8,0,145
2023-06-11T03:36:21,137,8,0,145
2023-06-11T03:48:09,137,8,0,145
2023-06-11T03:59:57,137,8,0,145
2023-06-11T04:11:46,137,8,0,145
2023-06-11T04:37:54,137,8,0,145
2023-06-11T04:50:59,137,8,0,145
2023-06-11T05:03:08,137,8,0,145
2023-06-11T05:14:56,137,8,0,145
2023-06-11T05:26:44,137,8,0,145
2023-06-11T05:38:32,137,8,0,145
2023-06-11T05:50:21,137,8,0,145
2023-06-11T06:02:08,137,8,0,145
2023-06-11T06:13:56,137,8,0,145
2023-06-11T06:25:44,137,8,0,145
2023-06-11T06:37:34,137,8,0,145
2023-06-11T06:49:22,137,8,0,145
2023-06-11T07:01:08,137,8,0,145
2023-06-11T07:12:56,137,8,0,145
2023-06-11T07:24:42,137,8,0,145
2023-06-11T07:36:27,137,8,0,145
2023-06-11T07:48:12,137,8,0,145
2023-06-11T07:59:57,137,8,0,145
2023-06-11T08:11:44,137,8,0,145
2023-06-11T08:23:32,137,8,0,145
2023-06-11T08:35:19,137,8,0,145
2023-06-11T08:47:04,137,8,0,145
2023-06-11T08:58:49,137,8,0,145
2023-06-11T09:10:34,137,8,0,145
2023-06-11T09:22:19,137,8,0,145
2023-06-11T09:34:04,137,8,0,145
2023-06-11T09:45:57,137,8,0,145
2023-06-11T09:57:42,137,8,0,145
2023-06-11T10:09:27,137,8,0,145
2023-06-11T10:21:13,137,8,0,145
2023-06-11T10:32:58,137,8,0,145
2023-06-11T10:44:42,137,8,0,145
2023-06-11T10:56:28,137,8,0,145
2023-06-11T11:08:14,137,8,0,145
2023-06-11T11:20:00,137,8,0,145
2023-06-11T11:31:46,137,8,0,145
2023-06-11T11:43:33,137,8,0,145
2023-06-11T11:55:19,137,8,0,145
2023-06-11T12:07:05,137,8,0,145
2023-06-11T12:18:51,137,8,0,145
2023-06-11T12:30:46,137,8,0,145
2023-06-11T12:42:30,137,8,0,145
2023-06-11T12:54:16,137,8,0,145
2023-06-11T13:06:01,137,8,0,145
2023-06-11T13:17:46,137,8,0,145
2023-06-11T13:29:31,137,8,0,145
2023-06-11T13:41:17,137,8,0,145
2023-06-11T13:53:01,137,8,0,145
2023-06-11T14:04:46,137,8,0,145
2023-06-11T14:16:31,137,8,0,145
2023-06-11T14:28:15,137,8,0,145
2023-06-11T14:40:11,137,8,0,145
2023-06-11T14:51:56,137,8,0,145
2023-06-11T15:03:41,137,8,0,145
2023-06-11T15:15:25,137,8,0,145
2023-06-11T15:27:10,137,8,0,145
2023-06-11T15:38:54,137,8,0,145
2023-06-11T15:50:39,137,8,0,145
2023-06-11T16:02:24,137,8,0,145
2023-06-11T16:14:10,137,8,0,145
2023-06-11T16:25:56,137,8,0,145
2023-06-11T16:37:51,137,8,0,145
2023-06-11T16:49:36,137,8,0,145
2023-06-11T17:01:21,137,8,0,145
2023-06-11T17:13:06,137,8,0,145
2023-06-11T17:24:52,137,8,0,145
2023-06-11T17:36:37,138,7,0,145
2023-06-11T17:48:22,138,7,0,145
2023-06-11T18:00:06,138,7,0,145
2023-06-11T18:11:51,138,7,0,145
2023-06-11T18:23:36,138,7,0,145
2023-06-11T18:35:21,138,7,0,145
2023-06-11T18:47:15,138,7,0,145
2023-06-11T18:59:00,138,7,0,145
2023-06-11T19:10:48,138,7,0,145
2023-06-11T19:22:33,138,7,0,145
2023-06-11T19:34:18,138,7,0,145
2023-06-11T19:46:04,138,7,0,145
2023-06-11T19:57:48,138,7,0,145
2023-06-11T20:09:32,138,7,0,145
2023-06-11T20:21:17,138,7,0,145
2023-06-11T20:33:02,138,7,0,145
2023-06-11T20:44:57,138,7,0,145
2023-06-11T20:56:41,138,7,0,145
2023-06-11T21:08:27,138,7,0,145
2023-06-11T21:20:12,138,7,0,145
2023-06-11T21:31:58,138,7,0,145
2023-06-11T21:43:44,138,7,0,145
2023-06-11T21:55:30,138,7,0,145
2023-06-11T22:07:15,138,7,0,145
2023-06-11T22:19:00,138,7,0,145
2023-06-11T22:30:44,138,7,0,145
2023-06-11T22:42:30,138,7,0,145
2023-06-11T22:54:26,138,7,0,145
2023-06-11T23:06:12,138,7,0,145
2023-06-11T23:17:57,138,7,0,145
2023-06-11T23:29:42,138,7,0,145
2023-06-11T23:41:28,138,7,0,145
2023-06-11T23:53:15,138,7,0,145
2023-06-12T00:05:01,138,7,0,145
2023-06-12T00:16:50,138,7,0,145
2023-06-12T00:28:47,138,7,0,145
2023-06-12T00:40:38,138,7,0,145
2023-06-12T00:52:37,138,7,0,145
2023-06-12T01:04:25,138,7,0,145
2023-06-12T01:16:12,138,7,0,145
2023-06-12T01:28:01,138,7,0,145
2023-06-12T01:39:51,138,7,0,145
2023-06-12T01:51:39,138,7,0,145
2023-06-12T02:03:27,138,7,0,145
2023-06-12T02:15:14,138,7,0,145
2023-06-12T02:27:01,138,7,0,145
2023-06-12T02:38:48,138,7,0,145
2023-06-12T02:50:35,138,7,0,145
2023-06-12T03:02:21,138,7,0,145
2023-06-12T03:14:09,138,7,0,145
2023-06-12T03:25:58,138,7,0,145
2023-06-12T03:37:48,138,7,0,145
2023-06-12T03:49:38,138,7,0,145
2023-06-12T04:01:26,138,7,0,145
2023-06-12T04:13:15,138,7,0,145
2023-06-12T04:34:31,138,7,0,145
2023-06-12T04:47:39,138,7,0,145
2023-06-12T04:59:47,138,7,0,145
2023-06-12T05:11:43,138,7,0,145
2023-06-12T05:23:29,138,7,0,145
2023-06-12T05:35:14,138,7,0,145
2023-06-12T05:47:01,138,7,0,145
2023-06-12T05:58:51,138,7,0,145
2023-06-12T06:10:40,138,7,0,145
2023-06-12T06:22:29,138,7,0,145
2023-06-12T06:34:17,138,7,0,145
2023-06-12T06:46:06,138,7,0,145
2023-06-12T06:57:54,138,7,0,145
2023-06-12T07:09:45,138,7,0,145
2023-06-12T07:21:34,139,6,0,145
2023-06-12T07:33:21,139,6,0,145
2023-06-12T07:45:08,139,6,0,145
2023-06-12T07:56:54,139,6,0,145
2023-06-12T08:08:42,139,6,0,145
2023-06-12T08:20:29,139,6,0,145
2023-06-12T08:32:16,139,6,0,145
2023-06-12T08:44:03,139,6,0,145
2023-06-12T08:55:57,139,6,0,145
2023-06-12T09:07:43,139,6,0,145
2023-06-12T09:19:28,140,5,0,145
2023-06-12T09:31:13,140,5,0,145
2023-06-12T09:42:59,140,5,0,145
2023-06-12T09:54:44,140,5,0,145
2023-06-12T10:06:29,140,5,0,145
2023-06-12T10:18:15,140,5,0,145
2023-06-12T10:30:00,140,5,0,145
2023-06-12T10:41:45,140,5,0,145
2023-06-12T10:53:30,140,5,0,145
2023-06-12T11:05:26,140,5,0,145
2023-06-12T11:17:12,140,5,0,145
2023-06-12T11:28:57,140,5,0,145
2023-06-12T11:40:41,140,5,0,145
2023-06-12T11:52:27,140,5,0,145
2023-06-12T12:04:14,140,5,0,145
2023-06-12T12:16:00,140,5,0,145
2023-06-12T12:27:46,140,5,0,145
2023-06-12T12:39:42,140,5,0,145
2023-06-12T12:51:27,140,5,0,145
2023-06-12T13:03:12,140,5,0,145
2023-06-12T13:14:58,141,4,0,145
2023-06-12T13:26:44,141,4,0,145
2023-06-12T13:38:29,141,4,0,145
2023-06-12T13:50:15,141,4,0,145
2023-06-12T14:02:10,141,4,0,145
2023-06-12T14:13:55,141,4,0,145
2023-06-12T14:25:41,141,4,0,145
2023-06-12T14:37:27,141,4,0,145
2023-06-12T14:49:12,141,4,0,145
2023-06-12T15:00:57,141,4,0,145
2023-06-12T15:12:41,141,4,0,145
2023-06-12T15:24:28,141,4,0,145
2023-06-12T15:36:24,141,4,0,145
2023-06-12T15:48:09,141,4,0,145
2023-06-12T15:59:54,141,4,0,145
2023-06-12T16:11:40,141,4,0,145
2023-06-12T16:23:25,141,4,0,145
2023-06-12T16:35:10,141,4,0,145
2023-06-12T16:46:55,141,4,0,145
2023-06-12T16:58:51,141,4,0,145
2023-06-12T17:10:38,141,4,0,145
2023-06-12T17:22:24,141,4,0,145
2023-06-12T17:34:09,141,4,0,145
2023-06-12T17:45:55,141,4,0,145
2023-06-12T17:57:40,141,4,0,145
2023-06-12T18:09:25,141,4,0,145
2023-06-12T18:21:21,141,4,0,145
2023-06-12T18:33:06,141,4,0,145
2023-06-12T18:44:50,141,4,0,145
2023-06-12T18:56:35,141,4,0,145
2023-06-12T19:08:21,141,4,0,145
2023-06-12T19:20:06,141,4,0,145
2023-06-12T19:31:52,141,4,0,145
2023-06-12T19:43:37,141,4,0,145
2023-06-12T19:55:22,141,4,0,145
2023-06-12T20:07:18,141,4,0,145
2023-06-12T20:19:03,141,4,0,145
2023-06-12T20:30:48,141,4,0,145
2023-06-12T20:42:33,141,4,0,145
2023-06-12T20:54:18,141,4,0,145
2023-06-12T21:06:03,141,4,0,145
2023-06-12T21:17:59,141,4,0,145
2023-06-12T21:29:44,141,4,0,145
2023-06-12T21:41:30,141,4,0,145
2023-06-12T21:53:15,141,4,0,145
2023-06-12T22:05:01,141,4,0,145
2023-06-12T22:16:47,141,4,0,145
2023-06-12T22:28:33,141,4,0,145
2023-06-12T22:40:18,141,4,0,145
2023-06-12T22:52:04,141,4,0,145
2023-06-12T23:03:49,141,4,0,145
2023-06-12T23:15:36,141,4,0,145
2023-06-12T23:27:32,141,4,0,145
2023-06-12T23:39:18,141,4,0,145
2023-06-12T23:51:04,141,4,0,145
2023-06-13T00:02:50,141,4,0,145
2023-06-13T00:14:39,141,4,0,145
2023-06-13T00:26:30,141,4,0,145
2023-06-13T00:38:19,141,4,0,145
2023-06-13T00:50:07,141,4,0,145
2023-06-13T01:01:56,141,4,0,145
2023-06-13T01:13:45,141,4,0,145
2023-06-13T01:25:34,141,4,0,145
2023-06-13T01:37:23,141,4,0,145
2023-06-13T01:49:11,141,4,0,145
2023-06-13T02:01:09,141,4,0,145
2023-06-13T02:12:54,141,4,0,145
2023-06-13T02:24:39,141,4,0,145
2023-06-13T02:36:25,141,4,0,145
2023-06-13T02:48:11,141,4,0,145
2023-06-13T02:59:57,141,4,0,145
2023-06-13T03:11:47,141,4,0,145
2023-06-13T03:23:34,141,4,0,145
2023-06-13T03:35:22,141,4,0,145
2023-06-13T03:47:10,141,4,0,145
2023-06-13T03:58:58,141,4,0,145
2023-06-13T04:28:19,141,4,0,145
2023-06-13T04:40:08,141,4,0,145
2023-06-13T04:53:39,141,4,0,145
2023-06-13T05:05:28,141,4,0,145
2023-06-13T05:17:15,141,4,0,145
2023-06-13T05:29:08,141,4,0,145
2023-06-13T05:41:05,141,4,0,145
2023-06-13T05:52:55,141,4,0,145
2023-06-13T06:04:43,141,4,0,145
2023-06-13T06:16:31,141,4,0,145
2023-06-13T06:28:19,141,4,0,145
2023-06-13T06:40:07,141,4,0,145
2023-06-13T06:51:56,141,4,0,145
2023-06-13T07:03:45,141,4,0,145
2023-06-13T07:15:33,141,4,0,145
2023-06-13T07:27:20,141,4,0,145
2023-06-13T07:39:06,141,4,0,145
2023-06-13T07:50:53,141,4,0,145
2023-06-13T08:02:40,141,4,0,145
2023-06-13T08:14:28,141,4,0,145
2023-06-13T08:26:15,141,4,0,145
2023-06-13T08:38:02,141,4,0,145
2023-06-13T08:49:57,141,4,0,145
2023-06-13T09:01:44,141,4,0,145
2023-06-13T09:13:32,141,4,0,145
2023-06-13T09:25:20,141,4,0,145
2023-06-13T09:37:06,141,4,0,145
2023-06-13T09:48:54,141,4,0,145
2023-06-13T10:00:41,141,4,0,145
2023-06-13T10:12:28,141,4,0,145
2023-06-13T10:24:15,141,4,0,145
2023-06-13T10:36:17,141,4,0,145
2023-06-13T10:48:03,141,4,0,145
2023-06-13T10:59:49,141,4,0,145
2023-06-13T11:11:34,141,4,0,145
2023-06-13T11:23:20,141,4,0,145
2023-06-13T11:35:07,141,4,0,145
2023-06-13T11:46:52,141,4,0,145
2023-06-13T11:58:49,141,4,0,145
2023-06-13T12:10:36,141,4,0,145
2023-06-13T12:22:22,141,4,0,145
2023-06-13T12:34:08,141,4,0,145
2023-06-13T12:45:54,141,4,0,145
2023-06-13T12:57:40,141,4,0,145
2023-06-13T13:09:25,141,4,0,145
2023-06-13T13:21:11,141,4,0,145
2023-06-13T13:32:56,141,4,0,145
2023-06-13T13:44:55,141,4,0,145
2023-06-13T13:56:42,141,4,0,145
2023-06-13T14:08:29,141,4,0,145
2023-06-13T14:20:16,141,4,0,145
2023-06-13T14:32:04,141,4,0,145
2023-06-13T14:43:51,141,4,0,145
2023-06-13T14:55:39,141,4,0,145
2023-06-13T15:07:26,141,4,0,145
2023-06-13T15:19:26,141,4,0,145
2023-06-13T15:31:13,141,4,0,145
2023-06-13T15:43:00,141,4,0,145
2023-06-13T15:54:47,141,4,0,145
2023-06-13T16:06:35,141,4,0,145
2023-06-13T16:18:22,141,4,0,145
2023-06-13T16:30:09,141,4,0,145
2023-06-13T16:41:56,141,4,0,145
2023-06-13T16:53:54,141,4,0,145
2023-06-13T17:05:41,141,4,0,145
2023-06-13T17:17:29,141,4,0,145
2023-06-13T17:29:17,141,4,0,145
2023-06-13T17:41:05,141,4,0,145
2023-06-13T17:52:52,141,4,0,145
2023-06-13T18:04:39,141,4,0,145
2023-06-13T18:16:27,141,4,0,145
2023-06-13T18:28:14,141,4,0,145
2023-06-13T18:40:00,141,4,0,145
2023-06-13T18:51:57,141,4,0,145
2023-06-13T19:03:44,141,4,0,145
2023-06-13T19:15:32,141,4,0,145
2023-06-13T19:27:19,141,4,0,145
2023-06-13T19:39:06,141,4,0,145
2023-06-13T19:50:53,141,4,0,145
2023-06-13T20:02:41,141,4,0,145
2023-06-13T20:14:28,141,4,0,145
2023-06-13T20:26:15,141,4,0,145
2023-06-13T20:38:02,141,4,0,145
2023-06-13T20:50:01,141,4,0,145
2023-06-13T21:01:48,141,4,0,145
2023-06-13T21:13:35,141,4,0,145
2023-06-13T21:25:22,141,4,0,145
2023-06-13T21:37:09,141,4,0,145
2023-06-13T21:48:57,141,4,0,145
2023-06-13T22:00:44,141,4,0,145
2023-06-13T22:12:33,141,4,0,145
2023-06-13T22:24:24,141,4,0,145
2023-06-13T22:36:21,141,4,0,145
2023-06-13T22:48:08,141,4,0,145
2023-06-13T22:59:55,141,4,0,145
2023-06-13T23:11:44,141,4,0,145
2023-06-13T23:23:32,141,4,0,145
2023-06-13T23:35:20,141,4,0,145
2023-06-13T23:47:07,141,4,0,145
2023-06-13T23:58:55,141,4,0,145
2023-06-14T00:10:45,141,4,0,145
2023-06-14T00:22:37,141,4,0,145
2023-06-14T00:34:27,141,4,0,145
2023-06-14T00:46:17,141,4,0,145
2023-06-14T00:58:19,141,4,0,145
2023-06-14T01:10:11,141,4,0,145
2023-06-14T01:22:02,141,4,0,145
2023-06-14T01:33:54,141,4,0,145
2023-06-14T01:45:46,141,4,0,145
2023-06-14T01:57:38,141,4,0,145
2023-06-14T02:09:29,141,4,0,145
2023-06-14T02:21:18,141,4,0,145
2023-06-14T02:33:08,141,4,0,145
2023-06-14T02:44:58,141,4,0,145
2023-06-14T02:56:49,141,4,0,145
2023-06-14T03:08:40,141,4,0,145
2023-06-14T03:20:30,141,4,0,145
2023-06-14T03:32:34,141,4,0,145
2023-06-14T03:44:25,141,4,0,145
2023-06-14T03:56:15,141,4,0,145
2023-06-14T04:08:06,141,4,0,145
2023-06-14T04:36:57,141,4,0,145
2023-06-14T04:48:51,141,4,0,145
2023-06-14T05:00:42,141,4,0,145
2023-06-14T05:12:34,141,4,0,145
2023-06-14T05:24:24,141,4,0,145
2023-06-14T05:36:15,141,4,0,145
2023-06-14T05:48:07,141,4,0,145
2023-06-14T05:59:58,141,4,0,145
2023-06-14T06:11:49,141,4,0,145
2023-06-14T06:23:40,141,4,0,145
2023-06-14T06:35:35,141,4,0,145
2023-06-14T06:47:33,141,4,0,145
2023-06-14T06:59:23,141,4,0,145
2023-06-14T07:11:13,141,4,0,145
2023-06-14T07:23:16,141,4,0,145
2023-06-14T07:35:05,141,4,0,145
2023-06-14T07:46:54,141,4,0,145
2023-06-14T07:58:43,141,4,0,145
2023-06-14T08:10:33,141,4,0,145
2023-06-14T08:22:31,141,4,0,145
2023-06-14T08:34:21,141,4,0,145
2023-06-14T08:46:11,141,4,0,145
2023-06-14T08:57:59,141,4,0,145
2023-06-14T09:09:47,141,4,0,145
2023-06-14T09:21:36,141,4,0,145
2023-06-14T09:33:24,141,4,0,145
2023-06-14T09:45:12,141,4,0,145
2023-06-14T09:57:11,141,4,0,145
2023-06-14T10:09:01,141,4,0,145
2023-06-14T10:20:50,141,4,0,145
2023-06-14T10:32:40,141,4,0,145
2023-06-14T10:44:29,141,4,0,145
2023-06-14T10:56:18,141,4,0,145
2023-06-14T11:08:07,141,4,0,145
2023-06-14T11:19:57,141,4,0,145
2023-06-14T11:31:47,141,4,0,145
2023-06-14T11:43:48,141,4,0,145
2023-06-14T11:55:38,141,4,0,145
2023-06-14T12:07:26,141,4,0,145
2023-06-14T12:19:15,141,4,0,145
2023-06-14T12:31:03,141,4,0,145
2023-06-14T12:42:52,141,4,0,145
2023-06-14T12:54:40,141,4,0,145
2023-06-14T13:06:29,141,4,0,145
2023-06-14T13:18:30,141,4,0,145
2023-06-14T13:30:19,141,4,0,145
2023-06-14T13:42:15,141,4,0,145
2023-06-14T13:54:15,141,4,0,145
2023-06-14T14:06:19,141,4,0,145
2023-06-14T14:18:27,141,4,0,145
2023-06-14T14:30:37,141,4,0,145
2023-06-14T14:42:52,141,4,0,145
2023-06-14T14:55:18,141,4,0,145
2023-06-14T15:07:32,141,4,0,145
2023-06-14T15:19:47,141,4,0,145
2023-06-14T15:32:02,141,4,0,145
2023-06-14T15:44:16,141,4,0,145
2023-06-14T15:56:31,141,4,0,145
2023-06-14T16:08:48,141,4,0,145
2023-06-14T16:21:13,141,4,0,145
2023-06-14T16:33:27,141,4,0,145
2023-06-14T16:45:43,141,4,0,145
2023-06-14T16:57:57,141,4,0,145
2023-06-14T17:10:14,141,4,0,145
2023-06-14T17:22:29,141,4,0,145
2023-06-14T17:34:43,141,4,0,145
2023-06-14T17:47:10,141,4,0,145
2023-06-14T17:59:23,141,4,0,145
2023-06-14T18:11:38,141,4,0,145
2023-06-14T18:23:52,141,4,0,145
2023-06-14T18:36:06,141,4,0,145
2023-06-14T18:48:20,141,4,0,145
2023-06-14T19:00:34,141,4,0,145
2023-06-14T19:13:01,141,4,0,145
2023-06-14T19:25:15,141,4,0,145
2023-06-14T19:37:29,141,4,0,145
2023-06-14T19:49:43,141,4,0,145
2023-06-14T20:02:01,141,4,0,145
2023-06-14T20:14:14,141,4,0,145
2023-06-14T20:26:28,141,4,0,145
2023-06-14T20:38:42,141,4,0,145
2023-06-14T20:50:56,141,4,0,145
2023-06-14T21:03:21,141,4,0,145
2023-06-14T21:15:35,141,4,0,145
2023-06-14T21:27:49,141,4,0,145
2023-06-14T21:40:03,141,4,0,145
2023-06-14T21:52:18,141,4,0,145
2023-06-14T22:04:31,141,4,0,145
2023-06-14T22:16:45,141,4,0,145
2023-06-14T22:29:00,141,4,0,145
2023-06-14T22:41:25,141,4,0,145
2023-06-14T22:53:39,141,4,0,145
2023-06-14T23:05:55,141,4,0,145
2023-06-14T23:18:10,141,4,0,145
2023-06-14T23:30:24,141,4,0,145
2023-06-14T23:42:39,141,4,0,145
2023-06-14T23:54:53,141,4,0,145
2023-06-15T00:07:08,141,4,0,145
2023-06-15T00:19:27,141,4,0,145
2023-06-15T00:31:46,141,4,0,145
2023-06-15T00:44:05,141,4,0,145
2023-06-15T00:56:36,141,4,0,145
2023-06-15T01:08:55,141,4,0,145
2023-06-15T01:21:12,141,4,0,145
2023-06-15T01:33:29,141,4,0,145
2023-06-15T01:45:46,141,4,0,145
2023-06-15T01:58:04,141,4,0,145
2023-06-15T02:10:20,141,4,0,145
2023-06-15T02:22:37,141,4,0,145
2023-06-15T02:34:54,141,4,0,145
2023-06-15T02:47:09,141,4,0,145
2023-06-15T02:59:24,141,4,0,145
2023-06-15T03:11:52,141,4,0,145
2023-06-15T03:24:08,141,4,0,145
2023-06-15T03:36:25,141,4,0,145
2023-06-15T03:48:41,141,4,0,145
2023-06-15T04:00:59,141,4,0,145
2023-06-15T04:29:20,141,4,0,145
2023-06-15T04:41:41,141,4,0,145
2023-06-15T04:55:38,141,4,0,145
2023-06-15T05:07:57,141,4,0,145
2023-06-15T05:20:16,141,4,0,145
2023-06-15T05:32:34,141,4,0,145
2023-06-15T05:44:52,141,4,0,145
2023-06-15T05:57:10,141,4,0,145
2023-06-15T06:09:26,141,4,0,145
2023-06-15T06:21:44,141,4,0,145
2023-06-15T06:34:00,141,4,0,145
2023-06-15T06:46:17,141,4,0,145
2023-06-15T06:58:33,141,4,0,145
2023-06-15T07:10:50,141,4,0,145
2023-06-15T07:23:08,141,4,0,145
2023-06-15T07:35:25,141,4,0,145
2023-06-15T07:47:51,141,4,0,145
2023-06-15T08:00:06,141,4,0,145
2023-06-15T08:12:22,141,4,0,145
2023-06-15T08:24:39,141,4,0,145
2023-06-15T08:36:55,141,4,0,145
2023-06-15T08:49:11,141,4,0,145
2023-06-15T09:01:26,141,4,0,145
2023-06-15T09:13:42,141,4,0,145
2023-06-15T09:25:58,141,4,0,145
2023-06-15T09:38:13,141,4,0,145
2023-06-15T09:50:29,141,4,0,145
2023-06-15T10:02:53,141,4,0,145
2023-06-15T10:15:07,141,4,0,145
2023-06-15T10:27:21,141,4,0,145
2023-06-15T10:39:35,141,4,0,145
2023-06-15T10:51:49,141,4,0,145
2023-06-15T11:04:03,141,4,0,145
2023-06-15T11:16:17,141,4,0,145
2023-06-15T11:28:31,141,4,0,145
2023-06-15T11:40:57,141,4,0,145
2023-06-15T11:53:10,141,4,0,145
2023-06-15T12:05:28,141,4,0,145
2023-06-15T12:17:42,141,4,0,145
2023-06-15T12:29:56,141,4,0,145
2023-06-15T12:42:12,141,4,0,145
2023-06-15T12:54:26,141,4,0,145
2023-06-15T13:06:40,141,4,0,145
2023-06-15T13:19:04,141,4,0,145
2023-06-15T13:31:19,141,4,0,145
2023-06-15T13:43:33,141,4,0,145
2023-06-15T13:55:48,141,4,0,145
2023-06-15T14:08:02,141,4,0,145
2023-06-15T14:20:16,141,4,0,145
2023-06-15T14:32:31,141,4,0,145
2023-06-15T14:44:56,141,4,0,145
2023-06-15T14:57:11,141,4,0,145
2023-06-15T15:09:24,141,4,0,145
2023-06-15T15:21:38,141,4,0,145
2023-06-15T15:33:52,141,4,0,145
2023-06-15T15:46:06,141,4,0,145
2023-06-15T15:58:21,141,4,0,145
2023-06-15T16:10:47,141,4,0,145
2023-06-15T16:23:00,141,4,0,145
2023-06-15T16:35:14,141,4,0,145
2023-06-15T16:47:28,141,4,0,145
2023-06-15T16:59:42,141,4,0,145
2023-06-15T17:11:56,141,4,0,145
2023-06-15T17:24:11,141,4,0,145
2023-06-15T17:36:26,141,4,0,145
2023-06-15T17:48:50,141,4,0,145
2023-06-15T18:01:03,141,4,0,145
2023-06-15T18:13:19,141,4,0,145
2023-06-15T18:25:33,141,4,0,145
2023-06-15T18:37:47,141,4,0,145
2023-06-15T18:50:02,141,4,0,145
2023-06-15T19:02:16,141,4,0,145
2023-06-15T19:14:31,141,4,0,145
2023-06-15T19:26:44,141,4,0,145
2023-06-15T19:39:10,141,4,0,145
2023-06-15T19:51:24,141,4,0,145
2023-06-15T20:03:39,141,4,0,145
2023-06-15T20:15:53,141,4,0,145
2023-06-15T20:28:07,141,4,0,145
2023-06-15T20:40:21,141,4,0,145
2023-06-15T20:52:35,141,4,0,145
2023-06-15T21:05:01,141,4,0,145
2023-06-15T21:17:15,141,4,0,145
2023-06-15T21:29:30,141,4,0,145
2023-06-15T21:41:45,141,4,0,145
2023-06-15T21:54:00,141,4,0,145
2023-06-15T22:06:14,141,4,0,145
2023-06-15T22:18:28,141,4,0,145
2023-06-15T22:30:43,141,4,0,145
2023-06-15T22:42:57,141,4,0,145
2023-06-15T22:55:11,141,4,0,145
2023-06-15T23:07:38,141,4,0,145
2023-06-15T23:19:53,141,4,0,145
2023-06-15T23:32:09,141,4,0,145
2023-06-15T23:44:23,141,4,0,145
2023-06-15T23:56:38,141,4,0,145
2023-06-16T00:08:54,141,4,0,145
2023-06-16T00:21:11,141,4,0,145
2023-06-16T00:33:24,141,4,0,145
2023-06-16T00:45:38,141,4,0,145
2023-06-16T00:57:53,141,4,0,145
2023-06-16T01:10:08,141,4,0,145
2023-06-16T01:22:34,141,4,0,145
2023-06-16T01:34:49,141,4,0,145
2023-06-16T01:47:03,141,4,0,145
2023-06-16T01:59:17,141,4,0,145
2023-06-16T02:11:34,141,4,0,145
2023-06-16T02:23:49,141,4,0,145
2023-06-16T02:36:04,141,4,0,145
2023-06-16T02:48:20,141,4,0,145
2023-06-16T03:00:36,141,4,0,145
2023-06-16T03:12:53,141,4,0,145
2023-06-16T03:25:11,141,4,0,145
2023-06-16T03:37:30,141,4,0,145
2023-06-16T03:49:47,141,4,0,145
2023-06-16T04:02:05,141,4,0,145
2023-06-16T04:25:19,141,4,0,145
2023-06-16T04:37:38,141,4,0,145
2023-06-16T04:51:25,141,4,0,145
2023-06-16T05:04:04,141,4,0,145
2023-06-16T05:16:22,141,4,0,145
2023-06-16T05:28:40,141,4,0,145
2023-06-16T05:40:58,141,4,0,145
2023-06-16T05:53:16,141,4,0,145
2023-06-16T06:05:35,141,4,0,145
2023-06-16T06:17:52,141,4,0,145
2023-06-16T06:30:09,141,4,0,145
2023-06-16T06:42:27,141,4,0,145
2023-06-16T06:54:45,141,4,0,145
2023-06-16T07:07:02,141,4,0,145
2023-06-16T07:19:18,141,4,0,145
2023-06-16T07:31:34,141,4,0,145
2023-06-16T07:43:49,141,4,0,145
2023-06-16T07:56:05,141,4,0,145
2023-06-16T08:08:22,141,4,0,145
2023-06-16T08:20:48,141,4,0,145
2023-06-16T08:33:05,141,4,0,145
2023-06-16T08:45:23,141,4,0,145
2023-06-16T08:57:41,141,4,0,145
2023-06-16T09:09:58,141,4,0,145
2023-06-16T09:22:14,141,4,0,145
2023-06-16T09:34:30,141,4,0,145
2023-06-16T09:46:45,141,4,0,145
2023-06-16T09:59:00,141,4,0,145
2023-06-16T10:11:16,141,4,0,145
2023-06-16T10:23:45,141,4,0,145
2023-06-16T11:08:21,141,4,0,145
2023-06-16T11:20:36,141,4,0,145
2023-06-16T11:32:52,141,4,0,145
2023-06-16T11:45:07,141,4,0,145
2023-06-16T11:57:22,141,4,0,145
2023-06-16T12:09:48,141,4,0,145
2023-06-16T12:22:04,141,4,0,145
2023-06-16T12:34:19,141,4,0,145
2023-06-16T12:46:35,141,4,0,145
2023-06-16T12:58:50,141,4,0,145
2023-06-16T13:11:06,141,4,0,145
2023-06-16T13:23:21,141,4,0,145
2023-06-16T13:35:37,141,4,0,145
2023-06-16T13:48:03,141,4,0,145
2023-06-16T14:00:18,141,4,0,145
2023-06-16T14:12:34,141,4,0,145
2023-06-16T14:24:49,141,4,0,145
2023-06-16T14:37:04,141,4,0,145
2023-06-16T14:49:20,141,4,0,145
2023-06-16T15:01:35,141,4,0,145
2023-06-16T15:13:51,141,4,0,145
2023-06-16T15:26:18,141,4,0,145
2023-06-16T15:38:33,141,4,0,145
2023-06-16T15:50:50,141,4,0,145
2023-06-16T16:03:05,141,4,0,145
2023-06-16T16:15:21,141,4,0,145
2023-06-16T16:27:36,141,4,0,145
2023-06-16T16:39:52,141,4,0,145
2023-06-16T16:52:07,141,4,0,145
2023-06-16T17:04:22,141,4,0,145
2023-06-16T17:16:49,141,4,0,145
2023-06-16T17:29:04,141,4,0,145
2023-06-16T17:41:20,141,4,0,145
2023-06-16T17:53:35,141,4,0,145
2023-06-16T18:05:50,141,4,0,145
2023-06-16T18:18:06,141,4,0,145
2023-06-16T18:30:22,141,4,0,145
2023-06-16T18:42:38,141,4,0,145
2023-06-16T18:54:53,141,4,0,145
2023-06-16T19:07:09,141,4,0,145
2023-06-16T19:19:38,141,4,0,145
2023-06-16T19:31:53,141,4,0,145
2023-06-16T19:44:09,141,4,0,145
2023-06-16T19:56:24,141,4,0,145
2023-06-16T20:08:41,141,4,0,145
2023-06-16T20:20:56,141,4,0,145
2023-06-16T20:33:12,141,4,0,145
2023-06-16T20:45:28,141,4,0,145
2023-06-16T20:57:43,141,4,0,145
2023-06-16T21:09:59,141,4,0,145
2023-06-16T21:22:26,141,4,0,145
2023-06-16T21:34:41,141,4,0,145
2023-06-16T21:46:57,141,4,0,145
2023-06-16T21:59:13,141,4,0,145
2023-06-16T22:11:28,141,4,0,145
2023-06-16T22:23:43,141,4,0,145
2023-06-16T22:35:59,141,4,0,145
2023-06-16T22:48:14,141,4,0,145
2023-06-16T23:00:29,141,4,0,145
2023-06-16T23:12:48,141,4,0,145
2023-06-16T23:25:14,141,4,0,145
2023-06-16T23:37:30,141,4,0,145
2023-06-16T23:49:46,141,4,0,145
2023-06-17T00:02:03,141,4,0,145
2023-06-17T00:14:26,141,4,0,145
2023-06-17T00:26:46,141,4,0,145
2023-06-17T00:39:06,141,4,0,145
2023-06-17T00:51:26,141,4,0,145
2023-06-17T01:03:45,141,4,0,145
2023-06-17T01:16:05,141,4,0,145
2023-06-17T01:28:24,141,4,0,145
2023-06-17T01:40:43,141,4,0,145
2023-06-17T01:53:02,141,4,0,145
2023-06-17T02:05:32,141,4,0,145
2023-06-17T02:17:52,141,4,0,145
2023-06-17T02:30:11,141,4,0,145
2023-06-17T02:42:29,141,4,0,145
2023-06-17T02:54:45,141,4,0,145
2023-06-17T03:07:01,141,4,0,145
2023-06-17T03:19:19,141,4,0,145
2023-06-17T03:31:37,141,4,0,145
2023-06-17T03:43:55,141,4,0,145
2023-06-17T03:56:13,141,4,0,145
2023-06-17T04:08:31,141,4,0,145
2023-06-17T04:37:22,141,4,0,145
2023-06-17T04:51:15,141,4,0,145
2023-06-17T05:03:35,141,4,0,145
2023-06-17T05:15:52,141,4,0,145
2023-06-17T05:28:08,141,4,0,145
2023-06-17T05:40:28,141,4,0,145
2023-06-17T05:53:02,141,4,0,145
2023-06-17T06:05:24,141,4,0,145
2023-06-17T06:17:43,141,4,0,145
2023-06-17T06:30:01,141,4,0,145
2023-06-17T06:42:20,141,4,0,145
2023-06-17T06:54:39,141,4,0,145
2023-06-17T07:06:58,141,4,0,145
2023-06-17T07:19:17,141,4,0,145
2023-06-17T07:31:35,141,4,0,145
2023-06-17T07:44:06,141,4,0,145
2023-06-17T07:56:24,141,4,0,145
2023-06-17T08:08:43,141,4,0,145
2023-06-17T08:21:01,141,4,0,145
2023-06-17T08:33:21,141,4,0,145
2023-06-17T08:45:39,141,4,0,145
2023-06-17T08:57:58,141,4,0,145
2023-06-17T09:10:16,141,4,0,145
2023-06-17T09:22:35,141,4,0,145
2023-06-17T09:34:54,141,4,0,145
2023-06-17T09:47:12,141,4,0,145
2023-06-17T09:59:41,141,4,0,145
2023-06-17T10:12:00,141,4,0,145
2023-06-17T10:24:18,141,4,0,145
2023-06-17T10:36:37,141,4,0,145
2023-06-17T10:48:55,141,4,0,145
2023-06-17T11:01:14,141,4,0,145
2023-06-17T11:13:32,141,4,0,145
2023-06-17T11:25:50,141,4,0,145
2023-06-17T11:38:07,141,4,0,145
2023-06-17T11:50:36,141,4,0,145
2023-06-17T12:02:53,141,4,0,145
2023-06-17T12:15:09,141,4,0,145
2023-06-17T12:27:24,141,4,0,145
2023-06-17T12:39:39,141,4,0,145
2023-06-17T12:51:54,141,4,0,145
2023-06-17T13:04:10,141,4,0,145
2023-06-17T13:16:25,141,4,0,145
2023-06-17T13:28:41,141,4,0,145
2023-06-17T13:41:16,141,4,0,145
2023-06-17T13:53:32,141,4,0,145
2023-06-17T14:05:48,141,4,0,145
2023-06-17T14:18:03,141,4,0,145
2023-06-17T14:30:19,141,4,0,145
2023-06-17T14:42:34,141,4,0,145
2023-06-17T14:54:50,141,4,0,145
2023-06-17T15:07:05,141,4,0,145
2023-06-17T15:19:21,141,4,0,145
2023-06-17T15:31:36,141,4,0,145
2023-06-17T15:44:01,141,4,0,145
2023-06-17T15:56:16,141,4,0,145
2023-06-17T16:08:30,141,4,0,145
2023-06-17T16:20:46,141,4,0,145
2023-06-17T16:33:01,141,4,0,145
2023-06-17T16:45:16,141,4,0,145
2023-06-17T16:57:32,141,4,0,145
2023-06-17T17:09:47,141,4,0,145
2023-06-17T17:22:03,141,4,0,145
2023-06-17T17:34:18,141,4,0,145
2023-06-17T17:46:34,141,4,0,145
2023-06-17T17:58:59,141,4,0,145
2023-06-17T18:11:14,141,4,0,145
2023-06-17T18:23:30,141,4,0,145
2023-06-17T18:35:46,141,4,0,145
2023-06-17T18:48:01,141,4,0,145
2023-06-17T19:00:16,141,4,0,145
2023-06-17T19:12:33,141,4,0,145
2023-06-17T19:24:48,141,4,0,145
2023-06-17T19:37:03,141,4,0,145
2023-06-17T19:49:19,141,4,0,145
2023-06-17T20:01:34,141,4,0,145
2023-06-17T20:13:49,141,4,0,145
2023-06-17T20:26:04,141,4,0,145
2023-06-17T20:38:30,141,4,0,145
2023-06-17T20:50:45,141,4,0,145
2023-06-17T21:03:01,141,4,0,145
2023-06-17T21:15:16,141,4,0,145
2023-06-17T21:27:31,141,4,0,145
2023-06-17T21:39:47,141,4,0,145
2023-06-17T21:52:03,141,4,0,145
2023-06-17T22:04:18,141,4,0,145
2023-06-17T22:16:33,141,4,0,145
2023-06-17T22:28:49,141,4,0,145
2023-06-17T22:41:05,141,4,0,145
2023-06-17T22:53:20,141,4,0,145
2023-06-17T23:05:48,141,4,0,145
2023-06-17T23:18:04,141,4,0,145
2023-06-17T23:30:20,141,4,0,145
2023-06-17T23:42:36,141,4,0,145
2023-06-17T23:54:52,141,4,0,145
2023-06-18T00:07:09,141,4,0,145
2023-06-18T00:19:27,141,4,0,145
2023-06-18T00:31:43,141,4,0,145
2023-06-18T00:43:59,141,4,0,145
2023-06-18T00:56:18,141,4,0,145
2023-06-18T01:25:42,141,4,0,145
2023-06-18T01:38:02,141,4,0,145
2023-06-18T01:50:21,141,4,0,145
2023-06-18T02:02:41,141,4,0,145
2023-06-18T02:15:46,141,4,0,145
2023-06-18T02:28:05,141,4,0,145
2023-06-18T02:40:23,141,4,0,145
2023-06-18T02:52:43,141,4,0,145
2023-06-18T03:05:03,141,4,0,145
2023-06-18T03:17:23,141,4,0,145
2023-06-18T03:29:43,141,4,0,145
2023-06-18T03:42:12,141,4,0,145
2023-06-18T03:54:30,141,4,0,145
2023-06-18T04:06:48,141,4,0,145
2023-06-18T04:19:06,141,4,0,145
2023-06-18T04:38:34,141,4,0,145
2023-06-18T04:50:55,141,4,0,145
2023-06-18T05:03:16,141,4,0,145
2023-06-18T05:15:35,141,4,0,145
2023-06-18T05:27:54,141,4,0,145
2023-06-18T05:40:12,141,4,0,145
2023-06-18T05:52:31,141,4,0,145
2023-06-18T06:04:50,141,4,0,145
2023-06-18T06:17:08,141,4,0,145
2023-06-18T06:29:27,141,4,0,145
2023-06-18T06:41:45,141,4,0,145
2023-06-18T06:54:03,141,4,0,145
2023-06-18T07:06:23,141,4,0,145
2023-06-18T07:18:41,141,4,0,145
2023-06-18T07:30:58,141,4,0,145
2023-06-18T07:43:15,141,4,0,145
2023-06-18T07:55:33,141,4,0,145
2023-06-18T08:07:51,141,4,0,145
2023-06-18T08:20:07,141,4,0,145
2023-06-18T08:32:23,141,4,0,145
2023-06-18T08:44:38,141,4,0,145
2023-06-18T08:57:07,141,4,0,145
2023-06-18T09:09:22,141,4,0,145
2023-06-18T09:21:38,141,4,0,145
2023-06-18T09:33:53,141,4,0,145
2023-06-18T09:46:08,141,4,0,145
2023-06-18T09:58:23,141,4,0,145
2023-06-18T10:10:43,141,4,0,145
2023-06-18T10:23:00,141,4,0,145
2023-06-18T10:35:17,141,4,0,145
2023-06-18T10:47:32,141,4,0,145
2023-06-18T10:59:49,141,4,0,145
2023-06-18T11:12:08,141,4,0,145
2023-06-18T11:24:27,141,4,0,145
2023-06-18T11:36:54,141,4,0,145
2023-06-18T11:49:11,141,4,0,145
2023-06-18T12:01:27,141,4,0,145
2023-06-18T12:13:42,141,4,0,145
2023-06-18T12:25:57,141,4,0,145
2023-06-18T12:38:12,141,4,0,145
2023-06-18T12:50:27,141,4,0,145
2023-06-18T13:02:58,141,4,0,145
2023-06-18T13:15:13,141,4,0,145
2023-06-18T13:27:28,141,4,0,145
2023-06-18T13:39:43,141,4,0,145
2023-06-18T13:51:58,141,4,0,145
2023-06-18T14:04:14,141,4,0,145
2023-06-18T14:16:29,141,4,0,145
2023-06-18T14:28:43,141,4,0,145
2023-06-18T14:40:58,141,4,0,145
2023-06-18T14:53:13,141,4,0,145
2023-06-18T15:05:38,141,4,0,145
2023-06-18T15:17:52,141,4,0,145
2023-06-18T15:30:08,141,4,0,145
2023-06-18T15:42:23,141,4,0,145
2023-06-18T15:54:39,141,4,0,145
2023-06-18T16:06:55,141,4,0,145
2023-06-18T16:19:10,141,4,0,145
2023-06-18T16:31:25,141,4,0,145
2023-06-18T16:43:51,141,4,0,145
2023-06-18T16:56:06,141,4,0,145
2023-06-18T17:08:21,141,4,0,145
2023-06-18T17:20:36,141,4,0,145
2023-06-18T17:32:52,141,4,0,145
2023-06-18T17:45:07,141,4,0,145
2023-06-18T17:57:22,141,4,0,145
2023-06-18T18:09:37,141,4,0,145
2023-06-18T18:21:52,141,4,0,145
2023-06-18T18:34:18,141,4,0,145
2023-06-18T18:46:33,141,4,0,145
2023-06-18T18:58:48,141,4,0,145
2023-06-18T19:11:05,141,4,0,145
2023-06-18T19:23:21,141,4,0,145
2023-06-18T19:35:36,141,4,0,145
2023-06-18T19:47:51,141,4,0,145
2023-06-18T20:00:05,141,4,0,145
2023-06-18T20:12:20,141,4,0,145
2023-06-18T20:24:47,141,4,0,145
2023-06-18T20:37:02,141,4,0,145
2023-06-18T20:49:17,141,4,0,145
2023-06-18T21:01:31,141,4,0,145
2023-06-18T21:13:46,141,4,0,145
2023-06-18T21:26:02,141,4,0,145
2023-06-18T21:38:18,141,4,0,145
2023-06-18T21:50:34,141,4,0,145
2023-06-18T22:03:00,141,4,0,145
2023-06-18T22:15:15,141,4,0,145
2023-06-18T22:27:30,141,4,0,145
2023-06-18T22:39:45,141,4,0,145
2023-06-18T22:52:00,141,4,0,145
2023-06-18T23:04:17,141,4,0,145
2023-06-18T23:16:33,141,4,0,145
2023-06-18T23:28:49,141,4,0,145
2023-06-18T23:41:25,141,4,0,145
2023-06-18T23:53:41,141,4,0,145
2023-06-19T00:06:01,141,4,0,145
2023-06-19T00:18:28,141,4,0,145
2023-06-19T00:30:57,141,4,0,145
2023-06-19T00:43:28,141,4,0,145
2023-06-19T00:55:53,141,4,0,145
2023-06-19T01:08:15,141,4,0,145
2023-06-19T01:20:36,141,4,0,145
2023-06-19T01:33:06,141,4,0,145
2023-06-19T01:45:26,141,4,0,145
2023-06-19T01:57:45,141,4,0,145
2023-06-19T02:10:14,141,4,0,145
2023-06-19T02:22:32,141,4,0,145
2023-06-19T02:34:50,141,4,0,145
2023-06-19T02:47:07,141,4,0,145
2023-06-19T02:59:24,141,4,0,145
2023-06-19T03:11:42,141,4,0,145
2023-06-19T03:24:01,141,4,0,145
2023-06-19T03:36:19,141,4,0,145
2023-06-19T03:48:37,141,4,0,145
2023-06-19T04:01:16,141,4,0,145
2023-06-19T04:30:04,141,4,0,145
2023-06-19T04:43:11,141,4,0,145
2023-06-19T04:56:26,141,4,0,145
2023-06-19T05:08:48,141,4,0,145
2023-06-19T05:21:06,141,4,0,145
2023-06-19T05:33:25,141,4,0,145
2023-06-19T05:45:45,141,4,0,145
2023-06-19T05:58:07,141,4,0,145
2023-06-19T06:10:26,141,4,0,145
2023-06-19T06:22:45,141,4,0,145
2023-06-19T06:35:04,141,4,0,145
2023-06-19T06:47:23,141,4,0,145
2023-06-19T06:59:41,141,4,0,145
2023-06-19T07:12:00,141,4,0,145
2023-06-19T07:24:17,141,4,0,145
2023-06-19T07:36:33,141,4,0,145
2023-06-19T07:48:47,141,4,0,145
2023-06-19T08:01:14,141,4,0,145
2023-06-19T08:13:30,141,4,0,145
2023-06-19T08:25:46,141,4,0,145
2023-06-19T08:38:03,141,4,0,145
2023-06-19T08:50:18,141,4,0,145
2023-06-19T09:02:33,141,4,0,145
2023-06-19T09:14:48,141,4,0,145
2023-06-19T09:27:05,141,4,0,145
2023-06-19T09:39:21,141,4,0,145
2023-06-19T09:51:46,141,4,0,145
2023-06-19T10:04:02,141,4,0,145
2023-06-19T10:16:18,141,4,0,145
2023-06-19T10:28:33,141,4,0,145
2023-06-19T10:40:51,141,4,0,145
2023-06-19T10:53:07,141,4,0,145
2023-06-19T11:05:22,141,4,0,145
2023-06-19T11:17:48,141,4,0,145
2023-06-19T11:30:04,141,4,0,145
2023-06-19T11:42:19,141,4,0,145
2023-06-19T11:54:35,141,4,0,145
2023-06-19T12:06:51,141,4,0,145
2023-06-19T12:19:07,141,4,0,145
2023-06-19T12:31:22,141,4,0,145
2023-06-19T12:43:48,141,4,0,145
2023-06-19T12:56:04,141,4,0,145
2023-06-19T13:08:20,141,4,0,145
2023-06-19T13:20:36,141,4,0,145
2023-06-19T13:32:51,141,4,0,145
2023-06-19T13:45:07,141,4,0,145
2023-06-19T13:57:34,141,4,0,145
2023-06-19T14:09:51,141,4,0,145
2023-06-19T14:22:07,141,4,0,145
2023-06-19T14:34:23,141,4,0,145
2023-06-19T14:46:38,141,4,0,145
2023-06-19T14:58:56,141,4,0,145
2023-06-19T15:11:23,141,4,0,145
2023-06-19T15:23:38,141,4,0,145
2023-06-19T15:35:54,141,4,0,145
2023-06-19T15:48:10,141,4,0,145
2023-06-19T16:00:26,141,4,0,145
2023-06-19T16:12:40,141,4,0,145
2023-06-19T16:24:56,141,4,0,145
2023-06-19T16:37:22,141,4,0,145
2023-06-19T16:49:38,141,4,0,145
2023-06-19T17:01:54,141,4,0,145
2023-06-19T17:14:11,141,4,0,145
2023-06-19T17:26:27,141,4,0,145
2023-06-19T17:38:43,141,4,0,145
2023-06-19T17:50:59,141,4,0,145
2023-06-19T18:03:25,141,4,0,145
2023-06-19T18:15:41,141,4,0,145
2023-06-19T18:27:56,141,4,0,145
2023-06-19T18:40:13,141,4,0,145
2023-06-19T18:52:28,141,4,0,145
2023-06-19T19:04:45,141,4,0,145
2023-06-19T19:17:02,141,4,0,145
2023-06-19T19:29:20,141,4,0,145
2023-06-19T19:41:46,141,4,0,145
2023-06-19T19:54:02,141,4,0,145
2023-06-19T20:06:18,141,4,0,145
2023-06-19T20:18:33,141,4,0,145
2023-06-19T20:30:49,141,4,0,145
2023-06-19T20:43:04,141,4,0,145
2023-06-19T20:55:20,141,4,0,145
2023-06-19T21:07:46,141,4,0,145
2023-06-19T21:20:01,141,4,0,145
2023-06-19T21:32:18,141,4,0,145
2023-06-19T21:44:34,141,4,0,145
2023-06-19T21:56:51,141,4,0,145
2023-06-19T22:09:06,141,4,0,145
2023-06-19T22:21:33,141,4,0,145
2023-06-19T22:33:49,141,4,0,145
2023-06-19T22:46:04,141,4,0,145
2023-06-19T22:58:20,141,4,0,145
2023-06-19T23:10:37,141,4,0,145
2023-06-19T23:22:53,141,4,0,145
2023-06-19T23:35:22,141,4,0,145
2023-06-19T23:47:37,141,4,0,145
2023-06-19T23:59:54,141,4,0,145
2023-06-20T00:12:12,141,4,0,145
2023-06-20T00:24:33,141,4,0,145
2023-06-20T00:36:51,141,4,0,145
2023-06-20T00:49:10,141,4,0,145
2023-06-20T01:01:40,141,4,0,145
2023-06-20T01:14:00,141,4,0,145
2023-06-20T01:26:19,141,4,0,145
2023-06-20T01:38:40,141,4,0,145
2023-06-20T01:50:57,141,4,0,145
2023-06-20T02:03:44,141,4,0,145
2023-06-20T02:16:04,141,4,0,145
2023-06-20T02:28:21,141,4,0,145
2023-06-20T02:40:39,141,4,0,145
2023-06-20T02:52:56,141,4,0,145
2023-06-20T03:05:13,141,4,0,145
2023-06-20T03:17:31,141,4,0,145
2023-06-20T03:29:51,141,4,0,145
2023-06-20T03:42:08,141,4,0,145
2023-06-20T03:54:38,141,4,0,145
2023-06-20T04:06:56,141,4,0,145
2023-06-20T04:36:56,141,4,0,145
2023-06-20T04:49:17,141,4,0,145
2023-06-20T05:01:39,141,4,0,145
2023-06-20T05:13:59,141,4,0,145
2023-06-20T05:26:17,141,4,0,145
2023-06-20T05:38:37,141,4,0,145
2023-06-20T05:50:56,141,4,0,145
2023-06-20T06:03:17,141,4,0,145
2023-06-20T06:15:35,141,4,0,145
2023-06-20T06:27:54,141,4,0,145
2023-06-20T06:40:12,141,4,0,145
2023-06-20T06:52:31,141,4,0,145
2023-06-20T07:04:50,141,4,0,145
2023-06-20T07:17:08,141,4,0,145
2023-06-20T07:29:24,141,4,0,145
2023-06-20T07:41:49,141,4,0,145
2023-06-20T07:54:05,141,4,0,145
2023-06-20T08:06:20,141,4,0,145
2023-06-20T08:18:38,141,4,0,145
2023-06-20T08:30:54,141,4,0,145
2023-06-20T08:43:11,141,4,0,145
2023-06-20T08:55:30,141,4,0,145
2023-06-20T09:07:47,141,4,0,145
2023-06-20T09:20:14,141,4,0,145
2023-06-20T09:32:30,141,4,0,145
2023-06-20T09:44:46,141,4,0,145
2023-06-20T09:57:01,141,4,0,145
2023-06-20T10:09:18,141,4,0,145
2023-06-20T10:21:34,141,4,0,145
2023-06-20T10:34:02,141,4,0,145
2023-06-20T10:46:19,141,4,0,145
2023-06-20T10:58:35,141,4,0,145
2023-06-20T11:10:52,141,4,0,145
2023-06-20T11:23:07,141,4,0,145
2023-06-20T11:35:36,141,4,0,145
2023-06-20T11:47:51,141,4,0,145
2023-06-20T12:00:09,141,4,0,145
2023-06-20T12:12:26,141,4,0,145
2023-06-20T12:24:42,141,4,0,145
2023-06-20T12:37:09,141,4,0,145
2023-06-20T12:49:26,141,4,0,145
2023-06-20T13:01:43,141,4,0,145
2023-06-20T13:13:59,141,4,0,145
2023-06-20T13:26:15,141,4,0,145
2023-06-20T13:38:41,141,4,0,145
2023-06-20T13:50:58,141,4,0,145
2023-06-20T14:03:14,141,4,0,145
2023-06-20T14:15:30,141,4,0,145
2023-06-20T14:27:57,141,4,0,145
2023-06-20T14:40:13,141,4,0,145
2023-06-20T14:52:30,141,4,0,145
2023-06-20T15:04:46,141,4,0,145
2023-06-20T15:17:03,141,4,0,145
2023-06-20T15:29:32,141,4,0,145
2023-06-20T15:41:49,141,4,0,145
2023-06-20T15:54:06,141,4,0,145
2023-06-20T16:06:23,141,4,0,145
2023-06-20T16:18:39,141,4,0,145
2023-06-20T16:30:58,141,4,0,145
2023-06-20T16:43:24,141,4,0,145
2023-06-20T16:55:41,141,4,0,145
2023-06-20T17:07:58,141,4,0,145
2023-06-20T17:20:15,141,4,0,145
2023-06-20T17:32:31,141,4,0,145
2023-06-20T17:45:00,141,4,0,145
2023-06-20T17:57:16,141,4,0,145
2023-06-20T18:09:33,141,4,0,145
2023-06-20T18:21:49,141,4,0,145
2023-06-20T18:34:07,141,4,0,145
2023-06-20T18:46:38,141,4,0,145
2023-06-20T18:58:54,141,4,0,145
2023-06-20T19:11:11,141,4,0,145
2023-06-20T19:23:28,141,4,0,145
2023-06-20T19:35:45,141,4,0,145
2023-06-20T19:48:13,141,4,0,145
2023-06-20T20:00:31,141,4,0,145
2023-06-20T20:12:48,141,4,0,145
2023-06-20T20:25:05,141,4,0,145
2023-06-20T20:37:22,141,4,0,145
2023-06-20T20:49:53,141,4,0,145
2023-06-20T21:02:09,141,4,0,145
2023-06-20T21:14:26,141,4,0,145
2023-06-20T21:26:42,141,4,0,145
2023-06-20T21:38:59,141,4,0,145
2023-06-20T21:51:27,141,4,0,145
2023-06-20T22:03:44,141,4,0,145
2023-06-20T22:16:00,141,4,0,145
2023-06-20T22:28:17,141,4,0,145
2023-06-20T22:40:34,141,4,0,145
2023-06-20T22:53:03,141,4,0,145
2023-06-20T23:05:22,141,4,0,145
2023-06-20T23:17:38,141,4,0,145
2023-06-20T23:29:56,141,4,0,145
2023-06-20T23:42:13,141,4,0,145
2023-06-20T23:54:30,141,4,0,145
2023-06-21T00:07:02,141,4,0,145
2023-06-21T00:19:31,141,4,0,145
2023-06-21T00:31:53,141,4,0,145
2023-06-21T00:44:14,141,4,0,145
2023-06-21T00:56:35,141,4,0,145
2023-06-21T01:08:56,141,4,0,145
2023-06-21T01:21:18,141,4,0,145
2023-06-21T01:33:51,141,4,0,145
2023-06-21T01:46:12,141,4,0,145
2023-06-21T01:58:35,141,4,0,145
2023-06-21T02:10:56,141,4,0,145
2023-06-21T02:23:17,141,4,0,145
2023-06-21T02:35:36,141,4,0,145
2023-06-21T02:47:53,141,4,0,145
2023-06-21T03:00:09,141,4,0,145
2023-06-21T03:12:27,141,4,0,145
2023-06-21T03:24:59,141,4,0,145
2023-06-21T03:37:16,141,4,0,145
2023-06-21T03:49:35,141,4,0,145
2023-06-21T04:01:53,141,4,0,145
2023-06-21T04:27:04,141,4,0,145
2023-06-21T04:41:17,141,4,0,145
2023-06-21T04:53:37,141,4,0,145
2023-06-21T05:05:56,141,4,0,145
2023-06-21T05:18:15,141,4,0,145
2023-06-21T05:30:33,141,4,0,145
2023-06-21T05:42:51,141,4,0,145
2023-06-21T05:55:08,141,4,0,145
2023-06-21T06:07:26,141,4,0,145
2023-06-21T06:19:42,141,4,0,145
2023-06-21T06:32:00,141,4,0,145
2023-06-21T06:44:29,141,4,0,145
2023-06-21T06:56:58,141,4,0,145
2023-06-21T07:09:18,141,4,0,145
2023-06-21T07:21:37,141,4,0,145
2023-06-21T07:33:55,141,4,0,145
2023-06-21T07:46:12,141,4,0,145
2023-06-21T07:58:31,141,4,0,145
2023-06-21T08:10:51,141,4,0,145
2023-06-21T08:23:23,141,4,0,145
2023-06-21T08:35:43,141,4,0,145
2023-06-21T08:48:02,141,4,0,145
2023-06-21T09:00:20,141,4,0,145
2023-06-21T09:12:40,141,4,0,145
2023-06-21T09:25:10,141,4,0,145
2023-06-21T09:37:30,141,4,0,145
2023-06-21T09:49:50,141,4,0,145
2023-06-21T10:02:11,141,4,0,145
2023-06-21T10:14:43,141,4,0,145
2023-06-21T10:27:03,141,4,0,145
2023-06-21T10:39:24,141,4,0,145
2023-06-21T10:51:43,141,4,0,145
2023-06-21T11:04:20,141,4,0,145
2023-06-21T11:16:41,141,4,0,145
2023-06-21T11:29:04,141,4,0,145
2023-06-21T11:41:24,141,4,0,145
2023-06-21T11:53:57,141,4,0,145
2023-06-21T12:06:17,141,4,0,145
2023-06-21T12:18:37,141,4,0,145
2023-06-21T12:31:05,141,4,0,145
2023-06-21T12:43:23,141,4,0,145
2023-06-21T12:55:41,141,4,0,145
2023-06-21T13:07:58,141,4,0,145
2023-06-21T13:20:27,141,4,0,145
2023-06-21T13:32:45,141,4,0,145
2023-06-21T13:45:04,141,4,0,145
2023-06-21T13:57:22,141,4,0,145
2023-06-21T14:09:50,141,4,0,145
2023-06-21T14:22:09,141,4,0,145
2023-06-21T14:34:27,141,4,0,145
2023-06-21T14:46:45,141,4,0,145
2023-06-21T14:59:17,141,4,0,145
2023-06-21T15:11:37,141,4,0,145
2023-06-21T15:23:56,141,4,0,145
2023-06-21T15:36:15,141,4,0,145
2023-06-21T15:48:34,141,4,0,145
2023-06-21T16:01:05,141,4,0,145
2023-06-21T16:13:24,141,4,0,145
2023-06-21T16:25:43,141,4,0,145
2023-06-21T16:38:03,141,4,0,145
2023-06-21T16:50:33,141,4,0,145
2023-06-21T17:02:53,141,4,0,145
2023-06-21T17:15:13,141,4,0,145
2023-06-21T17:27:33,141,4,0,145
2023-06-21T17:40:05,141,4,0,145
2023-06-21T17:52:24,141,4,0,145
2023-06-21T18:04:42,141,4,0,145
2023-06-21T18:17:06,141,4,0,145
2023-06-21T18:29:25,141,4,0,145
2023-06-21T18:41:55,141,4,0,145
2023-06-21T18:54:14,141,4,0,145
2023-06-21T19:06:34,141,4,0,145
2023-06-21T19:18:53,141,4,0,145
2023-06-21T19:31:12,141,4,0,145
2023-06-21T19:43:30,141,4,0,145
2023-06-21T19:56:00,141,4,0,145
2023-06-21T20:08:20,141,4,0,145
2023-06-21T20:20:38,141,4,0,145
2023-06-21T20:32:58,141,4,0,145
2023-06-21T20:45:30,141,4,0,145
2023-06-21T20:57:51,141,4,0,145
2023-06-21T21:10:10,141,4,0,145
2023-06-21T21:22:31,141,4,0,145
2023-06-21T21:34:50,141,4,0,145
2023-06-21T21:47:10,141,4,0,145
2023-06-21T21:59:41,141,4,0,145
2023-06-21T22:12:01,141,4,0,145
2023-06-21T22:24:20,141,4,0,145
2023-06-21T22:36:39,141,4,0,145
2023-06-21T22:48:58,141,4,0,145
2023-06-21T23:01:30,141,4,0,145
2023-06-21T23:13:53,141,4,0,145
2023-06-21T23:26:13,141,4,0,145
2023-06-21T23:38:33,141,4,0,145
2023-06-21T23:50:52,141,4,0,145
2023-06-22T00:03:12,141,4,0,145
2023-06-22T00:15:51,141,4,0,145
2023-06-22T00:28:15,141,4,0,145
2023-06-22T00:40:37,141,4,0,145
2023-06-22T00:53:00,141,4,0,145
2023-06-22T01:05:23,141,4,0,145
2023-06-22T01:17:47,141,4,0,145
2023-06-22T01:30:22,141,4,0,145
2023-06-22T01:42:45,141,4,0,145
2023-06-22T01:55:09,141,4,0,145
2023-06-22T02:07:31,141,4,0,145
2023-06-22T02:19:51,141,4,0,145
2023-06-22T02:32:12,141,4,0,145
2023-06-22T02:44:34,141,4,0,145
2023-06-22T02:57:06,141,4,0,145
2023-06-22T03:09:28,141,4,0,145
2023-06-22T03:21:51,141,4,0,145
2023-06-22T03:34:12,141,4,0,145
2023-06-22T03:46:34,141,4,0,145
2023-06-22T03:58:56,141,4,0,145
2023-06-22T04:11:16,141,4,0,145
2023-06-22T04:36:52,141,4,0,145
2023-06-22T04:49:16,141,4,0,145
2023-06-22T05:01:38,141,4,0,145
2023-06-22T05:13:59,141,4,0,145
2023-06-22T05:26:19,141,4,0,145
2023-06-22T05:38:38,141,4,0,145
2023-06-22T05:51:01,141,4,0,145
2023-06-22T06:03:24,141,4,0,145
2023-06-22T06:15:49,141,4,0,145
2023-06-22T06:28:11,141,4,0,145
2023-06-22T06:40:33,141,4,0,145
2023-06-22T06:52:54,141,4,0,145
2023-06-22T07:05:17,141,4,0,145
2023-06-22T07:17:49,141,4,0,145
2023-06-22T07:30:10,141,4,0,145
2023-06-22T07:42:31,141,4,0,145
2023-06-22T07:54:52,141,4,0,145
2023-06-22T08:07:12,141,4,0,145
2023-06-22T08:19:32,141,4,0,145
2023-06-22T08:31:53,141,4,0,145
2023-06-22T08:44:23,141,4,0,145
2023-06-22T08:56:43,141,4,0,145
2023-06-22T09:09:02,141,4,0,145
2023-06-22T09:21:23,141,4,0,145
2023-06-22T09:33:45,141,4,0,145
2023-06-22T09:46:17,141,4,0,145
2023-06-22T09:58:37,141,4,0,145
2023-06-22T10:10:57,141,4,0,145
2023-06-22T10:23:17,141,4,0,145
2023-06-22T10:35:39,141,4,0,145
2023-06-22T10:48:12,140,5,0,145
2023-06-22T11:00:33,140,5,0,145
2023-06-22T11:12:54,140,5,0,145
2023-06-22T11:25:14,140,5,0,145
2023-06-22T11:37:46,140,5,0,145
2023-06-22T11:50:06,140,5,0,145
2023-06-22T12:02:25,140,5,0,145
2023-06-22T12:14:45,140,5,0,145
2023-06-22T12:27:15,140,5,0,145
2023-06-22T12:39:35,140,5,0,145
2023-06-22T12:51:54,140,5,0,145
2023-06-22T13:04:14,140,5,0,145
2023-06-22T13:16:34,140,5,0,145
2023-06-22T13:29:08,140,5,0,145
2023-06-22T13:41:31,140,5,0,145
2023-06-22T13:53:50,140,5,0,145
2023-06-22T14:06:10,140,5,0,145
2023-06-22T14:18:41,140,5,0,145
2023-06-22T14:31:00,140,5,0,145
2023-06-22T14:43:22,140,5,0,145
2023-06-22T14:55:42,140,5,0,145
2023-06-22T15:08:01,140,5,0,145
2023-06-22T15:20:35,140,5,0,145
2023-06-22T15:32:54,140,5,0,145
2023-06-22T15:45:13,140,5,0,145
2023-06-22T15:57:33,140,5,0,145
2023-06-22T16:09:53,140,5,0,145
2023-06-22T16:22:12,140,5,0,145
2023-06-22T16:34:43,140,5,0,145
2023-06-22T16:47:01,140,5,0,145
2023-06-22T16:59:21,140,5,0,145
2023-06-22T17:11:41,140,5,0,145
2023-06-22T17:24:01,140,5,0,145
2023-06-22T17:36:20,140,5,0,145
2023-06-22T17:48:51,140,5,0,145
2023-06-22T18:01:10,140,5,0,145
2023-06-22T18:13:30,140,5,0,145
2023-06-22T18:25:51,140,5,0,145
2023-06-22T18:38:10,140,5,0,145
2023-06-22T18:50:44,140,5,0,145
2023-06-22T19:03:04,140,5,0,145
2023-06-22T19:15:23,140,5,0,145
2023-06-22T19:27:42,140,5,0,145
2023-06-22T19:40:01,140,5,0,145
2023-06-22T19:52:20,140,5,0,145
2023-06-22T20:04:39,140,5,0,145
2023-06-22T20:17:11,140,5,0,145
2023-06-22T20:29:30,140,5,0,145
2023-06-22T20:41:49,140,5,0,145
2023-06-22T20:54:08,140,5,0,145
2023-06-22T21:06:27,140,5,0,145
2023-06-22T21:18:47,140,5,0,145
2023-06-22T21:31:05,140,5,0,145
2023-06-22T21:43:25,140,5,0,145
2023-06-22T21:55:55,140,5,0,145
2023-06-22T22:08:15,140,5,0,145
2023-06-22T22:20:34,140,5,0,145
2023-06-22T22:32:53,140,5,0,145
2023-06-22T22:45:13,140,5,0,145
2023-06-22T22:57:32,140,5,0,145
2023-06-22T23:09:52,140,5,0,145
2023-06-22T23:22:26,140,5,0,145
2023-06-22T23:34:46,140,5,0,145
2023-06-22T23:47:06,140,5,0,145
2023-06-22T23:59:26,140,5,0,145
2023-06-23T00:11:47,140,5,0,145
2023-06-23T00:24:08,140,5,0,145
2023-06-23T00:36:43,140,5,0,145
2023-06-23T00:49:06,140,5,0,145
2023-06-23T01:01:29,140,5,0,145
2023-06-23T01:13:53,140,5,0,145
2023-06-23T01:26:28,140,5,0,145
2023-06-23T01:38:54,140,5,0,145
2023-06-23T01:51:19,140,5,0,145
2023-06-23T02:03:41,140,5,0,145
2023-06-23T02:16:03,140,5,0,145
2023-06-23T02:28:24,140,5,0,145
2023-06-23T02:40:47,140,5,0,145
2023-06-23T02:53:07,140,5,0,145
2023-06-23T03:05:26,140,5,0,145
2023-06-23T03:17:45,140,5,0,145
2023-06-23T03:30:16,140,5,0,145
2023-06-23T03:42:35,140,5,0,145
2023-06-23T03:54:53,140,5,0,145
2023-06-23T04:07:12,140,5,0,145
2023-06-23T04:26:00,140,5,0,145
2023-06-23T04:38:20,140,5,0,145
2023-06-23T04:50:40,140,5,0,145
2023-06-23T05:03:05,140,5,0,145
2023-06-23T05:15:37,140,5,0,145
2023-06-23T05:28:04,140,5,0,145
2023-06-23T05:40:27,140,5,0,145
2023-06-23T05:52:51,140,5,0,145
2023-06-23T06:05:13,140,5,0,145
2023-06-23T06:17:36,140,5,0,145
2023-06-23T06:30:07,140,5,0,145
2023-06-23T06:42:30,140,5,0,145
2023-06-23T06:54:52,140,5,0,145
2023-06-23T07:07:16,140,5,0,145
2023-06-23T07:19:38,140,5,0,145
2023-06-23T07:32:00,140,5,0,145
2023-06-23T07:44:21,140,5,0,145
2023-06-23T07:56:43,140,5,0,145
2023-06-23T08:09:05,140,5,0,145
2023-06-23T08:21:26,140,5,0,145
2023-06-23T08:33:48,140,5,0,145
2023-06-23T08:46:09,140,5,0,145
2023-06-23T08:58:40,140,5,0,145
2023-06-23T09:11:00,140,5,0,145
2023-06-23T09:23:19,140,5,0,145
2023-06-23T09:35:38,140,5,0,145
2023-06-23T09:47:58,140,5,0,145
2023-06-23T10:00:18,140,5,0,145
2023-06-23T10:12:37,140,5,0,145
2023-06-23T10:24:57,140,5,0,145
2023-06-23T10:37:27,140,5,0,145
2023-06-23T10:49:46,140,5,0,145
2023-06-23T11:02:05,140,5,0,145
2023-06-23T11:14:25,140,5,0,145
2023-06-23T11:26:45,140,5,0,145
2023-06-23T11:39:05,140,5,0,145
2023-06-23T11:51:25,140,5,0,145
2023-06-23T12:03:54,140,5,0,145
2023-06-23T12:16:13,140,5,0,145
2023-06-23T12:28:33,140,5,0,145
2023-06-23T12:40:52,140,5,0,145
2023-06-23T12:53:12,140,5,0,145
2023-06-23T13:05:42,140,5,0,145
2023-06-23T13:18:03,140,5,0,145
2023-06-23T13:30:23,140,5,0,145
2023-06-23T13:42:42,140,5,0,145
2023-06-23T13:55:03,140,5,0,145
2023-06-23T14:07:23,140,5,0,145
2023-06-23T14:19:57,140,5,0,145
2023-06-23T14:32:17,140,5,0,145
2023-06-23T14:44:37,140,5,0,145
2023-06-23T14:56:56,140,5,0,145
2023-06-23T15:09:16,140,5,0,145
2023-06-23T15:21:35,140,5,0,145
2023-06-23T15:33:55,140,5,0,145
2023-06-23T15:46:27,140,5,0,145
2023-06-23T15:58:47,140,5,0,145
2023-06-23T16:11:07,140,5,0,145
2023-06-23T16:23:27,140,5,0,145
2023-06-23T16:35:46,140,5,0,145
2023-06-23T16:48:06,140,5,0,145
2023-06-23T17:00:36,140,5,0,145
2023-06-23T17:12:57,140,5,0,145
2023-06-23T17:25:16,140,5,0,145
2023-06-23T17:37:36,140,5,0,145
2023-06-23T17:49:56,140,5,0,145
2023-06-23T18:02:15,140,5,0,145
2023-06-23T18:14:35,140,5,0,145
2023-06-23T18:27:04,140,5,0,145
2023-06-23T18:39:23,140,5,0,145
2023-06-23T18:51:43,140,5,0,145
2023-06-23T19:04:03,140,5,0,145
2023-06-23T19:16:23,141,4,0,145
2023-06-23T19:28:42,141,4,0,145
2023-06-23T19:41:13,141,4,0,145
2023-06-23T19:53:33,141,4,0,145
2023-06-23T20:05:53,141,4,0,145
2023-06-23T20:18:13,141,4,0,145
2023-06-23T20:30:32,141,4,0,145
2023-06-23T20:42:52,141,4,0,145
2023-06-23T20:55:22,141,4,0,145
2023-06-23T21:07:42,141,4,0,145
2023-06-23T21:20:02,141,4,0,145
2023-06-23T21:32:21,141,4,0,145
2023-06-23T21:44:41,141,4,0,145
2023-06-23T21:57:01,141,4,0,145
2023-06-23T22:09:23,141,4,0,145
2023-06-23T22:21:53,141,4,0,145
2023-06-23T22:34:13,141,4,0,145
2023-06-23T22:46:33,141,4,0,145
2023-06-23T22:58:53,141,4,0,145
2023-06-23T23:11:13,141,4,0,145
2023-06-23T23:23:34,141,4,0,145
2023-06-23T23:35:55,141,4,0,145
2023-06-23T23:48:27,141,4,0,145
2023-06-24T00:00:48,141,4,0,145
2023-06-24T00:13:11,141,4,0,145
2023-06-24T00:25:37,141,4,0,145
2023-06-24T00:38:00,141,4,0,145
2023-06-24T00:50:24,141,4,0,145
2023-06-24T01:02:48,141,4,0,145
2023-06-24T01:15:12,141,4,0,145
2023-06-24T01:27:35,141,4,0,145
2023-06-24T01:40:02,141,4,0,145
2023-06-24T01:52:37,141,4,0,145
2023-06-24T02:05:01,141,4,0,145
2023-06-24T02:17:25,141,4,0,145
2023-06-24T02:29:47,141,4,0,145
2023-06-24T02:42:09,141,4,0,145
2023-06-24T02:54:29,141,4,0,145
2023-06-24T03:06:49,141,4,0,145
2023-06-24T03:19:12,141,4,0,145
2023-06-24T03:31:33,141,4,0,145
2023-06-24T03:43:55,141,4,0,145
2023-06-24T03:56:17,141,4,0,145
2023-06-24T04:08:39,141,4,0,145
2023-06-24T04:28:52,141,4,0,145
2023-06-24T04:41:16,141,4,0,145
2023-06-24T04:53:39,141,4,0,145
2023-06-24T05:06:03,141,4,0,145
2023-06-24T05:18:26,141,4,0,145
2023-06-24T05:30:54,141,4,0,145
2023-06-24T05:43:18,141,4,0,145
2023-06-24T05:55:41,141,4,0,145
2023-06-24T06:08:03,141,4,0,145
2023-06-24T06:20:26,141,4,0,145
2023-06-24T06:32:48,141,4,0,145
2023-06-24T06:45:10,141,4,0,145
2023-06-24T06:57:33,141,4,0,145
2023-06-24T07:09:54,141,4,0,145
2023-06-24T07:22:28,141,4,0,145
2023-06-24T07:34:50,141,4,0,145
2023-06-24T07:47:12,141,4,0,145
2023-06-24T07:59:34,141,4,0,145
2023-06-24T08:11:57,141,4,0,145
2023-06-24T08:24:19,141,4,0,145
2023-06-24T08:36:41,141,4,0,145
2023-06-24T08:49:03,141,4,0,145
2023-06-24T09:01:25,141,4,0,145
2023-06-24T09:13:56,141,4,0,145
2023-06-24T09:26:18,141,4,0,145
2023-06-24T09:38:40,141,4,0,145
2023-06-24T09:51:03,141,4,0,145
2023-06-24T10:03:26,141,4,0,145
2023-06-24T10:15:48,141,4,0,145
2023-06-24T10:28:10,141,4,0,145
2023-06-24T10:40:34,141,4,0,145
2023-06-24T10:52:56,141,4,0,145
2023-06-24T11:05:29,141,4,0,145
2023-06-24T11:17:50,141,4,0,145
2023-06-24T11:30:11,141,4,0,145
2023-06-24T11:42:32,141,4,0,145
2023-06-24T11:54:54,141,4,0,145
2023-06-24T12:07:15,141,4,0,145
2023-06-24T12:19:35,141,4,0,145
2023-06-24T12:31:56,141,4,0,145
2023-06-24T12:44:15,141,4,0,145
2023-06-24T12:56:35,141,4,0,145
2023-06-24T13:09:05,141,4,0,145
2023-06-24T13:21:24,141,4,0,145
2023-06-24T13:33:44,141,4,0,145
2023-06-24T13:46:02,141,4,0,145
2023-06-24T13:58:21,141,4,0,145
2023-06-24T14:10:40,141,4,0,145
2023-06-24T14:22:59,141,4,0,145
2023-06-24T14:35:18,141,4,0,145
2023-06-24T14:47:37,141,4,0,145
2023-06-24T15:00:06,141,4,0,145
2023-06-24T15:12:24,141,4,0,145
2023-06-24T15:24:44,141,4,0,145
2023-06-24T15:37:03,141,4,0,145
2023-06-24T15:49:22,141,4,0,145
2023-06-24T16:01:41,141,4,0,145
2023-06-24T16:14:00,141,4,0,145
2023-06-24T16:26:18,141,4,0,145
2023-06-24T16:38:38,141,4,0,145
2023-06-24T16:51:07,141,4,0,145
2023-06-24T17:03:26,141,4,0,145
2023-06-24T17:15:47,141,4,0,145
2023-06-24T17:28:06,141,4,0,145
2023-06-24T17:40:25,141,4,0,145
2023-06-24T17:52:45,141,4,0,145
2023-06-24T18:05:06,141,4,0,145
2023-06-24T18:17:25,141,4,0,145
2023-06-24T18:29:44,141,4,0,145
2023-06-24T18:42:15,141,4,0,145
2023-06-24T18:54:34,141,4,0,145
2023-06-24T19:06:54,141,4,0,145
2023-06-24T19:19:13,141,4,0,145
2023-06-24T19:31:33,141,4,0,145
2023-06-24T19:43:53,141,4,0,145
2023-06-24T19:56:12,141,4,0,145
2023-06-24T20:08:31,141,4,0,145
2023-06-24T20:21:01,141,4,0,145
2023-06-24T20:33:21,141,4,0,145
2023-06-24T20:45:40,141,4,0,145
2023-06-24T20:57:59,141,4,0,145
2023-06-24T21:10:18,141,4,0,145
2023-06-24T21:22:37,141,4,0,145
2023-06-24T21:34:57,141,4,0,145
2023-06-24T21:47:16,141,4,0,145
2023-06-24T21:59:47,141,4,0,145
2023-06-24T22:12:07,141,4,0,145
2023-06-24T22:24:26,141,4,0,145
2023-06-24T22:36:45,141,4,0,145
2023-06-24T22:49:04,141,4,0,145
2023-06-24T23:01:24,141,4,0,145
2023-06-24T23:13:44,141,4,0,145
2023-06-24T23:26:04,141,4,0,145
2023-06-24T23:38:25,141,4,0,145
2023-06-24T23:50:56,141,4,0,145
2023-06-25T00:03:17,141,4,0,145
2023-06-25T00:15:41,141,4,0,145
2023-06-25T00:28:05,141,4,0,145
2023-06-25T00:40:28,141,4,0,145
2023-06-25T00:52:51,141,4,0,145
2023-06-25T01:05:14,141,4,0,145
2023-06-25T01:17:36,141,4,0,145
2023-06-25T01:30:10,141,4,0,145
2023-06-25T01:42:33,141,4,0,145
2023-06-25T01:54:56,141,4,0,145
2023-06-25T02:07:19,141,4,0,145
2023-06-25T02:19:49,141,4,0,145
2023-06-25T02:32:14,141,4,0,145
2023-06-25T02:44:36,141,4,0,145
2023-06-25T02:56:58,141,4,0,145
2023-06-25T03:09:20,141,4,0,145
2023-06-25T03:21:42,141,4,0,145
2023-06-25T03:34:16,141,4,0,145
2023-06-25T03:46:39,141,4,0,145
2023-06-25T03:59:01,141,4,0,145
2023-06-25T04:29:04,141,4,0,145
2023-06-25T04:42:15,141,4,0,145
2023-06-25T04:55:38,141,4,0,145
2023-06-25T05:08:01,141,4,0,145
2023-06-25T05:20:23,141,4,0,145
2023-06-25T05:32:46,141,4,0,145
2023-06-25T05:45:10,141,4,0,145
2023-06-25T05:57:32,141,4,0,145
2023-06-25T06:09:55,141,4,0,145
2023-06-25T06:22:17,141,4,0,145
2023-06-25T06:34:39,141,4,0,145
2023-06-25T06:47:02,141,4,0,145
2023-06-25T06:59:30,141,4,0,145
2023-06-25T07:11:52,141,4,0,145
2023-06-25T07:24:12,141,4,0,145
2023-06-25T07:36:32,141,4,0,145
2023-06-25T07:48:52,141,4,0,145
2023-06-25T08:01:11,141,4,0,145
2023-06-25T08:13:31,141,4,0,145
2023-06-25T08:25:51,141,4,0,145
2023-06-25T08:38:12,141,4,0,145
2023-06-25T08:50:40,141,4,0,145
2023-06-25T09:03:00,141,4,0,145
2023-06-25T09:15:20,141,4,0,145
2023-06-25T09:27:39,141,4,0,145
2023-06-25T09:39:58,141,4,0,145
2023-06-25T09:52:20,141,4,0,145
2023-06-25T10:04:39,141,4,0,145
2023-06-25T10:16:58,141,4,0,145
2023-06-25T10:29:18,141,4,0,145
2023-06-25T10:41:48,141,4,0,145
2023-06-25T10:54:10,141,4,0,145
2023-06-25T11:06:33,141,4,0,145
2023-06-25T11:18:52,141,4,0,145
2023-06-25T11:31:12,142,3,0,145
2023-06-25T11:43:32,142,3,0,145
2023-06-25T11:55:54,142,3,0,145
2023-06-25T12:08:16,142,3,0,145
2023-06-25T12:20:39,142,3,0,145
2023-06-25T12:33:01,142,3,0,145
2023-06-25T12:45:32,142,3,0,145
2023-06-25T12:57:52,142,3,0,145
2023-06-25T13:10:12,142,3,0,145
2023-06-25T13:22:31,142,3,0,145
2023-06-25T13:34:50,142,3,0,145
2023-06-25T13:47:10,142,3,0,145
2023-06-25T13:59:29,142,3,0,145
2023-06-25T14:11:58,142,3,0,145
2023-06-25T14:24:17,142,3,0,145
2023-06-25T14:36:36,142,3,0,145
2023-06-25T14:48:55,142,3,0,145
2023-06-25T15:01:14,142,3,0,145
2023-06-25T15:13:34,142,3,0,145
2023-06-25T15:26:05,142,3,0,145
2023-06-25T15:38:23,142,3,0,145
2023-06-25T15:50:42,142,3,0,145
2023-06-25T16:03:02,142,3,0,145
2023-06-25T16:15:22,142,3,0,145
2023-06-25T16:27:42,142,3,0,145
2023-06-25T16:40:12,142,3,0,145
2023-06-25T16:52:32,142,3,0,145
2023-06-25T17:04:51,142,3,0,145
2023-06-25T17:17:11,142,3,0,145
2023-06-25T17:29:30,142,3,0,145
2023-06-25T17:41:50,142,3,0,145
2023-06-25T17:54:19,142,3,0,145
2023-06-25T18:06:39,142,3,0,145
2023-06-25T18:18:58,142,3,0,145
2023-06-25T18:31:18,142,3,0,145
2023-06-25T18:43:37,142,3,0,145
2023-06-25T18:55:56,142,3,0,145
2023-06-25T19:08:27,142,3,0,145
2023-06-25T19:20:47,142,3,0,145
2023-06-25T19:33:07,142,3,0,145
2023-06-25T19:45:26,142,3,0,145
2023-06-25T19:57:46,142,3,0,145
2023-06-25T20:10:05,142,3,0,145
2023-06-25T20:22:24,142,3,0,145
2023-06-25T20:34:54,142,3,0,145
2023-06-25T20:47:13,142,3,0,145
2023-06-25T20:59:32,142,3,0,145
2023-06-25T21:11:52,142,3,0,145
2023-06-25T21:24:11,142,3,0,145
2023-06-25T21:36:31,142,3,0,145
2023-06-25T21:48:51,142,3,0,145
2023-06-25T22:01:11,142,3,0,145
2023-06-25T22:13:40,142,3,0,145
2023-06-25T22:26:00,142,3,0,145
2023-06-25T22:38:20,142,3,0,145
2023-06-25T22:50:39,142,3,0,145
2023-06-25T23:02:59,142,3,0,145
2023-06-25T23:15:19,142,3,0,145
2023-06-25T23:27:39,142,3,0,145
2023-06-25T23:40:01,142,3,0,145
2023-06-25T23:52:32,142,3,0,145
2023-06-26T00:04:53,142,3,0,145
2023-06-26T00:17:22,142,3,0,145
2023-06-26T00:29:53,142,3,0,145
2023-06-26T00:42:25,142,3,0,145
2023-06-26T00:54:47,142,3,0,145
2023-06-26T01:07:12,142,3,0,145
2023-06-26T01:19:37,142,3,0,145
2023-06-26T01:32:01,142,3,0,145
2023-06-26T01:44:38,142,3,0,145
2023-06-26T01:57:01,142,3,0,145
2023-06-26T02:09:40,142,3,0,145
2023-06-26T02:22:02,142,3,0,145
2023-06-26T02:34:25,142,3,0,145
2023-06-26T02:46:47,142,3,0,145
2023-06-26T02:59:09,142,3,0,145
2023-06-26T03:11:31,142,3,0,145
2023-06-26T03:23:54,142,3,0,145
2023-06-26T03:36:17,142,3,0,145
2023-06-26T03:48:39,142,3,0,145
2023-06-26T04:01:13,142,3,0,145
2023-06-26T04:15:44,142,3,0,145
2023-06-26T04:41:45,142,3,0,145
2023-06-26T04:54:11,142,3,0,145
2023-06-26T05:06:37,142,3,0,145
2023-06-26T05:19:00,142,3,0,145
2023-06-26T05:31:24,142,3,0,145
2023-06-26T05:43:47,142,3,0,145
2023-06-26T05:56:10,142,3,0,145
2023-06-26T06:08:33,142,3,0,145
2023-06-26T06:20:56,142,3,0,145
2023-06-26T06:33:19,142,3,0,145
2023-06-26T06:45:42,142,3,0,145
2023-06-26T06:58:14,142,3,0,145
2023-06-26T07:10:37,142,3,0,145
2023-06-26T07:22:58,142,3,0,145
2023-06-26T07:35:18,142,3,0,145
2023-06-26T07:47:38,142,3,0,145
2023-06-26T07:59:58,142,3,0,145
2023-06-26T08:12:17,142,3,0,145
2023-06-26T08:24:37,142,3,0,145
2023-06-26T08:36:57,142,3,0,145
2023-06-26T08:49:19,142,3,0,145
2023-06-26T09:01:54,142,3,0,145
2023-06-26T09:14:14,142,3,0,145
2023-06-26T09:26:34,142,3,0,145
2023-06-26T09:38:54,142,3,0,145
2023-06-26T09:51:14,142,3,0,145
2023-06-26T10:03:46,142,3,0,145
2023-06-26T10:16:06,142,3,0,145
2023-06-26T10:28:26,142,3,0,145
2023-06-26T10:40:47,142,3,0,145
2023-06-26T10:53:07,142,3,0,145
2023-06-26T11:05:27,142,3,0,145
2023-06-26T11:17:48,142,3,0,145
2023-06-26T11:30:21,142,3,0,145
2023-06-26T11:42:42,142,3,0,145
2023-06-26T11:55:03,142,3,0,145
2023-06-26T12:07:23,142,3,0,145
2023-06-26T12:19:42,142,3,0,145
2023-06-26T12:32:03,142,3,0,145
2023-06-26T12:44:23,142,3,0,145
2023-06-26T12:56:54,142,3,0,145
2023-06-26T13:09:14,142,3,0,145
2023-06-26T13:21:34,142,3,0,145
2023-06-26T13:33:55,142,3,0,145
2023-06-26T13:46:17,142,3,0,145
2023-06-26T13:58:38,142,3,0,145
2023-06-26T14:11:00,142,3,0,145
2023-06-26T14:23:32,142,3,0,145
2023-06-26T14:35:54,142,3,0,145
2023-06-26T14:48:16,142,3,0,145
2023-06-26T15:00:37,142,3,0,145
2023-06-26T15:12:58,142,3,0,145
2023-06-26T15:25:20,142,3,0,145
2023-06-26T15:37:41,142,3,0,145
2023-06-26T15:50:14,142,3,0,145
2023-06-26T16:02:36,142,3,0,145
2023-06-26T16:14:57,142,3,0,145
2023-06-26T16:27:19,142,3,0,145
2023-06-26T16:39:40,142,3,0,145
2023-06-26T16:52:01,142,3,0,145
2023-06-26T17:04:22,142,3,0,145
2023-06-26T17:16:56,142,3,0,145
2023-06-26T17:29:17,142,3,0,145
2023-06-26T17:41:38,142,3,0,145
2023-06-26T17:53:59,142,3,0,145
2023-06-26T18:06:20,142,3,0,145
2023-06-26T18:18:42,142,3,0,145
2023-06-26T18:31:03,142,3,0,145
2023-06-26T18:43:24,142,3,0,145
2023-06-26T18:55:56,142,3,0,145
2023-06-26T19:08:17,142,3,0,145
2023-06-26T19:20:38,142,3,0,145
2023-06-26T19:33:00,142,3,0,145
2023-06-26T19:45:20,142,3,0,145
2023-06-26T19:57:41,142,3,0,145
2023-06-26T20:10:02,142,3,0,145
2023-06-26T20:22:23,142,3,0,145
2023-06-26T20:34:47,142,3,0,145
2023-06-26T20:47:08,142,3,0,145
2023-06-26T20:59:39,142,3,0,145
2023-06-26T21:12:00,142,3,0,145
2023-06-26T21:24:22,142,3,0,145
2023-06-26T21:36:43,142,3,0,145
2023-06-26T21:49:04,142,3,0,145
2023-06-26T22:01:25,142,3,0,145
2023-06-26T22:13:46,142,3,0,145
2023-06-26T22:26:07,142,3,0,145
2023-06-26T22:38:29,142,3,0,145
2023-06-26T22:50:50,142,3,0,145
2023-06-26T23:03:11,142,3,0,145
2023-06-26T23:15:46,142,3,0,145
2023-06-26T23:28:08,142,3,0,145
2023-06-26T23:40:30,142,3,0,145
2023-06-26T23:52:52,142,3,0,145
2023-06-27T00:05:16,142,3,0,145
2023-06-27T00:17:41,142,3,0,145
2023-06-27T00:30:06,142,3,0,145
2023-06-27T00:42:31,142,3,0,145
2023-06-27T00:54:56,142,3,0,145
2023-06-27T01:07:21,142,3,0,145
2023-06-27T01:19:47,142,3,0,145
2023-06-27T01:32:12,142,3,0,145
2023-06-27T01:44:37,142,3,0,145
2023-06-27T01:57:00,142,3,0,145
2023-06-27T02:09:35,142,3,0,145
2023-06-27T02:21:58,142,3,0,145
2023-06-27T02:34:22,142,3,0,145
2023-06-27T02:46:45,142,3,0,145
2023-06-27T02:59:07,142,3,0,145
2023-06-27T03:11:30,142,3,0,145
2023-06-27T03:23:53,142,3,0,145
2023-06-27T03:36:16,142,3,0,145
2023-06-27T03:48:40,142,3,0,145
2023-06-27T04:01:04,142,3,0,145
2023-06-27T04:28:34,142,3,0,145
2023-06-27T04:42:38,142,3,0,145
2023-06-27T04:55:06,142,3,0,145
2023-06-27T05:07:50,142,3,0,145
2023-06-27T05:20:15,142,3,0,145
2023-06-27T05:32:39,142,3,0,145
2023-06-27T05:45:04,142,3,0,145
2023-06-27T05:57:28,142,3,0,145
2023-06-27T06:09:52,142,3,0,145
2023-06-27T06:22:16,142,3,0,145
2023-06-27T06:34:40,142,3,0,145
2023-06-27T06:47:05,142,3,0,145
2023-06-27T06:59:29,142,3,0,145
2023-06-27T07:11:52,142,3,0,145
2023-06-27T07:24:18,142,3,0,145
2023-06-27T07:36:41,142,3,0,145
2023-06-27T07:49:04,142,3,0,145
2023-06-27T08:01:27,142,3,0,145
2023-06-27T08:13:51,142,3,0,145
2023-06-27T08:26:14,142,3,0,145
2023-06-27T08:38:36,142,3,0,145
2023-06-27T08:51:08,142,3,0,145
2023-06-27T09:03:31,142,3,0,145
2023-06-27T09:15:53,142,3,0,145
2023-06-27T09:28:16,142,3,0,145
2023-06-27T09:40:39,142,3,0,145
2023-06-27T09:53:03,142,3,0,145
2023-06-27T10:05:25,142,3,0,145
2023-06-27T10:17:50,142,3,0,145
2023-06-27T10:30:13,142,3,0,145
2023-06-27T10:42:35,142,3,0,145
2023-06-27T10:54:57,142,3,0,145
2023-06-27T11:07:33,142,3,0,145
2023-06-27T11:19:55,142,3,0,145
2023-06-27T11:32:18,142,3,0,145
2023-06-27T11:44:40,142,3,0,145
2023-06-27T11:57:02,142,3,0,145
2023-06-27T12:09:23,142,3,0,145
2023-06-27T12:21:46,142,3,0,145
2023-06-27T12:34:08,142,3,0,145
2023-06-27T12:46:42,142,3,0,145
2023-06-27T12:59:05,142,3,0,145
2023-06-27T13:11:27,142,3,0,145
2023-06-27T13:23:49,142,3,0,145
2023-06-27T13:36:12,142,3,0,145
2023-06-27T13:48:35,142,3,0,145
2023-06-27T14:00:57,142,3,0,145
2023-06-27T14:13:18,142,3,0,145
2023-06-27T14:25:40,142,3,0,145
2023-06-27T14:38:13,142,3,0,145
2023-06-27T14:50:35,142,3,0,145
2023-06-27T15:02:57,142,3,0,145
2023-06-27T15:15:19,142,3,0,145
2023-06-27T15:27:41,142,3,0,145
2023-06-27T15:40:05,141,4,0,145
2023-06-27T15:52:28,141,4,0,145
2023-06-27T16:04:51,141,4,0,145
2023-06-27T16:17:24,141,4,0,145
2023-06-27T16:29:47,141,4,0,145
2023-06-27T16:42:10,141,4,0,145
2023-06-27T16:54:34,141,4,0,145
2023-06-27T17:06:58,141,4,0,145
2023-06-27T17:19:22,141,4,0,145
2023-06-27T17:31:45,141,4,0,145
2023-06-27T17:44:08,141,4,0,145
2023-06-27T17:56:30,141,4,0,145
2023-06-27T18:08:52,141,4,0,145
2023-06-27T18:21:25,141,4,0,145
2023-06-27T18:33:47,141,4,0,145
2023-06-27T18:46:09,141,4,0,145
2023-06-27T18:58:30,141,4,0,145
2023-06-27T19:10:53,141,4,0,145
2023-06-27T19:23:16,141,4,0,145
2023-06-27T19:35:38,141,4,0,145
2023-06-27T19:48:00,141,4,0,145
2023-06-27T20:00:22,141,4,0,145
2023-06-27T20:12:44,141,4,0,145
2023-06-27T20:25:07,141,4,0,145
2023-06-27T20:37:40,141,4,0,145
2023-06-27T20:50:02,141,4,0,145
2023-06-27T21:02:24,141,4,0,145
2023-06-27T21:14:46,141,4,0,145
2023-06-27T21:27:08,141,4,0,145
2023-06-27T21:39:30,141,4,0,145
2023-06-27T21:51:53,141,4,0,145
2023-06-27T22:04:14,141,4,0,145
2023-06-27T22:16:36,141,4,0,145
2023-06-27T22:28:58,141,4,0,145
2023-06-27T22:41:20,141,4,0,145
2023-06-27T22:53:42,141,4,0,145
2023-06-27T23:06:16,141,4,0,145
2023-06-27T23:18:38,141,4,0,145
2023-06-27T23:31:01,141,4,0,145
2023-06-27T23:43:24,141,4,0,145
2023-06-27T23:55:47,141,4,0,145
2023-06-28T00:08:10,141,4,0,145
2023-06-28T00:20:37,141,4,0,145
2023-06-28T00:33:01,141,4,0,145
2023-06-28T00:45:27,141,4,0,145
2023-06-28T00:57:54,141,4,0,145
2023-06-28T01:10:21,141,4,0,145
2023-06-28T01:22:47,141,4,0,145
2023-06-28T01:35:25,141,4,0,145
2023-06-28T01:47:51,141,4,0,145
2023-06-28T02:00:17,141,4,0,145
2023-06-28T02:12:40,141,4,0,145
2023-06-28T02:25:02,141,4,0,145
2023-06-28T02:37:25,141,4,0,145
2023-06-28T02:49:47,141,4,0,145
2023-06-28T03:02:10,141,4,0,145
2023-06-28T03:14:35,141,4,0,145
2023-06-28T03:27:01,141,4,0,145
2023-06-28T03:39:38,141,4,0,145
2023-06-28T03:52:13,141,4,0,145
2023-06-28T04:04:40,141,4,0,145
2023-06-28T04:41:45,141,4,0,145
2023-06-28T04:54:14,141,4,0,145
2023-06-28T05:06:42,141,4,0,145
2023-06-28T05:19:07,141,4,0,145
2023-06-28T05:31:32,141,4,0,145
2023-06-28T05:43:58,141,4,0,145
2023-06-28T05:56:23,141,4,0,145
2023-06-28T06:08:48,141,4,0,145
2023-06-28T06:21:13,141,4,0,145
2023-06-28T06:33:39,141,4,0,145
2023-06-28T06:46:08,141,4,0,145
2023-06-28T06:58:32,141,4,0,145
2023-06-28T07:10:59,141,4,0,145
2023-06-28T07:23:23,141,4,0,145
2023-06-28T07:35:46,141,4,0,145
2023-06-28T07:48:17,141,4,0,145
2023-06-28T08:00:40,141,4,0,145
2023-06-28T08:13:05,141,4,0,145
2023-06-28T08:25:29,141,4,0,145
2023-06-28T08:37:52,141,4,0,145
2023-06-28T08:50:15,141,4,0,145
2023-06-28T09:02:39,141,4,0,145
2023-06-28T09:15:01,141,4,0,145
2023-06-28T09:27:23,141,4,0,145
2023-06-28T09:39:45,141,4,0,145
2023-06-28T09:52:07,141,4,0,145
2023-06-28T10:04:40,141,4,0,145
2023-06-28T10:17:02,141,4,0,145
2023-06-28T10:29:24,141,4,0,145
2023-06-28T10:41:46,141,4,0,145
2023-06-28T10:54:08,141,4,0,145
2023-06-28T11:06:32,141,4,0,145
2023-06-28T11:18:54,141,4,0,145
2023-06-28T11:31:17,141,4,0,145
2023-06-28T11:43:39,141,4,0,145
2023-06-28T11:56:01,141,4,0,145
2023-06-28T12:08:36,141,4,0,145
2023-06-28T12:20:58,141,4,0,145
2023-06-28T12:33:20,141,4,0,145
2023-06-28T12:45:43,141,4,0,145
2023-06-28T12:58:05,141,4,0,145
2023-06-28T13:10:27,141,4,0,145
2023-06-28T13:22:49,141,4,0,145
2023-06-28T13:35:12,141,4,0,145
2023-06-28T13:47:34,141,4,0,145
2023-06-28T14:00:09,141,4,0,145
2023-06-28T14:12:32,141,4,0,145
2023-06-28T14:24:54,141,4,0,145
2023-06-28T14:37:17,141,4,0,145
2023-06-28T14:49:40,141,4,0,145
2023-06-28T15:02:03,141,4,0,145
2023-06-28T15:14:28,141,4,0,145
2023-06-28T15:26:50,141,4,0,145
2023-06-28T15:39:26,141,4,0,145
2023-06-28T15:51:49,141,4,0,145
2023-06-28T16:04:11,141,4,0,145
2023-06-28T16:16:34,141,4,0,145
2023-06-28T16:28:56,141,4,0,145
2023-06-28T16:41:19,141,4,0,145
2023-06-28T16:53:41,141,4,0,145
2023-06-28T17:06:04,141,4,0,145
2023-06-28T17:18:37,141,4,0,145
2023-06-28T17:31:00,141,4,0,145
2023-06-28T17:43:22,141,4,0,145
2023-06-28T17:55:45,141,4,0,145
2023-06-28T18:08:08,141,4,0,145
2023-06-28T18:20:30,141,4,0,145
2023-06-28T18:32:53,141,4,0,145
2023-06-28T18:45:15,141,4,0,145
2023-06-28T18:57:37,141,4,0,145
2023-06-28T19:09:59,141,4,0,145
2023-06-28T19:22:33,141,4,0,145
2023-06-28T19:34:56,141,4,0,145
2023-06-28T19:47:18,141,4,0,145
2023-06-28T19:59:41,141,4,0,145
2023-06-28T20:12:04,141,4,0,145
2023-06-28T20:24:26,141,4,0,145
2023-06-28T20:36:49,141,4,0,145
2023-06-28T20:49:11,141,4,0,145
2023-06-28T21:01:34,141,4,0,145
2023-06-28T21:13:57,141,4,0,145
2023-06-28T21:26:30,141,4,0,145
2023-06-28T21:38:53,141,4,0,145
2023-06-28T21:51:16,141,4,0,145
2023-06-28T22:03:39,141,4,0,145
2023-06-28T22:16:03,141,4,0,145
2023-06-28T22:28:25,141,4,0,145
2023-06-28T22:40:48,141,4,0,145
2023-06-28T22:53:11,141,4,0,145
2023-06-28T23:05:34,141,4,0,145
2023-06-28T23:17:58,141,4,0,145
2023-06-28T23:30:21,141,4,0,145
2023-06-28T23:42:55,141,4,0,145
2023-06-28T23:55:18,141,4,0,145
2023-06-29T00:07:42,141,4,0,145
2023-06-29T00:20:13,141,4,0,145
2023-06-29T00:32:39,141,4,0,145
2023-06-29T00:45:06,141,4,0,145
2023-06-29T00:57:33,141,4,0,145
2023-06-29T01:10:01,141,4,0,145
2023-06-29T01:22:29,141,4,0,145
2023-06-29T01:34:55,141,4,0,145
2023-06-29T01:47:20,141,4,0,145
2023-06-29T01:59:45,141,4,0,145
2023-06-29T02:12:22,141,4,0,145
2023-06-29T02:24:46,141,4,0,145
2023-06-29T02:37:10,141,4,0,145
2023-06-29T02:49:33,141,4,0,145
2023-06-29T03:01:56,141,4,0,145
2023-06-29T03:14:18,141,4,0,145
2023-06-29T03:26:41,141,4,0,145
2023-06-29T03:39:04,141,4,0,145
2023-06-29T03:51:26,141,4,0,145
2023-06-29T04:03:48,141,4,0,145
2023-06-29T04:26:35,141,4,0,145
2023-06-29T04:38:59,141,4,0,145
2023-06-29T04:53:18,141,4,0,145
2023-06-29T05:05:42,141,4,0,145
2023-06-29T05:18:05,141,4,0,145
2023-06-29T05:30:33,141,4,0,145
2023-06-29T05:43:00,141,4,0,145
2023-06-29T05:55:26,141,4,0,145
2023-06-29T06:07:54,141,4,0,145
2023-06-29T06:20:22,141,4,0,145
2023-06-29T06:32:49,141,4,0,145
2023-06-29T06:45:16,141,4,0,145
2023-06-29T06:57:55,141,4,0,145
2023-06-29T07:10:26,141,4,0,145
2023-06-29T07:22:52,141,4,0,145
2023-06-29T07:35:27,141,4,0,145
2023-06-29T07:47:53,141,4,0,145
2023-06-29T08:00:19,141,4,0,145
2023-06-29T08:12:46,141,4,0,145
2023-06-29T08:25:10,141,4,0,145
2023-06-29T08:37:34,141,4,0,145
2023-06-29T08:49:59,141,4,0,145
2023-06-29T09:02:23,141,4,0,145
2023-06-29T09:14:49,141,4,0,145
2023-06-29T09:27:13,141,4,0,145
2023-06-29T09:39:38,141,4,0,145
2023-06-29T09:52:12,141,4,0,145
2023-06-29T10:04:36,141,4,0,145
2023-06-29T10:17:00,141,4,0,145
2023-06-29T10:29:25,141,4,0,145
2023-06-29T10:41:49,141,4,0,145
2023-06-29T10:54:13,141,4,0,145
2023-06-29T11:06:38,141,4,0,145
2023-06-29T11:19:02,141,4,0,145
2023-06-29T11:31:27,141,4,0,145
2023-06-29T11:44:02,141,4,0,145
2023-06-29T11:56:26,141,4,0,145
2023-06-29T12:08:49,141,4,0,145
2023-06-29T12:21:12,141,4,0,145
2023-06-29T12:33:35,141,4,0,145
2023-06-29T12:45:58,141,4,0,145
2023-06-29T12:58:21,141,4,0,145
2023-06-29T13:10:44,141,4,0,145
2023-06-29T13:23:06,141,4,0,145
2023-06-29T13:35:39,141,4,0,145
2023-06-29T13:48:02,141,4,0,145
2023-06-29T14:00:24,141,4,0,145
2023-06-29T14:12:47,141,4,0,145
2023-06-29T14:25:09,141,4,0,145
2023-06-29T14:37:32,141,4,0,145
2023-06-29T14:49:55,141,4,0,145
2023-06-29T15:02:18,141,4,0,145
2023-06-29T15:14:51,141,4,0,145
2023-06-29T15:27:14,141,4,0,145
2023-06-29T15:39:37,141,4,0,145
2023-06-29T15:52:00,141,4,0,145
2023-06-29T16:04:23,141,4,0,145
2023-06-29T16:16:46,141,4,0,145
2023-06-29T16:29:08,141,4,0,145
2023-06-29T16:41:31,141,4,0,145
2023-06-29T16:53:54,141,4,0,145
2023-06-29T17:06:28,141,4,0,145
2023-06-29T17:18:52,141,4,0,145
2023-06-29T17:31:14,141,4,0,145
2023-06-29T17:43:37,141,4,0,145
2023-06-29T17:56:00,141,4,0,145
2023-06-29T18:08:23,141,4,0,145
2023-06-29T18:20:47,141,4,0,145
2023-06-29T18:33:10,141,4,0,145
2023-06-29T18:45:32,141,4,0,145
2023-06-29T18:58:06,141,4,0,145
2023-06-29T19:10:29,141,4,0,145
2023-06-29T19:22:52,141,4,0,145
2023-06-29T19:35:16,141,4,0,145
2023-06-29T19:47:39,141,4,0,145
2023-06-29T20:00:03,141,4,0,145
2023-06-29T20:12:26,141,4,0,145
2023-06-29T20:24:50,141,4,0,145
2023-06-29T20:37:25,141,4,0,145
2023-06-29T20:49:49,141,4,0,145
2023-06-29T21:02:12,141,4,0,145
2023-06-29T21:14:35,141,4,0,145
2023-06-29T21:26:58,141,4,0,145
2023-06-29T21:39:22,141,4,0,145
2023-06-29T21:51:46,141,4,0,145
2023-06-29T22:04:09,141,4,0,145
2023-06-29T22:16:34,141,4,0,145
2023-06-29T22:28:57,141,4,0,145
2023-06-29T22:41:22,141,4,0,145
2023-06-29T22:53:57,141,4,0,145
2023-06-29T23:06:20,141,4,0,145
2023-06-29T23:18:44,141,4,0,145
2023-06-29T23:31:07,141,4,0,145
2023-06-29T23:43:32,141,4,0,145
2023-06-29T23:55:55,141,4,0,145
2023-06-30T00:08:21,141,4,0,145
2023-06-30T00:20:53,141,4,0,145
2023-06-30T00:33:20,141,4,0,145
2023-06-30T00:45:47,141,4,0,145
2023-06-30T00:58:14,141,4,0,145
2023-06-30T01:10:55,141,4,0,145
2023-06-30T01:23:24,141,4,0,145
2023-06-30T01:35:51,141,4,0,145
2023-06-30T01:48:18,141,4,0,145
2023-06-30T02:00:44,141,4,0,145
2023-06-30T02:13:10,141,4,0,145
2023-06-30T02:25:36,141,4,0,145
2023-06-30T02:38:01,141,4,0,145
2023-06-30T02:50:26,141,4,0,145
2023-06-30T03:02:53,141,4,0,145
2023-06-30T03:15:22,141,4,0,145
2023-06-30T03:27:49,141,4,0,145
2023-06-30T03:40:16,141,4,0,145
2023-06-30T03:53:00,141,4,0,145
2023-06-30T04:05:28,141,4,0,145
2023-06-30T04:30:51,141,4,0,145
2023-06-30T04:44:40,141,4,0,145
2023-06-30T04:57:27,141,4,0,145
2023-06-30T05:09:55,141,4,0,145
2023-06-30T05:22:24,141,4,0,145
2023-06-30T05:34:50,141,4,0,145
2023-06-30T05:47:17,141,4,0,145
2023-06-30T05:59:42,141,4,0,145
2023-06-30T06:12:10,141,4,0,145
2023-06-30T06:24:36,141,4,0,145
2023-06-30T06:37:02,141,4,0,145
2023-06-30T06:49:32,141,4,0,145
2023-06-30T07:02:00,141,4,0,145
2023-06-30T07:14:25,141,4,0,145
2023-06-30T07:26:58,141,4,0,145
2023-06-30T07:39:23,141,4,0,145
2023-06-30T07:51:47,141,4,0,145
2023-06-30T08:04:11,141,4,0,145
2023-06-30T08:16:37,141,4,0,145
2023-06-30T08:29:03,141,4,0,145
2023-06-30T08:41:28,141,4,0,145
2023-06-30T08:53:52,141,4,0,145
2023-06-30T09:06:17,141,4,0,145
2023-06-30T09:18:40,141,4,0,145
2023-06-30T09:31:03,141,4,0,145
2023-06-30T09:43:26,141,4,0,145
2023-06-30T09:55:49,141,4,0,145
2023-06-30T10:08:12,141,4,0,145
2023-06-30T10:20:47,141,4,0,145
2023-06-30T10:33:10,141,4,0,145
2023-06-30T10:45:33,141,4,0,145
2023-06-30T10:57:56,141,4,0,145
2023-06-30T11:10:19,141,4,0,145
2023-06-30T11:22:43,141,4,0,145
2023-06-30T11:35:07,141,4,0,145
2023-06-30T11:47:31,141,4,0,145
2023-06-30T12:00:06,141,4,0,145
2023-06-30T12:12:30,141,4,0,145
2023-06-30T12:24:54,141,4,0,145
2023-06-30T12:37:18,141,4,0,145
2023-06-30T12:49:41,141,4,0,145
2023-06-30T13:02:05,141,4,0,145
2023-06-30T13:14:28,141,4,0,145
2023-06-30T13:26:52,142,3,0,145
2023-06-30T13:39:27,142,3,0,145
2023-06-30T13:51:50,142,3,0,145
2023-06-30T14:04:14,142,3,0,145
2023-06-30T14:16:37,142,3,0,145
2023-06-30T14:29:01,142,3,0,145
2023-06-30T14:41:24,142,3,0,145
2023-06-30T14:53:47,142,3,0,145
2023-06-30T15:06:10,142,3,0,145
2023-06-30T15:18:44,142,3,0,145
2023-06-30T15:31:08,142,3,0,145
2023-06-30T15:43:31,142,3,0,145
2023-06-30T15:55:55,142,3,0,145
2023-06-30T16:08:19,142,3,0,145
2023-06-30T16:20:42,142,3,0,145
2023-06-30T16:33:05,142,3,0,145
2023-06-30T16:45:28,142,3,0,145
2023-06-30T16:57:51,142,3,0,145
2023-06-30T17:10:25,142,3,0,145
2023-06-30T17:22:48,142,3,0,145
2023-06-30T17:35:11,142,3,0,145
2023-06-30T17:47:35,142,3,0,145
2023-06-30T17:59:57,142,3,0,145
2023-06-30T18:12:21,142,3,0,145
2023-06-30T18:24:44,142,3,0,145
2023-06-30T18:37:07,142,3,0,145
2023-06-30T18:49:31,142,3,0,145
2023-06-30T19:01:54,142,3,0,145
2023-06-30T19:14:29,142,3,0,145
2023-06-30T19:26:52,142,3,0,145
2023-06-30T19:39:16,142,3,0,145
2023-06-30T19:51:39,142,3,0,145
2023-06-30T20:04:02,142,3,0,145
2023-06-30T20:16:26,142,3,0,145
2023-06-30T20:28:49,142,3,0,145
2023-06-30T20:41:13,142,3,0,145
2023-06-30T20:53:36,142,3,0,145
2023-06-30T21:06:11,142,3,0,145
2023-06-30T21:18:34,142,3,0,145
2023-06-30T21:30:57,142,3,0,145
2023-06-30T21:43:20,142,3,0,145
2023-06-30T21:55:43,142,3,0,145
2023-06-30T22:08:07,142,3,0,145
2023-06-30T22:41:34,142,3,0,145
2023-06-30T22:53:59,142,3,0,145
2023-06-30T23:06:24,142,3,0,145
2023-06-30T23:18:47,142,3,0,145
2023-06-30T23:31:16,142,3,0,145
2023-06-30T23:43:40,142,3,0,145
2023-06-30T23:56:04,142,3,0,145
2023-07-01T00:08:29,142,3,0,145
2023-07-01T00:20:59,142,3,0,145
2023-07-01T00:33:26,142,3,0,145
2023-07-01T00:46:02,142,3,0,145
2023-07-01T00:58:30,142,3,0,145
2023-07-01T01:10:58,142,3,0,145
2023-07-01T01:23:27,142,3,0,145
2023-07-01T01:35:55,142,3,0,145
2023-07-01T01:48:23,142,3,0,145
2023-07-01T02:00:50,142,3,0,145
2023-07-01T02:13:16,142,3,0,145
2023-07-01T02:25:41,142,3,0,145
2023-07-01T02:38:07,142,3,0,145
2023-07-01T02:50:32,142,3,0,145
2023-07-01T03:02:56,142,3,0,145
2023-07-01T03:15:22,142,3,0,145
2023-07-01T03:27:48,142,3,0,145
2023-07-01T03:40:13,142,3,0,145
2023-07-01T03:52:48,142,3,0,145
2023-07-01T04:05:14,142,3,0,145
2023-07-01T04:28:46,142,3,0,145
2023-07-01T04:41:14,142,3,0,145
2023-07-01T04:53:41,142,3,0,145
2023-07-01T05:06:09,142,3,0,145
2023-07-01T05:18:37,142,3,0,145
2023-07-01T05:31:09,142,3,0,145
2023-07-01T05:43:41,142,3,0,145
2023-07-01T05:56:07,142,3,0,145
2023-07-01T06:08:34,142,3,0,145
2023-07-01T06:21:00,142,3,0,145
2023-07-01T06:33:26,142,3,0,145
2023-07-01T06:45:52,142,3,0,145
2023-07-01T06:58:22,142,3,0,145
2023-07-01T07:10:48,142,3,0,145
2023-07-01T07:23:14,142,3,0,145
2023-07-01T07:35:41,142,3,0,145
2023-07-01T07:48:22,142,3,0,145
2023-07-01T08:00:48,142,3,0,145
2023-07-01T08:13:15,142,3,0,145
2023-07-01T08:25:42,142,3,0,145
2023-07-01T08:38:09,142,3,0,145
2023-07-01T08:50:35,142,3,0,145
2023-07-01T09:03:02,142,3,0,145
2023-07-01T09:15:28,142,3,0,145
2023-07-01T09:28:03,142,3,0,145
2023-07-01T09:40:30,142,3,0,145
2023-07-01T09:52:56,142,3,0,145
2023-07-01T10:05:23,142,3,0,145
2023-07-01T10:17:49,142,3,0,145
2023-07-01T10:30:15,142,3,0,145
2023-07-01T10:42:41,142,3,0,145
2023-07-01T10:55:07,142,3,0,145
2023-07-01T11:07:31,142,3,0,145
2023-07-01T11:19:55,142,3,0,145
2023-07-01T11:32:17,142,3,0,145
2023-07-01T11:45:01,142,3,0,145
2023-07-01T11:57:24,142,3,0,145
2023-07-01T12:09:48,142,3,0,145
2023-07-01T12:22:11,142,3,0,145
2023-07-01T12:34:34,142,3,0,145
2023-07-01T12:46:57,142,3,0,145
2023-07-01T12:59:20,142,3,0,145
2023-07-01T13:11:43,142,3,0,145
2023-07-01T13:24:05,142,3,0,145
2023-07-01T13:36:29,142,3,0,145
2023-07-01T13:48:51,142,3,0,145
2023-07-01T14:01:14,142,3,0,145
2023-07-01T14:13:38,142,3,0,145
2023-07-01T14:26:11,142,3,0,145
2023-07-01T14:38:34,142,3,0,145
2023-07-01T14:50:57,142,3,0,145
2023-07-01T15:03:20,142,3,0,145
2023-07-01T15:15:43,142,3,0,145
2023-07-01T15:28:05,142,3,0,145
2023-07-01T15:40:28,142,3,0,145
2023-07-01T15:52:52,142,3,0,145
2023-07-01T16:05:15,142,3,0,145
2023-07-01T16:17:38,142,3,0,145
2023-07-01T16:30:01,142,3,0,145
2023-07-01T16:42:24,142,3,0,145
2023-07-01T16:54:46,142,3,0,145
2023-07-01T17:07:11,142,3,0,145
2023-07-01T17:19:51,142,3,0,145
2023-07-01T17:32:15,142,3,0,145
2023-07-01T17:44:38,142,3,0,145
2023-07-01T17:57:01,142,3,0,145
2023-07-01T18:09:25,142,3,0,145
2023-07-01T18:21:48,142,3,0,145
2023-07-01T18:34:11,142,3,0,145
2023-07-01T18:46:34,142,3,0,145
2023-07-01T18:58:57,142,3,0,145
2023-07-01T19:11:22,142,3,0,145
2023-07-01T19:23:46,142,3,0,145
2023-07-01T19:36:08,142,3,0,145
2023-07-01T19:48:32,142,3,0,145
2023-07-01T20:00:59,142,3,0,145
2023-07-01T20:13:23,142,3,0,145
2023-07-01T20:25:57,142,3,0,145
2023-07-01T20:38:20,142,3,0,145
2023-07-01T20:50:44,142,3,0,145
2023-07-01T21:03:07,142,3,0,145
2023-07-01T21:15:31,142,3,0,145
2023-07-01T21:27:54,142,3,0,145
2023-07-01T21:40:18,142,3,0,145
2023-07-01T21:52:41,142,3,0,145
2023-07-01T22:05:04,142,3,0,145
2023-07-01T22:17:28,142,3,0,145
2023-07-01T22:29:51,142,3,0,145
2023-07-01T22:42:35,142,3,0,145
2023-07-01T22:54:58,142,3,0,145
2023-07-01T23:07:22,142,3,0,145
2023-07-01T23:19:46,142,3,0,145
2023-07-01T23:32:10,142,3,0,145
2023-07-01T23:44:33,142,3,0,145
2023-07-01T23:56:56,142,3,0,145
2023-07-02T00:09:41,142,3,0,145
2023-07-02T00:22:08,142,3,0,145
2023-07-02T00:34:33,142,3,0,145
2023-07-02T00:46:58,142,3,0,145
2023-07-02T00:59:21,142,3,0,145
2023-07-02T01:11:46,142,3,0,145
2023-07-02T01:24:10,142,3,0,145
2023-07-02T01:36:33,142,3,0,145
2023-07-02T01:48:57,142,3,0,145
2023-07-02T02:01:21,142,3,0,145
2023-07-02T02:13:45,142,3,0,145
2023-07-02T02:26:20,142,3,0,145
2023-07-02T02:38:51,142,3,0,145
2023-07-02T02:51:22,142,3,0,145
2023-07-02T03:03:51,142,3,0,145
2023-07-02T03:16:23,142,3,0,145
2023-07-02T03:28:51,142,3,0,145
2023-07-02T03:41:19,142,3,0,145
2023-07-02T03:53:47,142,3,0,145
2023-07-02T04:06:16,142,3,0,145
2023-07-02T04:26:06,142,3,0,145
2023-07-02T04:40:12,142,3,0,145
2023-07-02T04:52:42,142,3,0,145
2023-07-02T05:05:11,142,3,0,145
2023-07-02T05:17:38,142,3,0,145
2023-07-02T05:30:05,142,3,0,145
2023-07-02T05:42:32,142,3,0,145
2023-07-02T05:54:58,142,3,0,145
2023-07-02T06:07:28,142,3,0,145
2023-07-02T06:19:58,142,3,0,145
2023-07-02T06:32:41,142,3,0,145
2023-07-02T06:45:08,142,3,0,145
2023-07-02T06:57:35,142,3,0,145
2023-07-02T07:10:04,142,3,0,145
2023-07-02T07:22:30,142,3,0,145
2023-07-02T07:34:58,142,3,0,145
2023-07-02T07:47:22,142,3,0,145
2023-07-02T07:59:49,142,3,0,145
2023-07-02T08:12:19,142,3,0,145
2023-07-02T08:24:47,142,3,0,145
2023-07-02T08:37:28,142,3,0,145
2023-07-02T08:49:55,142,3,0,145
2023-07-02T09:02:25,142,3,0,145
2023-07-02T09:14:53,142,3,0,145
2023-07-02T09:27:20,142,3,0,145
2023-07-02T09:39:49,142,3,0,145
2023-07-02T09:52:20,142,3,0,145
2023-07-02T10:04:58,142,3,0,145
2023-07-02T10:17:28,142,3,0,145
2023-07-02T10:29:59,142,3,0,145
2023-07-02T10:42:26,142,3,0,145
2023-07-02T10:54:52,142,3,0,145
2023-07-02T11:07:17,142,3,0,145
2023-07-02T11:19:42,142,3,0,145
2023-07-02T11:32:05,142,3,0,145
2023-07-02T11:44:28,142,3,0,145
2023-07-02T11:56:51,142,3,0,145
2023-07-02T12:09:14,142,3,0,145
2023-07-02T12:21:48,142,3,0,145
2023-07-02T12:34:11,142,3,0,145
2023-07-02T12:46:34,142,3,0,145
2023-07-02T12:58:57,142,3,0,145
2023-07-02T13:11:21,142,3,0,145
2023-07-02T13:23:43,142,3,0,145
2023-07-02T13:36:06,142,3,0,145
2023-07-02T13:48:29,142,3,0,145
2023-07-02T14:00:52,142,3,0,145
2023-07-02T14:13:15,142,3,0,145
2023-07-02T14:25:49,142,3,0,145
2023-07-02T14:38:13,142,3,0,145
2023-07-02T14:50:36,142,3,0,145
2023-07-02T15:02:59,142,3,0,145
2023-07-02T15:15:23,142,3,0,145
2023-07-02T15:27:46,142,3,0,145
2023-07-02T15:40:10,142,3,0,145
2023-07-02T15:52:34,142,3,0,145
2023-07-02T16:04:57,142,3,0,145
2023-07-02T16:17:21,142,3,0,145
2023-07-02T16:29:56,142,3,0,145
2023-07-02T16:42:20,142,3,0,145
2023-07-02T16:54:43,142,3,0,145
2023-07-02T17:07:06,142,3,0,145
2023-07-02T17:19:30,142,3,0,145
2023-07-02T17:31:52,142,3,0,145
2023-07-02T17:44:16,142,3,0,145
2023-07-02T17:56:39,142,3,0,145
2023-07-02T18:09:02,142,3,0,145
2023-07-02T18:21:25,142,3,0,145
2023-07-02T18:33:49,142,3,0,145
2023-07-02T18:46:13,142,3,0,145
2023-07-02T18:58:36,142,3,0,145
2023-07-02T19:11:14,142,3,0,145
2023-07-02T19:23:37,142,3,0,145
2023-07-02T19:36:01,142,3,0,145
2023-07-02T19:48:24,142,3,0,145
2023-07-02T20:00:47,142,3,0,145
2023-07-02T20:13:10,142,3,0,145
2023-07-02T20:25:33,142,3,0,145
2023-07-02T20:37:56,142,3,0,145
2023-07-02T20:50:21,142,3,0,145
2023-07-02T21:02:45,142,3,0,145
2023-07-02T21:15:18,142,3,0,145
2023-07-02T21:27:41,142,3,0,145
2023-07-02T21:40:04,142,3,0,145
2023-07-02T21:52:27,142,3,0,145
2023-07-02T22:04:50,142,3,0,145
2023-07-02T22:17:13,142,3,0,145
2023-07-02T22:29:36,142,3,0,145
2023-07-02T22:42:00,142,3,0,145
2023-07-02T22:54:22,142,3,0,145
2023-07-02T23:06:45,142,3,0,145
2023-07-02T23:19:19,142,3,0,145
2023-07-02T23:31:43,142,3,0,145
2023-07-02T23:44:07,142,3,0,145
2023-07-02T23:56:30,142,3,0,145
2023-07-03T00:08:57,142,3,0,145
2023-07-03T00:21:33,142,3,0,145
2023-07-03T00:34:07,142,3,0,145
2023-07-03T00:46:35,142,3,0,145
2023-07-03T00:59:00,142,3,0,145
2023-07-03T01:11:40,142,3,0,145
2023-07-03T01:24:10,142,3,0,145
2023-07-03T01:36:37,142,3,0,145
2023-07-03T01:49:04,142,3,0,145
2023-07-03T02:01:32,142,3,0,145
2023-07-03T02:14:13,142,3,0,145
2023-07-03T02:26:40,142,3,0,145
2023-07-03T02:39:06,142,3,0,145
2023-07-03T02:51:31,142,3,0,145
2023-07-03T03:03:56,142,3,0,145
2023-07-03T03:16:22,142,3,0,145
2023-07-03T03:28:49,142,3,0,145
2023-07-03T03:41:16,142,3,0,145
2023-07-03T03:53:42,142,3,0,145
2023-07-03T04:06:19,142,3,0,145
2023-07-03T04:18:46,142,3,0,145
2023-07-03T04:37:39,142,3,0,145
2023-07-03T04:51:51,142,3,0,145
2023-07-03T05:04:20,142,3,0,145
2023-07-03T05:16:48,142,3,0,145
2023-07-03T05:29:15,142,3,0,145
2023-07-03T05:41:41,142,3,0,145
2023-07-03T05:54:08,142,3,0,145
2023-07-03T06:06:35,142,3,0,145
2023-07-03T06:19:02,142,3,0,145
2023-07-03T06:31:29,142,3,0,145
2023-07-03T06:43:55,142,3,0,145
2023-07-03T06:56:24,142,3,0,145
2023-07-03T07:08:53,142,3,0,145
2023-07-03T07:21:18,142,3,0,145
2023-07-03T07:33:49,142,3,0,145
2023-07-03T07:46:13,142,3,0,145
2023-07-03T07:58:36,142,3,0,145
2023-07-03T08:10:59,142,3,0,145
2023-07-03T08:23:23,142,3,0,145
2023-07-03T08:35:46,142,3,0,145
2023-07-03T08:48:10,142,3,0,145
2023-07-03T09:00:33,142,3,0,145
2023-07-03T09:12:57,142,3,0,145
2023-07-03T09:25:34,142,3,0,145
2023-07-03T09:37:57,142,3,0,145
2023-07-03T09:50:21,142,3,0,145
2023-07-03T10:02:46,142,3,0,145
2023-07-03T10:15:10,142,3,0,145
2023-07-03T10:27:34,142,3,0,145
2023-07-03T10:40:10,142,3,0,145
2023-07-03T10:52:35,142,3,0,145
2023-07-03T11:04:59,142,3,0,145
2023-07-03T11:17:23,142,3,0,145
2023-07-03T11:29:48,142,3,0,145
2023-07-03T11:42:24,142,3,0,145
2023-07-03T11:54:50,142,3,0,145
2023-07-03T12:07:16,142,3,0,145
2023-07-03T12:19:42,142,3,0,145
2023-07-03T12:32:09,142,3,0,145
2023-07-03T12:44:34,142,3,0,145
2023-07-03T12:57:00,142,3,0,145
2023-07-03T13:09:27,142,3,0,145
2023-07-03T13:22:04,142,3,0,145
2023-07-03T13:34:29,142,3,0,145
2023-07-03T13:46:54,142,3,0,145
2023-07-03T13:59:19,142,3,0,145
2023-07-03T14:11:45,142,3,0,145
2023-07-03T14:24:10,142,3,0,145
2023-07-03T14:36:35,142,3,0,145
2023-07-03T14:48:58,142,3,0,145
2023-07-03T15:01:22,142,3,0,145
2023-07-03T15:13:57,142,3,0,145
2023-07-03T15:26:21,142,3,0,145
2023-07-03T15:38:45,142,3,0,145
2023-07-03T15:51:09,142,3,0,145
2023-07-03T16:03:33,142,3,0,145
2023-07-03T16:15:57,142,3,0,145
2023-07-03T16:28:21,142,3,0,145
2023-07-03T16:40:45,142,3,0,145
2023-07-03T16:53:09,142,3,0,145
2023-07-03T17:05:33,142,3,0,145
2023-07-03T17:17:58,142,3,0,145
2023-07-03T17:30:33,142,3,0,145
2023-07-03T17:42:57,142,3,0,145
2023-07-03T17:55:21,142,3,0,145
2023-07-03T18:07:45,142,3,0,145
2023-07-03T18:20:09,142,3,0,145
2023-07-03T18:32:33,142,3,0,145
2023-07-03T18:44:59,142,3,0,145
2023-07-03T18:57:22,142,3,0,145
2023-07-03T19:09:47,142,3,0,145
2023-07-03T19:22:20,142,3,0,145
2023-07-03T19:34:44,142,3,0,145
2023-07-03T19:47:08,142,3,0,145
2023-07-03T19:59:32,142,3,0,145
2023-07-03T20:11:56,142,3,0,145
2023-07-03T20:24:19,142,3,0,145
2023-07-03T20:36:43,142,3,0,145
2023-07-03T20:49:07,142,3,0,145
2023-07-03T21:01:31,142,3,0,145
2023-07-03T21:13:55,142,3,0,145
2023-07-03T21:26:18,142,3,0,145
2023-07-03T21:38:42,142,3,0,145
2023-07-03T21:51:16,142,3,0,145
2023-07-03T22:03:40,142,3,0,145
2023-07-03T22:16:03,142,3,0,145
2023-07-03T22:28:27,142,3,0,145
2023-07-03T22:40:52,142,3,0,145
2023-07-03T22:53:16,142,3,0,145
2023-07-03T23:05:40,142,3,0,145
2023-07-03T23:18:05,142,3,0,145
2023-07-03T23:30:30,142,3,0,145
2023-07-03T23:42:55,142,3,0,145
2023-07-03T23:55:19,142,3,0,145
2023-07-04T00:07:45,142,3,0,145
2023-07-04T00:20:22,142,3,0,145
2023-07-04T00:32:49,142,3,0,145
2023-07-04T00:45:16,142,3,0,145
2023-07-04T00:57:45,142,3,0,145
2023-07-04T01:10:13,142,3,0,145
2023-07-04T01:22:41,142,3,0,145
2023-07-04T01:35:09,142,3,0,145
2023-07-04T01:47:35,142,3,0,145
2023-07-04T02:00:02,142,3,0,145
2023-07-04T02:12:30,142,3,0,145
2023-07-04T02:24:58,142,3,0,145
2023-07-04T02:37:26,142,3,0,145
2023-07-04T02:49:53,142,3,0,145
2023-07-04T03:02:17,142,3,0,145
2023-07-04T03:14:45,142,3,0,145
2023-07-04T03:27:24,142,3,0,145
2023-07-04T03:39:51,142,3,0,145
2023-07-04T03:52:20,142,3,0,145
2023-07-04T04:04:48,142,3,0,145
2023-07-04T04:33:02,142,3,0,145
2023-07-04T04:47:00,142,3,0,145
2023-07-04T04:59:47,142,3,0,145
2023-07-04T05:12:14,142,3,0,145
2023-07-04T05:24:38,142,3,0,145
2023-07-04T05:37:02,142,3,0,145
2023-07-04T05:49:26,142,3,0,145
2023-07-04T06:01:50,142,3,0,145
2023-07-04T06:14:14,142,3,0,145
2023-07-04T06:26:38,142,3,0,145
2023-07-04T06:39:05,142,3,0,145
2023-07-04T06:51:32,142,3,0,145
2023-07-04T07:04:01,142,3,0,145
2023-07-04T07:16:28,142,3,0,145
2023-07-04T07:28:55,142,3,0,145
2023-07-04T07:41:24,142,3,0,145
2023-07-04T07:53:51,142,3,0,145
2023-07-04T08:06:18,142,3,0,145
2023-07-04T08:18:45,142,3,0,145
2023-07-04T08:31:27,142,3,0,145
2023-07-04T08:43:55,142,3,0,145
2023-07-04T08:56:22,142,3,0,145
2023-07-04T09:08:48,142,3,0,145
2023-07-04T09:21:14,142,3,0,145
2023-07-04T09:33:41,142,3,0,145
2023-07-04T09:46:08,142,3,0,145
2023-07-04T09:58:36,142,3,0,145
2023-07-04T10:11:03,142,3,0,145
2023-07-04T10:23:29,142,3,0,145
2023-07-04T10:35:54,142,3,0,145
2023-07-04T10:48:20,142,3,0,145
2023-07-04T11:00:46,142,3,0,145
2023-07-04T11:13:21,142,3,0,145
2023-07-04T11:25:47,142,3,0,145
2023-07-04T11:38:14,142,3,0,145
2023-07-04T11:50:40,142,3,0,145
2023-07-04T12:03:06,142,3,0,145
2023-07-04T12:15:32,142,3,0,145
2023-07-04T12:27:57,142,3,0,145
2023-07-04T12:40:33,142,3,0,145
2023-07-04T12:52:58,142,3,0,145
2023-07-04T13:05:22,142,3,0,145
2023-07-04T13:17:45,142,3,0,145
2023-07-04T13:30:08,142,3,0,145
2023-07-04T13:42:32,142,3,0,145
2023-07-04T13:54:55,142,3,0,145
2023-07-04T14:07:19,142,3,0,145
2023-07-04T14:19:42,142,3,0,145
2023-07-04T14:32:25,142,3,0,145
2023-07-04T14:44:48,142,3,0,145
2023-07-04T14:57:12,142,3,0,145
2023-07-04T15:09:35,142,3,0,145
2023-07-04T15:21:59,142,3,0,145
2023-07-04T15:34:22,142,3,0,145
2023-07-04T15:46:46,142,3,0,145
2023-07-04T15:59:10,142,3,0,145
2023-07-04T16:11:33,142,3,0,145
2023-07-04T16:23:57,142,3,0,145
2023-07-04T16:36:20,142,3,0,145
2023-07-04T16:48:44,142,3,0,145
2023-07-04T17:01:18,142,3,0,145
2023-07-04T17:13:43,142,3,0,145
2023-07-04T17:26:07,142,3,0,145
2023-07-04T17:38:31,142,3,0,145
2023-07-04T17:50:54,142,3,0,145
2023-07-04T18:03:18,142,3,0,145
2023-07-04T18:15:41,142,3,0,145
2023-07-04T18:28:05,142,3,0,145
2023-07-04T18:40:29,142,3,0,145
2023-07-04T18:52:52,142,3,0,145
2023-07-04T19:05:16,142,3,0,145
2023-07-04T19:18:00,142,3,0,145
2023-07-04T19:30:23,142,3,0,145
2023-07-04T19:42:47,142,3,0,145
2023-07-04T19:55:11,142,3,0,145
2023-07-04T20:07:34,142,3,0,145
2023-07-04T20:19:58,142,3,0,145
2023-07-04T20:32:22,142,3,0,145
2023-07-04T20:44:45,142,3,0,145
2023-07-04T20:57:09,142,3,0,145
2023-07-04T21:09:33,142,3,0,145
2023-07-04T21:21:57,142,3,0,145
2023-07-04T21:34:20,142,3,0,145
2023-07-04T21:46:44,142,3,0,145
2023-07-04T21:59:08,142,3,0,145
2023-07-04T22:11:41,142,3,0,145
2023-07-04T22:24:05,142,3,0,145
2023-07-04T22:36:29,142,3,0,145
2023-07-04T22:48:52,142,3,0,145
2023-07-04T23:01:16,142,3,0,145
2023-07-04T23:13:41,142,3,0,145
2023-07-04T23:26:05,142,3,0,145
2023-07-04T23:38:29,142,3,0,145
2023-07-04T23:50:54,142,3,0,145
2023-07-05T00:03:20,142,3,0,145
2023-07-05T00:15:47,142,3,0,145
2023-07-05T00:28:13,142,3,0,145
2023-07-05T00:40:51,142,3,0,145
2023-07-05T00:53:18,142,3,0,145
2023-07-05T01:05:44,142,3,0,145
2023-07-05T01:18:12,142,3,0,145
2023-07-05T01:30:40,142,3,0,145
2023-07-05T01:43:08,142,3,0,145
2023-07-05T01:55:35,142,3,0,145
2023-07-05T02:08:02,142,3,0,145
2023-07-05T02:20:30,142,3,0,145
2023-07-05T02:32:58,142,3,0,145
2023-07-05T02:45:26,142,3,0,145
2023-07-05T02:57:54,142,3,0,145
2023-07-05T03:10:23,142,3,0,145
2023-07-05T03:22:52,142,3,0,145
2023-07-05T03:35:19,142,3,0,145
2023-07-05T03:48:07,142,3,0,145
2023-07-05T04:00:33,142,3,0,145
2023-07-05T04:25:01,142,3,0,145
2023-07-05T04:37:30,142,3,0,145
2023-07-05T04:49:59,142,3,0,145
2023-07-05T05:02:26,142,3,0,145
2023-07-05T05:14:54,142,3,0,145
2023-07-05T05:27:22,142,3,0,145
2023-07-05T05:39:51,142,3,0,145
2023-07-05T05:52:18,142,3,0,145
2023-07-05T06:04:41,142,3,0,145
2023-07-05T06:17:04,142,3,0,145
2023-07-05T06:29:28,142,3,0,145
2023-07-05T06:41:51,142,3,0,145
2023-07-05T06:54:14,142,3,0,145
2023-07-05T07:06:36,142,3,0,145
2023-07-05T07:18:58,142,3,0,145
2023-07-05T07:31:19,142,3,0,145
2023-07-05T07:43:39,142,3,0,145
2023-07-05T07:55:59,142,3,0,145
2023-07-05T08:08:19,142,3,0,145
2023-07-05T08:20:50,142,3,0,145
2023-07-05T08:33:15,142,3,0,145
2023-07-05T08:45:39,142,3,0,145
2023-07-05T08:58:03,142,3,0,145
2023-07-05T09:10:27,142,3,0,145
2023-07-05T09:22:51,142,3,0,145
2023-07-05T09:35:17,142,3,0,145
2023-07-05T09:47:41,142,3,0,145
2023-07-05T10:00:05,142,3,0,145
2023-07-05T10:12:29,142,3,0,145
2023-07-05T10:24:53,142,3,0,145
2023-07-05T10:37:18,142,3,0,145
2023-07-05T10:49:52,142,3,0,145
2023-07-05T11:02:17,142,3,0,145
2023-07-05T11:14:42,142,3,0,145
2023-07-05T11:27:07,142,3,0,145
2023-07-05T11:39:31,142,3,0,145
2023-07-05T11:51:55,142,3,0,145
2023-07-05T12:04:20,142,3,0,145
2023-07-05T12:16:54,142,3,0,145
2023-07-05T12:29:19,142,3,0,145
2023-07-05T12:41:44,142,3,0,145
2023-07-05T12:54:09,142,3,0,145
2023-07-05T13:06:33,142,3,0,145
2023-07-05T13:18:57,142,3,0,145
2023-07-05T13:31:21,142,3,0,145
2023-07-05T13:43:46,142,3,0,145
2023-07-05T13:56:24,142,3,0,145
2023-07-05T14:08:48,142,3,0,145
2023-07-05T14:21:13,142,3,0,145
2023-07-05T14:33:38,142,3,0,145
2023-07-05T14:46:02,142,3,0,145
2023-07-05T14:58:27,142,3,0,145
2023-07-05T15:10:51,142,3,0,145
2023-07-05T15:23:16,142,3,0,145
2023-07-05T15:35:51,142,3,0,145
2023-07-05T15:48:16,142,3,0,145
2023-07-05T16:00:40,142,3,0,145
2023-07-05T16:13:04,142,3,0,145
2023-07-05T16:25:28,142,3,0,145
2023-07-05T16:37:52,142,3,0,145
2023-07-05T16:50:17,142,3,0,145
2023-07-05T17:02:41,142,3,0,145
2023-07-05T17:15:07,142,3,0,145
2023-07-05T17:27:31,142,3,0,145
2023-07-05T17:39:56,142,3,0,145
2023-07-05T17:52:30,142,3,0,145
2023-07-05T18:04:55,142,3,0,145
2023-07-05T18:17:21,142,3,0,145
2023-07-05T18:29:45,142,3,0,145
2023-07-05T18:42:09,142,3,0,145
2023-07-05T18:54:33,142,3,0,145
2023-07-05T19:06:58,142,3,0,145
2023-07-05T19:19:22,142,3,0,145
2023-07-05T19:31:47,142,3,0,145
2023-07-05T19:44:11,142,3,0,145
2023-07-05T19:56:35,142,3,0,145
2023-07-05T20:09:00,142,3,0,145
2023-07-05T20:21:33,142,3,0,145
2023-07-05T20:33:58,142,3,0,145
2023-07-05T20:46:22,142,3,0,145
2023-07-05T20:58:46,142,3,0,145
2023-07-05T21:11:11,142,3,0,145
2023-07-05T21:23:34,142,3,0,145
2023-07-05T21:35:58,142,3,0,145
2023-07-05T21:48:22,142,3,0,145
2023-07-05T22:00:46,142,3,0,145
2023-07-05T22:13:10,142,3,0,145
2023-07-05T22:25:34,142,3,0,145
2023-07-05T22:37:58,142,3,0,145
2023-07-05T22:50:23,142,3,0,145
2023-07-05T23:02:56,142,3,0,145
2023-07-05T23:15:21,142,3,0,145
2023-07-05T23:27:45,142,3,0,145
2023-07-05T23:40:09,142,3,0,145
2023-07-05T23:52:34,142,3,0,145
2023-07-06T00:05:00,142,3,0,145
2023-07-06T00:17:30,142,3,0,145
2023-07-06T00:29:57,142,3,0,145
2023-07-06T00:42:25,142,3,0,145
2023-07-06T00:54:54,142,3,0,145
2023-07-06T01:07:22,142,3,0,145
2023-07-06T01:19:50,142,3,0,145
2023-07-06T01:32:17,142,3,0,145
2023-07-06T01:44:47,142,3,0,145
2023-07-06T01:57:16,142,3,0,145
2023-07-06T02:09:52,142,3,0,145
2023-07-06T02:22:18,142,3,0,145
2023-07-06T02:34:44,142,3,0,145
2023-07-06T02:47:09,142,3,0,145
2023-07-06T02:59:33,142,3,0,145
2023-07-06T03:12:00,142,3,0,145
2023-07-06T03:24:27,142,3,0,145
2023-07-06T03:36:53,142,3,0,145
2023-07-06T03:49:19,142,3,0,145
2023-07-06T04:01:45,142,3,0,145
2023-07-06T04:33:40,142,3,0,145
2023-07-06T04:46:09,142,3,0,145
2023-07-06T04:58:37,142,3,0,145
2023-07-06T05:11:04,142,3,0,145
2023-07-06T05:23:29,142,3,0,145
2023-07-06T05:35:53,142,3,0,145
2023-07-06T05:48:19,142,3,0,145
2023-07-06T06:00:48,142,3,0,145
2023-07-06T06:13:16,142,3,0,145
2023-07-06T06:25:43,142,3,0,145
2023-07-06T06:38:10,142,3,0,145
2023-07-06T06:50:36,142,3,0,145
2023-07-06T07:03:03,142,3,0,145
2023-07-06T07:15:32,142,3,0,145
2023-07-06T07:28:00,142,3,0,145
2023-07-06T07:40:27,142,3,0,145
2023-07-06T07:52:55,142,3,0,145
2023-07-06T08:05:26,142,3,0,145
2023-07-06T08:17:52,142,3,0,145
2023-07-06T08:30:19,142,3,0,145
2023-07-06T08:42:46,142,3,0,145
2023-07-06T08:55:22,142,3,0,145
2023-07-06T09:07:49,142,3,0,145
2023-07-06T09:20:15,142,3,0,145
2023-07-06T09:32:41,142,3,0,145
2023-07-06T09:45:08,142,3,0,145
2023-07-06T09:57:34,142,3,0,145
2023-07-06T10:09:59,142,3,0,145
2023-07-06T10:22:26,142,3,0,145
2023-07-06T10:34:52,142,3,0,145
2023-07-06T10:47:17,142,3,0,145
2023-07-06T10:59:54,142,3,0,145
2023-07-06T11:12:20,142,3,0,145
2023-07-06T11:24:44,142,3,0,145
2023-07-06T11:37:09,142,3,0,145
2023-07-06T11:49:33,142,3,0,145
2023-07-06T12:01:58,142,3,0,145
2023-07-06T12:14:23,142,3,0,145
2023-07-06T12:26:48,142,3,0,145
2023-07-06T12:39:24,142,3,0,145
2023-07-06T12:51:48,142,3,0,145
2023-07-06T13:04:13,142,3,0,145
2023-07-06T13:16:38,142,3,0,145
2023-07-06T13:29:02,142,3,0,145
2023-07-06T13:41:27,142,3,0,145
2023-07-06T13:53:52,142,3,0,145
2023-07-06T14:06:16,142,3,0,145
2023-07-06T14:18:53,142,3,0,145
2023-07-06T14:31:18,142,3,0,145
2023-07-06T14:43:43,142,3,0,145
2023-07-06T14:56:07,142,3,0,145
2023-07-06T15:08:32,142,3,0,145
2023-07-06T15:20:56,142,3,0,145
2023-07-06T15:33:21,142,3,0,145
2023-07-06T15:45:46,142,3,0,145
2023-07-06T15:58:21,142,3,0,145
2023-07-06T16:10:46,142,3,0,145
2023-07-06T16:23:11,142,3,0,145
2023-07-06T16:35:36,142,3,0,145
2023-07-06T16:48:01,142,3,0,145
2023-07-06T17:00:26,142,3,0,145
2023-07-06T17:12:52,142,3,0,145
2023-07-06T17:25:18,142,3,0,145
2023-07-06T17:37:43,142,3,0,145
2023-07-06T17:50:28,142,3,0,145
2023-07-06T18:02:53,142,3,0,145
2023-07-06T18:15:18,142,3,0,145
2023-07-06T18:27:42,142,3,0,145
2023-07-06T18:40:07,142,3,0,145
2023-07-06T18:52:32,142,3,0,145
2023-07-06T19:04:57,142,3,0,145
2023-07-06T19:17:23,142,3,0,145
2023-07-06T19:29:48,142,3,0,145
2023-07-06T19:42:13,142,3,0,145
2023-07-06T19:54:38,142,3,0,145
2023-07-06T20:07:14,142,3,0,145
2023-07-06T20:19:39,142,3,0,145
2023-07-06T20:32:04,142,3,0,145
2023-07-06T20:44:29,142,3,0,145
2023-07-06T20:56:54,142,3,0,145
2023-07-06T21:09:19,142,3,0,145
2023-07-06T21:21:44,142,3,0,145
2023-07-06T21:34:09,142,3,0,145
2023-07-06T21:46:35,142,3,0,145
2023-07-06T21:59:00,142,3,0,145
2023-07-06T22:11:25,142,3,0,145
2023-07-06T22:23:50,142,3,0,145
2023-07-06T22:36:15,142,3,0,145
2023-07-06T22:48:40,142,3,0,145
2023-07-06T23:01:15,142,3,0,145
2023-07-06T23:13:41,142,3,0,145
2023-07-06T23:26:06,142,3,0,145
2023-07-06T23:38:32,142,3,0,145
2023-07-06T23:50:57,142,3,0,145
2023-07-07T00:03:23,142,3,0,145
2023-07-07T00:15:55,142,3,0,145
2023-07-07T00:28:23,142,3,0,145
2023-07-07T00:40:52,142,3,0,145
2023-07-07T00:53:21,142,3,0,145
2023-07-07T01:05:50,142,3,0,145
2023-07-07T01:18:19,142,3,0,145
2023-07-07T01:30:49,142,3,0,145
2023-07-07T01:43:20,142,3,0,145
2023-07-07T01:55:49,142,3,0,145
2023-07-07T02:08:18,142,3,0,145
2023-07-07T02:20:56,142,3,0,145
2023-07-07T02:33:37,142,3,0,145
2023-07-07T02:46:07,142,3,0,145
2023-07-07T02:58:35,142,3,0,145
2023-07-07T03:11:03,142,3,0,145
2023-07-07T03:23:31,142,3,0,145
2023-07-07T03:35:59,142,3,0,145
2023-07-07T03:48:27,142,3,0,145
2023-07-07T04:00:55,142,3,0,145
2023-07-07T04:13:23,142,3,0,145
2023-07-07T04:37:07,142,3,0,145
2023-07-07T04:49:38,142,3,0,145
2023-07-07T05:02:07,142,3,0,145
2023-07-07T05:14:35,142,3,0,145
2023-07-07T05:27:04,142,3,0,145
2023-07-07T05:39:32,142,3,0,145
2023-07-07T05:52:02,142,3,0,145
2023-07-07T06:04:30,142,3,0,145
2023-07-07T06:16:58,142,3,0,145
2023-07-07T06:29:26,142,3,0,145
2023-07-07T06:41:54,142,3,0,145
2023-07-07T06:54:22,142,3,0,145
2023-07-07T07:06:50,142,3,0,145
2023-07-07T07:19:17,142,3,0,145
2023-07-07T07:31:44,142,3,0,145
2023-07-07T07:44:10,142,3,0,145
2023-07-07T07:56:34,142,3,0,145
2023-07-07T08:09:02,142,3,0,145
2023-07-07T08:21:27,142,3,0,145
2023-07-07T08:33:53,142,3,0,145
2023-07-07T08:46:26,142,3,0,145
2023-07-07T08:58:51,142,3,0,145
2023-07-07T09:11:16,142,3,0,145
2023-07-07T09:23:43,142,3,0,145
2023-07-07T09:36:07,142,3,0,145
2023-07-07T09:48:32,142,3,0,145
2023-07-07T10:00:57,142,3,0,145
2023-07-07T10:13:21,142,3,0,145
2023-07-07T10:25:46,142,3,0,145
2023-07-07T10:38:11,142,3,0,145
2023-07-07T10:50:36,142,3,0,145
2023-07-07T11:03:00,142,3,0,145
2023-07-07T11:15:37,142,3,0,145
2023-07-07T11:28:02,142,3,0,145
2023-07-07T11:40:27,142,3,0,145
2023-07-07T11:52:52,142,3,0,145
2023-07-07T12:05:17,142,3,0,145
2023-07-07T12:17:41,142,3,0,145
2023-07-07T12:30:06,142,3,0,145
2023-07-07T12:42:31,142,3,0,145
2023-07-07T12:54:55,142,3,0,145
2023-07-07T13:07:21,142,3,0,145
2023-07-07T13:19:46,142,3,0,145
2023-07-07T13:32:11,142,3,0,145
2023-07-07T13:44:36,142,3,0,145
2023-07-07T13:57:14,142,3,0,145
2023-07-07T14:09:38,142,3,0,145
2023-07-07T14:22:03,142,3,0,145
2023-07-07T14:34:28,142,3,0,145
2023-07-07T14:46:53,142,3,0,145
2023-07-07T14:59:18,142,3,0,145
2023-07-07T15:11:44,142,3,0,145
2023-07-07T15:24:08,142,3,0,145
2023-07-07T15:36:33,142,3,0,145
2023-07-07T15:48:57,142,3,0,145
2023-07-07T16:01:22,142,3,0,145
2023-07-07T16:13:47,142,3,0,145
2023-07-07T16:26:23,142,3,0,145
2023-07-07T16:38:49,142,3,0,145
2023-07-07T16:51:13,142,3,0,145
2023-07-07T17:03:38,142,3,0,145
2023-07-07T17:16:05,142,3,0,145
2023-07-07T17:28:30,142,3,0,145
2023-07-07T17:40:55,142,3,0,145
2023-07-07T17:53:19,142,3,0,145
2023-07-07T18:05:43,142,3,0,145
2023-07-07T18:18:08,142,3,0,145
2023-07-07T18:30:32,142,3,0,145
2023-07-07T18:43:07,142,3,0,145
2023-07-07T18:55:32,142,3,0,145
2023-07-07T19:07:57,142,3,0,145
2023-07-07T19:20:22,142,3,0,145
2023-07-07T19:32:47,142,3,0,145
2023-07-07T19:45:12,142,3,0,145
2023-07-07T19:57:37,142,3,0,145
2023-07-07T20:10:03,142,3,0,145
2023-07-07T20:22:28,142,3,0,145
2023-07-07T20:34:53,142,3,0,145
2023-07-07T20:47:18,142,3,0,145
2023-07-07T20:59:42,142,3,0,145
2023-07-07T21:12:08,142,3,0,145
2023-07-07T21:24:34,142,3,0,145
2023-07-07T21:36:59,142,3,0,145
2023-07-07T21:49:24,142,3,0,145
2023-07-07T22:01:49,142,3,0,145
2023-07-07T22:14:14,142,3,0,145
2023-07-07T22:26:50,142,3,0,145
2023-07-07T22:39:15,142,3,0,145
2023-07-07T22:51:40,142,3,0,145
2023-07-07T23:04:05,142,3,0,145
2023-07-07T23:16:30,142,3,0,145
2023-07-07T23:28:56,142,3,0,145
2023-07-07T23:41:21,142,3,0,145
2023-07-07T23:53:47,142,3,0,145
2023-07-08T00:06:13,142,3,0,145
2023-07-08T00:18:45,142,3,0,145
2023-07-08T00:31:15,142,3,0,145
2023-07-08T00:43:44,142,3,0,145
2023-07-08T00:56:13,142,3,0,145
2023-07-08T01:08:41,142,3,0,145
2023-07-08T01:21:10,142,3,0,145
2023-07-08T01:33:39,142,3,0,145
2023-07-08T01:46:11,142,3,0,145
2023-07-08T01:58:40,142,3,0,145
2023-07-08T02:11:09,142,3,0,145
2023-07-08T02:23:47,142,3,0,145
2023-07-08T02:36:13,142,3,0,145
2023-07-08T02:48:38,142,3,0,145
2023-07-08T03:01:02,142,3,0,145
2023-07-08T03:13:29,142,3,0,145
2023-07-08T03:25:56,142,3,0,145
2023-07-08T03:38:23,142,3,0,145
2023-07-08T03:50:50,142,3,0,145
2023-07-08T04:03:18,142,3,0,145
2023-07-08T04:15:47,142,3,0,145
2023-07-08T04:35:34,142,3,0,145
2023-07-08T04:48:03,142,3,0,145
2023-07-08T05:00:30,142,3,0,145
2023-07-08T05:14:42,142,3,0,145
2023-07-08T05:27:12,142,3,0,145
2023-07-08T05:39:42,142,3,0,145
2023-07-08T05:52:11,142,3,0,145
2023-07-08T06:04:39,142,3,0,145
2023-07-08T06:17:09,142,3,0,145
2023-07-08T06:29:38,142,3,0,145
2023-07-08T06:42:06,142,3,0,145
2023-07-08T06:54:35,142,3,0,145
2023-07-08T07:07:04,142,3,0,145
2023-07-08T07:19:31,142,3,0,145
2023-07-08T07:31:58,142,3,0,145
2023-07-08T07:44:25,142,3,0,145
2023-07-08T07:57:04,142,3,0,145
2023-07-08T08:09:32,142,3,0,145
2023-07-08T08:22:00,142,3,0,145
2023-07-08T08:34:28,142,3,0,145
2023-07-08T08:46:55,142,3,0,145
2023-07-08T08:59:22,142,3,0,145
2023-07-08T09:11:50,142,3,0,145
2023-07-08T09:24:18,142,3,0,145
2023-07-08T09:36:45,142,3,0,145
2023-07-08T09:49:12,142,3,0,145
2023-07-08T10:01:41,142,3,0,145
2023-07-08T10:14:08,142,3,0,145
2023-07-08T10:26:36,142,3,0,145
2023-07-08T10:39:02,142,3,0,145
2023-07-08T10:51:29,142,3,0,145
2023-07-08T11:03:57,142,3,0,145
2023-07-08T11:16:31,142,3,0,145
2023-07-08T11:28:55,142,3,0,145
2023-07-08T11:41:20,142,3,0,145
2023-07-08T11:53:44,142,3,0,145
2023-07-08T12:06:08,142,3,0,145
2023-07-08T12:18:32,142,3,0,145
2023-07-08T12:30:57,142,3,0,145
2023-07-08T12:43:21,142,3,0,145
2023-07-08T12:55:46,142,3,0,145
2023-07-08T13:08:10,142,3,0,145
2023-07-08T13:20:34,142,3,0,145
2023-07-08T13:32:59,142,3,0,145
2023-07-08T13:45:23,142,3,0,145
2023-07-08T13:57:50,142,3,0,145
2023-07-08T14:10:14,142,3,0,145
2023-07-08T14:22:39,142,3,0,145
2023-07-08T14:35:03,142,3,0,145
2023-07-08T14:47:28,142,3,0,145
2023-07-08T14:59:52,142,3,0,145
2023-07-08T15:12:26,142,3,0,145
2023-07-08T15:24:50,142,3,0,145
2023-07-08T15:37:14,142,3,0,145
2023-07-08T15:49:38,142,3,0,145
2023-07-08T16:02:02,142,3,0,145
2023-07-08T16:14:27,142,3,0,145
2023-07-08T16:26:52,142,3,0,145
2023-07-08T16:39:16,142,3,0,145
2023-07-08T16:51:41,142,3,0,145
2023-07-08T17:04:06,142,3,0,145
2023-07-08T17:16:32,142,3,0,145
2023-07-08T17:28:56,142,3,0,145
2023-07-08T17:41:21,142,3,0,145
2023-07-08T17:53:45,142,3,0,145
2023-07-08T18:06:09,142,3,0,145
2023-07-08T18:18:34,142,3,0,145
2023-07-08T18:30:58,142,3,0,145
2023-07-08T18:43:23,142,3,0,145
2023-07-08T18:55:47,142,3,0,145
2023-07-08T19:08:12,142,3,0,145
2023-07-08T19:20:47,142,3,0,145
2023-07-08T19:33:12,142,3,0,145
2023-07-08T19:45:36,142,3,0,145
2023-07-08T19:58:00,142,3,0,145
2023-07-08T20:10:25,142,3,0,145
2023-07-08T20:22:49,142,3,0,145
2023-07-08T20:35:14,142,3,0,145
2023-07-08T20:47:39,142,3,0,145
2023-07-08T21:00:03,142,3,0,145
2023-07-08T21:12:28,142,3,0,145
2023-07-08T21:24:54,142,3,0,145
2023-07-08T21:37:18,142,3,0,145
2023-07-08T21:49:43,142,3,0,145
2023-07-08T22:02:07,142,3,0,145
2023-07-08T22:14:32,142,3,0,145
2023-07-08T22:27:07,142,3,0,145
2023-07-08T22:39:32,142,3,0,145
2023-07-08T22:51:56,142,3,0,145
2023-07-08T23:04:21,142,3,0,145
2023-07-08T23:16:48,142,3,0,145
2023-07-08T23:29:13,142,3,0,145
2023-07-08T23:41:39,142,3,0,145
2023-07-08T23:54:04,142,3,0,145
2023-07-09T00:06:30,142,3,0,145
2023-07-09T00:18:59,142,3,0,145
2023-07-09T00:31:28,142,3,0,145
2023-07-09T00:43:59,142,3,0,145
2023-07-09T00:56:27,142,3,0,145
2023-07-09T01:09:04,142,3,0,145
2023-07-09T01:21:31,142,3,0,145
2023-07-09T01:33:59,142,3,0,145
2023-07-09T01:46:28,142,3,0,145
2023-07-09T01:58:55,142,3,0,145
2023-07-09T02:11:33,142,3,0,145
2023-07-09T02:24:03,142,3,0,145
2023-07-09T02:36:32,142,3,0,145
2023-07-09T02:48:59,142,3,0,145
2023-07-09T03:01:26,142,3,0,145
2023-07-09T03:13:54,142,3,0,145
2023-07-09T03:26:23,142,3,0,145
2023-07-09T03:38:51,142,3,0,145
2023-07-09T03:51:19,142,3,0,145
2023-07-09T04:03:47,142,3,0,145
2023-07-09T04:30:23,142,3,0,145
2023-07-09T04:42:52,142,3,0,145
2023-07-09T04:57:07,142,3,0,145
2023-07-09T05:09:35,142,3,0,145
2023-07-09T05:22:03,142,3,0,145
2023-07-09T05:34:34,142,3,0,145
2023-07-09T05:47:03,142,3,0,145
2023-07-09T05:59:31,142,3,0,145
2023-07-09T06:11:58,142,3,0,145
2023-07-09T06:24:26,142,3,0,145
2023-07-09T06:36:54,142,3,0,145
2023-07-09T06:49:22,142,3,0,145
2023-07-09T07:01:49,142,3,0,145
2023-07-09T07:14:16,142,3,0,145
2023-07-09T07:26:43,142,3,0,145
2023-07-09T07:39:08,142,3,0,145
2023-07-09T07:51:34,142,3,0,145
2023-07-09T08:03:59,142,3,0,145
2023-07-09T08:16:24,142,3,0,145
2023-07-09T08:28:51,142,3,0,145
2023-07-09T08:41:19,142,3,0,145
2023-07-09T08:53:44,142,3,0,145
2023-07-09T09:06:09,142,3,0,145
2023-07-09T09:18:34,142,3,0,145
2023-07-09T09:31:00,142,3,0,145
2023-07-09T09:43:26,142,3,0,145
2023-07-09T09:55:53,142,3,0,145
2023-07-09T10:08:18,142,3,0,145
2023-07-09T10:20:44,142,3,0,145
2023-07-09T10:33:18,142,3,0,145
2023-07-09T10:45:44,142,3,0,145
2023-07-09T10:58:10,142,3,0,145
2023-07-09T11:10:38,142,3,0,145
2023-07-09T11:23:05,142,3,0,145
2023-07-09T11:35:30,142,3,0,145
2023-07-09T11:47:55,142,3,0,145
2023-07-09T12:00:20,142,3,0,145
2023-07-09T12:12:45,142,3,0,145
2023-07-09T12:25:11,142,3,0,145
2023-07-09T12:37:36,142,3,0,145
2023-07-09T12:50:00,142,3,0,145
2023-07-09T13:02:27,142,3,0,145
2023-07-09T13:14:51,142,3,0,145
2023-07-09T13:27:16,142,3,0,145
2023-07-09T13:39:41,142,3,0,145
2023-07-09T13:52:06,142,3,0,145
2023-07-09T14:04:31,142,3,0,145
2023-07-09T14:16:55,142,3,0,145
2023-07-09T14:29:30,142,3,0,145
2023-07-09T14:41:54,142,3,0,145
2023-07-09T14:54:20,142,3,0,145
2023-07-09T15:06:44,142,3,0,145
2023-07-09T15:19:09,142,3,0,145
2023-07-09T15:31:33,142,3,0,145
2023-07-09T15:43:57,142,3,0,145
2023-07-09T15:56:22,142,3,0,145
2023-07-09T16:08:47,142,3,0,145
2023-07-09T16:21:12,142,3,0,145
2023-07-09T16:33:37,142,3,0,145
2023-07-09T16:46:02,142,3,0,145
2023-07-09T16:58:27,142,3,0,145
2023-07-09T17:10:52,142,3,0,145
2023-07-09T17:23:17,142,3,0,145
2023-07-09T17:35:54,142,3,0,145
2023-07-09T17:48:18,142,3,0,145
2023-07-09T18:00:42,142,3,0,145
2023-07-09T18:13:07,142,3,0,145
2023-07-09T18:25:31,142,3,0,145
2023-07-09T18:37:56,142,3,0,145
2023-07-09T18:50:21,142,3,0,145
2023-07-09T19:02:47,142,3,0,145
2023-07-09T19:15:15,142,3,0,145
2023-07-09T19:27:41,142,3,0,145
2023-07-09T19:40:07,142,3,0,145
2023-07-09T19:52:33,142,3,0,145
2023-07-09T20:04:59,142,3,0,145
2023-07-09T20:17:25,142,3,0,145
2023-07-09T20:29:50,142,3,0,145
2023-07-09T20:42:15,142,3,0,145
2023-07-09T20:54:40,142,3,0,145
2023-07-09T21:07:16,142,3,0,145
2023-07-09T21:19:42,142,3,0,145
2023-07-09T21:32:07,142,3,0,145
2023-07-09T21:44:33,142,3,0,145
2023-07-09T21:56:58,142,3,0,145
2023-07-09T22:09:23,142,3,0,145
2023-07-09T22:21:48,142,3,0,145
2023-07-09T22:34:12,142,3,0,145
2023-07-09T22:46:37,142,3,0,145
2023-07-09T22:59:02,142,3,0,145
2023-07-09T23:11:28,142,3,0,145
2023-07-09T23:23:53,142,3,0,145
2023-07-09T23:36:20,142,3,0,145
2023-07-09T23:48:55,142,3,0,145
2023-07-10T00:01:21,142,3,0,145
2023-07-10T00:13:51,142,3,0,145
2023-07-10T00:26:25,142,3,0,145
2023-07-10T00:38:59,142,3,0,145
2023-07-10T00:51:29,142,3,0,145
2023-07-10T01:03:56,142,3,0,145
2023-07-10T01:16:21,142,3,0,145
2023-07-10T01:28:52,142,3,0,145
2023-07-10T01:41:23,142,3,0,145
2023-07-10T01:53:51,142,3,0,145
2023-07-10T02:06:29,142,3,0,145
2023-07-10T02:18:59,142,3,0,145
2023-07-10T02:31:27,142,3,0,145
2023-07-10T02:43:56,142,3,0,145
2023-07-10T02:56:24,142,3,0,145
2023-07-10T03:08:51,142,3,0,145
2023-07-10T03:21:19,142,3,0,145
2023-07-10T03:33:47,142,3,0,145
2023-07-10T03:46:14,142,3,0,145
2023-07-10T03:58:42,142,3,0,145
2023-07-10T04:11:11,142,3,0,145
2023-07-10T04:36:57,142,3,0,145
2023-07-10T04:49:27,142,3,0,145
2023-07-10T05:01:56,142,3,0,145
2023-07-10T05:14:28,142,3,0,145
2023-07-10T05:26:56,142,3,0,145
2023-07-10T05:39:25,142,3,0,145
2023-07-10T05:51:53,142,3,0,145
2023-07-10T06:04:21,142,3,0,145
2023-07-10T06:16:50,142,3,0,145
2023-07-10T06:29:18,142,3,0,145
2023-07-10T06:41:46,142,3,0,145
2023-07-10T06:54:14,142,3,0,145
2023-07-10T07:06:41,142,3,0,145
2023-07-10T07:19:07,142,3,0,145
2023-07-10T07:31:32,142,3,0,145
2023-07-10T07:43:57,142,3,0,145
2023-07-10T07:56:22,142,3,0,145
2023-07-10T08:08:47,142,3,0,145
2023-07-10T08:21:11,142,3,0,145
2023-07-10T08:33:37,142,3,0,145
2023-07-10T08:46:02,142,3,0,145
2023-07-10T08:58:27,142,3,0,145
2023-07-10T09:10:52,142,3,0,145
2023-07-10T09:23:17,142,3,0,145
2023-07-10T09:35:43,142,3,0,145
2023-07-10T09:48:07,142,3,0,145
2023-07-10T10:00:43,142,3,0,145
2023-07-10T10:13:08,142,3,0,145
2023-07-10T10:25:33,142,3,0,145
2023-07-10T10:37:58,142,3,0,145
2023-07-10T10:50:22,142,3,0,145
2023-07-10T11:02:47,142,3,0,145
2023-07-10T11:15:12,142,3,0,145
2023-07-10T11:27:37,142,3,0,145
2023-07-10T11:40:04,142,3,0,145
2023-07-10T11:52:29,142,3,0,145
2023-07-10T12:04:54,142,3,0,145
2023-07-10T12:17:19,142,3,0,145
2023-07-10T12:29:53,142,3,0,145
2023-07-10T12:42:18,142,3,0,145
2023-07-10T12:54:42,142,3,0,145
2023-07-10T13:07:07,142,3,0,145
2023-07-10T13:19:32,142,3,0,145
2023-07-10T13:31:57,142,3,0,145
2023-07-10T13:44:22,142,3,0,145
2023-07-10T13:56:46,142,3,0,145
2023-07-10T14:09:12,142,3,0,145
2023-07-10T14:21:37,142,3,0,145
2023-07-10T14:34:02,142,3,0,145
2023-07-10T14:46:27,142,3,0,145
2023-07-10T14:59:03,142,3,0,145
2023-07-10T15:11:27,142,3,0,145
2023-07-10T15:23:52,142,3,0,145
2023-07-10T15:36:17,142,3,0,145
2023-07-10T15:48:42,142,3,0,145
2023-07-10T16:01:06,142,3,0,145
2023-07-10T16:13:30,142,3,0,145
2023-07-10T16:25:55,142,3,0,145
2023-07-10T16:38:20,142,3,0,145
2023-07-10T16:50:45,142,3,0,145
2023-07-10T17:03:10,142,3,0,145
2023-07-10T17:15:35,142,3,0,145
2023-07-10T17:28:11,142,3,0,145
2023-07-10T17:40:36,142,3,0,145
2023-07-10T17:53:02,142,3,0,145
2023-07-10T18:05:27,142,3,0,145
2023-07-10T18:17:52,142,3,0,145
2023-07-10T18:30:17,142,3,0,145
2023-07-10T18:42:42,142,3,0,145
2023-07-10T18:55:06,142,3,0,145
2023-07-10T19:07:32,142,3,0,145
2023-07-10T19:19:56,142,3,0,145
2023-07-10T19:32:21,142,3,0,145
2023-07-10T19:44:46,142,3,0,145
2023-07-10T19:57:11,142,3,0,145
2023-07-10T20:09:36,142,3,0,145
2023-07-10T20:22:01,142,3,0,145
2023-07-10T20:34:36,142,3,0,145
2023-07-10T20:47:00,142,3,0,145
2023-07-10T20:59:25,142,3,0,145
2023-07-10T21:11:50,142,3,0,145
2023-07-10T21:24:15,142,3,0,145
2023-07-10T21:36:40,142,3,0,145
2023-07-10T21:49:04,142,3,0,145
2023-07-10T22:01:29,142,3,0,145
2023-07-10T22:13:54,142,3,0,145
2023-07-10T22:26:19,142,3,0,145
2023-07-10T22:38:44,142,3,0,145
2023-07-10T22:51:09,142,3,0,145
2023-07-10T23:03:34,142,3,0,145
2023-07-10T23:16:11,142,3,0,145
2023-07-10T23:28:37,142,3,0,145
2023-07-10T23:41:03,142,3,0,145
2023-07-10T23:53:28,142,3,0,145
2023-07-11T00:05:55,142,3,0,145
2023-07-11T00:18:24,142,3,0,145
2023-07-11T00:30:54,142,3,0,145
2023-07-11T00:43:23,142,3,0,145
2023-07-11T00:55:54,142,3,0,145
2023-07-11T01:08:23,142,3,0,145
2023-07-11T01:20:51,142,3,0,145
2023-07-11T01:33:20,142,3,0,145
2023-07-11T01:45:50,142,3,0,145
2023-07-11T01:58:17,142,3,0,145
2023-07-11T02:10:45,142,3,0,145
2023-07-11T02:23:12,142,3,0,145
2023-07-11T02:35:49,142,3,0,145
2023-07-11T02:48:15,142,3,0,145
2023-07-11T03:00:40,142,3,0,145
2023-07-11T03:13:07,142,3,0,145
2023-07-11T03:25:34,142,3,0,145
2023-07-11T03:38:01,142,3,0,145
2023-07-11T03:50:28,142,3,0,145
2023-07-11T04:02:56,142,3,0,145
2023-07-11T04:34:14,142,3,0,145
2023-07-11T04:46:45,142,3,0,145
2023-07-11T04:59:14,142,3,0,145
2023-07-11T05:13:54,142,3,0,145
2023-07-11T05:26:32,142,3,0,145
2023-07-11T05:39:02,142,3,0,145
2023-07-11T05:51:30,142,3,0,145
2023-07-11T06:03:58,142,3,0,145
2023-07-11T06:16:26,142,3,0,145
2023-07-11T06:28:54,142,3,0,145
2023-07-11T06:41:22,142,3,0,145
2023-07-11T06:53:49,142,3,0,145
2023-07-11T07:06:17,142,3,0,145
2023-07-11T07:18:44,142,3,0,145
2023-07-11T07:31:11,142,3,0,145
2023-07-11T07:43:37,142,3,0,145
2023-07-11T07:56:04,142,3,0,145
2023-07-11T08:08:33,142,3,0,145
2023-07-11T08:20:59,142,3,0,145
2023-07-11T08:33:28,142,3,0,145
2023-07-11T08:45:55,142,3,0,145
2023-07-11T08:58:22,142,3,0,145
2023-07-11T09:10:48,142,3,0,145
2023-07-11T09:23:30,142,3,0,145
2023-07-11T09:35:57,142,3,0,145
2023-07-11T09:48:24,142,3,0,145
2023-07-11T10:00:51,142,3,0,145
2023-07-11T10:13:19,142,3,0,145
2023-07-11T10:25:45,142,3,0,145
2023-07-11T10:38:10,142,3,0,145
2023-07-11T10:50:35,142,3,0,145
2023-07-11T11:03:01,142,3,0,145
2023-07-11T11:15:26,142,3,0,145
2023-07-11T11:27:52,142,3,0,145
2023-07-11T11:40:17,142,3,0,145
2023-07-11T11:52:54,142,3,0,145
2023-07-11T12:05:19,142,3,0,145
2023-07-11T12:17:44,142,3,0,145
2023-07-11T12:30:09,142,3,0,145
2023-07-11T12:42:33,142,3,0,145
2023-07-11T12:54:58,142,3,0,145
2023-07-11T13:07:23,142,3,0,145
2023-07-11T13:19:47,142,3,0,145
2023-07-11T13:32:12,142,3,0,145
2023-07-11T13:44:48,142,3,0,145
2023-07-11T13:57:14,142,3,0,145
2023-07-11T14:09:40,142,3,0,145
2023-07-11T14:22:04,142,3,0,145
2023-07-11T14:34:28,142,3,0,145
2023-07-11T14:46:53,142,3,0,145
2023-07-11T14:59:36,142,3,0,145
2023-07-11T15:12:01,142,3,0,145
2023-07-11T15:24:25,142,3,0,145
2023-07-11T15:36:50,142,3,0,145
2023-07-11T15:49:15,142,3,0,145
2023-07-11T16:01:39,142,3,0,145
2023-07-11T16:14:04,142,3,0,145
2023-07-11T16:26:29,142,3,0,145
2023-07-11T16:38:54,142,3,0,145
2023-07-11T16:51:21,142,3,0,145
2023-07-11T17:03:46,142,3,0,145
2023-07-11T17:16:12,142,3,0,145
2023-07-11T17:28:36,142,3,0,145
2023-07-11T17:41:01,142,3,0,145
2023-07-11T17:53:36,142,3,0,145
2023-07-11T18:06:01,142,3,0,145
2023-07-11T18:18:26,142,3,0,145
2023-07-11T18:30:50,142,3,0,145
2023-07-11T18:43:15,142,3,0,145
2023-07-11T18:55:40,142,3,0,145
2023-07-11T19:08:05,142,3,0,145
2023-07-11T19:20:29,142,3,0,145
2023-07-11T19:32:54,142,3,0,145
2023-07-11T19:45:19,142,3,0,145
2023-07-11T19:57:44,142,3,0,145
2023-07-11T20:10:09,142,3,0,145
2023-07-11T20:22:33,142,3,0,145
2023-07-11T20:34:58,142,3,0,145
2023-07-11T20:47:23,142,3,0,145
2023-07-11T20:59:48,142,3,0,145
2023-07-11T21:12:23,142,3,0,145
2023-07-11T21:24:48,142,3,0,145
2023-07-11T21:37:14,142,3,0,145
2023-07-11T21:49:39,142,3,0,145
2023-07-11T22:02:04,142,3,0,145
2023-07-11T22:14:29,142,3,0,145
2023-07-11T22:26:55,142,3,0,145
2023-07-11T22:39:20,142,3,0,145
2023-07-11T22:51:45,142,3,0,145
2023-07-11T23:04:10,142,3,0,145
2023-07-11T23:16:36,142,3,0,145
2023-07-11T23:29:03,142,3,0,145
2023-07-11T23:41:29,142,3,0,145
2023-07-11T23:53:54,142,3,0,145
2023-07-12T00:06:20,142,3,0,145
2023-07-12T00:18:50,142,3,0,145
2023-07-12T00:31:18,142,3,0,145
2023-07-12T00:43:57,142,3,0,145
2023-07-12T00:56:26,142,3,0,145
2023-07-12T01:08:55,142,3,0,145
2023-07-12T01:21:24,142,3,0,145
2023-07-12T01:33:53,142,3,0,145
2023-07-12T01:46:24,142,3,0,145
2023-07-12T01:58:52,142,3,0,145
2023-07-12T02:11:23,142,3,0,145
2023-07-12T02:24:14,142,3,0,145
2023-07-12T02:36:44,142,3,0,145
2023-07-12T02:49:14,142,3,0,145
2023-07-12T03:01:42,142,3,0,145
2023-07-12T03:14:10,142,3,0,145
2023-07-12T03:26:39,142,3,0,145
2023-07-12T03:39:07,142,3,0,145
2023-07-12T03:51:35,142,3,0,145
2023-07-12T04:04:02,142,3,0,145
2023-07-12T04:16:31,142,3,0,145
2023-07-12T04:38:58,142,3,0,145
2023-07-12T04:51:44,142,3,0,145
2023-07-12T05:04:14,142,3,0,145
2023-07-12T05:16:42,142,3,0,145
2023-07-12T05:29:10,142,3,0,145
2023-07-12T05:41:38,142,3,0,145
2023-07-12T05:54:09,142,3,0,145
2023-07-12T06:06:38,142,3,0,145
2023-07-12T06:19:05,142,3,0,145
2023-07-12T06:31:33,142,3,0,145
2023-07-12T06:44:01,142,3,0,145
2023-07-12T06:56:30,142,3,0,145
2023-07-12T07:08:59,142,3,0,145
2023-07-12T07:21:27,142,3,0,145
2023-07-12T07:33:53,142,3,0,145
2023-07-12T07:46:19,142,3,0,145
2023-07-12T07:58:44,142,3,0,145
2023-07-12T08:11:08,142,3,0,145
2023-07-12T08:23:34,142,3,0,145
2023-07-12T08:35:59,142,3,0,145
2023-07-12T08:48:24,142,3,0,145
2023-07-12T09:00:49,142,3,0,145
2023-07-12T09:13:13,142,3,0,145
2023-07-12T09:25:48,142,3,0,145
2023-07-12T09:38:12,142,3,0,145
2023-07-12T09:50:37,142,3,0,145
2023-07-12T10:03:02,142,3,0,145
2023-07-12T10:15:26,142,3,0,145
2023-07-12T10:27:51,142,3,0,145
2023-07-12T10:40:16,142,3,0,145
2023-07-12T10:52:40,142,3,0,145
2023-07-12T11:05:06,142,3,0,145
2023-07-12T11:17:30,142,3,0,145
2023-07-12T11:29:55,142,3,0,145
2023-07-12T11:42:31,142,3,0,145
2023-07-12T11:54:56,142,3,0,145
2023-07-12T12:07:20,142,3,0,145
2023-07-12T12:19:45,142,3,0,145
2023-07-12T12:32:11,142,3,0,145
2023-07-12T12:44:36,142,3,0,145
2023-07-12T12:57:01,142,3,0,145
2023-07-12T13:09:26,142,3,0,145
2023-07-12T13:21:50,142,3,0,145
2023-07-12T13:34:15,142,3,0,145
2023-07-12T13:46:40,142,3,0,145
2023-07-12T13:59:24,142,3,0,145
2023-07-12T14:11:49,142,3,0,145
2023-07-12T14:24:14,142,3,0,145
2023-07-12T14:36:38,142,3,0,145
2023-07-12T14:49:04,142,3,0,145
2023-07-12T15:01:29,142,3,0,145
2023-07-12T15:13:53,142,3,0,145
2023-07-12T15:26:18,142,3,0,145
2023-07-12T15:38:44,142,3,0,145
2023-07-12T15:51:09,142,3,0,145
2023-07-12T16:03:34,142,3,0,145
2023-07-12T16:15:59,142,3,0,145
2023-07-12T16:28:34,142,3,0,145
2023-07-12T16:40:59,142,3,0,145
2023-07-12T16:53:24,142,3,0,145
2023-07-12T17:05:49,142,3,0,145
2023-07-12T17:18:14,142,3,0,145
2023-07-12T17:30:38,142,3,0,145
2023-07-12T17:43:04,142,3,0,145
2023-07-12T17:55:28,142,3,0,145
2023-07-12T18:07:52,142,3,0,145
2023-07-12T18:20:16,142,3,0,145
2023-07-12T18:32:41,142,3,0,145
2023-07-12T18:45:05,142,3,0,145
2023-07-12T18:57:29,142,3,0,145
2023-07-12T19:09:53,142,3,0,145
2023-07-12T19:22:17,142,3,0,145
2023-07-12T19:34:55,142,3,0,145
2023-07-12T19:47:20,142,3,0,145
2023-07-12T19:59:44,142,3,0,145
2023-07-12T20:12:09,142,3,0,145
2023-07-12T20:24:33,142,3,0,145
2023-07-12T20:36:58,142,3,0,145
2023-07-12T20:49:22,142,3,0,145
2023-07-12T21:01:46,142,3,0,145
2023-07-12T21:14:11,142,3,0,145
2023-07-12T21:26:36,142,3,0,145
2023-07-12T21:39:00,142,3,0,145
2023-07-12T21:51:25,142,3,0,145
2023-07-12T22:03:49,142,3,0,145
2023-07-12T22:16:14,142,3,0,145
2023-07-12T22:28:39,142,3,0,145
2023-07-12T22:41:04,142,3,0,145
2023-07-12T22:53:29,142,3,0,145
2023-07-12T23:05:54,142,3,0,145
2023-07-12T23:18:19,142,3,0,145
2023-07-12T23:31:04,142,3,0,145
2023-07-12T23:43:28,142,3,0,145
2023-07-12T23:55:53,142,3,0,145
2023-07-13T00:08:20,142,3,0,145
2023-07-13T00:20:50,142,3,0,145
2023-07-13T00:33:18,142,3,0,145
2023-07-13T00:45:47,142,3,0,145
2023-07-13T00:58:16,142,3,0,145
2023-07-13T01:10:44,142,3,0,145
2023-07-13T01:23:12,142,3,0,145
2023-07-13T01:35:40,142,3,0,145
2023-07-13T01:48:10,142,3,0,145
2023-07-13T02:00:37,142,3,0,145
2023-07-13T02:13:04,142,3,0,145
2023-07-13T02:25:30,142,3,0,145
2023-07-13T02:37:56,142,3,0,145
2023-07-13T02:50:21,142,3,0,145
2023-07-13T03:02:46,142,3,0,145
2023-07-13T03:15:11,142,3,0,145
2023-07-13T03:27:36,142,3,0,145
2023-07-13T03:40:00,142,3,0,145
2023-07-13T03:52:24,142,3,0,145
2023-07-13T04:04:48,142,3,0,145
2023-07-13T04:17:13,142,3,0,145
2023-07-13T04:37:07,142,3,0,145
2023-07-13T04:49:33,142,3,0,145
2023-07-13T05:02:00,142,3,0,145
2023-07-13T05:14:25,142,3,0,145
2023-07-13T05:26:49,142,3,0,145
2023-07-13T05:39:15,142,3,0,145
2023-07-13T05:51:44,142,3,0,145
2023-07-13T06:04:17,142,3,0,145
2023-07-13T06:16:45,142,3,0,145
2023-07-13T06:29:16,142,3,0,145
2023-07-13T06:41:48,142,3,0,145
2023-07-13T06:54:17,142,3,0,145
2023-07-13T07:06:48,142,3,0,145
2023-07-13T07:19:17,142,3,0,145
2023-07-13T07:31:45,142,3,0,145
2023-07-13T07:44:12,142,3,0,145
2023-07-13T07:56:41,142,3,0,145
2023-07-13T08:09:09,142,3,0,145
2023-07-13T08:21:36,142,3,0,145
2023-07-13T08:34:05,142,3,0,145
2023-07-13T08:46:32,142,3,0,145
2023-07-13T08:58:58,142,3,0,145
2023-07-13T09:11:24,142,3,0,145
2023-07-13T09:24:10,142,3,0,145
2023-07-13T09:36:36,142,3,0,145
2023-07-13T09:49:02,142,3,0,145
2023-07-13T10:01:28,142,3,0,145
2023-07-13T10:13:54,142,3,0,145
2023-07-13T10:26:20,142,3,0,145
2023-07-13T10:38:46,142,3,0,145
2023-07-13T10:51:12,142,3,0,145
2023-07-13T11:03:38,142,3,0,145
2023-07-13T11:16:15,142,3,0,145
2023-07-13T11:28:41,142,3,0,145
2023-07-13T11:41:07,142,3,0,145
2023-07-13T11:53:33,142,3,0,145
2023-07-13T12:05:59,142,3,0,145
2023-07-13T12:18:24,142,3,0,145
2023-07-13T12:30:48,142,3,0,145
2023-07-13T12:43:12,142,3,0,145
2023-07-13T12:55:37,142,3,0,145
2023-07-13T13:08:02,142,3,0,145
2023-07-13T13:20:26,142,3,0,145
2023-07-13T13:32:51,142,3,0,145
2023-07-13T13:45:26,142,3,0,145
2023-07-13T13:57:50,142,3,0,145
2023-07-13T14:10:15,142,3,0,145
2023-07-13T14:22:39,142,3,0,145
2023-07-13T14:35:04,142,3,0,145
2023-07-13T14:47:28,142,3,0,145
2023-07-13T14:59:53,142,3,0,145
2023-07-13T15:12:17,142,3,0,145
2023-07-13T15:24:41,142,3,0,145
2023-07-13T15:37:06,142,3,0,145
2023-07-13T15:49:30,142,3,0,145
2023-07-13T16:02:05,142,3,0,145
2023-07-13T16:14:29,142,3,0,145
2023-07-13T16:26:54,142,3,0,145
2023-07-13T16:39:18,142,3,0,145
2023-07-13T16:51:43,142,3,0,145
2023-07-13T17:04:07,142,3,0,145
2023-07-13T17:16:33,142,3,0,145
2023-07-13T17:28:57,142,3,0,145
2023-07-13T17:41:22,142,3,0,145
2023-07-13T17:53:46,142,3,0,145
2023-07-13T18:06:10,142,3,0,145
2023-07-13T18:18:34,142,3,0,145
2023-07-13T18:30:59,142,3,0,145
2023-07-13T18:43:23,142,3,0,145
2023-07-13T18:55:47,142,3,0,145
2023-07-13T19:08:31,142,3,0,145
2023-07-13T19:20:55,142,3,0,145
2023-07-13T19:33:19,142,3,0,145
2023-07-13T19:45:44,142,3,0,145
2023-07-13T19:58:08,142,3,0,145
2023-07-13T20:10:33,142,3,0,145
2023-07-13T20:22:57,142,3,0,145
2023-07-13T20:35:22,142,3,0,145
2023-07-13T20:47:46,142,3,0,145
2023-07-13T21:00:11,142,3,0,145
2023-07-13T21:12:36,142,3,0,145
2023-07-13T21:25:00,142,3,0,145
2023-07-13T21:37:24,142,3,0,145
2023-07-13T21:49:49,142,3,0,145
2023-07-13T22:02:13,142,3,0,145
2023-07-13T22:14:37,142,3,0,145
2023-07-13T22:27:02,142,3,0,145
2023-07-13T22:39:26,142,3,0,145
2023-07-13T22:52:01,142,3,0,145
2023-07-13T23:04:26,142,3,0,145
2023-07-13T23:16:51,142,3,0,145
2023-07-13T23:29:16,142,3,0,145
2023-07-13T23:41:41,142,3,0,145
2023-07-13T23:54:06,142,3,0,145
2023-07-14T00:06:32,142,3,0,145
2023-07-14T00:19:01,142,3,0,145
2023-07-14T00:31:29,142,3,0,145
2023-07-14T00:43:58,142,3,0,145
2023-07-14T00:56:27,142,3,0,145
2023-07-14T01:08:55,142,3,0,145
2023-07-14T01:21:25,142,3,0,145
2023-07-14T01:33:53,142,3,0,145
2023-07-14T01:46:24,142,3,0,145
2023-07-14T01:58:54,142,3,0,145
2023-07-14T02:11:24,142,3,0,145
2023-07-14T02:24:03,142,3,0,145
2023-07-14T02:36:35,142,3,0,145
2023-07-14T02:49:06,142,3,0,145
2023-07-14T03:01:34,142,3,0,145
2023-07-14T03:14:02,142,3,0,145
2023-07-14T03:26:30,142,3,0,145
2023-07-14T03:38:57,142,3,0,145
2023-07-14T03:51:25,142,3,0,145
2023-07-14T04:03:52,142,3,0,145
2023-07-14T04:31:13,142,3,0,145
2023-07-14T04:44:58,142,3,0,145
2023-07-14T04:57:43,142,3,0,145
2023-07-14T05:10:12,142,3,0,145
2023-07-14T05:22:39,142,3,0,145
2023-07-14T05:35:07,142,3,0,145
2023-07-14T05:47:35,142,3,0,145
2023-07-14T06:00:03,142,3,0,145
2023-07-14T06:12:31,142,3,0,145
2023-07-14T06:24:58,142,3,0,145
2023-07-14T06:37:26,142,3,0,145
2023-07-14T06:49:55,142,3,0,145
2023-07-14T07:02:24,142,3,0,145
2023-07-14T07:14:51,142,3,0,145
2023-07-14T07:27:18,142,3,0,145
2023-07-14T07:39:43,142,3,0,145
2023-07-14T07:52:08,142,3,0,145
2023-07-14T08:04:32,142,3,0,145
2023-07-14T08:16:58,142,3,0,145
2023-07-14T08:29:24,142,3,0,145
2023-07-14T08:41:49,142,3,0,145
2023-07-14T08:54:14,142,3,0,145
2023-07-14T09:06:39,142,3,0,145
2023-07-14T09:19:04,142,3,0,145
2023-07-14T09:31:28,142,3,0,145
2023-07-14T09:43:53,142,3,0,145
2023-07-14T09:56:29,142,3,0,145
2023-07-14T10:08:53,142,3,0,145
2023-07-14T10:21:18,142,3,0,145
2023-07-14T10:33:43,142,3,0,145
2023-07-14T10:46:08,142,3,0,145
2023-07-14T10:58:32,142,3,0,145
2023-07-14T11:10:58,142,3,0,145
2023-07-14T11:23:23,142,3,0,145
2023-07-14T11:35:49,142,3,0,145
2023-07-14T11:48:14,142,3,0,145
2023-07-14T12:00:39,142,3,0,145
2023-07-14T12:13:05,142,3,0,145
2023-07-14T12:25:30,142,3,0,145
2023-07-14T12:37:56,142,3,0,145
2023-07-14T12:50:22,142,3,0,145
2023-07-14T13:02:47,142,3,0,145
2023-07-14T13:15:12,142,3,0,145
2023-07-14T13:27:38,142,3,0,145
2023-07-14T13:40:14,142,3,0,145
2023-07-14T13:52:40,142,3,0,145
2023-07-14T14:05:05,142,3,0,145
2023-07-14T14:17:30,142,3,0,145
2023-07-14T14:29:56,142,3,0,145
2023-07-14T14:42:21,142,3,0,145
2023-07-14T14:54:47,142,3,0,145
2023-07-14T15:07:23,142,3,0,145
2023-07-14T15:19:48,142,3,0,145
2023-07-14T15:32:13,142,3,0,145
2023-07-14T15:44:38,142,3,0,145
2023-07-14T15:57:03,142,3,0,145
2023-07-14T16:09:29,142,3,0,145
2023-07-14T16:21:54,142,3,0,145
2023-07-14T16:34:19,142,3,0,145
2023-07-14T16:46:56,142,3,0,145
2023-07-14T16:59:21,142,3,0,145
2023-07-14T17:11:47,142,3,0,145
2023-07-14T17:24:13,142,3,0,145
2023-07-14T17:36:38,142,3,0,145
2023-07-14T17:49:02,142,3,0,145
2023-07-14T18:01:27,142,3,0,145
2023-07-14T18:13:52,142,3,0,145
2023-07-14T18:26:17,142,3,0,145
2023-07-14T18:38:42,142,3,0,145
2023-07-14T18:51:08,142,3,0,145
2023-07-14T19:03:33,142,3,0,145
2023-07-14T19:15:58,142,3,0,145
2023-07-14T19:28:23,142,3,0,145
2023-07-14T19:40:49,142,3,0,145
2023-07-14T19:53:14,142,3,0,145
2023-07-14T20:05:39,142,3,0,145
2023-07-14T20:18:05,142,3,0,145
2023-07-14T20:30:30,142,3,0,145
2023-07-14T20:43:06,142,3,0,145
2023-07-14T20:55:31,142,3,0,145
2023-07-14T21:07:56,142,3,0,145
2023-07-14T21:20:22,142,3,0,145
2023-07-14T21:32:47,142,3,0,145
2023-07-14T21:45:12,142,3,0,145
2023-07-14T21:57:38,142,3,0,145
2023-07-14T22:10:03,142,3,0,145
2023-07-14T22:22:28,142,3,0,145
2023-07-14T22:34:53,142,3,0,145
2023-07-14T22:47:19,142,3,0,145
2023-07-14T22:59:45,142,3,0,145
2023-07-14T23:12:12,142,3,0,145
2023-07-14T23:24:37,142,3,0,145
2023-07-14T23:37:03,142,3,0,145
2023-07-14T23:49:29,142,3,0,145
2023-07-15T00:01:54,142,3,0,145
2023-07-15T00:14:23,142,3,0,145
2023-07-15T00:26:54,142,3,0,145
2023-07-15T00:39:33,142,3,0,145
2023-07-15T00:52:02,142,3,0,145
2023-07-15T01:04:32,142,3,0,145
2023-07-15T01:17:01,142,3,0,145
2023-07-15T01:29:30,142,3,0,145
2023-07-15T01:42:03,142,3,0,145
2023-07-15T01:54:32,142,3,0,145
2023-07-15T02:07:00,142,3,0,145
2023-07-15T02:19:27,142,3,0,145
2023-07-15T02:31:54,142,3,0,145
2023-07-15T02:44:22,142,3,0,145
2023-07-15T02:56:48,142,3,0,145
2023-07-15T03:09:14,142,3,0,145
2023-07-15T03:21:42,142,3,0,145
2023-07-15T03:34:09,142,3,0,145
2023-07-15T03:46:36,142,3,0,145
2023-07-15T03:59:03,142,3,0,145
2023-07-15T04:13:33,142,3,0,145
2023-07-15T04:36:46,142,3,0,145
2023-07-15T04:49:17,142,3,0,145
2023-07-15T05:01:47,142,3,0,145
2023-07-15T05:14:13,142,3,0,145
2023-07-15T05:26:50,142,3,0,145
2023-07-15T05:39:19,142,3,0,145
2023-07-15T05:51:50,142,3,0,145
2023-07-15T06:04:20,142,3,0,145
2023-07-15T06:16:49,142,3,0,145
2023-07-15T06:29:19,142,3,0,145
2023-07-15T06:41:47,142,3,0,145
2023-07-15T06:54:17,142,3,0,145
2023-07-15T07:06:48,142,3,0,145
2023-07-15T07:19:16,142,3,0,145
2023-07-15T07:31:44,142,3,0,145
2023-07-15T07:44:12,142,3,0,145
2023-07-15T07:56:41,142,3,0,145
2023-07-15T08:09:18,142,3,0,145
2023-07-15T08:21:47,142,3,0,145
2023-07-15T08:34:16,142,3,0,145
2023-07-15T08:46:43,142,3,0,145
2023-07-15T08:59:11,142,3,0,145
2023-07-15T09:11:39,142,3,0,145
2023-07-15T09:24:08,142,3,0,145
2023-07-15T09:36:35,142,3,0,145
2023-07-15T09:49:03,142,3,0,145
2023-07-15T10:01:31,142,3,0,145
2023-07-15T10:14:00,142,3,0,145
2023-07-15T10:26:28,142,3,0,145
2023-07-15T10:38:56,142,3,0,145
2023-07-15T10:51:25,142,3,0,145
2023-07-15T11:04:00,142,3,0,145
2023-07-15T11:16:26,142,3,0,145
2023-07-15T11:28:51,142,3,0,145
2023-07-15T11:41:16,142,3,0,145
2023-07-15T11:53:42,142,3,0,145
2023-07-15T12:06:07,142,3,0,145
2023-07-15T12:18:32,142,3,0,145
2023-07-15T12:30:59,142,3,0,145
2023-07-15T12:43:24,142,3,0,145
2023-07-15T12:55:49,142,3,0,145
2023-07-15T13:08:14,142,3,0,145
2023-07-15T13:20:39,142,3,0,145
2023-07-15T13:33:05,142,3,0,145
2023-07-15T13:45:30,142,3,0,145
2023-07-15T13:57:54,142,3,0,145
2023-07-15T14:10:19,142,3,0,145
2023-07-15T14:22:44,142,3,0,145
2023-07-15T14:35:20,142,3,0,145
2023-07-15T14:47:45,142,3,0,145
2023-07-15T15:00:10,142,3,0,145
2023-07-15T15:12:35,142,3,0,145
2023-07-15T15:25:00,142,3,0,145
2023-07-15T15:37:25,142,3,0,145
2023-07-15T15:49:49,142,3,0,145
2023-07-15T16:02:15,142,3,0,145
2023-07-15T16:14:40,142,3,0,145
2023-07-15T16:27:04,142,3,0,145
2023-07-15T16:39:29,142,3,0,145
2023-07-15T16:51:54,142,3,0,145
2023-07-15T17:04:19,142,3,0,145
2023-07-15T17:16:45,142,3,0,145
2023-07-15T17:29:10,142,3,0,145
2023-07-15T17:41:35,142,3,0,145
2023-07-15T17:54:00,142,3,0,145
2023-07-15T18:06:26,142,3,0,145
2023-07-15T18:18:50,142,3,0,145
2023-07-15T18:31:15,142,3,0,145
2023-07-15T18:43:41,142,3,0,145
2023-07-15T18:56:16,142,3,0,145
2023-07-15T19:08:41,142,3,0,145
2023-07-15T19:21:06,142,3,0,145
2023-07-15T19:33:31,142,3,0,145
2023-07-15T19:45:56,142,3,0,145
2023-07-15T19:58:21,142,3,0,145
2023-07-15T20:10:46,142,3,0,145
2023-07-15T20:23:11,142,3,0,145
2023-07-15T20:35:36,142,3,0,145
2023-07-15T20:48:01,142,3,0,145
2023-07-15T21:00:26,142,3,0,145
2023-07-15T21:12:51,142,3,0,145
2023-07-15T21:25:28,142,3,0,145
2023-07-15T21:37:53,142,3,0,145
2023-07-15T21:50:18,142,3,0,145
2023-07-15T22:02:43,142,3,0,145
2023-07-15T22:15:08,142,3,0,145
2023-07-15T22:27:34,142,3,0,145
2023-07-15T22:39:59,142,3,0,145
2023-07-15T22:52:24,142,3,0,145
2023-07-15T23:04:49,142,3,0,145
2023-07-15T23:17:15,142,3,0,145
2023-07-15T23:29:41,142,3,0,145
2023-07-15T23:42:06,142,3,0,145
2023-07-15T23:54:31,142,3,0,145
2023-07-16T00:06:57,142,3,0,145
2023-07-16T00:19:23,142,3,0,145
2023-07-16T00:31:49,142,3,0,145
2023-07-16T00:44:14,142,3,0,145
2023-07-16T01:19:48,142,3,0,145
2023-07-16T01:32:28,142,3,0,145
2023-07-16T01:45:00,142,3,0,145
2023-07-16T01:57:30,142,3,0,145
2023-07-16T02:10:00,142,3,0,145
2023-07-16T02:22:30,142,3,0,145
2023-07-16T02:34:59,142,3,0,145
2023-07-16T02:47:38,142,3,0,145
2023-07-16T03:00:05,142,3,0,145
2023-07-16T03:12:35,142,3,0,145
2023-07-16T03:25:03,142,3,0,145
2023-07-16T03:37:32,142,3,0,145
2023-07-16T03:50:00,142,3,0,145
2023-07-16T04:02:28,142,3,0,145
2023-07-16T04:27:37,142,3,0,145
2023-07-16T04:40:07,142,3,0,145
2023-07-16T04:52:39,142,3,0,145
2023-07-16T05:05:10,142,3,0,145
2023-07-16T05:17:38,142,3,0,145
2023-07-16T05:30:08,142,3,0,145
2023-07-16T05:42:37,142,3,0,145
2023-07-16T05:55:06,142,3,0,145
2023-07-16T06:07:35,142,3,0,145
2023-07-16T06:20:03,142,3,0,145
2023-07-16T06:32:32,142,3,0,145
2023-07-16T06:45:02,142,3,0,145
2023-07-16T06:57:29,142,3,0,145
2023-07-16T07:09:57,142,3,0,145
2023-07-16T07:22:28,142,3,0,145
2023-07-16T07:34:57,142,3,0,145
2023-07-16T07:47:25,142,3,0,145
2023-07-16T07:59:58,142,3,0,145
2023-07-16T08:12:26,142,3,0,145
2023-07-16T08:24:51,142,3,0,145
2023-07-16T08:37:18,142,3,0,145
2023-07-16T08:49:43,142,3,0,145
2023-07-16T09:02:08,142,3,0,145
2023-07-16T09:14:34,142,3,0,145
2023-07-16T09:27:00,142,3,0,145
2023-07-16T09:39:26,142,3,0,145
2023-07-16T09:51:51,142,3,0,145
2023-07-16T10:04:17,142,3,0,145
2023-07-16T10:16:42,142,3,0,145
2023-07-16T10:29:08,142,3,0,145
2023-07-16T10:41:43,142,3,0,145
2023-07-16T10:54:10,142,3,0,145
2023-07-16T11:06:35,142,3,0,145
2023-07-16T11:19:02,142,3,0,145
2023-07-16T11:31:27,142,3,0,145
2023-07-16T11:43:53,142,3,0,145
2023-07-16T11:56:19,142,3,0,145
2023-07-16T12:08:44,142,3,0,145
2023-07-16T12:21:10,142,3,0,145
2023-07-16T12:33:35,142,3,0,145
2023-07-16T12:46:01,142,3,0,145
2023-07-16T12:58:27,142,3,0,145
2023-07-16T13:10:52,142,3,0,145
2023-07-16T13:23:17,142,3,0,145
2023-07-16T13:35:42,142,3,0,145
2023-07-16T13:48:17,142,3,0,145
2023-07-16T14:00:42,142,3,0,145
2023-07-16T14:13:07,142,3,0,145
2023-07-16T14:25:33,142,3,0,145
2023-07-16T14:37:58,142,3,0,145
2023-07-16T14:50:23,142,3,0,145
2023-07-16T15:02:48,142,3,0,145
2023-07-16T15:15:14,142,3,0,145
2023-07-16T15:27:39,142,3,0,145
2023-07-16T15:40:03,142,3,0,145
2023-07-16T15:52:29,142,3,0,145
2023-07-16T16:04:54,142,3,0,145
2023-07-16T16:17:20,142,3,0,145
2023-07-16T16:29:46,142,3,0,145
2023-07-16T16:42:12,142,3,0,145
2023-07-16T16:54:37,142,3,0,145
2023-07-16T17:07:03,142,3,0,145
2023-07-16T17:19:29,142,3,0,145
2023-07-16T17:31:54,142,3,0,145
2023-07-16T17:44:20,142,3,0,145
2023-07-16T17:56:45,142,3,0,145
2023-07-16T18:09:10,142,3,0,145
2023-07-16T18:21:46,142,3,0,145
2023-07-16T18:34:11,142,3,0,145
2023-07-16T18:46:36,142,3,0,145
2023-07-16T18:59:02,142,3,0,145
2023-07-16T19:11:31,142,3,0,145
2023-07-16T19:24:01,142,3,0,145
2023-07-16T19:36:26,142,3,0,145
2023-07-16T19:48:53,142,3,0,145
2023-07-16T20:01:19,142,3,0,145
2023-07-16T20:13:45,142,3,0,145
2023-07-16T20:26:10,142,3,0,145
2023-07-16T20:38:36,142,3,0,145
2023-07-16T20:51:01,142,3,0,145
2023-07-16T21:03:27,142,3,0,145
2023-07-16T21:15:53,142,3,0,145
2023-07-16T21:28:18,142,3,0,145
2023-07-16T21:40:44,142,3,0,145
2023-07-16T21:53:11,142,3,0,145
2023-07-16T22:05:36,142,3,0,145
2023-07-16T22:18:02,142,3,0,145
2023-07-16T22:30:28,142,3,0,145
2023-07-16T22:42:55,142,3,0,145
2023-07-16T22:55:33,142,3,0,145
2023-07-16T23:07:59,142,3,0,145
2023-07-16T23:20:25,142,3,0,145
2023-07-16T23:32:51,142,3,0,145
2023-07-16T23:45:17,142,3,0,145
2023-07-16T23:57:44,142,3,0,145
2023-07-17T00:10:12,142,3,0,145
2023-07-17T00:22:40,142,3,0,145
2023-07-17T00:35:13,142,3,0,145
2023-07-17T00:47:45,142,3,0,145
2023-07-17T01:00:16,142,3,0,145
2023-07-17T01:12:44,142,3,0,145
2023-07-17T01:25:10,142,3,0,145
2023-07-17T01:37:44,142,3,0,145
2023-07-17T01:50:23,142,3,0,145
2023-07-17T02:02:54,142,3,0,145
2023-07-17T02:15:24,142,3,0,145
2023-07-17T02:27:54,142,3,0,145
2023-07-17T02:40:33,142,3,0,145
2023-07-17T02:53:02,142,3,0,145
2023-07-17T03:05:30,142,3,0,145
2023-07-17T03:18:01,142,3,0,145
2023-07-17T03:30:30,142,3,0,145
2023-07-17T03:42:59,142,3,0,145
2023-07-17T03:55:27,142,3,0,145
2023-07-17T04:07:56,142,3,0,145
2023-07-17T04:31:05,142,3,0,145
2023-07-17T04:43:53,142,3,0,145
2023-07-17T04:56:25,142,3,0,145
2023-07-17T05:08:58,142,3,0,145
2023-07-17T05:21:27,142,3,0,145
2023-07-17T05:33:57,142,3,0,145
2023-07-17T05:46:27,142,3,0,145
2023-07-17T05:58:56,142,3,0,145
2023-07-17T06:11:26,142,3,0,145
2023-07-17T06:23:55,142,3,0,145
2023-07-17T06:36:24,142,3,0,145
2023-07-17T06:48:52,142,3,0,145
2023-07-17T07:01:21,142,3,0,145
2023-07-17T07:13:49,142,3,0,145
2023-07-17T07:26:21,142,3,0,145
2023-07-17T07:38:47,142,3,0,145
2023-07-17T07:51:13,142,3,0,145
2023-07-17T08:03:43,142,3,0,145
2023-07-17T08:16:11,142,3,0,145
2023-07-17T08:28:37,142,3,0,145
2023-07-17T08:41:03,142,3,0,145
2023-07-17T08:53:28,142,3,0,145
2023-07-17T09:05:54,142,3,0,145
2023-07-17T09:18:19,142,3,0,145
2023-07-17T09:30:45,142,3,0,145
2023-07-17T09:43:10,142,3,0,145
2023-07-17T09:55:45,142,3,0,145
2023-07-17T10:08:10,142,3,0,145
2023-07-17T10:20:36,142,3,0,145
2023-07-17T10:33:01,142,3,0,145
2023-07-17T10:45:27,142,3,0,145
2023-07-17T10:57:51,142,3,0,145
2023-07-17T11:10:17,142,3,0,145
2023-07-17T11:22:43,142,3,0,145
2023-07-17T11:35:09,142,3,0,145
2023-07-17T11:47:36,142,3,0,145
2023-07-17T12:00:02,142,3,0,145
2023-07-17T12:12:28,142,3,0,145
2023-07-17T12:25:06,142,3,0,145
2023-07-17T12:37:32,142,3,0,145
2023-07-17T12:49:58,142,3,0,145
2023-07-17T13:02:24,142,3,0,145
2023-07-17T13:14:50,142,3,0,145
2023-07-17T13:27:16,142,3,0,145
2023-07-17T13:39:42,142,3,0,145
2023-07-17T13:52:08,142,3,0,145
2023-07-17T14:04:34,142,3,0,145
2023-07-17T14:17:00,142,3,0,145
2023-07-17T14:29:27,142,3,0,145
2023-07-17T14:41:53,142,3,0,145
2023-07-17T14:54:31,142,3,0,145
2023-07-17T15:06:57,142,3,0,145
2023-07-17T15:19:23,142,3,0,145
2023-07-17T15:31:49,142,3,0,145
2023-07-17T15:44:15,142,3,0,145
2023-07-17T15:56:41,142,3,0,145
2023-07-17T16:09:08,142,3,0,145
2023-07-17T16:21:34,142,3,0,145
2023-07-17T16:34:00,142,3,0,145
2023-07-17T16:46:29,142,3,0,145
2023-07-17T16:58:55,142,3,0,145
2023-07-17T17:11:33,142,3,0,145
2023-07-17T17:24:00,142,3,0,145
2023-07-17T17:36:27,142,3,0,145
2023-07-17T17:48:53,142,3,0,145
2023-07-17T18:01:20,142,3,0,145
2023-07-17T18:13:46,142,3,0,145
2023-07-17T18:26:13,142,3,0,145
2023-07-17T18:38:39,142,3,0,145
2023-07-17T18:51:06,142,3,0,145
2023-07-17T19:03:32,142,3,0,145
2023-07-17T19:15:59,142,3,0,145
2023-07-17T19:28:25,142,3,0,145
2023-07-17T19:40:52,142,3,0,145
2023-07-17T19:53:19,142,3,0,145
2023-07-17T20:05:45,142,3,0,145
2023-07-17T20:18:22,142,3,0,145
2023-07-17T20:30:48,142,3,0,145
2023-07-17T20:43:15,142,3,0,145
2023-07-17T20:55:41,142,3,0,145
2023-07-17T21:08:08,142,3,0,145
2023-07-17T21:20:35,142,3,0,145
2023-07-17T21:33:01,142,3,0,145
2023-07-17T21:45:27,142,3,0,145
2023-07-17T21:57:54,142,3,0,145
2023-07-17T22:10:20,142,3,0,145
2023-07-17T22:22:47,142,3,0,145
2023-07-17T22:35:13,142,3,0,145
2023-07-17T22:47:39,142,3,0,145
2023-07-17T23:00:05,142,3,0,145
2023-07-17T23:12:33,142,3,0,145
2023-07-17T23:25:10,142,3,0,145
2023-07-17T23:37:37,142,3,0,145
2023-07-17T23:50:04,142,3,0,145
2023-07-18T00:02:32,142,3,0,145
2023-07-18T00:15:01,142,3,0,145
2023-07-18T00:27:33,142,3,0,145
2023-07-18T00:40:05,142,3,0,145
2023-07-18T00:52:36,142,3,0,145
2023-07-18T01:05:07,142,3,0,145
2023-07-18T01:17:37,142,3,0,145
2023-07-18T01:30:07,142,3,0,145
2023-07-18T01:42:38,142,3,0,145
2023-07-18T01:55:09,142,3,0,145
2023-07-18T02:07:39,142,3,0,145
2023-07-18T02:20:09,142,3,0,145
2023-07-18T02:32:38,142,3,0,145
2023-07-18T02:45:05,142,3,0,145
2023-07-18T02:57:31,142,3,0,145
2023-07-18T03:09:59,142,3,0,145
2023-07-18T03:22:28,142,3,0,145
2023-07-18T03:34:57,142,3,0,145
2023-07-18T03:47:26,142,3,0,145
2023-07-18T03:59:55,142,3,0,145
2023-07-18T04:12:25,142,3,0,145
2023-07-18T04:41:37,142,3,0,145
2023-07-18T04:55:21,142,3,0,145
2023-07-18T05:08:11,142,3,0,145
2023-07-18T05:20:41,142,3,0,145
2023-07-18T05:33:12,142,3,0,145
2023-07-18T05:45:41,142,3,0,145
2023-07-18T05:58:10,142,3,0,145
2023-07-18T06:10:41,142,3,0,145
2023-07-18T06:23:10,142,3,0,145
2023-07-18T06:35:40,142,3,0,145
2023-07-18T06:48:09,142,3,0,145
2023-07-18T07:00:38,142,3,0,145
2023-07-18T07:13:09,142,3,0,145
2023-07-18T07:25:38,142,3,0,145
2023-07-18T07:38:09,142,3,0,145
2023-07-18T07:50:37,142,3,0,145
2023-07-18T08:03:05,142,3,0,145
2023-07-18T08:15:34,142,3,0,145
2023-07-18T08:28:02,142,3,0,145
2023-07-18T08:40:31,142,3,0,145
2023-07-18T08:53:10,142,3,0,145
2023-07-18T09:05:39,142,3,0,145
2023-07-18T09:18:08,142,3,0,145
2023-07-18T09:30:36,142,3,0,145
2023-07-18T09:43:02,142,3,0,145
2023-07-18T09:55:28,142,3,0,145
2023-07-18T10:07:55,142,3,0,145
2023-07-18T10:20:21,142,3,0,145
2023-07-18T10:32:48,142,3,0,145
2023-07-18T10:45:15,142,3,0,145
2023-07-18T10:57:41,142,3,0,145
2023-07-18T11:10:11,142,3,0,145
2023-07-18T11:22:38,142,3,0,145
2023-07-18T11:35:05,142,3,0,145
2023-07-18T11:47:31,142,3,0,145
2023-07-18T11:59:58,142,3,0,145
2023-07-18T12:12:24,142,3,0,145
2023-07-18T12:24:50,142,3,0,145
2023-07-18T12:37:30,142,3,0,145
2023-07-18T12:49:56,142,3,0,145
2023-07-18T13:02:23,142,3,0,145
2023-07-18T13:14:50,142,3,0,145
2023-07-18T13:27:17,142,3,0,145
2023-07-18T13:39:43,142,3,0,145
2023-07-18T13:52:09,142,3,0,145
2023-07-18T14:04:35,142,3,0,145
2023-07-18T14:17:02,142,3,0,145
2023-07-18T14:29:28,142,3,0,145
2023-07-18T14:41:56,142,3,0,145
2023-07-18T14:54:23,142,3,0,145
2023-07-18T15:06:50,142,3,0,145
2023-07-18T15:19:19,142,3,0,145
2023-07-18T15:31:56,142,3,0,145
2023-07-18T15:44:22,142,3,0,145
2023-07-18T15:56:49,142,3,0,145
2023-07-18T16:09:15,142,3,0,145
2023-07-18T16:21:41,142,3,0,145
2023-07-18T16:34:08,142,3,0,145
2023-07-18T16:46:34,142,3,0,145
2023-07-18T16:59:01,142,3,0,145
2023-07-18T17:11:28,142,3,0,145
2023-07-18T17:23:55,142,3,0,145
2023-07-18T17:36:25,142,3,0,145
2023-07-18T17:48:52,142,3,0,145
2023-07-18T18:01:23,142,3,0,145
2023-07-18T18:13:49,142,3,0,145
2023-07-18T18:26:16,142,3,0,145
2023-07-18T18:38:54,142,3,0,145
2023-07-18T18:51:20,142,3,0,145
2023-07-18T19:03:47,142,3,0,145
2023-07-18T19:16:14,142,3,0,145
2023-07-18T19:28:40,142,3,0,145
2023-07-18T19:41:07,142,3,0,145
2023-07-18T19:53:34,142,3,0,145
2023-07-18T20:06:01,142,3,0,145
2023-07-18T20:18:27,142,3,0,145
2023-07-18T20:30:54,142,3,0,145
2023-07-18T20:43:21,142,3,0,145
2023-07-18T20:55:47,142,3,0,145
2023-07-18T21:08:14,142,3,0,145
2023-07-18T21:20:50,142,3,0,145
2023-07-18T21:33:16,142,3,0,145
2023-07-18T21:45:42,142,3,0,145
2023-07-18T21:58:09,142,3,0,145
2023-07-18T22:10:36,142,3,0,145
2023-07-18T22:23:02,142,3,0,145
2023-07-18T22:35:28,142,3,0,145
2023-07-18T22:47:54,142,3,0,145
2023-07-18T23:00:21,142,3,0,145
2023-07-18T23:12:48,142,3,0,145
2023-07-18T23:25:15,142,3,0,145
2023-07-18T23:37:42,142,3,0,145
2023-07-18T23:50:09,142,3,0,145
2023-07-19T00:02:37,142,3,0,145
2023-07-19T00:15:07,142,3,0,145
2023-07-19T00:27:38,142,3,0,145
2023-07-19T00:40:08,142,3,0,145
2023-07-19T00:52:38,142,3,0,145
2023-07-19T01:05:19,142,3,0,145
2023-07-19T01:17:50,142,3,0,145
2023-07-19T01:30:20,142,3,0,145
2023-07-19T01:42:51,142,3,0,145
2023-07-19T01:55:24,142,3,0,145
2023-07-19T02:07:57,142,3,0,145
2023-07-19T02:20:28,142,3,0,145
2023-07-19T02:33:00,142,3,0,145
2023-07-19T02:45:28,142,3,0,145
2023-07-19T02:57:57,142,3,0,145
2023-07-19T03:10:26,142,3,0,145
2023-07-19T03:22:56,142,3,0,145
2023-07-19T03:35:25,142,3,0,145
2023-07-19T03:47:54,142,3,0,145
2023-07-19T04:00:23,142,3,0,145
2023-07-19T04:30:33,142,3,0,145
2023-07-19T04:43:05,142,3,0,145
2023-07-19T04:55:36,142,3,0,145
2023-07-19T05:08:07,142,3,0,145
2023-07-19T05:20:37,142,3,0,145
2023-07-19T05:33:06,142,3,0,145
2023-07-19T05:45:35,142,3,0,145
2023-07-19T05:58:04,142,3,0,145
2023-07-19T06:10:33,142,3,0,145
2023-07-19T06:23:02,142,3,0,145
2023-07-19T06:35:30,142,3,0,145
2023-07-19T06:47:58,142,3,0,145
2023-07-19T07:00:27,142,3,0,145
2023-07-19T07:12:56,142,3,0,145
2023-07-19T07:25:25,142,3,0,145
2023-07-19T07:37:53,142,3,0,145
2023-07-19T07:50:21,142,3,0,145
2023-07-19T08:02:51,142,3,0,145
2023-07-19T08:15:19,142,3,0,145
2023-07-19T08:27:47,142,3,0,145
2023-07-19T08:40:15,142,3,0,145
2023-07-19T08:52:43,142,3,0,145
2023-07-19T09:05:09,142,3,0,145
2023-07-19T09:17:37,142,3,0,145
2023-07-19T09:30:11,142,3,0,145
2023-07-19T09:42:37,142,3,0,145
2023-07-19T09:55:03,142,3,0,145
2023-07-19T10:07:29,142,3,0,145
2023-07-19T10:19:55,142,3,0,145
2023-07-19T10:32:20,142,3,0,145
2023-07-19T10:44:46,142,3,0,145
2023-07-19T10:57:13,142,3,0,145
2023-07-19T11:09:39,142,3,0,145
2023-07-19T11:22:05,142,3,0,145
2023-07-19T11:34:31,142,3,0,145
2023-07-19T11:46:58,142,3,0,145
2023-07-19T11:59:25,142,3,0,145
2023-07-19T12:12:03,142,3,0,145
2023-07-19T12:24:29,142,3,0,145
2023-07-19T12:36:55,142,3,0,145
2023-07-19T12:49:21,142,3,0,145
2023-07-19T13:01:47,142,3,0,145
2023-07-19T13:14:13,142,3,0,145
2023-07-19T13:26:39,142,3,0,145
2023-07-19T13:39:04,142,3,0,145
2023-07-19T13:51:30,142,3,0,145
2023-07-19T14:03:56,142,3,0,145
2023-07-19T14:16:21,142,3,0,145
2023-07-19T14:28:47,142,3,0,145
2023-07-19T14:41:22,142,3,0,145
2023-07-19T14:53:48,142,3,0,145
2023-07-19T15:06:13,142,3,0,145
2023-07-19T15:18:38,142,3,0,145
2023-07-19T15:31:04,142,3,0,145
2023-07-19T15:43:31,142,3,0,145
2023-07-19T15:55:57,142,3,0,145
2023-07-19T16:08:23,142,3,0,145
2023-07-19T16:20:48,142,3,0,145
2023-07-19T16:33:14,142,3,0,145
2023-07-19T16:45:40,142,3,0,145
2023-07-19T16:58:06,142,3,0,145
2023-07-19T17:10:40,142,3,0,145
2023-07-19T17:23:17,142,3,0,145
2023-07-19T17:35:43,142,3,0,145
2023-07-19T17:48:10,142,3,0,145
2023-07-19T18:00:35,142,3,0,145
2023-07-19T18:13:02,142,3,0,145
2023-07-19T18:25:28,142,3,0,145
2023-07-19T18:37:55,142,3,0,145
2023-07-19T18:50:21,142,3,0,145
2023-07-19T19:02:59,142,3,0,145
2023-07-19T19:15:26,142,3,0,145
2023-07-19T19:27:53,142,3,0,145
2023-07-19T19:40:20,142,3,0,145
2023-07-19T19:52:52,142,3,0,145
2023-07-19T20:05:18,142,3,0,145
2023-07-19T20:17:56,142,3,0,145
2023-07-19T20:30:23,142,3,0,145
2023-07-19T20:42:49,142,3,0,145
2023-07-19T20:55:15,142,3,0,145
2023-07-19T21:07:41,142,3,0,145
2023-07-19T21:20:07,142,3,0,145
2023-07-19T21:32:33,142,3,0,145
2023-07-19T21:44:59,142,3,0,145
2023-07-19T21:57:25,142,3,0,145
2023-07-19T22:09:51,142,3,0,145
2023-07-19T22:22:17,142,3,0,145
2023-07-19T22:34:43,142,3,0,145
2023-07-19T22:47:09,142,3,0,145
2023-07-19T22:59:35,142,3,0,145
2023-07-19T23:12:02,142,3,0,145
2023-07-19T23:24:29,142,3,0,145
2023-07-19T23:36:55,142,3,0,145
2023-07-19T23:49:32,142,3,0,145
2023-07-20T00:01:59,142,3,0,145
2023-07-20T00:14:29,142,3,0,145
2023-07-20T00:26:59,142,3,0,145
2023-07-20T00:39:30,142,3,0,145
2023-07-20T00:52:01,142,3,0,145
2023-07-20T01:04:32,142,3,0,145
2023-07-20T01:17:02,142,3,0,145
2023-07-20T01:29:32,142,3,0,145
2023-07-20T01:42:04,142,3,0,145
2023-07-20T01:54:35,142,3,0,145
2023-07-20T02:07:06,142,3,0,145
2023-07-20T02:19:37,142,3,0,145
2023-07-20T02:32:04,142,3,0,145
2023-07-20T02:44:31,142,3,0,145
2023-07-20T02:56:57,142,3,0,145
2023-07-20T03:09:25,142,3,0,145
2023-07-20T03:21:53,142,3,0,145
2023-07-20T03:34:21,142,3,0,145
2023-07-20T03:46:50,142,3,0,145
2023-07-20T03:59:19,142,3,0,145
2023-07-20T04:23:50,142,3,0,145
2023-07-20T04:36:23,142,3,0,145
2023-07-20T04:48:55,142,3,0,145
2023-07-20T05:01:26,142,3,0,145
2023-07-20T05:13:56,142,3,0,145
2023-07-20T05:26:26,142,3,0,145
2023-07-20T05:38:55,142,3,0,145
2023-07-20T05:51:25,142,3,0,145
2023-07-20T06:03:55,142,3,0,145
2023-07-20T06:16:24,142,3,0,145
2023-07-20T06:28:53,142,3,0,145
2023-07-20T06:41:22,142,3,0,145
2023-07-20T06:53:50,142,3,0,145
2023-07-20T07:06:19,142,3,0,145
2023-07-20T07:18:47,142,3,0,145
2023-07-20T07:31:15,142,3,0,145
2023-07-20T07:43:42,142,3,0,145
2023-07-20T07:56:10,142,3,0,145
2023-07-20T08:08:38,142,3,0,145
2023-07-20T08:21:07,142,3,0,145
2023-07-20T08:33:36,142,3,0,145
2023-07-20T08:46:07,142,3,0,145
2023-07-20T08:58:36,142,3,0,145
2023-07-20T09:11:05,142,3,0,145
2023-07-20T09:23:33,142,3,0,145
2023-07-20T09:36:10,142,3,0,145
2023-07-20T09:48:36,142,3,0,145
2023-07-20T10:01:02,142,3,0,145
2023-07-20T10:13:29,142,3,0,145
2023-07-20T10:25:55,142,3,0,145
2023-07-20T10:38:21,142,3,0,145
2023-07-20T10:50:48,142,3,0,145
2023-07-20T11:03:14,142,3,0,145
2023-07-20T11:15:40,142,3,0,145
2023-07-20T11:28:06,142,3,0,145
2023-07-20T11:40:32,142,3,0,145
2023-07-20T11:52:59,142,3,0,145
2023-07-20T12:05:25,142,3,0,145
2023-07-20T12:18:11,142,3,0,145
2023-07-20T12:30:38,142,3,0,145
2023-07-20T12:43:04,142,3,0,145
2023-07-20T12:55:30,142,3,0,145
2023-07-20T13:07:57,142,3,0,145
2023-07-20T13:20:23,142,3,0,145
2023-07-20T13:32:50,142,3,0,145
2023-07-20T13:45:16,142,3,0,145
2023-07-20T13:57:42,142,3,0,145
2023-07-20T14:10:08,142,3,0,145
2023-07-20T14:22:34,142,3,0,145
2023-07-20T14:35:00,142,3,0,145
2023-07-20T14:47:26,142,3,0,145
2023-07-20T15:00:10,142,3,0,145
2023-07-20T15:12:36,142,3,0,145
2023-07-20T15:25:02,142,3,0,145
2023-07-20T15:37:28,142,3,0,145
2023-07-20T15:49:54,142,3,0,145
2023-07-20T16:02:20,142,3,0,145
2023-07-20T16:14:46,142,3,0,145
2023-07-20T16:27:12,142,3,0,145
2023-07-20T16:39:38,142,3,0,145
2023-07-20T16:52:04,142,3,0,145
2023-07-20T17:04:31,142,3,0,145
2023-07-20T17:16:57,142,3,0,145
2023-07-20T17:29:26,142,3,0,145
2023-07-20T17:42:04,142,3,0,145
2023-07-20T17:54:30,142,3,0,145
2023-07-20T18:06:56,142,3,0,145
2023-07-20T18:19:22,142,3,0,145
2023-07-20T18:31:48,142,3,0,145
2023-07-20T18:44:14,142,3,0,145
2023-07-20T18:56:40,142,3,0,145
2023-07-20T19:09:07,142,3,0,145
2023-07-20T19:21:33,142,3,0,145
2023-07-20T19:34:00,142,3,0,145
2023-07-20T19:46:26,142,3,0,145
2023-07-20T19:58:53,142,3,0,145
2023-07-20T20:11:19,142,3,0,145
2023-07-20T20:23:45,142,3,0,145
2023-07-20T20:36:11,142,3,0,145
2023-07-20T20:48:55,142,3,0,145
2023-07-20T21:01:22,142,3,0,145
2023-07-20T21:13:48,143,2,0,145
2023-07-20T21:26:14,143,2,0,145
2023-07-20T21:38:41,143,2,0,145
2023-07-20T21:51:07,143,2,0,145
2023-07-20T22:03:33,143,2,0,145
2023-07-20T22:15:59,143,2,0,145
2023-07-20T22:28:25,143,2,0,145
2023-07-20T22:40:52,143,2,0,145
2023-07-20T22:53:18,143,2,0,145
2023-07-20T23:05:44,143,2,0,145
2023-07-20T23:18:11,143,2,0,145
2023-07-20T23:30:38,143,2,0,145
2023-07-20T23:43:05,143,2,0,145
2023-07-20T23:55:32,143,2,0,145
2023-07-21T00:07:59,143,2,0,145
2023-07-21T00:20:42,143,2,0,145
2023-07-21T00:33:12,143,2,0,145
2023-07-21T00:45:42,143,2,0,145
2023-07-21T00:58:13,143,2,0,145
2023-07-21T01:10:43,143,2,0,145
2023-07-21T01:23:12,143,2,0,145
2023-07-21T01:35:42,143,2,0,145
2023-07-21T01:48:14,143,2,0,145
2023-07-21T02:00:43,143,2,0,145
2023-07-21T02:13:12,143,2,0,145
2023-07-21T02:25:39,143,2,0,145
2023-07-21T02:38:06,143,2,0,145
2023-07-21T02:50:34,143,2,0,145
2023-07-21T03:03:03,144,1,0,145
2023-07-21T03:15:35,144,1,0,145
2023-07-21T03:28:22,144,1,0,145
2023-07-21T03:40:53,144,1,0,145
2023-07-21T03:53:23,144,1,0,145
2023-07-21T04:05:54,144,1,0,145
2023-07-21T04:24:30,144,1,0,145
2023-07-21T04:37:02,144,1,0,145
2023-07-21T04:49:34,144,1,0,145
2023-07-21T05:02:04,144,1,0,145
2023-07-21T05:14:34,144,1,0,145
2023-07-21T05:27:05,144,1,0,145
2023-07-21T05:39:35,144,1,0,145
2023-07-21T05:52:06,144,1,0,145
2023-07-21T06:04:37,144,1,0,145
2023-07-21T06:17:07,144,1,0,145
2023-07-21T06:29:37,144,1,0,145
2023-07-21T06:42:06,144,1,0,145
2023-07-21T06:54:36,144,1,0,145
2023-07-21T07:07:06,144,1,0,145
2023-07-21T07:19:35,144,1,0,145
2023-07-21T07:32:03,144,1,0,145
2023-07-21T07:44:31,144,1,0,145
2023-07-21T07:57:01,144,1,0,145
2023-07-21T08:09:30,144,1,0,145
2023-07-21T08:21:59,144,1,0,145
2023-07-21T08:34:43,144,1,0,145
2023-07-21T08:47:11,144,1,0,145
2023-07-21T08:59:38,144,1,0,145
2023-07-21T09:12:04,144,1,0,145
2023-07-21T09:24:31,144,1,0,145
2023-07-21T09:36:57,144,1,0,145
2023-07-21T09:49:24,144,1,0,145
2023-07-21T10:01:50,144,1,0,145
2023-07-21T10:14:19,144,1,0,145
2023-07-21T10:26:46,144,1,0,145
2023-07-21T10:39:12,144,1,0,145
2023-07-21T10:51:39,144,1,0,145
2023-07-21T11:04:05,144,1,0,145
2023-07-21T11:16:32,144,1,0,145
2023-07-21T11:28:59,144,1,0,145
2023-07-21T11:41:25,144,1,0,145
2023-07-21T11:54:02,144,1,0,145
2023-07-21T12:06:29,144,1,0,145
2023-07-21T12:18:56,144,1,0,145
2023-07-21T12:31:22,144,1,0,145
2023-07-21T12:43:49,144,1,0,145
2023-07-21T12:56:15,144,1,0,145
2023-07-21T13:08:42,144,1,0,145
2023-07-21T13:21:08,144,1,0,145
2023-07-21T13:33:36,144,1,0,145
2023-07-21T13:46:03,144,1,0,145
2023-07-21T13:58:31,144,1,0,145
2023-07-21T14:11:00,144,1,0,145
2023-07-21T14:23:28,144,1,0,145
2023-07-21T14:36:08,144,1,0,145
2023-07-21T14:48:37,144,1,0,145
2023-07-21T15:01:06,144,1,0,145
2023-07-21T15:13:34,144,1,0,145
2023-07-21T15:25:58,144,1,0,145
2023-07-21T15:38:23,144,1,0,145
2023-07-21T15:50:46,144,1,0,145
2023-07-21T16:03:10,144,1,0,145
2023-07-21T16:15:35,144,1,0,145
2023-07-21T16:28:02,144,1,0,145
2023-07-21T16:40:29,144,1,0,145
2023-07-21T16:52:56,144,1,0,145
2023-07-21T17:05:46,144,1,0,145
2023-07-21T17:18:14,144,1,0,145
2023-07-21T17:30:41,144,1,0,145
2023-07-21T17:43:08,144,1,0,145
2023-07-21T17:55:35,144,1,0,145
2023-07-21T18:08:02,144,1,0,145
2023-07-21T18:20:30,144,1,0,145
2023-07-21T18:32:56,144,1,0,145
2023-07-21T18:45:22,144,1,0,145
2023-07-21T18:57:49,144,1,0,145
2023-07-21T19:10:16,144,1,0,145
2023-07-21T19:22:43,144,1,0,145
2023-07-21T19:35:10,144,1,0,145
2023-07-21T19:47:46,144,1,0,145
2023-07-21T20:00:13,144,1,0,145
2023-07-21T20:12:40,144,1,0,145
2023-07-21T20:25:07,144,1,0,145
2023-07-21T20:37:33,144,1,0,145
2023-07-21T20:50:00,144,1,0,145
2023-07-21T21:02:26,144,1,0,145
2023-07-21T21:14:52,144,1,0,145
2023-07-21T21:27:19,144,1,0,145
2023-07-21T21:39:45,144,1,0,145
2023-07-21T21:52:12,144,1,0,145
2023-07-21T22:04:39,144,1,0,145
2023-07-21T22:17:05,144,1,0,145
2023-07-21T22:29:33,144,1,0,145
2023-07-21T22:41:59,144,1,0,145
2023-07-21T22:54:26,144,1,0,145
2023-07-21T23:06:53,144,1,0,145
2023-07-21T23:19:31,144,1,0,145
2023-07-21T23:31:59,144,1,0,145
2023-07-21T23:44:26,144,1,0,145
2023-07-21T23:56:52,144,1,0,145
2023-07-22T00:09:21,144,1,0,145
2023-07-22T00:21:56,144,1,0,145
2023-07-22T00:34:26,144,1,0,145
2023-07-22T00:46:56,144,1,0,145
2023-07-22T00:59:27,144,1,0,145
2023-07-22T01:11:57,144,1,0,145
2023-07-22T01:24:28,144,1,0,145
2023-07-22T01:36:59,144,1,0,145
2023-07-22T01:49:31,144,1,0,145
2023-07-22T02:02:01,144,1,0,145
2023-07-22T02:14:30,144,1,0,145
2023-07-22T02:26:57,144,1,0,145
2023-07-22T02:39:24,144,1,0,145
2023-07-22T02:51:52,144,1,0,145
2023-07-22T03:04:19,144,1,0,145
2023-07-22T03:16:50,144,1,0,145
2023-07-22T03:29:20,144,1,0,145
2023-07-22T03:41:49,144,1,0,145
2023-07-22T03:54:29,144,1,0,145
2023-07-22T04:23:12,144,1,0,145
2023-07-22T04:35:44,144,1,0,145
2023-07-22T04:48:14,144,1,0,145
2023-07-22T05:00:43,144,1,0,145
2023-07-22T05:13:11,144,1,0,145
2023-07-22T05:25:38,144,1,0,145
2023-07-22T05:38:04,144,1,0,145
2023-07-22T05:50:31,144,1,0,145
2023-07-22T06:02:57,144,1,0,145
2023-07-22T06:15:26,144,1,0,145
2023-07-22T06:27:56,144,1,0,145
2023-07-22T06:40:27,144,1,0,145
2023-07-22T06:52:58,144,1,0,145
2023-07-22T07:05:28,144,1,0,145
2023-07-22T07:17:58,144,1,0,145
2023-07-22T07:30:27,144,1,0,145
2023-07-22T07:42:56,144,1,0,145
2023-07-22T07:55:26,144,1,0,145
2023-07-22T08:07:56,144,1,0,145
2023-07-22T08:20:25,144,1,0,145
2023-07-22T08:32:55,144,1,0,145
2023-07-22T08:45:34,144,1,0,145
2023-07-22T08:58:04,144,1,0,145
2023-07-22T09:10:33,144,1,0,145
2023-07-22T09:23:03,144,1,0,145
2023-07-22T09:35:33,144,1,0,145
2023-07-22T09:48:02,144,1,0,145
2023-07-22T10:00:32,144,1,0,145
2023-07-22T10:13:01,144,1,0,145
2023-07-22T10:25:31,144,1,0,145
2023-07-22T10:38:00,144,1,0,145
2023-07-22T10:50:30,144,1,0,145
2023-07-22T11:02:59,144,1,0,145
2023-07-22T11:15:29,144,1,0,145
2023-07-22T11:27:58,144,1,0,145
2023-07-22T11:40:28,144,1,0,145
2023-07-22T11:52:57,144,1,0,145
2023-07-22T12:05:25,144,1,0,145
2023-07-22T12:17:51,144,1,0,145
2023-07-22T12:30:18,144,1,0,145
2023-07-22T12:42:44,144,1,0,145
2023-07-22T12:55:10,144,1,0,145
2023-07-22T13:07:37,144,1,0,145
2023-07-22T13:20:14,144,1,0,145
2023-07-22T13:32:40,144,1,0,145
2023-07-22T13:45:06,144,1,0,145
2023-07-22T13:57:33,144,1,0,145
2023-07-22T14:09:59,144,1,0,145
2023-07-22T14:22:25,144,1,0,145
2023-07-22T14:34:52,144,1,0,145
2023-07-22T14:47:19,144,1,0,145
2023-07-22T14:59:45,144,1,0,145
2023-07-22T15:12:13,144,1,0,145
2023-07-22T15:24:40,144,1,0,145
2023-07-22T15:37:06,144,1,0,145
2023-07-22T15:49:32,144,1,0,145
2023-07-22T16:01:58,144,1,0,145
2023-07-22T16:14:24,144,1,0,145
2023-07-22T16:26:51,144,1,0,145
2023-07-22T16:39:17,144,1,0,145
2023-07-22T16:51:43,144,1,0,145
2023-07-22T17:04:20,144,1,0,145
2023-07-22T17:16:47,144,1,0,145
2023-07-22T17:29:13,144,1,0,145
2023-07-22T17:41:39,144,1,0,145
2023-07-22T17:54:06,144,1,0,145
2023-07-22T18:06:32,144,1,0,145
2023-07-22T18:18:58,144,1,0,145
2023-07-22T18:31:24,144,1,0,145
2023-07-22T18:43:51,144,1,0,145
2023-07-22T18:56:17,144,1,0,145
2023-07-22T19:08:44,144,1,0,145
2023-07-22T19:21:10,144,1,0,145
2023-07-22T19:33:36,144,1,0,145
2023-07-22T19:46:02,144,1,0,145
2023-07-22T19:58:29,144,1,0,145
2023-07-22T20:10:55,144,1,0,145
2023-07-22T20:23:21,144,1,0,145
2023-07-22T20:35:47,144,1,0,145
2023-07-22T20:48:13,144,1,0,145
2023-07-22T21:00:40,144,1,0,145
2023-07-22T21:13:06,144,1,0,145
2023-07-22T21:25:32,144,1,0,145
2023-07-22T21:38:09,144,1,0,145
2023-07-22T21:50:35,144,1,0,145
2023-07-22T22:03:01,144,1,0,145
2023-07-22T22:15:27,144,1,0,145
2023-07-22T22:27:54,144,1,0,145
2023-07-22T22:40:20,144,1,0,145
2023-07-22T22:52:46,144,1,0,145
2023-07-22T23:05:12,144,1,0,145
2023-07-22T23:17:39,144,1,0,145
2023-07-22T23:30:06,144,1,0,145
2023-07-22T23:42:32,144,1,0,145
2023-07-22T23:54:59,144,1,0,145
2023-07-23T00:07:27,144,1,0,145
2023-07-23T00:19:57,144,1,0,145
2023-07-23T00:32:26,144,1,0,145
2023-07-23T00:44:56,144,1,0,145
2023-07-23T00:57:36,144,1,0,145
2023-07-23T01:10:04,144,1,0,145
2023-07-23T01:22:32,144,1,0,145
2023-07-23T01:35:02,144,1,0,145
2023-07-23T01:47:31,144,1,0,145
2023-07-23T02:00:01,144,1,0,145
2023-07-23T02:12:32,144,1,0,145
2023-07-23T02:25:01,144,1,0,145
2023-07-23T02:37:34,144,1,0,145
2023-07-23T02:50:03,144,1,0,145
2023-07-23T03:02:31,144,1,0,145
2023-07-23T03:15:01,144,1,0,145
2023-07-23T03:27:30,144,1,0,145
2023-07-23T03:40:00,144,1,0,145
2023-07-23T03:52:29,144,1,0,145
2023-07-23T04:04:59,144,1,0,145
2023-07-23T04:28:16,144,1,0,145
2023-07-23T04:40:49,144,1,0,145
2023-07-23T04:53:20,144,1,0,145
2023-07-23T05:05:50,144,1,0,145
2023-07-23T05:18:19,144,1,0,145
2023-07-23T05:30:50,144,1,0,145
2023-07-23T05:43:20,144,1,0,145
2023-07-23T05:55:50,144,1,0,145
2023-07-23T06:08:19,144,1,0,145
2023-07-23T06:20:49,144,1,0,145
2023-07-23T06:33:19,144,1,0,145
2023-07-23T06:45:48,144,1,0,145
2023-07-23T06:58:17,144,1,0,145
2023-07-23T07:10:44,144,1,0,145
2023-07-23T07:23:10,144,1,0,145
2023-07-23T07:35:37,144,1,0,145
2023-07-23T07:48:03,144,1,0,145
2023-07-23T08:00:30,144,1,0,145
2023-07-23T08:12:56,144,1,0,145
2023-07-23T08:25:23,144,1,0,145
2023-07-23T08:37:53,144,1,0,145
2023-07-23T08:50:19,144,1,0,145
2023-07-23T09:02:46,144,1,0,145
2023-07-23T09:15:13,144,1,0,145
2023-07-23T09:27:39,144,1,0,145
2023-07-23T09:40:05,144,1,0,145
2023-07-23T09:52:33,144,1,0,145
2023-07-23T10:05:00,144,1,0,145
2023-07-23T10:17:26,144,1,0,145
2023-07-23T10:29:53,144,1,0,145
2023-07-23T10:42:21,144,1,0,145
2023-07-23T10:54:48,144,1,0,145
2023-07-23T11:07:15,144,1,0,145
2023-07-23T11:19:43,144,1,0,145
2023-07-23T11:32:10,144,1,0,145
2023-07-23T11:44:37,144,1,0,145
2023-07-23T11:57:04,144,1,0,145
2023-07-23T12:09:30,144,1,0,145
2023-07-23T12:22:07,144,1,0,145
2023-07-23T12:34:33,144,1,0,145
2023-07-23T12:47:00,144,1,0,145
2023-07-23T12:59:27,144,1,0,145
2023-07-23T13:11:54,144,1,0,145
2023-07-23T13:24:20,144,1,0,145
2023-07-23T13:36:47,144,1,0,145
2023-07-23T13:49:13,144,1,0,145
2023-07-23T14:01:39,144,1,0,145
2023-07-23T14:14:05,144,1,0,145
2023-07-23T14:26:31,144,1,0,145
2023-07-23T14:38:58,144,1,0,145
2023-07-23T14:51:24,144,1,0,145
2023-07-23T15:03:50,144,1,0,145
2023-07-23T15:16:16,144,1,0,145
2023-07-23T15:28:42,144,1,0,145
2023-07-23T15:41:08,144,1,0,145
2023-07-23T15:53:35,144,1,0,145
2023-07-23T16:06:02,144,1,0,145
2023-07-23T16:18:29,144,1,0,145
2023-07-23T16:30:56,144,1,0,145
2023-07-23T16:43:22,144,1,0,145
2023-07-23T16:55:48,144,1,0,145
2023-07-23T17:08:25,144,1,0,145
2023-07-23T17:20:52,144,1,0,145
2023-07-23T17:33:18,144,1,0,145
2023-07-23T17:45:44,144,1,0,145
2023-07-23T17:58:10,144,1,0,145
2023-07-23T18:10:37,144,1,0,145
2023-07-23T18:23:03,144,1,0,145
2023-07-23T18:35:30,144,1,0,145
2023-07-23T18:47:56,144,1,0,145
2023-07-23T19:00:22,144,1,0,145
2023-07-23T19:12:52,144,1,0,145
2023-07-23T19:25:19,144,1,0,145
2023-07-23T19:37:45,144,1,0,145
2023-07-23T19:50:11,144,1,0,145
2023-07-23T20:02:37,144,1,0,145
2023-07-23T20:15:14,144,1,0,145
2023-07-23T20:27:40,144,1,0,145
2023-07-23T20:40:06,144,1,0,145
2023-07-23T20:52:33,144,1,0,145
2023-07-23T21:04:59,144,1,0,145
2023-07-23T21:17:25,144,1,0,145
2023-07-23T21:29:52,144,1,0,145
2023-07-23T21:42:19,144,1,0,145
2023-07-23T21:54:46,144,1,0,145
2023-07-23T22:07:12,144,1,0,145
2023-07-23T22:19:39,144,1,0,145
2023-07-23T22:32:05,144,1,0,145
2023-07-23T22:44:32,144,1,0,145
2023-07-23T22:56:58,144,1,0,145
2023-07-23T23:09:26,144,1,0,145
2023-07-23T23:21:53,144,1,0,145
2023-07-23T23:34:20,144,1,0,145
2023-07-23T23:46:47,145,0,0,145
2023-07-23T23:59:13,145,0,0,145
2023-07-24T00:11:53,145,0,0,145
2023-07-24T00:24:32,145,0,0,145
2023-07-24T00:37:12,145,0,0,145
2023-07-24T00:49:42,145,0,0,145
2023-07-24T01:02:10,145,0,0,145
2023-07-24T01:14:39,145,0,0,145
2023-07-24T01:27:12,145,0,0,145
2023-07-24T01:39:43,145,0,0,145
2023-07-24T01:52:14,145,0,0,145
2023-07-24T02:04:55,145,0,0,145
2023-07-24T02:17:25,145,0,0,145
2023-07-24T02:29:54,145,0,0,145
2023-07-24T02:42:23,145,0,0,145
2023-07-24T02:54:51,145,0,0,145
2023-07-24T03:07:20,145,0,0,145
2023-07-24T03:19:50,145,0,0,145
2023-07-24T03:32:20,145,0,0,145
2023-07-24T03:44:49,145,0,0,145
2023-07-24T03:57:19,145,0,0,145
2023-07-24T04:26:12,145,0,0,145
2023-07-24T04:38:44,145,0,0,145
2023-07-24T04:51:15,145,0,0,145
2023-07-24T05:03:47,145,0,0,145
2023-07-24T05:16:17,145,0,0,145
2023-07-24T05:28:47,145,0,0,145
2023-07-24T05:41:19,145,0,0,145
2023-07-24T05:53:49,145,0,0,145
2023-07-24T06:06:18,145,0,0,145
2023-07-24T06:18:48,145,0,0,145
2023-07-24T06:31:19,145,0,0,145
2023-07-24T06:43:49,145,0,0,145
2023-07-24T06:56:18,145,0,0,145
2023-07-24T07:08:47,145,0,0,145
2023-07-24T07:21:14,145,0,0,145
2023-07-24T07:33:41,145,0,0,145
2023-07-24T07:46:08,145,0,0,145
2023-07-24T07:58:34,145,0,0,145
2023-07-24T08:11:01,145,0,0,145
2023-07-24T08:23:27,145,0,0,145
2023-07-24T08:35:55,145,0,0,145
2023-07-24T08:48:22,145,0,0,145
2023-07-24T09:00:49,145,0,0,145
2023-07-24T09:13:19,145,0,0,145
2023-07-24T09:25:45,145,0,0,145
2023-07-24T09:38:20,145,0,0,145
2023-07-24T09:50:46,145,0,0,145
2023-07-24T10:03:13,145,0,0,145
2023-07-24T10:15:40,145,0,0,145
2023-07-24T10:28:06,145,0,0,145
2023-07-24T10:40:33,145,0,0,145
2023-07-24T10:52:59,145,0,0,145
2023-07-24T11:05:26,145,0,0,145
2023-07-24T11:17:53,145,0,0,145
2023-07-24T11:30:19,145,0,0,145
2023-07-24T11:42:46,145,0,0,145
2023-07-24T11:55:13,145,0,0,145
2023-07-24T12:07:50,145,0,0,145
2023-07-24T12:20:17,145,0,0,145
2023-07-24T12:32:44,145,0,0,145
2023-07-24T12:45:11,145,0,0,145
2023-07-24T12:57:38,145,0,0,145
2023-07-24T13:10:05,145,0,0,145
2023-07-24T13:22:31,145,0,0,145
2023-07-24T13:34:58,145,0,0,145
2023-07-24T13:47:25,145,0,0,145
2023-07-24T13:59:54,145,0,0,145
2023-07-24T14:12:22,145,0,0,145
2023-07-24T14:24:59,145,0,0,145
2023-07-24T14:37:26,145,0,0,145
2023-07-24T14:49:53,145,0,0,145
2023-07-24T15:02:20,145,0,0,145
2023-07-24T15:14:47,145,0,0,145
2023-07-24T15:27:15,145,0,0,145
2023-07-24T15:39:41,145,0,0,145
2023-07-24T15:52:09,145,0,0,145
2023-07-24T16:04:35,145,0,0,145
2023-07-24T16:17:02,145,0,0,145
2023-07-24T16:29:29,145,0,0,145
2023-07-24T16:42:08,145,0,0,145
2023-07-24T16:54:35,145,0,0,145
2023-07-24T17:07:02,145,0,0,145
2023-07-24T17:19:30,145,0,0,145
2023-07-24T17:31:57,145,0,0,145
2023-07-24T17:44:23,145,0,0,145
2023-07-24T17:56:50,145,0,0,145
2023-07-24T18:09:17,145,0,0,145
2023-07-24T18:21:44,145,0,0,145
2023-07-24T18:34:11,145,0,0,145
2023-07-24T18:46:38,145,0,0,145
2023-07-24T18:59:05,145,0,0,145
2023-07-24T19:11:33,145,0,0,145
2023-07-24T19:24:01,145,0,0,145
2023-07-24T19:36:28,145,0,0,145
2023-07-24T19:49:05,145,0,0,145
2023-07-24T20:01:32,145,0,0,145
2023-07-24T20:13:59,145,0,0,145
2023-07-24T20:26:26,145,0,0,145
2023-07-24T20:38:54,145,0,0,145
2023-07-24T20:51:21,145,0,0,145
2023-07-24T21:03:47,145,0,0,145
2023-07-24T21:16:14,145,0,0,145
2023-07-24T21:28:41,145,0,0,145
2023-07-24T21:41:08,145,0,0,145
2023-07-24T21:53:35,145,0,0,145
2023-07-24T22:06:02,145,0,0,145
2023-07-24T22:18:29,145,0,0,145
2023-07-24T22:31:07,145,0,0,145
2023-07-24T22:43:34,145,0,0,145
2023-07-24T22:56:01,145,0,0,145
2023-07-24T23:08:29,145,0,0,145
2023-07-24T23:20:56,145,0,0,145
2023-07-24T23:33:24,145,0,0,145
2023-07-24T23:45:52,145,0,0,145
2023-07-24T23:58:19,145,0,0,145
2023-07-25T00:10:48,145,0,0,145
2023-07-25T00:23:21,145,0,0,145
2023-07-25T00:35:51,145,0,0,145
2023-07-25T00:48:22,145,0,0,145
2023-07-25T01:00:53,145,0,0,145
2023-07-25T01:13:24,145,0,0,145
2023-07-25T01:25:54,145,0,0,145
2023-07-25T01:38:25,145,0,0,145
2023-07-25T01:51:07,145,0,0,145
2023-07-25T02:03:38,145,0,0,145
2023-07-25T02:16:08,145,0,0,145
2023-07-25T02:28:36,145,0,0,145
2023-07-25T02:41:06,145,0,0,145
2023-07-25T02:53:33,145,0,0,145
2023-07-25T03:06:00,145,0,0,145
2023-07-25T03:18:29,145,0,0,145
2023-07-25T03:30:58,145,0,0,145
2023-07-25T03:43:27,145,0,0,145
2023-07-25T03:55:57,145,0,0,145
2023-07-25T04:24:45,145,0,0,145
2023-07-25T04:37:17,145,0,0,145
2023-07-25T04:49:49,145,0,0,145
2023-07-25T05:02:21,145,0,0,145
2023-07-25T05:14:52,145,0,0,145
2023-07-25T05:27:22,145,0,0,145
2023-07-25T05:39:52,145,0,0,145
2023-07-25T05:52:22,145,0,0,145
2023-07-25T06:04:52,145,0,0,145
2023-07-25T06:17:22,145,0,0,145
2023-07-25T06:29:53,145,0,0,145
2023-07-25T06:42:22,145,0,0,145
2023-07-25T06:54:52,145,0,0,145
2023-07-25T07:07:21,145,0,0,145
2023-07-25T07:19:49,145,0,0,145
2023-07-25T07:32:18,145,0,0,145
2023-07-25T07:44:47,145,0,0,145
2023-07-25T07:57:15,145,0,0,145
2023-07-25T08:09:44,145,0,0,145
2023-07-25T08:22:13,145,0,0,145
2023-07-25T08:34:42,145,0,0,145
2023-07-25T08:47:21,145,0,0,145
2023-07-25T08:59:49,145,0,0,145
2023-07-25T09:12:17,145,0,0,145
2023-07-25T09:24:47,145,0,0,145
2023-07-25T09:37:17,145,0,0,145
2023-07-25T09:49:47,145,0,0,145
2023-07-25T10:02:14,145,0,0,145
2023-07-25T10:14:42,145,0,0,145
2023-07-25T10:27:11,145,0,0,145
2023-07-25T10:39:39,145,0,0,145
2023-07-25T10:52:06,145,0,0,145
2023-07-25T11:04:43,145,0,0,145
2023-07-25T11:17:11,145,0,0,145
2023-07-25T11:29:39,145,0,0,145
2023-07-25T11:42:06,145,0,0,145
2023-07-25T11:54:33,145,0,0,145
2023-07-25T12:07:01,145,0,0,145
2023-07-25T12:19:38,145,0,0,145
2023-07-25T12:32:06,145,0,0,145
2023-07-25T12:44:33,145,0,0,145
2023-07-25T12:57:00,145,0,0,145
2023-07-25T13:09:28,145,0,0,145
2023-07-25T13:21:55,145,0,0,145
2023-07-25T13:34:22,145,0,0,145
2023-07-25T13:47:00,145,0,0,145
2023-07-25T13:59:27,145,0,0,145
2023-07-25T14:11:56,145,0,0,145
2023-07-25T14:24:24,145,0,0,145
2023-07-25T14:36:53,145,0,0,145
2023-07-25T14:49:21,145,0,0,145
2023-07-25T15:01:50,145,0,0,145
2023-07-25T15:14:18,145,0,0,145
2023-07-25T15:26:59,145,0,0,145
2023-07-25T15:39:27,145,0,0,145
2023-07-25T15:51:56,145,0,0,145
2023-07-25T16:04:25,145,0,0,145
2023-07-25T16:16:54,145,0,0,145
2023-07-25T16:29:22,145,0,0,145
2023-07-25T16:41:51,145,0,0,145
2023-07-25T16:54:20,145,0,0,145
2023-07-25T17:06:50,145,0,0,145
2023-07-25T17:19:31,145,0,0,145
2023-07-25T17:32:00,145,0,0,145
2023-07-25T17:44:29,145,0,0,145
2023-07-25T17:56:58,145,0,0,145
2023-07-25T18:09:27,145,0,0,145
2023-07-25T18:21:56,145,0,0,145
2023-07-25T18:34:25,145,0,0,145
2023-07-25T18:46:54,145,0,0,145
2023-07-25T18:59:22,145,0,0,145
2023-07-25T19:11:52,145,0,0,145
2023-07-25T19:24:32,145,0,0,145
2023-07-25T19:37:01,145,0,0,145
2023-07-25T19:49:29,145,0,0,145
2023-07-25T20:01:58,145,0,0,145
2023-07-25T20:14:28,145,0,0,145
2023-07-25T20:26:57,145,0,0,145
2023-07-25T20:39:26,145,0,0,145
2023-07-25T20:51:55,145,0,0,145
2023-07-25T21:04:23,145,0,0,145
2023-07-25T21:16:52,145,0,0,145
2023-07-25T21:29:21,145,0,0,145
2023-07-25T21:41:50,145,0,0,145
2023-07-25T21:54:19,145,0,0,145
2023-07-25T22:06:49,145,0,0,145
2023-07-25T22:19:29,145,0,0,145
2023-07-25T22:31:58,145,0,0,145
2023-07-25T22:44:28,145,0,0,145
2023-07-25T22:56:57,145,0,0,145
2023-07-25T23:09:26,145,0,0,145
2023-07-25T23:21:56,145,0,0,145
2023-07-25T23:34:26,145,0,0,145
2023-07-25T23:46:56,145,0,0,145
2023-07-25T23:59:25,145,0,0,145
2023-07-26T00:11:57,145,0,0,145
2023-07-26T00:24:32,145,0,0,145
2023-07-26T00:37:04,145,0,0,145
2023-07-26T00:49:37,145,0,0,145
2023-07-26T01:02:11,145,0,0,145
2023-07-26T01:14:53,145,0,0,145
2023-07-26T01:27:26,145,0,0,145
2023-07-26T01:40:00,145,0,0,145
2023-07-26T01:52:36,145,0,0,145
2023-07-26T02:05:11,145,0,0,145
2023-07-26T02:17:45,145,0,0,145
2023-07-26T02:30:18,145,0,0,145
2023-07-26T02:42:52,145,0,0,145
2023-07-26T02:55:22,145,0,0,145
2023-07-26T03:07:56,145,0,0,145
2023-07-26T03:20:28,145,0,0,145
2023-07-26T03:33:00,145,0,0,145
2023-07-26T03:45:32,145,0,0,145
2023-07-26T03:58:05,145,0,0,145
2023-07-26T04:10:38,145,0,0,145
2023-07-26T04:37:23,145,0,0,145
2023-07-26T04:49:57,145,0,0,145
2023-07-26T05:02:32,145,0,0,145
2023-07-26T05:15:05,145,0,0,145
2023-07-26T05:27:37,145,0,0,145
2023-07-26T05:40:09,145,0,0,145
2023-07-26T05:52:43,145,0,0,145
2023-07-26T06:05:15,145,0,0,145
2023-07-26T06:17:46,145,0,0,145
2023-07-26T06:30:16,145,0,0,145
2023-07-26T06:42:49,145,0,0,145
2023-07-26T06:55:20,145,0,0,145
2023-07-26T07:07:53,145,0,0,145
2023-07-26T07:20:22,145,0,0,145
2023-07-26T07:32:51,145,0,0,145
2023-07-26T07:45:20,145,0,0,145
2023-07-26T07:57:52,145,0,0,145
2023-07-26T08:10:24,145,0,0,145
2023-07-26T08:22:56,145,0,0,145
2023-07-26T08:35:27,145,0,0,145
2023-07-26T08:48:08,145,0,0,145
2023-07-26T09:00:38,145,0,0,145
2023-07-26T09:13:07,145,0,0,145
2023-07-26T09:25:36,145,0,0,145
2023-07-26T09:38:05,145,0,0,145
2023-07-26T09:50:34,145,0,0,145
2023-07-26T10:03:05,145,0,0,145
2023-07-26T10:15:33,145,0,0,145
2023-07-26T10:28:02,145,0,0,145
2023-07-26T10:40:31,145,0,0,145
2023-07-26T10:53:00,145,0,0,145
2023-07-26T11:05:39,145,0,0,145
2023-07-26T11:18:08,145,0,0,145
2023-07-26T11:30:37,145,0,0,145
2023-07-26T11:43:06,145,0,0,145
2023-07-26T11:55:35,145,0,0,145
2023-07-26T12:08:04,145,0,0,145
2023-07-26T12:20:33,145,0,0,145
2023-07-26T12:33:02,145,0,0,145
2023-07-26T12:45:31,145,0,0,145
2023-07-26T12:58:12,145,0,0,145
2023-07-26T13:10:41,145,0,0,145
2023-07-26T13:23:10,145,0,0,145
2023-07-26T13:35:39,145,0,0,145
2023-07-26T13:48:07,145,0,0,145
2023-07-26T14:00:47,145,0,0,145
2023-07-26T14:13:15,145,0,0,145
2023-07-26T14:25:44,145,0,0,145
2023-07-26T14:38:12,145,0,0,145
2023-07-26T14:50:41,145,0,0,145
2023-07-26T15:03:10,145,0,0,145
2023-07-26T15:15:39,145,0,0,145
2023-07-26T15:28:08,145,0,0,145
2023-07-26T15:40:37,145,0,0,145
2023-07-26T15:53:18,145,0,0,145
2023-07-26T16:05:47,145,0,0,145
2023-07-26T16:18:15,145,0,0,145
2023-07-26T16:30:44,145,0,0,145
2023-07-26T16:43:13,145,0,0,145
2023-07-26T16:55:42,145,0,0,145
2023-07-26T17:08:11,145,0,0,145
2023-07-26T17:20:41,145,0,0,145
2023-07-26T17:33:10,145,0,0,145
2023-07-26T17:45:39,145,0,0,145
2023-07-26T17:58:18,145,0,0,145
2023-07-26T18:10:47,145,0,0,145
2023-07-26T18:23:16,145,0,0,145
2023-07-26T18:35:45,145,0,0,145
2023-07-26T18:48:13,145,0,0,145
2023-07-26T19:00:42,145,0,0,145
2023-07-26T19:13:11,145,0,0,145
2023-07-26T19:25:40,145,0,0,145
2023-07-26T19:38:09,145,0,0,145
2023-07-26T19:50:39,145,0,0,145
2023-07-26T20:03:07,145,0,0,145
2023-07-26T20:15:47,145,0,0,145
2023-07-26T20:28:16,145,0,0,145
2023-07-26T20:40:45,145,0,0,145
2023-07-26T20:53:14,145,0,0,145
2023-07-26T21:05:43,145,0,0,145
2023-07-26T21:18:12,145,0,0,145
2023-07-26T21:30:40,145,0,0,145
2023-07-26T21:43:09,145,0,0,145
2023-07-26T21:55:38,145,0,0,145
2023-07-26T22:08:07,145,0,0,145
2023-07-26T22:20:36,145,0,0,145
2023-07-26T22:33:05,145,0,0,145
2023-07-26T22:45:34,145,0,0,145
2023-07-26T22:58:03,145,0,0,145
2023-07-26T23:10:42,145,0,0,145
2023-07-26T23:23:12,145,0,0,145
2023-07-26T23:35:41,145,0,0,145
2023-07-26T23:48:11,145,0,0,145
2023-07-27T00:00:40,145,0,0,145
2023-07-27T00:13:11,145,0,0,145
2023-07-27T00:25:45,145,0,0,145
2023-07-27T00:38:17,145,0,0,145
2023-07-27T00:50:51,145,0,0,145
2023-07-27T01:03:24,145,0,0,145
2023-07-27T01:15:57,145,0,0,145
2023-07-27T01:28:29,145,0,0,145
2023-07-27T01:41:01,145,0,0,145
2023-07-27T01:53:35,145,0,0,145
2023-07-27T02:06:07,145,0,0,145
2023-07-27T02:18:37,145,0,0,145
2023-07-27T02:31:18,145,0,0,145
2023-07-27T02:43:48,145,0,0,145
2023-07-27T02:56:17,145,0,0,145
2023-07-27T03:08:47,145,0,0,145
2023-07-27T03:21:18,145,0,0,145
2023-07-27T03:33:49,145,0,0,145
2023-07-27T03:46:20,145,0,0,145
2023-07-27T03:58:52,145,0,0,145
2023-07-27T04:26:51,145,0,0,145
2023-07-27T04:39:25,145,0,0,145
2023-07-27T04:51:59,145,0,0,145
2023-07-27T05:04:31,145,0,0,145
2023-07-27T05:17:05,145,0,0,145
2023-07-27T05:29:37,145,0,0,145
2023-07-27T05:42:10,145,0,0,145
2023-07-27T05:54:43,145,0,0,145
2023-07-27T06:07:14,145,0,0,145
2023-07-27T06:19:46,145,0,0,145
2023-07-27T06:32:19,145,0,0,145
2023-07-27T06:44:50,145,0,0,145
2023-07-27T06:57:22,145,0,0,145
2023-07-27T07:09:53,145,0,0,145
2023-07-27T07:22:33,145,0,0,145
2023-07-27T07:35:04,145,0,0,145
2023-07-27T07:47:34,145,0,0,145
2023-07-27T08:00:05,145,0,0,145
2023-07-27T08:12:36,145,0,0,145
2023-07-27T08:25:07,145,0,0,145
2023-07-27T08:37:38,145,0,0,145
2023-07-27T08:50:09,145,0,0,145
2023-07-27T09:02:39,145,0,0,145
2023-07-27T09:15:10,145,0,0,145
2023-07-27T09:27:40,145,0,0,145
2023-07-27T09:40:11,145,0,0,145
2023-07-27T09:52:41,145,0,0,145
2023-07-27T10:05:22,145,0,0,145
2023-07-27T10:17:51,145,0,0,145
2023-07-27T10:30:19,145,0,0,145
2023-07-27T10:42:48,145,0,0,145
2023-07-27T10:55:17,145,0,0,145
2023-07-27T11:07:46,145,0,0,145
2023-07-27T11:20:15,145,0,0,145
2023-07-27T11:32:43,145,0,0,145
2023-07-27T11:45:12,145,0,0,145
2023-07-27T11:57:43,145,0,0,145
2023-07-27T12:10:12,145,0,0,145
2023-07-27T12:22:52,145,0,0,145
2023-07-27T12:35:21,145,0,0,145
2023-07-27T12:47:49,145,0,0,145
2023-07-27T13:00:18,145,0,0,145
2023-07-27T13:12:47,145,0,0,145
2023-07-27T13:25:16,145,0,0,145
2023-07-27T13:37:44,145,0,0,145
2023-07-27T13:50:12,145,0,0,145
2023-07-27T14:02:51,145,0,0,145
2023-07-27T14:15:29,145,0,0,145
2023-07-27T14:28:41,145,0,0,145
2023-07-27T14:41:10,145,0,0,145
2023-07-27T14:53:39,145,0,0,145
2023-07-27T15:06:07,145,0,0,145
2023-07-27T15:18:35,145,0,0,145
2023-07-27T15:31:04,145,0,0,145
2023-07-27T15:43:32,145,0,0,145
2023-07-27T15:56:01,145,0,0,145
2023-07-27T16:08:39,145,0,0,145
2023-07-27T16:21:08,145,0,0,145
2023-07-27T16:33:38,145,0,0,145
2023-07-27T16:46:07,145,0,0,145
2023-07-27T16:58:35,145,0,0,145
2023-07-27T17:11:05,145,0,0,145
2023-07-27T17:23:35,145,0,0,145
2023-07-27T17:36:03,145,0,0,145
2023-07-27T17:48:32,145,0,0,145
2023-07-27T18:01:01,145,0,0,145
2023-07-27T18:13:42,145,0,0,145
2023-07-27T18:26:11,145,0,0,145
2023-07-27T18:38:40,145,0,0,145
2023-07-27T18:51:11,145,0,0,145
2023-07-27T19:04:00,145,0,0,145
2023-07-27T19:16:29,145,0,0,145
2023-07-27T19:28:58,145,0,0,145
2023-07-27T19:41:27,145,0,0,145
2023-07-27T19:53:56,145,0,0,145
2023-07-27T20:06:25,145,0,0,145
2023-07-27T20:18:54,145,0,0,145
2023-07-27T20:31:32,145,0,0,145
2023-07-27T20:44:01,145,0,0,145
2023-07-27T20:56:30,145,0,0,145
2023-07-27T21:08:59,145,0,0,145
2023-07-27T21:21:28,145,0,0,145
2023-07-27T21:33:57,145,0,0,145
2023-07-27T21:46:26,145,0,0,145
2023-07-27T21:58:55,145,0,0,145
2023-07-27T22:11:34,145,0,0,145
2023-07-27T22:24:03,145,0,0,145
2023-07-27T22:36:32,145,0,0,145
2023-07-27T22:49:01,145,0,0,145
2023-07-27T23:01:31,145,0,0,145
2023-07-27T23:14:01,145,0,0,145
2023-07-27T23:26:31,145,0,0,145
2023-07-27T23:39:01,145,0,0,145
2023-07-27T23:51:30,145,0,0,145
2023-07-28T00:04:00,145,0,0,145
2023-07-28T00:16:35,145,0,0,145
2023-07-28T00:29:07,145,0,0,145
2023-07-28T00:41:40,145,0,0,145
2023-07-28T00:54:13,145,0,0,145
2023-07-28T01:06:57,145,0,0,145
2023-07-28T01:19:30,145,0,0,145
2023-07-28T01:32:04,145,0,0,145
2023-07-28T01:44:38,145,0,0,145
2023-07-28T01:57:15,145,0,0,145
2023-07-28T02:09:49,145,0,0,145
2023-07-28T02:22:34,145,0,0,145
2023-07-28T02:35:07,145,0,0,145
2023-07-28T02:47:39,145,0,0,145
2023-07-28T03:00:10,145,0,0,145
2023-07-28T03:12:43,145,0,0,145
2023-07-28T03:25:15,145,0,0,145
2023-07-28T03:37:47,145,0,0,145
2023-07-28T03:50:19,145,0,0,145
2023-07-28T04:02:51,145,0,0,145
2023-07-28T04:15:24,145,0,0,145
2023-07-28T04:36:41,145,0,0,145
2023-07-28T04:49:16,145,0,0,145
2023-07-28T05:01:49,145,0,0,145
2023-07-28T05:14:23,145,0,0,145
2023-07-28T05:26:55,145,0,0,145
2023-07-28T05:39:27,145,0,0,145
2023-07-28T05:52:00,145,0,0,145
2023-07-28T06:04:32,145,0,0,145
2023-07-28T06:17:03,145,0,0,145
2023-07-28T06:29:35,145,0,0,145
2023-07-28T06:42:06,145,0,0,145
2023-07-28T06:54:39,145,0,0,145
2023-07-28T07:07:10,145,0,0,145
2023-07-28T07:19:41,145,0,0,145
2023-07-28T07:32:12,145,0,0,145
2023-07-28T07:44:41,145,0,0,145
2023-07-28T07:57:10,145,0,0,145
2023-07-28T08:09:41,145,0,0,145
2023-07-28T08:22:10,145,0,0,145
2023-07-28T08:34:39,145,0,0,145
2023-07-28T08:47:08,145,0,0,145
2023-07-28T08:59:46,145,0,0,145
2023-07-28T09:12:15,145,0,0,145
2023-07-28T09:24:44,145,0,0,145
2023-07-28T09:37:13,145,0,0,145
2023-07-28T09:49:43,145,0,0,145
2023-07-28T10:02:12,145,0,0,145
2023-07-28T10:14:42,145,0,0,145
2023-07-28T10:27:11,145,0,0,145
2023-07-28T10:39:40,145,0,0,145
2023-07-28T10:52:19,145,0,0,145
2023-07-28T11:04:48,145,0,0,145
2023-07-28T11:17:16,145,0,0,145
2023-07-28T11:29:46,145,0,0,145
2023-07-28T11:42:14,145,0,0,145
2023-07-28T11:54:43,145,0,0,145
2023-07-28T12:07:12,145,0,0,145
2023-07-28T12:19:41,145,0,0,145
2023-07-28T12:32:10,145,0,0,145
2023-07-28T12:44:39,145,0,0,145
2023-07-28T12:57:20,145,0,0,145
2023-07-28T13:09:49,145,0,0,145
2023-07-28T13:22:18,145,0,0,145
2023-07-28T13:34:47,145,0,0,145
2023-07-28T13:47:16,145,0,0,145
2023-07-28T13:59:46,145,0,0,145
2023-07-28T14:12:15,145,0,0,145
2023-07-28T14:24:45,145,0,0,145
2023-07-28T14:37:14,145,0,0,145
2023-07-28T14:49:54,145,0,0,145
2023-07-28T15:02:23,145,0,0,145
2023-07-28T15:15:08,145,0,0,145
2023-07-28T15:27:37,145,0,0,145
2023-07-28T15:40:07,145,0,0,145
2023-07-28T15:52:36,145,0,0,145
2023-07-28T16:05:05,145,0,0,145
2023-07-28T16:17:35,145,0,0,145
2023-07-28T16:30:05,145,0,0,145
2023-07-28T16:42:34,145,0,0,145
2023-07-28T16:55:04,145,0,0,145
2023-07-28T17:07:45,145,0,0,145
2023-07-28T17:20:16,145,0,0,145
2023-07-28T17:32:47,145,0,0,145
2023-07-28T17:45:16,145,0,0,145
2023-07-28T17:57:46,145,0,0,145
2023-07-28T18:10:16,145,0,0,145
2023-07-28T18:22:45,145,0,0,145
2023-07-28T18:35:16,145,0,0,145
2023-07-28T18:47:45,145,0,0,145
2023-07-28T19:00:15,145,0,0,145
2023-07-28T19:12:45,145,0,0,145
2023-07-28T19:25:15,145,0,0,145
2023-07-28T19:37:55,145,0,0,145
2023-07-28T19:50:25,145,0,0,145
2023-07-28T20:02:55,145,0,0,145
2023-07-28T20:15:25,145,0,0,145
2023-07-28T20:27:54,145,0,0,145
2023-07-28T20:40:24,145,0,0,145
2023-07-28T20:52:53,145,0,0,145
2023-07-28T21:05:23,145,0,0,145
2023-07-28T21:17:52,145,0,0,145
2023-07-28T21:30:22,145,0,0,145
2023-07-28T21:42:52,145,0,0,145
2023-07-28T21:55:22,145,0,0,145
2023-07-28T22:07:52,145,0,0,145
2023-07-28T22:20:31,145,0,0,145
2023-07-28T22:33:01,145,0,0,145
2023-07-28T22:45:31,145,0,0,145
2023-07-28T22:58:00,145,0,0,145
2023-07-28T23:10:31,145,0,0,145
2023-07-28T23:23:01,145,0,0,145
2023-07-28T23:35:32,145,0,0,145
2023-07-28T23:48:02,145,0,0,145
2023-07-29T00:00:32,145,0,0,145
2023-07-29T00:13:06,145,0,0,145
2023-07-29T00:25:42,145,0,0,145
2023-07-29T00:38:15,145,0,0,145
2023-07-29T00:50:49,145,0,0,145
2023-07-29T01:03:23,145,0,0,145
2023-07-29T01:15:56,145,0,0,145
2023-07-29T01:28:42,145,0,0,145
2023-07-29T01:41:16,145,0,0,145
2023-07-29T01:53:51,145,0,0,145
2023-07-29T02:06:22,145,0,0,145
2023-07-29T02:18:52,145,0,0,145
2023-07-29T02:31:22,145,0,0,145
2023-07-29T02:43:53,145,0,0,145
2023-07-29T02:56:22,145,0,0,145
2023-07-29T03:08:53,145,0,0,145
2023-07-29T03:21:25,145,0,0,145
2023-07-29T03:33:57,145,0,0,145
2023-07-29T03:46:30,145,0,0,145
2023-07-29T03:59:04,145,0,0,145
2023-07-29T04:11:39,145,0,0,145
2023-07-29T04:34:56,145,0,0,145
2023-07-29T04:47:30,145,0,0,145
2023-07-29T05:00:04,145,0,0,145
2023-07-29T05:12:37,145,0,0,145
2023-07-29T05:25:09,145,0,0,145
2023-07-29T05:37:38,145,0,0,145
2023-07-29T05:50:08,145,0,0,145
2023-07-29T06:02:39,145,0,0,145
2023-07-29T06:15:09,145,0,0,145
2023-07-29T06:27:39,145,0,0,145
2023-07-29T06:40:09,145,0,0,145
2023-07-29T06:52:38,145,0,0,145
2023-07-29T07:05:11,145,0,0,145
2023-07-29T07:17:51,145,0,0,145
2023-07-29T07:30:24,145,0,0,145
2023-07-29T07:42:58,145,0,0,145
2023-07-29T07:55:31,145,0,0,145
2023-07-29T08:08:08,145,0,0,145
2023-07-29T08:20:48,145,0,0,145
2023-07-29T08:33:21,145,0,0,145
2023-07-29T08:45:54,145,0,0,145
2023-07-29T08:58:27,145,0,0,145
2023-07-29T09:11:00,145,0,0,145
2023-07-29T09:23:32,145,0,0,145
2023-07-29T09:36:05,145,0,0,145
2023-07-29T09:48:38,145,0,0,145
2023-07-29T10:01:11,145,0,0,145
2023-07-29T10:13:44,145,0,0,145
2023-07-29T10:26:16,145,0,0,145
2023-07-29T10:38:49,145,0,0,145
2023-07-29T10:51:32,145,0,0,145
2023-07-29T11:04:05,145,0,0,145
2023-07-29T11:16:37,145,0,0,145
2023-07-29T11:29:10,145,0,0,145
2023-07-29T11:41:43,145,0,0,145
2023-07-29T11:54:17,145,0,0,145
2023-07-29T12:06:50,145,0,0,145
2023-07-29T12:19:23,145,0,0,145
2023-07-29T12:31:56,145,0,0,145
2023-07-29T12:44:29,145,0,0,145
2023-07-29T12:57:02,145,0,0,145
2023-07-29T13:09:34,145,0,0,145
2023-07-29T13:22:03,145,0,0,145
2023-07-29T13:34:34,145,0,0,145
2023-07-29T13:47:03,145,0,0,145
2023-07-29T13:59:42,145,0,0,145
2023-07-29T14:12:12,145,0,0,145
2023-07-29T14:24:41,145,0,0,145
2023-07-29T14:37:11,145,0,0,145
2023-07-29T14:49:41,145,0,0,145
2023-07-29T15:02:11,145,0,0,145
2023-07-29T15:14:40,145,0,0,145
2023-07-29T15:27:09,145,0,0,145
2023-07-29T15:39:38,145,0,0,145
2023-07-29T15:52:08,145,0,0,145
2023-07-29T16:04:39,145,0,0,145
2023-07-29T16:17:08,145,0,0,145
2023-07-29T16:29:38,145,0,0,145
2023-07-29T16:42:07,145,0,0,145
2023-07-29T16:54:36,145,0,0,145
2023-07-29T17:07:15,145,0,0,145
2023-07-29T17:19:46,145,0,0,145
2023-07-29T17:32:16,145,0,0,145
2023-07-29T17:44:46,145,0,0,145
2023-07-29T17:57:16,145,0,0,145
2023-07-29T18:09:46,145,0,0,145
2023-07-29T18:22:16,145,0,0,145
2023-07-29T18:34:45,145,0,0,145
2023-07-29T18:47:15,145,0,0,145
2023-07-29T18:59:45,145,0,0,145
2023-07-29T19:12:15,145,0,0,145
2023-07-29T19:24:46,145,0,0,145
2023-07-29T19:37:16,145,0,0,145
2023-07-29T19:49:45,145,0,0,145
2023-07-29T20:02:15,145,0,0,145
2023-07-29T20:14:54,145,0,0,145
2023-07-29T20:27:24,145,0,0,145
2023-07-29T20:39:54,145,0,0,145
2023-07-29T20:52:24,145,0,0,145
2023-07-29T21:04:54,145,0,0,145
2023-07-29T21:17:25,145,0,0,145
2023-07-29T21:29:55,145,0,0,145
2023-07-29T21:42:25,145,0,0,145
2023-07-29T21:54:54,145,0,0,145
2023-07-29T22:07:24,145,0,0,145
2023-07-29T22:19:54,145,0,0,145
2023-07-29T22:32:24,145,0,0,145
2023-07-29T22:44:53,145,0,0,145
2023-07-29T22:57:23,145,0,0,145
2023-07-29T23:10:03,145,0,0,145
2023-07-29T23:22:33,145,0,0,145
2023-07-29T23:35:02,145,0,0,145
2023-07-29T23:47:33,145,0,0,145
2023-07-30T00:00:03,145,0,0,145
2023-07-30T00:12:35,145,0,0,145
2023-07-30T00:25:09,145,0,0,145
2023-07-30T00:37:42,145,0,0,145
2023-07-30T00:50:15,145,0,0,145
2023-07-30T01:02:49,145,0,0,145
2023-07-30T01:15:21,145,0,0,145
2023-07-30T01:27:53,145,0,0,145
2023-07-30T01:40:27,145,0,0,145
2023-07-30T01:52:59,145,0,0,145
2023-07-30T02:05:51,145,0,0,145
2023-07-30T02:18:26,145,0,0,145
2023-07-30T02:31:02,145,0,0,145
2023-07-30T02:43:44,145,0,0,145
2023-07-30T02:56:17,145,0,0,145
2023-07-30T03:08:49,145,0,0,145
2023-07-30T03:21:23,145,0,0,145
2023-07-30T03:33:56,145,0,0,145
2023-07-30T03:46:30,145,0,0,145
2023-07-30T03:59:03,145,0,0,145
2023-07-30T04:24:10,145,0,0,145
2023-07-30T04:36:45,145,0,0,145
2023-07-30T04:49:19,145,0,0,145
2023-07-30T05:01:53,145,0,0,145
2023-07-30T05:14:27,145,0,0,145
2023-07-30T05:27:00,145,0,0,145
2023-07-30T05:39:34,145,0,0,145
2023-07-30T05:52:09,145,0,0,145
2023-07-30T06:04:42,145,0,0,145
2023-07-30T06:17:15,145,0,0,145
2023-07-30T06:29:50,145,0,0,145
2023-07-30T06:43:58,145,0,0,145
2023-07-30T06:56:31,145,0,0,145
2023-07-30T07:09:02,145,0,0,145
2023-07-30T07:21:32,145,0,0,145
2023-07-30T07:34:02,145,0,0,145
2023-07-30T07:46:33,145,0,0,145
2023-07-30T07:59:03,145,0,0,145
2023-07-30T08:11:33,145,0,0,145
2023-07-30T08:24:04,145,0,0,145
2023-07-30T08:36:36,145,0,0,145
2023-07-30T08:49:18,145,0,0,145
2023-07-30T09:01:47,145,0,0,145
2023-07-30T09:14:17,145,0,0,145
2023-07-30T09:26:47,145,0,0,145
2023-07-30T09:39:16,145,0,0,145
2023-07-30T09:51:50,145,0,0,145
2023-07-30T10:04:19,145,0,0,145
2023-07-30T10:16:49,145,0,0,145
2023-07-30T10:29:19,145,0,0,145
2023-07-30T10:41:49,145,0,0,145
2023-07-30T10:54:19,145,0,0,145
2023-07-30T11:06:48,145,0,0,145
2023-07-30T11:19:18,145,0,0,145
2023-07-30T11:31:48,145,0,0,145
2023-07-30T11:44:19,145,0,0,145
2023-07-30T11:56:49,145,0,0,145
2023-07-30T12:09:29,145,0,0,145
2023-07-30T12:21:59,145,0,0,145
2023-07-30T12:34:29,145,0,0,145
2023-07-30T12:46:59,145,0,0,145
2023-07-30T12:59:28,145,0,0,145
2023-07-30T13:11:59,145,0,0,145
2023-07-30T13:24:29,145,0,0,145
2023-07-30T13:36:59,145,0,0,145
2023-07-30T13:49:29,145,0,0,145
2023-07-30T14:01:59,145,0,0,145
2023-07-30T14:14:29,145,0,0,145
2023-07-30T14:26:59,145,0,0,145
2023-07-30T14:39:29,145,0,0,145
2023-07-30T14:52:09,145,0,0,145
2023-07-30T15:04:39,145,0,0,145
2023-07-30T15:17:08,145,0,0,145
2023-07-30T15:29:38,145,0,0,145
2023-07-30T15:42:07,145,0,0,145
2023-07-30T15:54:37,145,0,0,145
2023-07-30T16:07:07,145,0,0,145
2023-07-30T16:19:38,145,0,0,145
2023-07-30T16:32:09,145,0,0,145
2023-07-30T16:44:40,145,0,0,145
2023-07-30T16:57:10,145,0,0,145
2023-07-30T17:09:41,145,0,0,145
2023-07-30T17:22:12,145,0,0,145
2023-07-30T17:34:41,145,0,0,145
2023-07-30T17:47:11,145,0,0,145
2023-07-30T17:59:49,145,0,0,145
2023-07-30T18:12:19,145,0,0,145
2023-07-30T18:24:48,145,0,0,145
2023-07-30T18:37:18,145,0,0,145
2023-07-30T18:49:47,145,0,0,145
2023-07-30T19:02:19,145,0,0,145
2023-07-30T19:14:50,145,0,0,145
2023-07-30T19:27:22,145,0,0,145
2023-07-30T19:40:02,145,0,0,145
2023-07-30T19:52:31,145,0,0,145
2023-07-30T20:05:00,145,0,0,145
2023-07-30T20:17:30,145,0,0,145
2023-07-30T20:30:00,145,0,0,145
2023-07-30T20:42:29,145,0,0,145
2023-07-30T20:54:58,145,0,0,145
2023-07-30T21:07:28,145,0,0,145
2023-07-30T21:19:58,145,0,0,145
2023-07-30T21:32:28,145,0,0,145
2023-07-30T21:44:58,145,0,0,145
2023-07-30T21:57:27,145,0,0,145
2023-07-30T22:09:57,145,0,0,145
2023-07-30T22:22:37,145,0,0,145
2023-07-30T22:35:07,145,0,0,145
2023-07-30T22:47:37,145,0,0,145
2023-07-30T23:00:06,145,0,0,145
2023-07-30T23:12:38,145,0,0,145
2023-07-30T23:25:09,145,0,0,145
2023-07-30T23:37:39,145,0,0,145
2023-07-30T23:50:09,145,0,0,145
2023-07-31T00:02:40,145,0,0,145
2023-07-31T00:15:22,145,0,0,145
2023-07-31T00:28:11,145,0,0,145
2023-07-31T00:40:55,145,0,0,145
2023-07-31T00:53:45,145,0,0,145
2023-07-31T01:06:19,145,0,0,145
2023-07-31T01:18:50,145,0,0,145
2023-07-31T01:31:25,145,0,0,145
2023-07-31T01:43:57,145,0,0,145
2023-07-31T01:56:30,145,0,0,145
2023-07-31T02:09:13,145,0,0,145
2023-07-31T02:21:47,145,0,0,145
2023-07-31T02:34:20,145,0,0,145
2023-07-31T02:46:53,145,0,0,145
2023-07-31T02:59:25,145,0,0,145
2023-07-31T03:11:57,145,0,0,145
2023-07-31T03:24:32,145,0,0,145
2023-07-31T03:37:05,145,0,0,145
2023-07-31T03:49:38,145,0,0,145
2023-07-31T04:02:12,145,0,0,145
2023-07-31T04:25:20,145,0,0,145
2023-07-31T04:37:58,145,0,0,145
2023-07-31T04:50:33,145,0,0,145
2023-07-31T05:03:08,145,0,0,145
2023-07-31T05:15:42,145,0,0,145
2023-07-31T05:28:15,145,0,0,145
2023-07-31T05:40:50,145,0,0,145
2023-07-31T05:53:24,145,0,0,145
2023-07-31T06:05:57,145,0,0,145
2023-07-31T06:18:30,145,0,0,145
2023-07-31T06:31:14,145,0,0,145
2023-07-31T06:43:46,145,0,0,145
2023-07-31T06:56:18,145,0,0,145
2023-07-31T07:08:51,145,0,0,145
2023-07-31T07:21:21,145,0,0,145
2023-07-31T07:33:51,145,0,0,145
2023-07-31T07:46:22,145,0,0,145
2023-07-31T07:58:52,145,0,0,145
2023-07-31T08:11:22,145,0,0,145
2023-07-31T08:23:52,145,0,0,145
2023-07-31T08:37:34,145,0,0,145
2023-07-31T08:50:14,145,0,0,145
2023-07-31T09:02:43,145,0,0,145
2023-07-31T09:15:13,145,0,0,145
2023-07-31T09:27:43,145,0,0,145
2023-07-31T09:40:12,145,0,0,145
2023-07-31T09:52:50,145,0,0,145
2023-07-31T10:05:19,145,0,0,145
2023-07-31T10:17:48,145,0,0,145
2023-07-31T10:30:19,145,0,0,145
2023-07-31T10:42:49,145,0,0,145
2023-07-31T10:55:30,145,0,0,145
2023-07-31T11:08:56,145,0,0,145
2023-07-31T11:21:32,145,0,0,145
2023-07-31T11:37:41,145,0,0,145
2023-07-31T11:53:30,145,0,0,145
2023-07-31T12:06:01,145,0,0,145
2023-07-31T12:18:30,145,0,0,145
2023-07-31T12:31:11,145,0,0,145
2023-07-31T12:43:41,145,0,0,145
2023-07-31T12:56:11,145,0,0,145
2023-07-31T13:08:41,145,0,0,145
2023-07-31T13:21:11,145,0,0,145
2023-07-31T13:33:40,145,0,0,145
2023-07-31T13:46:09,145,0,0,145
2023-07-31T13:58:39,145,0,0,145
2023-07-31T14:11:09,145,0,0,145
2023-07-31T14:23:50,145,0,0,145
2023-07-31T14:36:20,145,0,0,145
2023-07-31T14:48:50,145,0,0,145
2023-07-31T15:01:23,145,0,0,145
2023-07-31T15:13:56,145,0,0,145
2023-07-31T15:26:29,145,0,0,145
2023-07-31T15:39:02,145,0,0,145
2023-07-31T15:51:37,145,0,0,145
2023-07-31T16:04:23,145,0,0,145
2023-07-31T16:16:56,145,0,0,145
2023-07-31T16:29:30,145,0,0,145
2023-07-31T16:42:03,145,0,0,145
2023-07-31T16:54:37,145,0,0,145
2023-07-31T17:07:11,145,0,0,145
2023-07-31T17:19:46,145,0,0,145
2023-07-31T17:32:20,145,0,0,145
2023-07-31T17:45:04,145,0,0,145
2023-07-31T17:57:39,145,0,0,145
2023-07-31T18:10:12,145,0,0,145
2023-07-31T18:22:47,145,0,0,145
2023-07-31T18:35:23,145,0,0,145
2023-07-31T18:47:57,145,0,0,145
2023-07-31T19:00:30,145,0,0,145
2023-07-31T19:13:05,145,0,0,145
2023-07-31T19:25:41,145,0,0,145
2023-07-31T19:38:14,145,0,0,145
2023-07-31T19:50:58,145,0,0,145
2023-07-31T20:03:33,145,0,0,145
2023-07-31T20:16:06,145,0,0,145
2023-07-31T20:28:39,145,0,0,145
2023-07-31T20:41:13,145,0,0,145
2023-07-31T20:53:47,145,0,0,145
2023-07-31T21:06:22,145,0,0,145
2023-07-31T21:18:55,145,0,0,145
2023-07-31T21:31:28,145,0,0,145
2023-07-31T21:44:02,145,0,0,145
2023-07-31T21:56:46,145,0,0,145
2023-07-31T22:09:20,145,0,0,145
2023-07-31T22:21:53,145,0,0,145
2023-07-31T22:34:26,145,0,0,145
2023-07-31T22:47:00,145,0,0,145
2023-07-31T22:59:33,145,0,0,145
2023-07-31T23:12:10,145,0,0,145
2023-07-31T23:24:45,145,0,0,145
2023-07-31T23:37:19,145,0,0,145
2023-07-31T23:49:53,145,0,0,145
2023-08-01T00:02:38,145,0,0,145
2023-08-01T00:15:15,145,0,0,145
2023-08-01T00:27:54,145,0,0,145
2023-08-01T00:40:32,145,0,0,145
2023-08-01T00:53:11,145,0,0,145
2023-08-01T01:05:48,145,0,0,145
2023-08-01T01:18:24,145,0,0,145
2023-08-01T01:31:03,145,0,0,145
2023-08-01T01:43:41,145,0,0,145
2023-08-01T01:56:19,145,0,0,145
2023-08-01T02:08:57,145,0,0,145
2023-08-01T02:21:35,145,0,0,145
2023-08-01T02:34:12,145,0,0,145
2023-08-01T02:46:48,145,0,0,145
2023-08-01T02:59:23,145,0,0,145
2023-08-01T03:12:00,145,0,0,145
2023-08-01T03:24:36,145,0,0,145
2023-08-01T03:37:12,145,0,0,145
2023-08-01T03:49:49,145,0,0,145
2023-08-01T04:02:37,145,0,0,145
2023-08-01T04:15:15,145,0,0,145
2023-08-01T04:34:33,145,0,0,145
2023-08-01T04:47:13,145,0,0,145
2023-08-01T04:59:50,145,0,0,145
2023-08-01T05:12:26,145,0,0,145
2023-08-01T05:24:59,145,0,0,145
2023-08-01T05:37:32,145,0,0,145
2023-08-01T05:50:11,145,0,0,145
2023-08-01T06:03:06,145,0,0,145
2023-08-01T06:15:45,145,0,0,145
2023-08-01T06:28:22,145,0,0,145
2023-08-01T06:40:58,145,0,0,145
2023-08-01T06:53:35,145,0,0,145
2023-08-01T07:06:14,145,0,0,145
2023-08-01T07:18:50,145,0,0,145
2023-08-01T07:31:26,145,0,0,145
2023-08-01T07:44:00,145,0,0,145
2023-08-01T07:56:34,145,0,0,145
2023-08-01T08:09:10,145,0,0,145
2023-08-01T08:21:45,145,0,0,145
2023-08-01T08:34:22,145,0,0,145
2023-08-01T08:46:57,145,0,0,145
2023-08-01T08:59:44,145,0,0,145
2023-08-01T09:12:19,145,0,0,145
2023-08-01T09:24:55,145,0,0,145
2023-08-01T09:37:31,145,0,0,145
2023-08-01T09:50:07,145,0,0,145
2023-08-01T10:02:42,145,0,0,145
2023-08-01T10:15:18,145,0,0,145
2023-08-01T10:27:54,145,0,0,145
2023-08-01T10:40:30,145,0,0,145
2023-08-01T10:53:06,145,0,0,145
2023-08-01T11:05:40,145,0,0,145
2023-08-01T11:18:26,145,0,0,145
2023-08-01T11:31:01,145,0,0,145
2023-08-01T11:43:37,145,0,0,145
2023-08-01T11:56:12,145,0,0,145
2023-08-01T12:08:46,145,0,0,145
2023-08-01T12:21:20,145,0,0,145
2023-08-01T12:33:54,145,0,0,145
2023-08-01T12:46:29,145,0,0,145
2023-08-01T12:59:03,145,0,0,145
2023-08-01T13:11:44,145,0,0,145
2023-08-01T13:24:28,145,0,0,145
2023-08-01T13:37:02,145,0,0,145
2023-08-01T13:49:36,145,0,0,145
2023-08-01T14:02:11,145,0,0,145
2023-08-01T14:14:46,145,0,0,145
2023-08-01T14:27:21,145,0,0,145
2023-08-01T14:39:56,145,0,0,145
2023-08-01T14:52:32,145,0,0,145
2023-08-01T15:05:06,145,0,0,145
2023-08-01T15:17:40,145,0,0,145
2023-08-01T15:30:24,145,0,0,145
2023-08-01T15:42:59,145,0,0,145
2023-08-01T15:55:33,145,0,0,145
2023-08-01T16:08:07,145,0,0,145
2023-08-01T16:20:42,145,0,0,145
2023-08-01T16:33:16,145,0,0,145
2023-08-01T16:45:51,145,0,0,145
2023-08-01T16:58:25,145,0,0,145
2023-08-01T17:11:01,145,0,0,145
2023-08-01T17:23:37,145,0,0,145
2023-08-01T17:36:12,145,0,0,145
2023-08-01T17:48:47,145,0,0,145
2023-08-01T18:01:31,145,0,0,145
2023-08-01T18:14:06,145,0,0,145
2023-08-01T18:26:40,145,0,0,145
2023-08-01T18:39:15,145,0,0,145
2023-08-01T18:51:49,145,0,0,145
2023-08-01T19:04:24,145,0,0,145
2023-08-01T19:16:59,145,0,0,145
2023-08-01T19:29:33,145,0,0,145
2023-08-01T19:42:07,145,0,0,145
2023-08-01T19:54:42,145,0,0,145
2023-08-01T20:07:16,145,0,0,145
2023-08-01T20:19:53,145,0,0,145
2023-08-01T20:32:28,145,0,0,145
2023-08-01T20:45:13,145,0,0,145
2023-08-01T20:57:47,145,0,0,145
2023-08-01T21:10:21,145,0,0,145
2023-08-01T21:22:55,145,0,0,145
2023-08-01T21:35:31,145,0,0,145
2023-08-01T21:48:06,145,0,0,145
2023-08-01T22:00:40,145,0,0,145
2023-08-01T22:13:14,145,0,0,145
2023-08-01T22:25:49,145,0,0,145
2023-08-01T22:38:24,145,0,0,145
2023-08-01T22:50:58,145,0,0,145
2023-08-01T23:03:33,145,0,0,145
2023-08-01T23:16:09,145,0,0,145
2023-08-01T23:28:55,145,0,0,145
2023-08-01T23:41:30,145,0,0,145
2023-08-01T23:54:04,145,0,0,145
2023-08-02T00:06:39,145,0,0,145
2023-08-02T00:19:19,145,0,0,145
2023-08-02T00:31:56,145,0,0,145
2023-08-02T00:44:35,145,0,0,145
2023-08-02T00:57:13,145,0,0,145
2023-08-02T01:09:52,145,0,0,145
2023-08-02T01:22:30,145,0,0,145
2023-08-02T01:35:09,145,0,0,145
2023-08-02T01:47:48,145,0,0,145
2023-08-02T02:00:30,145,0,0,145
2023-08-02T02:13:08,145,0,0,145
2023-08-02T02:25:45,145,0,0,145
2023-08-02T02:38:23,145,0,0,145
2023-08-02T02:50:59,145,0,0,145
2023-08-02T03:03:37,145,0,0,145
2023-08-02T03:16:15,145,0,0,145
2023-08-02T03:28:54,145,0,0,145
2023-08-02T03:41:32,145,0,0,145
2023-08-02T03:54:19,145,0,0,145
2023-08-02T04:06:57,145,0,0,145
2023-08-02T04:31:56,145,0,0,145
2023-08-02T04:44:36,145,0,0,145
2023-08-02T04:57:31,145,0,0,145
2023-08-02T05:10:11,145,0,0,145
2023-08-02T05:23:10,145,0,0,145
2023-08-02T05:35:47,145,0,0,145
2023-08-02T05:48:25,145,0,0,145
2023-08-02T06:01:01,145,0,0,145
2023-08-02T06:13:39,145,0,0,145
2023-08-02T06:26:17,145,0,0,145
2023-08-02T06:38:55,145,0,0,145
2023-08-02T06:51:33,145,0,0,145
2023-08-02T07:04:21,145,0,0,145
2023-08-02T07:16:59,145,0,0,145
2023-08-02T07:29:37,145,0,0,145
2023-08-02T07:42:14,145,0,0,145
2023-08-02T07:54:53,145,0,0,145
2023-08-02T08:07:31,145,0,0,145
2023-08-02T08:20:08,145,0,0,145
2023-08-02T08:32:45,145,0,0,145
2023-08-02T08:45:24,145,0,0,145
2023-08-02T08:58:01,145,0,0,145
2023-08-02T09:10:38,145,0,0,145
2023-08-02T09:23:14,145,0,0,145
2023-08-02T09:35:51,145,0,0,145
2023-08-02T09:48:38,145,0,0,145
2023-08-02T10:01:20,145,0,0,145
2023-08-02T10:13:56,145,0,0,145
2023-08-02T10:26:32,145,0,0,145
2023-08-02T10:39:07,145,0,0,145
2023-08-02T10:51:42,145,0,0,145
2023-08-02T11:04:18,145,0,0,145
2023-08-02T11:16:53,145,0,0,145
2023-08-02T11:29:46,145,0,0,145
2023-08-02T11:42:20,145,0,0,145
2023-08-02T11:54:56,145,0,0,145
2023-08-02T12:07:31,145,0,0,145
2023-08-02T12:20:07,145,0,0,145
2023-08-02T12:32:42,145,0,0,145
2023-08-02T12:45:18,145,0,0,145
2023-08-02T12:58:02,145,0,0,145
2023-08-02T13:10:38,145,0,0,145
2023-08-02T13:23:13,145,0,0,145
2023-08-02T13:35:50,145,0,0,145
2023-08-02T13:48:25,145,0,0,145
2023-08-02T14:01:00,145,0,0,145
2023-08-02T14:13:36,145,0,0,145
2023-08-02T14:26:37,145,0,0,145
2023-08-02T14:39:12,145,0,0,145
2023-08-02T14:51:48,145,0,0,145
2023-08-02T15:04:23,145,0,0,145
2023-08-02T15:16:59,145,0,0,145
2023-08-02T15:29:36,145,0,0,145
2023-08-02T15:42:12,145,0,0,145
2023-08-02T15:54:46,145,0,0,145
2023-08-02T16:07:31,145,0,0,145
2023-08-02T16:20:07,145,0,0,145
2023-08-02T16:32:43,145,0,0,145
2023-08-02T16:45:18,145,0,0,145
2023-08-02T16:57:53,145,0,0,145
2023-08-02T17:10:30,145,0,0,145
2023-08-02T17:23:05,145,0,0,145
2023-08-02T17:35:41,145,0,0,145
2023-08-02T17:48:16,145,0,0,145
2023-08-02T18:01:01,145,0,0,145
2023-08-02T18:13:37,145,0,0,145
2023-08-02T18:26:13,145,0,0,145
2023-08-02T18:38:48,145,0,0,145
2023-08-02T18:51:22,145,0,0,145
2023-08-02T19:03:58,145,0,0,145
2023-08-02T19:16:35,145,0,0,145
2023-08-02T19:29:20,145,0,0,145
2023-08-02T19:41:55,145,0,0,145
2023-08-02T19:54:31,145,0,0,145
2023-08-02T20:07:05,145,0,0,145
2023-08-02T20:19:41,145,0,0,145
2023-08-02T20:32:16,145,0,0,145
2023-08-02T20:44:51,145,0,0,145
2023-08-02T20:57:26,145,0,0,145
2023-08-02T21:10:12,145,0,0,145
2023-08-02T21:22:47,145,0,0,145
2023-08-02T21:35:22,145,0,0,145
2023-08-02T21:47:57,145,0,0,145
2023-08-02T22:00:33,145,0,0,145
2023-08-02T22:13:08,145,0,0,145
2023-08-02T22:25:43,145,0,0,145
2023-08-02T22:38:19,145,0,0,145
2023-08-02T22:50:54,145,0,0,145
2023-08-02T23:03:30,145,0,0,145
2023-08-02T23:16:18,145,0,0,145
2023-08-02T23:28:55,145,0,0,145
2023-08-02T23:41:31,145,0,0,145
2023-08-02T23:54:06,145,0,0,145
2023-08-03T00:06:43,145,0,0,145
2023-08-03T00:19:26,145,0,0,145
2023-08-03T00:32:05,145,0,0,145
2023-08-03T00:44:46,145,0,0,145
2023-08-03T00:57:26,145,0,0,145
2023-08-03T01:10:08,145,0,0,145
2023-08-03T01:22:46,145,0,0,145
2023-08-03T01:35:26,145,0,0,145
2023-08-03T01:48:05,145,0,0,145
2023-08-03T02:00:48,145,0,0,145
2023-08-03T02:13:26,145,0,0,145
2023-08-03T02:26:12,145,0,0,145
2023-08-03T02:38:49,145,0,0,145
2023-08-03T02:51:24,145,0,0,145
2023-08-03T03:03:59,145,0,0,145
2023-08-03T03:16:37,145,0,0,145
2023-08-03T03:29:14,145,0,0,145
2023-08-03T03:41:52,145,0,0,145
2023-08-03T03:54:30,145,0,0,145
2023-08-03T04:07:09,145,0,0,145
2023-08-03T04:29:09,145,0,0,145
2023-08-03T04:41:49,145,0,0,145
2023-08-03T04:54:28,145,0,0,145
2023-08-03T05:07:07,145,0,0,145
2023-08-03T05:19:42,145,0,0,145
2023-08-03T05:32:21,145,0,0,145
2023-08-03T05:45:17,145,0,0,145
2023-08-03T05:57:57,145,0,0,145
2023-08-03T06:10:37,145,0,0,145
2023-08-03T06:23:15,145,0,0,145
2023-08-03T06:35:53,145,0,0,145
2023-08-03T06:48:31,145,0,0,145
2023-08-03T07:01:10,145,0,0,145
2023-08-03T07:13:49,145,0,0,145
2023-08-03T07:26:26,145,0,0,145
2023-08-03T07:39:02,145,0,0,145
2023-08-03T07:51:38,145,0,0,145
2023-08-03T08:04:29,145,0,0,145
2023-08-03T08:17:08,145,0,0,145
2023-08-03T08:29:45,145,0,0,145
2023-08-03T08:42:24,145,0,0,145
2023-08-03T08:55:01,145,0,0,145
2023-08-03T09:07:38,145,0,0,145
2023-08-03T09:20:15,145,0,0,145
2023-08-03T09:32:52,145,0,0,145
2023-08-03T09:45:31,145,0,0,145
2023-08-03T09:58:08,145,0,0,145
2023-08-03T10:10:48,145,0,0,145
2023-08-03T10:23:34,145,0,0,145
2023-08-03T10:36:10,145,0,0,145
2023-08-03T10:48:47,145,0,0,145
2023-08-03T11:01:24,145,0,0,145
2023-08-03T11:14:00,145,0,0,145
2023-08-03T11:26:37,145,0,0,145
2023-08-03T11:39:13,145,0,0,145
2023-08-03T11:51:49,145,0,0,145
2023-08-03T12:04:45,145,0,0,145
2023-08-03T12:17:22,145,0,0,145
2023-08-03T12:29:59,145,0,0,145
2023-08-03T12:42:35,145,0,0,145
2023-08-03T12:55:10,145,0,0,145
2023-08-03T13:07:46,145,0,0,145
2023-08-03T13:20:22,145,0,0,145
2023-08-03T13:32:58,145,0,0,145
2023-08-03T13:45:34,145,0,0,145
2023-08-03T13:58:28,145,0,0,145
2023-08-03T14:11:05,145,0,0,145
2023-08-03T14:23:42,145,0,0,145
2023-08-03T14:36:18,145,0,0,145
2023-08-03T14:48:54,145,0,0,145
2023-08-03T15:01:31,145,0,0,145
2023-08-03T15:14:07,145,0,0,145
2023-08-03T15:26:43,145,0,0,145
2023-08-03T15:39:28,145,0,0,145
2023-08-03T15:52:05,145,0,0,145
2023-08-03T16:04:40,145,0,0,145
2023-08-03T16:17:16,145,0,0,145
2023-08-03T16:29:52,145,0,0,145
2023-08-03T16:42:29,145,0,0,145
2023-08-03T16:55:05,145,0,0,145
2023-08-03T17:07:55,145,0,0,145
2023-08-03T17:20:32,145,0,0,145
2023-08-03T17:33:08,145,0,0,145
2023-08-03T17:45:44,145,0,0,145
2023-08-03T17:58:22,145,0,0,145
2023-08-03T18:10:58,145,0,0,145
2023-08-03T18:23:33,145,0,0,145
2023-08-03T18:36:19,145,0,0,145
2023-08-03T18:48:55,145,0,0,145
2023-08-03T19:01:30,145,0,0,145
2023-08-03T19:14:07,145,0,0,145
2023-08-03T19:26:45,145,0,0,145
2023-08-03T19:39:32,145,0,0,145
2023-08-03T19:52:08,145,0,0,145
2023-08-03T20:04:44,145,0,0,145
2023-08-03T20:17:19,145,0,0,145
2023-08-03T20:29:55,145,0,0,145
2023-08-03T20:42:31,145,0,0,145
2023-08-03T20:55:27,145,0,0,145
2023-08-03T21:08:04,145,0,0,145
2023-08-03T21:20:40,145,0,0,145
2023-08-03T21:33:17,145,0,0,145
2023-08-03T21:45:53,145,0,0,145
2023-08-03T21:58:39,145,0,0,145
2023-08-03T22:11:15,145,0,0,145
2023-08-03T22:23:50,145,0,0,145
2023-08-03T22:36:27,145,0,0,145
2023-08-03T22:49:03,145,0,0,145
2023-08-03T23:01:39,145,0,0,145
2023-08-03T23:14:16,145,0,0,145
2023-08-03T23:26:53,145,0,0,145
2023-08-03T23:39:41,145,0,0,145
2023-08-04T00:07:56,145,0,0,145
2023-08-04T00:20:39,145,0,0,145
2023-08-04T00:33:17,145,0,0,145
2023-08-04T00:45:58,145,0,0,145
2023-08-04T00:58:39,145,0,0,145
2023-08-04T01:11:19,145,0,0,145
2023-08-04T01:23:59,145,0,0,145
2023-08-04T01:37:13,145,0,0,145
2023-08-04T01:50:11,145,0,0,145
2023-08-04T02:03:00,145,0,0,145
2023-08-04T02:15:36,145,0,0,145
2023-08-04T02:28:31,145,0,0,145
2023-08-04T02:41:09,145,0,0,145
2023-08-04T02:53:44,145,0,0,145
2023-08-04T03:06:20,145,0,0,145
2023-08-04T03:18:55,145,0,0,145
2023-08-04T03:31:31,145,0,0,145
2023-08-04T03:44:06,145,0,0,145
2023-08-04T03:56:51,145,0,0,145
2023-08-04T04:09:27,145,0,0,145
2023-08-04T04:34:55,145,0,0,145
2023-08-04T04:47:32,145,0,0,145
2023-08-04T05:00:10,145,0,0,145
2023-08-04T05:12:47,145,0,0,145
2023-08-04T05:25:25,145,0,0,145
2023-08-04T05:38:07,145,0,0,145
2023-08-04T05:50:59,145,0,0,145
2023-08-04T06:03:39,145,0,0,145
2023-08-04T06:16:22,145,0,0,145
2023-08-04T06:29:02,145,0,0,145
2023-08-04T06:41:43,145,0,0,145
2023-08-04T06:54:23,145,0,0,145
2023-08-04T07:07:03,145,0,0,145
2023-08-04T07:19:43,145,0,0,145
2023-08-04T07:32:36,145,0,0,145
2023-08-04T07:45:14,145,0,0,145
2023-08-04T07:57:54,145,0,0,145
2023-08-04T08:10:33,145,0,0,145
2023-08-04T08:23:11,145,0,0,145
2023-08-04T08:35:50,145,0,0,145
2023-08-04T08:48:29,145,0,0,145
2023-08-04T09:01:07,145,0,0,145
2023-08-04T09:13:44,145,0,0,145
2023-08-04T09:26:21,145,0,0,145
2023-08-04T09:38:59,145,0,0,145
2023-08-04T09:51:37,145,0,0,145
2023-08-04T10:04:14,145,0,0,145
2023-08-04T10:16:52,145,0,0,145
2023-08-04T10:29:30,145,0,0,145
2023-08-04T10:42:18,145,0,0,145
2023-08-04T10:54:56,145,0,0,145
2023-08-04T11:07:34,145,0,0,145
2023-08-04T11:20:12,145,0,0,145
2023-08-04T11:32:48,145,0,0,145
2023-08-04T11:45:24,145,0,0,145
2023-08-04T11:58:00,145,0,0,145
2023-08-04T12:10:37,145,0,0,145
2023-08-04T12:23:13,145,0,0,145
2023-08-04T12:36:09,145,0,0,145
2023-08-04T12:48:46,145,0,0,145
2023-08-04T13:01:22,145,0,0,145
2023-08-04T13:13:58,145,0,0,145
2023-08-04T13:26:33,145,0,0,145
2023-08-04T13:39:11,145,0,0,145
2023-08-04T13:51:48,145,0,0,145
2023-08-04T14:04:24,145,0,0,145
2023-08-04T14:17:00,145,0,0,145
2023-08-04T14:29:37,145,0,0,145
2023-08-04T14:42:26,145,0,0,145
2023-08-04T14:55:02,145,0,0,145
2023-08-04T15:07:38,145,0,0,145
2023-08-04T15:20:32,145,0,0,145
2023-08-04T15:33:16,145,0,0,145
2023-08-04T15:45:52,145,0,0,145
2023-08-04T15:58:27,145,0,0,145
2023-08-04T16:11:03,145,0,0,145
2023-08-04T16:23:41,145,0,0,145
2023-08-04T16:36:27,145,0,0,145
2023-08-04T16:49:02,145,0,0,145
2023-08-04T17:01:38,145,0,0,145
2023-08-04T17:14:15,145,0,0,145
2023-08-04T17:26:51,145,0,0,145
2023-08-04T17:39:26,145,0,0,145
2023-08-04T17:52:02,145,0,0,145
2023-08-04T18:04:38,145,0,0,145
2023-08-04T18:17:13,145,0,0,145
2023-08-04T18:29:49,145,0,0,145
2023-08-04T18:42:43,145,0,0,145
2023-08-04T18:55:18,145,0,0,145
2023-08-04T19:07:53,145,0,0,145
2023-08-04T19:20:29,145,0,0,145
2023-08-04T19:33:04,145,0,0,145
2023-08-04T19:45:40,145,0,0,145
2023-08-04T19:58:16,145,0,0,145
2023-08-04T20:10:53,145,0,0,145
2023-08-04T20:23:28,145,0,0,145
2023-08-04T20:36:04,145,0,0,145
2023-08-04T20:48:39,145,0,0,145
2023-08-04T21:01:26,145,0,0,145
2023-08-04T21:14:02,145,0,0,145
2023-08-04T21:26:38,145,0,0,145
2023-08-04T21:39:13,145,0,0,145
2023-08-04T21:51:48,145,0,0,145
2023-08-04T22:04:24,145,0,0,145
2023-08-04T22:17:00,145,0,0,145
2023-08-04T22:29:35,145,0,0,145
2023-08-04T22:42:11,145,0,0,145
2023-08-04T22:54:46,145,0,0,145
2023-08-04T23:07:25,145,0,0,145
2023-08-04T23:20:01,145,0,0,145
2023-08-04T23:32:47,145,0,0,145
2023-08-04T23:45:23,145,0,0,145
2023-08-04T23:57:59,145,0,0,145
2023-08-05T00:10:39,145,0,0,145
2023-08-05T00:23:22,145,0,0,145
2023-08-05T00:36:01,145,0,0,145
2023-08-05T00:48:41,145,0,0,145
2023-08-05T01:01:23,145,0,0,145
2023-08-05T01:14:02,145,0,0,145
2023-08-05T01:26:41,145,0,0,145
2023-08-05T01:39:22,145,0,0,145
2023-08-05T01:52:04,145,0,0,145
2023-08-05T02:04:43,145,0,0,145
2023-08-05T02:17:20,145,0,0,145
2023-08-05T02:29:57,145,0,0,145
2023-08-05T02:42:37,145,0,0,145
2023-08-05T02:55:32,145,0,0,145
2023-08-05T03:08:08,145,0,0,145
2023-08-05T03:20:46,145,0,0,145
2023-08-05T03:33:24,145,0,0,145
2023-08-05T03:46:02,145,0,0,145
2023-08-05T03:58:41,145,0,0,145
2023-08-05T04:11:20,145,0,0,145
2023-08-05T04:32:29,145,0,0,145
2023-08-05T04:45:10,145,0,0,145
2023-08-05T04:57:49,145,0,0,145
2023-08-05T05:10:26,145,0,0,145
2023-08-05T05:23:01,145,0,0,145
2023-08-05T05:35:38,145,0,0,145
2023-08-05T05:48:38,145,0,0,145
2023-08-05T06:01:18,145,0,0,145
2023-08-05T06:13:58,145,0,0,145
2023-08-05T06:26:37,145,0,0,145
2023-08-05T06:39:16,145,0,0,145
2023-08-05T06:51:54,145,0,0,145
2023-08-05T07:04:34,145,0,0,145
2023-08-05T07:17:13,145,0,0,145
2023-08-05T07:29:51,145,0,0,145
2023-08-05T07:42:32,145,0,0,145
2023-08-05T07:55:11,145,0,0,145
2023-08-05T08:07:50,145,0,0,145
2023-08-05T08:20:38,145,0,0,145
2023-08-05T08:33:17,145,0,0,145
2023-08-05T08:45:56,145,0,0,145
2023-08-05T08:58:34,145,0,0,145
2023-08-05T09:11:12,145,0,0,145
2023-08-05T09:23:51,145,0,0,145
2023-08-05T09:36:30,145,0,0,145
2023-08-05T09:49:09,145,0,0,145
2023-08-05T10:01:47,145,0,0,145
2023-08-05T10:14:26,145,0,0,145
2023-08-05T10:27:04,145,0,0,145
2023-08-05T10:39:43,145,0,0,145
2023-08-05T10:52:32,145,0,0,145
2023-08-05T11:05:10,145,0,0,145
2023-08-05T11:17:48,145,0,0,145
2023-08-05T11:30:26,145,0,0,145
2023-08-05T11:43:03,145,0,0,145
2023-08-05T11:55:41,145,0,0,145
2023-08-05T12:08:19,145,0,0,145
2023-08-05T12:20:56,145,0,0,145
2023-08-05T12:33:37,145,0,0,145
2023-08-05T12:46:13,145,0,0,145
2023-08-05T12:58:48,145,0,0,145
2023-08-05T13:11:23,145,0,0,145
2023-08-05T13:24:08,145,0,0,145
2023-08-05T13:36:43,145,0,0,145
2023-08-05T13:49:18,145,0,0,145
2023-08-05T14:01:53,145,0,0,145
2023-08-05T14:14:28,145,0,0,145
2023-08-05T14:27:04,145,0,0,145
2023-08-05T14:39:39,145,0,0,145
2023-08-05T14:52:16,145,0,0,145
2023-08-05T15:04:51,145,0,0,145
2023-08-05T15:17:27,145,0,0,145
2023-08-05T15:30:01,145,0,0,145
2023-08-05T15:42:38,145,0,0,145
2023-08-05T15:55:13,145,0,0,145
2023-08-05T16:07:48,145,0,0,145
2023-08-05T16:20:32,145,0,0,145
2023-08-05T16:33:07,145,0,0,145
2023-08-05T16:45:42,145,0,0,145
2023-08-05T16:58:17,145,0,0,145
2023-08-05T17:10:54,145,0,0,145
2023-08-05T17:23:30,145,0,0,145
2023-08-05T17:36:05,145,0,0,145
2023-08-05T17:48:41,145,0,0,145
2023-08-05T18:01:15,145,0,0,145
2023-08-05T18:13:51,145,0,0,145
2023-08-05T18:26:26,145,0,0,145
2023-08-05T18:39:02,145,0,0,145
2023-08-05T18:51:37,145,0,0,145
2023-08-05T19:04:24,145,0,0,145
2023-08-05T19:17:00,145,0,0,145
2023-08-05T19:29:35,145,0,0,145
2023-08-05T19:42:10,145,0,0,145
2023-08-05T19:54:46,145,0,0,145
2023-08-05T20:07:20,145,0,0,145
2023-08-05T20:19:56,145,0,0,145
2023-08-05T20:32:31,145,0,0,145
2023-08-05T20:45:06,145,0,0,145
2023-08-05T20:57:42,145,0,0,145
2023-08-05T21:10:18,145,0,0,145
2023-08-05T21:22:53,145,0,0,145
2023-08-05T21:35:28,145,0,0,145
2023-08-05T21:48:02,145,0,0,145
2023-08-05T22:00:38,145,0,0,145
2023-08-05T22:13:23,145,0,0,145
2023-08-05T22:25:59,145,0,0,145
2023-08-05T22:38:34,145,0,0,145
2023-08-05T22:51:09,145,0,0,145
2023-08-05T23:03:46,145,0,0,145
2023-08-05T23:16:24,145,0,0,145
2023-08-05T23:29:00,145,0,0,145
2023-08-05T23:41:35,145,0,0,145
2023-08-05T23:54:10,145,0,0,145
2023-08-06T00:06:47,145,0,0,145
2023-08-06T00:19:26,145,0,0,145
2023-08-06T00:32:04,145,0,0,145
2023-08-06T00:44:41,145,0,0,145
2023-08-06T00:57:20,145,0,0,145
2023-08-06T01:10:00,145,0,0,145
2023-08-06T01:22:42,145,0,0,145
2023-08-06T01:35:23,145,0,0,145
2023-08-06T01:48:03,145,0,0,145
2023-08-06T02:00:54,145,0,0,145
2023-08-06T02:13:43,145,0,0,145
2023-08-06T02:26:23,145,0,0,145
2023-08-06T02:39:03,145,0,0,145
2023-08-06T02:51:43,145,0,0,145
2023-08-06T03:04:22,145,0,0,145
2023-08-06T03:17:00,145,0,0,145
2023-08-06T03:29:39,145,0,0,145
2023-08-06T03:42:18,145,0,0,145
2023-08-06T03:54:57,145,0,0,145
2023-08-06T04:07:38,145,0,0,145
2023-08-06T04:38:16,145,0,0,145
2023-08-06T04:50:57,145,0,0,145
2023-08-06T05:03:38,145,0,0,145
2023-08-06T05:16:20,145,0,0,145
2023-08-06T05:28:59,145,0,0,145
2023-08-06T05:41:38,145,0,0,145
2023-08-06T05:54:19,145,0,0,145
2023-08-06T06:06:58,145,0,0,145
2023-08-06T06:19:37,145,0,0,145
2023-08-06T06:32:16,145,0,0,145
2023-08-06T06:44:55,145,0,0,145
2023-08-06T06:57:33,145,0,0,145
2023-08-06T07:10:10,145,0,0,145
2023-08-06T07:22:47,145,0,0,145
2023-08-06T07:35:23,145,0,0,145
2023-08-06T07:48:00,145,0,0,145
2023-08-06T08:00:37,145,0,0,145
2023-08-06T08:13:18,145,0,0,145
2023-08-06T08:25:55,145,0,0,145
2023-08-06T08:38:32,145,0,0,145
2023-08-06T08:51:07,145,0,0,145
2023-08-06T09:03:46,145,0,0,145
2023-08-06T09:16:23,145,0,0,145
2023-08-06T09:28:59,145,0,0,145
2023-08-06T09:41:38,145,0,0,145
2023-08-06T09:54:14,145,0,0,145
2023-08-06T10:07:02,145,0,0,145
2023-08-06T10:19:40,145,0,0,145
2023-08-06T10:32:15,145,0,0,145
2023-08-06T10:44:52,145,0,0,145
2023-08-06T10:57:29,145,0,0,145
2023-08-06T11:10:07,145,0,0,145
2023-08-06T11:22:45,145,0,0,145
2023-08-06T11:35:22,145,0,0,145
2023-08-06T11:47:59,145,0,0,145
2023-08-06T12:00:37,145,0,0,145
2023-08-06T12:13:14,145,0,0,145
2023-08-06T12:25:49,145,0,0,145
2023-08-06T12:38:26,145,0,0,145
2023-08-06T12:51:01,145,0,0,145
2023-08-06T13:03:55,145,0,0,145
2023-08-06T13:16:30,145,0,0,145
2023-08-06T13:29:05,145,0,0,145
2023-08-06T13:41:41,145,0,0,145
2023-08-06T13:54:16,145,0,0,145
2023-08-06T14:06:51,145,0,0,145
2023-08-06T14:19:25,145,0,0,145
2023-08-06T14:32:00,145,0,0,145
2023-08-06T14:44:36,145,0,0,145
2023-08-06T14:57:12,145,0,0,145
2023-08-06T15:09:44,145,0,0,145
2023-08-06T15:22:29,145,0,0,145
2023-08-06T15:35:05,145,0,0,145
2023-08-06T15:47:41,145,0,0,145
2023-08-06T16:00:17,145,0,0,145
2023-08-06T16:12:53,145,0,0,145
2023-08-06T16:25:29,145,0,0,145
2023-08-06T16:38:06,145,0,0,145
2023-08-06T16:50:41,145,0,0,145
2023-08-06T17:03:17,145,0,0,145
2023-08-06T17:15:53,145,0,0,145
2023-08-06T17:28:29,145,0,0,145
2023-08-06T17:41:04,145,0,0,145
2023-08-06T17:53:40,145,0,0,145
2023-08-06T18:06:15,145,0,0,145
2023-08-06T18:19:02,145,0,0,145
2023-08-06T18:31:38,145,0,0,145
2023-08-06T18:44:13,145,0,0,145
2023-08-06T18:56:49,145,0,0,145
2023-08-06T19:09:28,145,0,0,145
2023-08-06T19:22:06,145,0,0,145
2023-08-06T19:34:42,145,0,0,145
2023-08-06T19:47:17,145,0,0,145
2023-08-06T19:59:53,145,0,0,145
2023-08-06T20:12:27,145,0,0,145
2023-08-06T20:25:05,145,0,0,145
2023-08-06T20:37:50,145,0,0,145
2023-08-06T20:50:25,145,0,0,145
2023-08-06T21:03:00,145,0,0,145
2023-08-06T21:15:36,145,0,0,145
2023-08-06T21:28:13,145,0,0,145
2023-08-06T21:40:49,145,0,0,145
2023-08-06T21:53:26,145,0,0,145
2023-08-06T22:06:02,145,0,0,145
2023-08-06T22:18:47,145,0,0,145
2023-08-06T22:31:23,145,0,0,145
2023-08-06T22:43:59,145,0,0,145
2023-08-06T22:56:35,145,0,0,145
2023-08-06T23:09:13,145,0,0,145
2023-08-06T23:21:50,145,0,0,145
2023-08-06T23:34:26,145,0,0,145
2023-08-06T23:47:05,145,0,0,145
2023-08-06T23:59:42,145,0,0,145
2023-08-07T00:12:40,145,0,0,145
2023-08-07T00:25:22,145,0,0,145
2023-08-07T00:38:07,145,0,0,145
2023-08-07T00:50:48,145,0,0,145
2023-08-07T01:03:25,145,0,0,145
2023-08-07T01:16:03,145,0,0,145
2023-08-07T01:28:44,145,0,0,145
2023-08-07T01:41:25,145,0,0,145
2023-08-07T01:54:05,145,0,0,145
2023-08-07T02:06:46,145,0,0,145
2023-08-07T02:19:26,145,0,0,145
2023-08-07T02:32:07,145,0,0,145
2023-08-07T02:45:03,145,0,0,145
2023-08-07T02:57:42,145,0,0,145
2023-08-07T03:10:20,145,0,0,145
2023-08-07T03:22:59,145,0,0,145
2023-08-07T03:35:39,145,0,0,145
2023-08-07T03:48:18,145,0,0,145
2023-08-07T04:00:57,145,0,0,145
2023-08-07T04:13:37,145,0,0,145
2023-08-07T04:38:34,145,0,0,145
2023-08-07T04:51:16,145,0,0,145
2023-08-07T05:03:57,145,0,0,145
2023-08-07T05:16:36,145,0,0,145
2023-08-07T05:29:16,145,0,0,145
2023-08-07T05:41:55,145,0,0,145
2023-08-07T05:54:36,145,0,0,145
2023-08-07T06:07:14,145,0,0,145
2023-08-07T06:19:52,145,0,0,145
2023-08-07T06:32:32,145,0,0,145
2023-08-07T06:45:14,145,0,0,145
2023-08-07T06:57:52,145,0,0,145
2023-08-07T07:10:31,145,0,0,145
2023-08-07T07:23:06,145,0,0,145
2023-08-07T07:35:41,145,0,0,145
2023-08-07T07:48:17,145,0,0,145
2023-08-07T08:00:52,145,0,0,145
2023-08-07T08:13:36,145,0,0,145
2023-08-07T08:26:13,145,0,0,145
2023-08-07T08:38:51,145,0,0,145
2023-08-07T08:51:27,145,0,0,145
2023-08-07T09:04:02,145,0,0,145
2023-08-07T09:16:37,145,0,0,145
2023-08-07T09:29:12,145,0,0,145
2023-08-07T09:41:49,145,0,0,145
2023-08-07T09:54:37,145,0,0,145
2023-08-07T10:07:13,145,0,0,145
2023-08-07T10:19:49,145,0,0,145
2023-08-07T10:32:25,145,0,0,145
2023-08-07T10:45:01,145,0,1,145
2023-08-07T10:57:36,145,0,1,145
2023-08-07T11:10:24,145,0,1,145
2023-08-07T11:22:59,144,1,1,145
2023-08-07T11:35:35,144,1,1,145
2023-08-07T11:48:12,144,1,1,145
2023-08-07T12:00:47,144,1,1,145
2023-08-07T12:13:22,144,1,1,145
2023-08-07T12:26:08,144,1,1,145
2023-08-07T12:38:43,144,1,1,145
2023-08-07T12:51:22,144,1,1,145
2023-08-07T13:03:57,144,1,1,145
2023-08-07T13:16:43,144,1,1,145
2023-08-07T13:29:18,144,1,1,145
2023-08-07T13:41:54,144,1,1,145
2023-08-07T13:54:29,144,1,1,145
2023-08-07T14:07:04,144,1,1,145
2023-08-07T14:19:40,144,1,1,145
2023-08-07T14:32:16,144,1,1,145
2023-08-07T14:44:51,144,1,1,145
2023-08-07T14:57:37,144,1,1,145
2023-08-07T15:10:14,144,1,1,145
2023-08-07T15:22:50,144,1,1,145
2023-08-07T15:35:25,144,1,1,145
2023-08-07T15:48:02,144,1,1,145
2023-08-07T16:00:39,144,1,1,145
2023-08-07T16:13:16,144,1,1,145
2023-08-07T16:26:02,144,1,1,145
2023-08-07T16:38:39,144,1,1,145
2023-08-07T16:51:16,144,1,1,145
2023-08-07T17:03:53,144,1,1,145
2023-08-07T17:16:31,144,1,1,145
2023-08-07T17:29:08,144,1,1,145
2023-08-07T17:41:45,144,1,1,145
2023-08-07T17:54:21,144,1,1,145
2023-08-07T18:07:08,144,1,1,145
2023-08-07T18:19:45,144,1,1,145
2023-08-07T18:32:21,144,1,1,145
2023-08-07T18:44:58,144,1,1,145
2023-08-07T18:57:34,144,1,1,145
2023-08-07T19:10:11,144,1,1,145
2023-08-07T19:22:48,144,1,1,145
2023-08-07T19:35:36,144,1,1,145
2023-08-07T19:48:13,144,1,1,145
2023-08-07T20:00:50,144,1,1,145
2023-08-07T20:13:27,144,1,1,145
2023-08-07T20:26:04,144,1,1,145
2023-08-07T20:38:42,144,1,1,145
2023-08-07T20:51:19,144,1,1,145
2023-08-07T21:03:55,144,1,1,145
2023-08-07T21:16:32,144,1,1,145
2023-08-07T21:29:20,144,1,1,145
2023-08-07T21:41:57,144,1,1,145
2023-08-07T21:54:34,144,1,1,145
2023-08-07T22:07:11,144,1,1,145
2023-08-07T22:19:47,144,1,1,145
2023-08-07T22:32:25,145,0,0,145
2023-08-07T22:45:02,145,0,0,145
2023-08-07T22:57:39,145,0,0,145
2023-08-07T23:10:17,145,0,0,145
2023-08-07T23:23:08,145,0,0,145
2023-08-07T23:35:46,145,0,0,145
2023-08-07T23:48:23,145,0,0,145
2023-08-08T00:01:00,145,0,0,145
2023-08-08T00:13:40,145,0,0,145
2023-08-08T00:26:17,145,0,0,145
2023-08-08T00:39:07,145,0,0,145
2023-08-08T00:51:45,145,0,0,145
2023-08-08T01:04:24,145,0,0,145
2023-08-08T01:17:02,145,0,0,145
2023-08-08T01:29:50,145,0,0,145
2023-08-08T01:42:27,145,0,0,145
2023-08-08T01:55:04,145,0,0,145
2023-08-08T02:07:42,145,0,0,145
2023-08-08T02:20:18,145,0,0,145
2023-08-08T02:32:52,145,0,0,145
2023-08-08T02:45:27,145,0,0,145
2023-08-08T02:58:00,145,0,0,145
2023-08-08T03:10:35,145,0,0,145
2023-08-08T03:23:21,145,0,0,145
2023-08-08T03:35:57,145,0,0,145
2023-08-08T03:48:32,145,0,0,145
2023-08-08T04:01:08,145,0,0,145
2023-08-08T04:13:45,145,0,0,145
2023-08-08T04:35:36,145,0,0,145
2023-08-08T04:48:17,145,0,0,145
2023-08-08T05:00:57,145,0,0,145
2023-08-08T05:13:38,145,0,0,145
2023-08-08T05:26:16,145,0,0,145
2023-08-08T05:38:54,145,0,0,145
2023-08-08T05:51:31,145,0,0,145
2023-08-08T06:04:14,145,0,0,145
2023-08-08T06:16:52,145,0,0,145
2023-08-08T06:29:32,145,0,0,145
2023-08-08T06:42:12,145,0,0,145
2023-08-08T06:54:52,145,0,0,145
2023-08-08T07:07:33,145,0,0,145
2023-08-08T07:20:13,145,0,0,145
2023-08-08T07:32:52,145,0,0,145
2023-08-08T07:45:31,145,0,0,145
2023-08-08T07:58:09,145,0,0,145
2023-08-08T08:11:09,145,0,0,145
2023-08-08T08:23:48,145,0,0,145
2023-08-08T08:36:28,145,0,0,145
2023-08-08T08:49:07,145,0,0,145
2023-08-08T09:01:46,145,0,0,145
2023-08-08T09:14:25,145,0,0,145
2023-08-08T09:27:02,145,0,0,145
2023-08-08T09:39:42,145,0,0,145
2023-08-08T09:52:21,145,0,0,145
2023-08-08T10:05:08,145,0,0,145
2023-08-08T10:17:46,145,0,0,145
2023-08-08T10:30:24,145,0,0,145
2023-08-08T10:43:04,145,0,0,145
2023-08-08T10:55:43,145,0,0,145
2023-08-08T11:08:32,145,0,0,145
2023-08-08T11:21:10,145,0,0,145
2023-08-08T11:33:47,145,0,0,145
2023-08-08T11:46:25,145,0,0,145
2023-08-08T11:59:02,145,0,0,145
2023-08-08T12:11:40,145,0,0,145
2023-08-08T12:24:36,145,0,0,145
2023-08-08T12:37:13,145,0,0,145
2023-08-08T12:49:50,145,0,0,145
2023-08-08T13:02:27,145,0,0,145
2023-08-08T13:15:04,145,0,0,145
2023-08-08T13:27:41,145,0,0,145
2023-08-08T13:40:21,145,0,0,145
2023-08-08T13:53:07,145,0,0,145
2023-08-08T14:05:45,145,0,0,145
2023-08-08T14:18:22,145,0,0,145
2023-08-08T14:30:59,145,0,0,145
2023-08-08T14:43:36,145,0,0,145
2023-08-08T14:56:13,145,0,0,145
2023-08-08T15:08:59,145,0,0,145
2023-08-08T15:21:38,145,0,0,145
2023-08-08T15:34:15,145,0,0,145
2023-08-08T15:46:52,145,0,0,145
2023-08-08T15:59:29,145,0,0,145
2023-08-08T16:12:05,145,0,0,145
2023-08-08T16:24:42,145,0,0,145
2023-08-08T16:37:30,145,0,0,145
2023-08-08T16:50:06,145,0,0,145
2023-08-08T17:02:43,145,0,0,145
2023-08-08T17:15:21,145,0,0,145
2023-08-08T17:27:57,145,0,0,145
2023-08-08T17:40:34,145,0,0,145
2023-08-08T17:53:31,145,0,0,145
2023-08-08T18:06:08,145,0,0,145
2023-08-08T18:18:45,145,0,0,145
2023-08-08T18:31:22,145,0,0,145
2023-08-08T18:43:59,145,0,0,145
2023-08-08T18:56:36,145,0,0,145
2023-08-08T19:09:14,145,0,0,145
2023-08-08T19:21:52,145,0,0,145
2023-08-08T19:34:40,145,0,0,145
2023-08-08T19:47:18,145,0,0,145
2023-08-08T19:59:54,145,0,0,145
2023-08-08T20:12:33,145,0,0,145
2023-08-08T20:25:10,145,0,0,145
2023-08-08T20:37:47,145,0,0,145
2023-08-08T20:50:23,145,0,0,145
2023-08-08T21:03:00,145,0,0,145
2023-08-08T21:15:48,145,0,0,145
2023-08-08T21:28:25,145,0,0,145
2023-08-08T21:41:02,145,0,0,145
2023-08-08T21:53:39,145,0,0,145
2023-08-08T22:06:16,145,0,0,145
2023-08-08T22:18:53,145,0,0,145
2023-08-08T22:31:29,145,0,0,145
2023-08-08T22:44:06,145,0,0,145
2023-08-08T22:56:53,145,0,0,145
2023-08-08T23:09:33,145,0,0,145
2023-08-08T23:22:10,145,0,0,145
2023-08-08T23:34:48,145,0,0,145
2023-08-08T23:47:26,145,0,0,145
2023-08-09T00:00:03,145,0,0,145
2023-08-09T00:12:46,145,0,0,145
2023-08-09T00:25:25,145,0,0,145
2023-08-09T00:38:01,145,0,0,145
2023-08-09T00:50:39,145,0,0,145
2023-08-09T01:03:31,145,0,0,145
2023-08-09T01:16:09,145,0,0,145
2023-08-09T01:28:46,145,0,0,145
2023-08-09T01:41:22,145,0,0,145
2023-08-09T01:53:59,145,0,0,145
2023-08-09T02:06:38,145,0,0,145
2023-08-09T02:19:17,145,0,0,145
2023-08-09T02:31:55,145,0,0,145
2023-08-09T02:44:33,145,0,0,145
2023-08-09T02:57:11,145,0,0,145
2023-08-09T03:09:50,145,0,0,145
2023-08-09T03:22:30,145,0,0,145
2023-08-09T03:35:11,145,0,0,145
2023-08-09T03:47:51,145,0,0,145
2023-08-09T04:00:42,145,0,0,145
2023-08-09T04:28:12,145,0,0,145
2023-08-09T04:40:55,145,0,0,145
2023-08-09T04:53:36,145,0,0,145
2023-08-09T05:06:17,145,0,0,145
2023-08-09T05:18:57,145,0,0,145
2023-08-09T05:31:37,145,0,0,145
2023-08-09T05:44:19,145,0,0,145
2023-08-09T05:56:59,145,0,0,145
2023-08-09T06:09:39,145,0,0,145
2023-08-09T06:22:18,145,0,0,145
2023-08-09T06:35:02,145,0,0,145
2023-08-09T06:47:41,145,0,0,145
2023-08-09T07:00:21,145,0,0,145
2023-08-09T07:13:01,145,0,0,145
2023-08-09T07:25:39,145,0,0,145
2023-08-09T07:38:18,145,0,0,145
2023-08-09T07:50:58,145,0,0,145
2023-08-09T08:03:38,145,0,0,145
2023-08-09T08:16:26,145,0,0,145
2023-08-09T08:29:05,145,0,0,145
2023-08-09T08:41:43,145,0,0,145
2023-08-09T08:54:21,145,0,0,145
2023-08-09T09:07:00,145,0,0,145
2023-08-09T09:19:38,145,0,0,145
2023-08-09T09:32:14,145,0,0,145
2023-08-09T09:44:50,145,0,0,145
2023-08-09T09:57:26,145,0,0,145
2023-08-09T10:10:13,145,0,0,145
2023-08-09T10:22:49,145,0,0,145
2023-08-09T10:35:26,145,0,0,145
2023-08-09T10:48:02,145,0,0,145
2023-08-09T11:00:38,145,0,0,145
2023-08-09T11:13:14,145,0,0,145
2023-08-09T11:25:52,145,0,0,145
2023-08-09T11:38:39,145,0,0,145
2023-08-09T11:51:16,145,0,0,145
2023-08-09T12:03:51,145,0,0,145
2023-08-09T12:16:37,145,0,0,145
2023-08-09T12:29:14,145,0,0,145
2023-08-09T12:42:01,145,0,0,145
2023-08-09T12:54:37,145,0,0,145
2023-08-09T13:07:25,145,0,0,145
2023-08-09T13:20:01,145,0,0,145
2023-08-09T13:32:38,145,0,0,145
2023-08-09T13:45:24,145,0,0,145
2023-08-09T13:57:59,145,0,0,145
2023-08-09T14:13:24,145,0,0,145
2023-08-09T14:26:11,145,0,0,145
2023-08-09T14:38:48,145,0,0,145
2023-08-09T14:51:25,145,0,0,145
2023-08-09T15:04:03,145,0,0,145
2023-08-09T15:16:40,145,0,0,145
2023-08-09T15:29:17,145,0,0,145
2023-08-09T15:41:54,145,0,0,145
2023-08-09T15:54:40,145,0,0,145
2023-08-09T16:07:17,145,0,0,145
2023-08-09T16:19:55,145,0,0,145
2023-08-09T16:32:31,145,0,0,145
2023-08-09T16:45:08,145,0,0,145
2023-08-09T16:57:44,145,0,0,145
2023-08-09T17:10:21,145,0,0,145
2023-08-09T17:22:59,145,0,0,145
2023-08-09T17:35:35,145,0,0,145
2023-08-09T17:48:22,145,0,0,145
2023-08-09T18:00:59,145,0,0,145
2023-08-09T18:13:36,145,0,0,145
2023-08-09T18:26:13,145,0,0,145
2023-08-09T18:38:50,145,0,0,145
2023-08-09T18:51:27,145,0,0,145
2023-08-09T19:04:05,145,0,0,145
2023-08-09T19:16:42,145,0,0,145
2023-08-09T19:29:19,145,0,0,145
2023-08-09T19:41:57,145,0,0,145
2023-08-09T19:54:44,145,0,0,145
2023-08-09T20:07:21,145,0,0,145
2023-08-09T20:19:57,145,0,0,145
2023-08-09T20:32:33,145,0,0,145
2023-08-09T20:45:10,145,0,0,145
2023-08-09T20:57:46,145,0,0,145
2023-08-09T21:10:22,145,0,0,145
2023-08-09T21:22:59,145,0,0,145
2023-08-09T21:35:36,145,0,0,145
2023-08-09T21:48:14,145,0,0,145
2023-08-09T22:01:04,144,1,0,145
2023-08-09T22:13:40,144,1,0,145
2023-08-09T22:26:17,144,1,0,145
2023-08-09T22:38:54,144,1,0,145
2023-08-09T22:51:30,144,1,0,145
2023-08-09T23:04:07,144,1,0,145
2023-08-09T23:16:46,144,1,0,145
2023-08-09T23:29:24,144,1,0,145
2023-08-09T23:42:01,144,1,0,145
2023-08-09T23:54:39,144,1,0,145
2023-08-10T00:07:17,144,1,0,145
2023-08-10T00:20:01,144,1,0,145
2023-08-10T00:32:39,144,1,0,145
2023-08-10T00:45:17,144,1,0,145
2023-08-10T00:58:06,144,1,0,145
2023-08-10T01:10:44,144,1,0,145
2023-08-10T01:23:21,144,1,0,145
2023-08-10T01:35:59,144,1,0,145
2023-08-10T01:48:36,144,1,0,145
2023-08-10T02:01:15,144,1,0,145
2023-08-10T02:13:51,144,1,0,145
2023-08-10T02:26:26,144,1,0,145
2023-08-10T02:39:01,144,1,0,145
2023-08-10T02:51:39,144,1,0,145
2023-08-10T03:04:17,144,1,0,145
2023-08-10T03:16:55,144,1,0,145
2023-08-10T03:29:34,144,1,0,145
2023-08-10T03:42:14,144,1,0,145
2023-08-10T03:54:53,144,1,0,145
2023-08-10T04:09:41,144,1,0,145
2023-08-10T04:36:34,144,1,0,145
2023-08-10T04:49:16,144,1,0,145
2023-08-10T05:01:58,144,1,0,145
2023-08-10T05:14:36,144,1,0,145
2023-08-10T05:27:13,144,1,0,145
2023-08-10T05:39:54,144,1,0,145
2023-08-10T05:52:35,144,1,0,145
2023-08-10T06:05:26,144,1,0,145
2023-08-10T06:18:07,144,1,0,145
2023-08-10T06:30:48,144,1,0,145
2023-08-10T06:43:28,144,1,0,145
2023-08-10T06:56:08,144,1,0,145
2023-08-10T07:08:51,144,1,0,145
2023-08-10T07:21:32,144,1,0,145
2023-08-10T07:34:12,144,1,0,145
2023-08-10T07:46:50,144,1,0,145
2023-08-10T07:59:29,144,1,0,145
2023-08-10T08:12:07,144,1,0,145
2023-08-10T08:24:47,144,1,0,145
2023-08-10T08:37:36,144,1,0,145
2023-08-10T08:50:15,144,1,0,145
2023-08-10T09:02:53,144,1,0,145
2023-08-10T09:15:32,144,1,0,145
2023-08-10T09:28:11,144,1,0,145
2023-08-10T09:40:50,144,1,0,145
2023-08-10T09:53:28,144,1,0,145
2023-08-10T10:06:07,144,1,0,145
2023-08-10T10:18:46,144,1,0,145
2023-08-10T10:31:26,144,1,0,145
2023-08-10T10:44:04,144,1,0,145
2023-08-10T10:56:51,144,1,0,145
2023-08-10T11:09:29,144,1,0,145
2023-08-10T11:22:05,144,1,0,145
2023-08-10T11:34:43,144,1,0,145
2023-08-10T11:47:19,144,1,0,145
2023-08-10T11:59:57,144,1,0,145
2023-08-10T12:12:33,144,1,0,145
2023-08-10T12:25:20,144,1,0,145
2023-08-10T12:37:58,144,1,0,145
2023-08-10T12:50:35,144,1,0,145
2023-08-10T13:03:12,144,1,0,145
2023-08-10T13:15:49,144,1,0,145
2023-08-10T13:28:27,144,1,0,145
2023-08-10T13:41:05,144,1,0,145
2023-08-10T13:53:42,144,1,0,145
2023-08-10T14:06:19,144,1,0,145
2023-08-10T14:19:08,144,1,0,145
2023-08-10T14:31:46,144,1,0,145
2023-08-10T14:44:23,144,1,0,145
2023-08-10T14:57:01,144,1,0,145
2023-08-10T15:09:38,144,1,0,145
2023-08-10T15:22:17,144,1,0,145
2023-08-10T15:34:54,144,1,0,145
2023-08-10T15:47:31,144,1,0,145
2023-08-10T16:00:19,144,1,0,145
2023-08-10T16:12:56,144,1,0,145
2023-08-10T16:25:32,144,1,0,145
2023-08-10T16:38:09,144,1,0,145
2023-08-10T16:50:46,144,1,0,145
2023-08-10T17:03:24,144,1,0,145
2023-08-10T17:16:04,144,1,0,145
2023-08-10T17:28:42,144,1,0,145
2023-08-10T17:41:29,144,1,0,145
2023-08-10T17:54:07,144,1,0,145
2023-08-10T18:06:44,144,1,0,145
2023-08-10T18:19:23,144,1,0,145
2023-08-10T18:32:00,144,1,0,145
2023-08-10T18:44:38,144,1,0,145
2023-08-10T18:57:15,144,1,0,145
2023-08-10T19:09:54,144,1,0,145
2023-08-10T19:22:33,144,1,0,145
2023-08-10T19:35:11,144,1,0,145
2023-08-10T19:47:59,144,1,0,145
2023-08-10T20:00:37,144,1,0,145
2023-08-10T20:13:15,144,1,0,145
2023-08-10T20:25:53,144,1,0,145
2023-08-10T20:38:31,144,1,0,145
2023-08-10T20:51:10,144,1,0,145
2023-08-10T21:03:48,144,1,0,145
2023-08-10T21:16:26,144,1,0,145
2023-08-10T21:29:03,144,1,0,145
2023-08-10T21:41:41,144,1,0,145
2023-08-10T21:54:18,144,1,0,145
2023-08-10T22:06:57,144,1,0,145
2023-08-10T22:19:43,144,1,0,145
2023-08-10T22:32:20,144,1,0,145
2023-08-10T22:44:58,144,1,0,145
2023-08-10T22:57:35,144,1,0,145
2023-08-10T23:10:16,144,1,0,145
2023-08-10T23:22:54,144,1,0,145
2023-08-10T23:35:32,144,1,0,145
2023-08-10T23:48:11,144,1,0,145
2023-08-11T00:00:50,144,1,0,145
2023-08-11T00:13:32,144,1,0,145
2023-08-11T00:26:14,144,1,0,145
2023-08-11T00:38:55,144,1,0,145
2023-08-11T00:51:47,144,1,0,145
2023-08-11T01:04:29,144,1,0,145
2023-08-11T01:17:10,144,1,0,145
2023-08-11T01:29:53,144,1,0,145
2023-08-11T01:42:35,144,1,0,145
2023-08-11T01:55:20,144,1,0,145
2023-08-11T02:08:01,144,1,0,145
2023-08-11T02:20:38,144,1,0,145
2023-08-11T02:33:16,144,1,0,145
2023-08-11T02:45:54,144,1,0,145
2023-08-11T02:58:31,144,1,0,145
2023-08-11T03:11:10,144,1,0,145
2023-08-11T03:23:51,144,1,0,145
2023-08-11T03:36:32,144,1,0,145
2023-08-11T03:49:12,144,1,0,145
2023-08-11T04:01:53,144,1,0,145
2023-08-11T04:27:30,144,1,0,145
2023-08-11T04:41:39,144,1,0,145
2023-08-11T04:54:45,144,1,0,145
2023-08-11T05:07:27,144,1,0,145
2023-08-11T05:20:09,144,1,0,145
2023-08-11T05:32:50,144,1,0,145
2023-08-11T05:45:33,144,1,0,145
2023-08-11T05:58:14,144,1,0,145
2023-08-11T06:10:55,144,1,0,145
2023-08-11T06:23:35,144,1,0,145
2023-08-11T06:36:17,144,1,0,145
2023-08-11T06:48:56,144,1,0,145
2023-08-11T07:01:38,144,1,0,145
2023-08-11T07:14:20,144,1,0,145
2023-08-11T07:27:00,144,1,0,145
2023-08-11T07:39:39,144,1,0,145
2023-08-11T07:52:19,144,1,0,145
2023-08-11T08:04:58,144,1,0,145
2023-08-11T08:17:37,144,1,0,145
2023-08-11T08:30:19,144,1,0,145
2023-08-11T08:42:59,144,1,0,145
2023-08-11T08:55:38,144,1,0,145
2023-08-11T09:08:17,144,1,0,145
2023-08-11T09:21:07,144,1,0,145
2023-08-11T09:33:47,144,1,0,145
2023-08-11T09:46:27,144,1,0,145
2023-08-11T09:59:05,144,1,0,145
2023-08-11T10:11:43,144,1,0,145
2023-08-11T10:24:21,144,1,0,145
2023-08-11T10:36:59,144,1,0,145
2023-08-11T10:49:36,144,1,0,145
2023-08-11T11:02:13,144,1,0,145
2023-08-11T11:14:51,144,1,0,145
2023-08-11T11:27:29,144,1,0,145
2023-08-11T11:40:07,144,1,0,145
2023-08-11T11:52:54,144,1,0,145
2023-08-11T12:05:31,144,1,0,145
2023-08-11T12:18:08,144,1,0,145
2023-08-11T12:30:46,144,1,0,145
2023-08-11T12:43:23,144,1,0,145
2023-08-11T12:56:00,144,1,0,145
2023-08-11T13:08:38,144,1,0,145
2023-08-11T13:21:15,144,1,0,145
2023-08-11T13:33:53,144,1,0,145
2023-08-11T13:46:29,144,1,0,145
2023-08-11T13:59:06,144,1,0,145
2023-08-11T14:11:54,144,1,0,145
2023-08-11T14:24:31,144,1,0,145
2023-08-11T14:37:09,144,1,0,145
2023-08-11T14:49:47,144,1,0,145
2023-08-11T15:02:24,144,1,0,145
2023-08-11T15:15:02,144,1,0,145
2023-08-11T15:27:40,144,1,0,145
2023-08-11T15:40:18,144,1,0,145
2023-08-11T15:52:55,144,1,0,145
2023-08-11T16:05:32,144,1,0,145
2023-08-11T16:18:20,144,1,0,145
2023-08-11T16:30:58,144,1,0,145
2023-08-11T16:43:35,144,1,0,145
2023-08-11T16:56:12,144,1,0,145
2023-08-11T17:08:51,144,1,0,145
2023-08-11T17:21:28,144,1,0,145
2023-08-11T17:34:05,144,1,0,145
2023-08-11T17:46:42,144,1,0,145
2023-08-11T17:59:20,144,1,0,145
2023-08-11T18:11:57,144,1,0,145
2023-08-11T18:24:34,144,1,0,145
2023-08-11T18:37:12,144,1,0,145
2023-08-11T18:49:50,144,1,0,145
2023-08-11T19:02:39,144,1,0,145
2023-08-11T19:15:17,144,1,0,145
2023-08-11T19:27:56,144,1,0,145
2023-08-11T19:40:33,144,1,0,145
2023-08-11T19:53:11,144,1,0,145
2023-08-11T20:05:48,144,1,0,145
2023-08-11T20:18:26,144,1,0,145
2023-08-11T20:31:04,144,1,0,145
2023-08-11T20:43:42,144,1,0,145
2023-08-11T20:56:20,144,1,0,145
2023-08-11T21:08:58,144,1,0,145
2023-08-11T21:21:36,144,1,0,145
2023-08-11T21:34:24,144,1,0,145
2023-08-11T21:47:02,144,1,0,145
2023-08-11T21:59:40,144,1,0,145
2023-08-11T22:12:18,144,1,0,145
2023-08-11T22:24:56,144,1,0,145
2023-08-11T22:37:34,144,1,0,145
2023-08-11T22:50:12,144,1,0,145
2023-08-11T23:02:49,144,1,0,145
2023-08-11T23:15:28,144,1,0,145
2023-08-11T23:28:07,144,1,0,145
2023-08-11T23:40:47,144,1,0,145
2023-08-11T23:53:25,144,1,0,145
2023-08-12T00:06:15,144,1,0,145
2023-08-12T00:18:59,144,1,0,145
2023-08-12T00:31:40,144,1,0,145
2023-08-12T00:45:00,144,1,0,145
2023-08-12T00:57:44,144,1,0,145
2023-08-12T01:10:26,144,1,0,145
2023-08-12T01:23:07,144,1,0,145
2023-08-12T01:35:49,144,1,0,145
2023-08-12T01:48:31,144,1,0,145
2023-08-12T02:01:16,144,1,0,145
2023-08-12T02:13:56,144,1,0,145
2023-08-12T02:26:35,144,1,0,145
2023-08-12T02:39:16,144,1,0,145
2023-08-12T02:51:54,144,1,0,145
2023-08-12T03:04:32,144,1,0,145
2023-08-12T03:17:12,144,1,0,145
2023-08-12T03:29:51,144,1,0,145
2023-08-12T03:42:31,144,1,0,145
2023-08-12T03:55:11,144,1,0,145
2023-08-12T04:10:14,144,1,0,145
2023-08-12T04:37:09,144,1,0,145
2023-08-12T04:49:52,144,1,0,145
2023-08-12T05:02:34,144,1,0,145
2023-08-12T05:15:14,144,1,0,145
2023-08-12T05:27:52,144,1,0,145
2023-08-12T05:40:32,144,1,0,145
2023-08-12T05:53:10,144,1,0,145
2023-08-12T06:05:52,144,1,0,145
2023-08-12T06:18:34,144,1,0,145
2023-08-12T06:31:17,144,1,0,145
2023-08-12T06:43:58,144,1,0,145
2023-08-12T06:56:39,144,1,0,145
2023-08-12T07:09:20,144,1,0,145
2023-08-12T07:22:01,144,1,0,145
2023-08-12T07:34:41,144,1,0,145
2023-08-12T07:47:21,144,1,0,145
2023-08-12T08:00:01,144,1,0,145
2023-08-12T08:12:42,144,1,0,145
2023-08-12T08:25:31,144,1,0,145
2023-08-12T08:38:13,144,1,0,145
2023-08-12T08:50:53,144,1,0,145
2023-08-12T09:03:34,144,1,0,145
2023-08-12T09:16:15,144,1,0,145
2023-08-12T09:28:55,144,1,0,145
2023-08-12T09:41:36,144,1,0,145
2023-08-12T09:54:17,144,1,0,145
2023-08-12T10:06:57,144,1,0,145
2023-08-12T10:19:38,144,1,0,145
2023-08-12T10:32:32,144,1,0,145
2023-08-12T10:45:13,144,1,0,145
2023-08-12T10:57:53,144,1,0,145
2023-08-12T11:10:33,144,1,0,145
2023-08-12T11:23:13,144,1,0,145
2023-08-12T11:35:53,144,1,0,145
2023-08-12T11:48:33,144,1,0,145
2023-08-12T12:01:12,144,1,0,145
2023-08-12T12:13:53,144,1,0,145
2023-08-12T12:26:33,144,1,0,145
2023-08-12T12:39:13,144,1,0,145
2023-08-12T12:51:52,144,1,0,145
2023-08-12T13:04:29,144,1,0,145
2023-08-12T13:17:07,144,1,0,145
2023-08-12T13:29:44,144,1,0,145
2023-08-12T13:42:32,144,1,0,145
2023-08-12T13:55:09,144,1,0,145
2023-08-12T14:07:47,144,1,0,145
2023-08-12T14:20:25,144,1,0,145
2023-08-12T14:33:02,144,1,0,145
2023-08-12T14:45:39,144,1,0,145
2023-08-12T14:58:17,144,1,0,145
2023-08-12T15:10:55,144,1,0,145
2023-08-12T15:23:32,144,1,0,145
2023-08-12T15:36:10,144,1,0,145
2023-08-12T15:48:48,144,1,0,145
2023-08-12T16:01:26,144,1,0,145
2023-08-12T16:14:03,144,1,0,145
2023-08-12T16:26:41,144,1,0,145
2023-08-12T16:39:19,144,1,0,145
2023-08-12T16:51:56,144,1,0,145
2023-08-12T17:04:33,144,1,0,145
2023-08-12T17:17:23,144,1,0,145
2023-08-12T17:30:01,144,1,0,145
2023-08-12T17:42:39,144,1,0,145
2023-08-12T17:55:18,144,1,0,145
2023-08-12T18:07:56,144,1,0,145
2023-08-12T18:20:33,144,1,0,145
2023-08-12T18:33:12,144,1,0,145
2023-08-12T18:45:50,144,1,0,145
2023-08-12T18:58:28,144,1,0,145
2023-08-12T19:11:06,144,1,0,145
2023-08-12T19:23:44,144,1,0,145
2023-08-12T19:36:22,144,1,0,145
2023-08-12T19:49:00,144,1,0,145
2023-08-12T20:01:38,144,1,0,145
2023-08-12T20:14:15,144,1,0,145
2023-08-12T20:27:04,144,1,0,145
2023-08-12T20:39:42,144,1,0,145
2023-08-12T20:52:19,144,1,0,145
2023-08-12T21:04:57,144,1,0,145
2023-08-12T21:17:35,144,1,0,145
2023-08-12T21:30:14,144,1,0,145
2023-08-12T21:42:52,144,1,0,145
2023-08-12T21:55:30,144,1,0,145
2023-08-12T22:08:07,144,1,0,145
2023-08-12T22:20:45,144,1,0,145
2023-08-12T22:33:23,144,1,0,145
2023-08-12T22:46:01,144,1,0,145
2023-08-12T22:58:38,144,1,0,145
2023-08-12T23:11:18,144,1,0,145
2023-08-12T23:23:57,144,1,0,145
2023-08-12T23:36:35,144,1,0,145
2023-08-12T23:49:13,144,1,0,145
2023-08-13T00:01:51,144,1,0,145
2023-08-13T00:14:41,144,1,0,145
2023-08-13T00:27:23,144,1,0,145
2023-08-13T00:40:04,144,1,0,145
2023-08-13T00:52:43,144,1,0,145
2023-08-13T01:05:21,144,1,0,145
2023-08-13T01:18:00,144,1,0,145
2023-08-13T01:30:37,144,1,0,145
2023-08-13T01:43:15,144,1,0,145
2023-08-13T01:55:54,144,1,0,145
2023-08-13T02:08:31,144,1,0,145
2023-08-13T02:21:10,144,1,0,145
2023-08-13T02:33:53,144,1,0,145
2023-08-13T02:46:40,144,1,0,145
2023-08-13T02:59:23,144,1,0,145
2023-08-13T03:12:23,144,1,0,145
2023-08-13T03:25:07,144,1,0,145
2023-08-13T03:37:51,144,1,0,145
2023-08-13T03:51:21,144,1,0,145
2023-08-13T04:04:03,144,1,0,145
2023-08-13T04:26:00,144,1,0,145
2023-08-13T04:38:47,144,1,0,145
2023-08-13T04:51:35,144,1,0,145
2023-08-13T05:04:19,144,1,0,145
2023-08-13T05:17:01,144,1,0,145
2023-08-13T05:29:44,144,1,0,145
2023-08-13T05:42:27,144,1,0,145
2023-08-13T05:55:10,144,1,0,145
2023-08-13T06:07:52,144,1,0,145
2023-08-13T06:20:34,144,1,0,145
2023-08-13T06:33:16,144,1,0,145
2023-08-13T06:45:57,144,1,0,145
2023-08-13T06:58:38,144,1,0,145
2023-08-13T07:11:19,144,1,0,145
2023-08-13T07:23:58,144,1,0,145
2023-08-13T07:36:42,144,1,0,145
2023-08-13T07:49:22,144,1,0,145
2023-08-13T08:02:06,144,1,0,145
2023-08-13T08:14:48,144,1,0,145
2023-08-13T08:27:30,144,1,0,145
2023-08-13T08:40:11,144,1,0,145
2023-08-13T08:52:51,144,1,0,145
2023-08-13T09:05:37,144,1,0,145
2023-08-13T09:18:16,144,1,0,145
2023-08-13T09:30:55,144,1,0,145
2023-08-13T09:43:33,144,1,0,145
2023-08-13T09:56:12,144,1,0,145
2023-08-13T10:08:51,144,1,0,145
2023-08-13T10:21:30,144,1,0,145
2023-08-13T10:34:10,144,1,0,145
2023-08-13T10:46:50,144,1,0,145
2023-08-13T10:59:29,144,1,0,145
2023-08-13T11:12:08,144,1,0,145
2023-08-13T11:24:47,144,1,0,145
2023-08-13T11:37:25,144,1,0,145
2023-08-13T11:50:03,144,1,0,145
2023-08-13T12:02:52,144,1,0,145
2023-08-13T12:15:31,144,1,0,145
2023-08-13T12:28:09,144,1,0,145
2023-08-13T12:40:48,144,1,0,145
2023-08-13T12:53:25,144,1,0,145
2023-08-13T13:06:03,144,1,0,145
2023-08-13T13:18:41,144,1,0,145
2023-08-13T13:31:19,144,1,0,145
2023-08-13T13:43:56,144,1,0,145
2023-08-13T13:56:35,144,1,0,145
2023-08-13T14:09:13,144,1,0,145
2023-08-13T14:22:02,144,1,0,145
2023-08-13T14:34:40,144,1,0,145
2023-08-13T14:47:17,144,1,0,145
2023-08-13T14:59:56,144,1,0,145
2023-08-13T15:12:34,144,1,0,145
2023-08-13T15:25:11,144,1,0,145
2023-08-13T15:37:49,144,1,0,145
2023-08-13T15:50:26,144,1,0,145
2023-08-13T16:03:05,144,1,0,145
2023-08-13T16:15:43,144,1,0,145
2023-08-13T16:28:22,144,1,0,145
2023-08-13T16:41:01,144,1,0,145
2023-08-13T16:53:51,144,1,0,145
2023-08-13T17:06:29,144,1,0,145
2023-08-13T17:19:08,144,1,0,145
2023-08-13T17:31:46,144,1,0,145
2023-08-13T17:44:24,144,1,0,145
2023-08-13T17:57:02,144,1,0,145
2023-08-13T18:09:40,144,1,0,145
2023-08-13T18:22:17,144,1,0,145
2023-08-13T18:34:55,144,1,0,145
2023-08-13T18:47:33,144,1,0,145
2023-08-13T19:00:20,144,1,0,145
2023-08-13T19:13:02,144,1,0,145
2023-08-13T19:25:40,144,1,0,145
2023-08-13T19:38:18,144,1,0,145
2023-08-13T19:50:56,144,1,0,145
2023-08-13T20:03:34,144,1,0,145
2023-08-13T20:16:12,144,1,0,145
2023-08-13T20:28:49,144,1,0,145
2023-08-13T20:41:27,144,1,0,145
2023-08-13T20:54:04,144,1,0,145
2023-08-13T21:06:41,144,1,0,145
2023-08-13T21:19:30,144,1,0,145
2023-08-13T21:32:08,144,1,0,145
2023-08-13T21:44:48,144,1,0,145
2023-08-13T21:57:27,144,1,0,145
2023-08-13T22:10:04,144,1,0,145
2023-08-13T22:22:42,144,1,0,145
2023-08-13T22:35:20,144,1,0,145
2023-08-13T22:47:58,144,1,0,145
2023-08-13T23:00:35,144,1,0,145
2023-08-13T23:13:17,144,1,0,145
2023-08-13T23:25:56,144,1,0,145
2023-08-13T23:38:45,144,1,0,145
2023-08-13T23:51:23,144,1,0,145
2023-08-14T00:04:02,144,1,0,145
2023-08-14T00:16:54,144,1,0,145
2023-08-14T00:29:44,144,1,0,145
2023-08-14T00:42:31,144,1,0,145
2023-08-14T00:55:12,144,1,0,145
2023-08-14T01:07:50,144,1,0,145
2023-08-14T01:20:36,144,1,0,145
2023-08-14T01:33:29,144,1,0,145
2023-08-14T01:46:11,144,1,0,145
2023-08-14T01:58:53,144,1,0,145
2023-08-14T02:11:46,144,1,0,145
2023-08-14T02:24:27,144,1,0,145
2023-08-14T02:37:08,144,1,0,145
2023-08-14T02:49:48,144,1,0,145
2023-08-14T03:02:29,144,1,0,145
2023-08-14T03:15:09,144,1,0,145
2023-08-14T03:27:51,144,1,0,145
2023-08-14T03:40:31,144,1,0,145
2023-08-14T03:53:10,144,1,0,145
2023-08-14T04:25:35,144,1,0,145
2023-08-14T04:38:18,144,1,0,145
2023-08-14T04:51:01,144,1,0,145
2023-08-14T05:03:44,144,1,0,145
2023-08-14T05:16:25,144,1,0,145
2023-08-14T05:29:07,144,1,0,145
2023-08-14T05:41:50,144,1,0,145
2023-08-14T05:54:32,144,1,0,145
2023-08-14T06:07:13,144,1,0,145
2023-08-14T06:19:54,144,1,0,145
2023-08-14T06:32:39,144,1,0,145
2023-08-14T06:45:20,144,1,0,145
2023-08-14T06:58:01,144,1,0,145
2023-08-14T07:10:42,144,1,0,145
2023-08-14T07:23:20,144,1,0,145
2023-08-14T07:35:59,144,1,0,145
2023-08-14T07:48:48,144,1,0,145
2023-08-14T08:01:26,144,1,0,145
2023-08-14T08:14:04,144,1,0,145
2023-08-14T08:26:43,144,1,0,145
2023-08-14T08:39:21,144,1,0,145
2023-08-14T08:51:59,144,1,0,145
2023-08-14T09:04:37,144,1,0,145
2023-08-14T09:17:15,144,1,0,145
2023-08-14T09:29:52,144,1,0,145
2023-08-14T09:42:39,144,1,0,145
2023-08-14T09:55:18,144,1,0,145
2023-08-14T10:07:56,144,1,0,145
2023-08-14T10:20:34,144,1,0,145
2023-08-14T10:33:12,144,1,0,145
2023-08-14T10:46:01,144,1,0,145
2023-08-14T10:58:39,144,1,0,145
2023-08-14T11:11:18,144,1,0,145
2023-08-14T11:23:56,144,1,0,145
2023-08-14T11:36:34,144,1,0,145
2023-08-14T11:49:12,144,1,0,145
2023-08-14T12:02:01,144,1,0,145
2023-08-14T12:14:38,144,1,0,145
2023-08-14T12:27:16,144,1,0,145
2023-08-14T12:39:54,144,1,0,145
2023-08-14T12:52:31,144,1,0,145
2023-08-14T13:05:19,144,1,0,145
2023-08-14T13:17:57,144,1,0,145
2023-08-14T13:30:35,144,1,0,145
2023-08-14T13:43:14,144,1,0,145
2023-08-14T13:56:04,144,1,0,145
2023-08-14T14:08:43,144,1,0,145
2023-08-14T14:21:21,144,1,0,145
2023-08-14T14:34:00,144,1,0,145
2023-08-14T14:46:38,144,1,0,145
2023-08-14T14:59:18,144,1,0,145
2023-08-14T15:12:06,144,1,0,145
2023-08-14T15:24:45,144,1,0,145
2023-08-14T15:37:23,144,1,0,145
2023-08-14T15:50:03,144,1,0,145
2023-08-14T16:02:41,144,1,0,145
2023-08-14T16:15:19,144,1,0,145
2023-08-14T16:28:08,144,1,0,145
2023-08-14T16:40:48,144,1,0,145
2023-08-14T16:53:27,144,1,0,145
2023-08-14T17:06:06,144,1,0,145
2023-08-14T17:18:46,144,1,0,145
2023-08-14T17:31:24,144,1,0,145
2023-08-14T17:44:03,144,1,0,145
2023-08-14T17:56:42,144,1,0,145
2023-08-14T18:09:20,144,1,0,145
2023-08-14T18:22:09,144,1,0,145
2023-08-14T18:34:48,144,1,0,145
2023-08-14T18:47:26,144,1,0,145
2023-08-14T19:00:05,144,1,0,145
2023-08-14T19:12:44,144,1,0,145
2023-08-14T19:25:22,144,1,0,145
2023-08-14T19:38:11,144,1,0,145
2023-08-14T19:50:49,144,1,0,145
2023-08-14T20:03:27,144,1,0,145
2023-08-14T20:16:05,144,1,0,145
2023-08-14T20:28:43,144,1,0,145
2023-08-14T20:41:32,144,1,0,145
2023-08-14T20:54:11,144,1,0,145
2023-08-14T21:06:50,144,1,0,145
2023-08-14T21:19:28,144,1,0,145
2023-08-14T21:32:06,144,1,0,145
2023-08-14T21:44:45,144,1,0,145
2023-08-14T21:57:24,144,1,0,145
2023-08-14T22:10:02,144,1,0,145
2023-08-14T22:22:50,144,1,0,145
2023-08-14T22:35:29,144,1,0,145
2023-08-14T22:48:07,144,1,0,145
2023-08-14T23:00:47,144,1,0,145
2023-08-14T23:13:27,144,1,0,145
2023-08-14T23:26:07,144,1,0,145
2023-08-14T23:38:47,144,1,0,145
2023-08-14T23:51:25,144,1,0,145
2023-08-15T00:04:06,144,1,0,145
2023-08-15T00:16:56,144,1,0,145
2023-08-15T00:29:40,144,1,0,145
2023-08-15T00:42:22,144,1,0,145
2023-08-15T00:55:05,144,1,0,145
2023-08-15T01:07:49,144,1,0,145
2023-08-15T01:20:31,144,1,0,145
2023-08-15T01:33:13,144,1,0,145
2023-08-15T01:45:55,144,1,0,145
2023-08-15T01:58:39,144,1,0,145
2023-08-15T02:11:22,144,1,0,145
2023-08-15T02:24:02,144,1,0,145
2023-08-15T02:36:43,144,1,0,145
2023-08-15T02:49:23,144,1,0,145
2023-08-15T03:02:02,144,1,0,145
2023-08-15T03:14:42,144,1,0,145
2023-08-15T03:27:23,144,1,0,145
2023-08-15T03:40:03,144,1,0,145
2023-08-15T03:52:45,144,1,0,145
2023-08-15T04:05:25,144,1,0,145
2023-08-15T04:44:47,144,1,0,145
2023-08-15T04:57:31,144,1,0,145
2023-08-15T05:10:13,144,1,0,145
2023-08-15T05:22:52,144,1,0,145
2023-08-15T05:35:34,144,1,0,145
2023-08-15T05:48:13,144,1,0,145
2023-08-15T06:00:51,144,1,0,145
2023-08-15T06:13:30,144,1,0,145
2023-08-15T06:26:14,144,1,0,145
2023-08-15T06:38:55,144,1,0,145
2023-08-15T06:51:37,144,1,0,145
2023-08-15T07:04:18,144,1,0,145
2023-08-15T07:17:07,144,1,0,145
2023-08-15T07:29:48,144,1,0,145
2023-08-15T07:42:36,144,1,0,145
2023-08-15T07:55:17,144,1,0,145
2023-08-15T08:07:58,144,1,0,145
2023-08-15T08:20:38,144,1,0,145
2023-08-15T08:33:18,144,1,0,145
2023-08-15T08:46:00,144,1,0,145
2023-08-15T08:58:43,144,1,0,145
2023-08-15T09:11:25,144,1,0,145
2023-08-15T09:24:08,144,1,0,145
2023-08-15T09:36:54,144,1,0,145
2023-08-15T09:49:36,144,1,0,145
2023-08-15T10:02:19,144,1,0,145
2023-08-15T10:15:12,144,1,0,145
2023-08-15T10:27:57,144,1,0,145
2023-08-15T10:40:39,144,1,0,145
2023-08-15T10:53:21,144,1,0,145
2023-08-15T11:06:00,144,1,0,145
2023-08-15T11:18:40,144,1,0,145
2023-08-15T11:31:20,144,1,0,145
2023-08-15T11:44:00,144,1,0,145
2023-08-15T11:56:40,144,1,0,145
2023-08-15T12:09:29,144,1,0,145
2023-08-15T12:22:08,144,1,0,145
2023-08-15T12:34:47,144,1,0,145
2023-08-15T12:47:25,144,1,0,145
2023-08-15T13:00:03,144,1,0,145
2023-08-15T13:12:41,144,1,0,145
2023-08-15T13:25:19,144,1,0,145
2023-08-15T13:38:09,144,1,0,145
2023-08-15T13:50:48,144,1,0,145
2023-08-15T14:03:27,144,1,0,145
2023-08-15T14:16:06,144,1,0,145
2023-08-15T14:28:46,144,1,0,145
2023-08-15T14:41:25,144,1,0,145
2023-08-15T14:54:04,144,1,0,145
2023-08-15T15:06:43,144,1,0,145
2023-08-15T15:19:32,144,1,0,145
2023-08-15T15:32:11,144,1,0,145
2023-08-15T15:44:50,144,1,0,145
2023-08-15T15:57:30,144,1,0,145
2023-08-15T16:10:09,144,1,0,145
2023-08-15T16:22:49,144,1,0,145
2023-08-15T16:35:28,144,1,0,145
2023-08-15T16:48:07,144,1,0,145
2023-08-15T17:00:47,144,1,0,145
2023-08-15T17:13:38,144,1,0,145
2023-08-15T17:26:17,144,1,0,145
2023-08-15T17:38:56,144,1,0,145
2023-08-15T17:51:34,144,1,0,145
2023-08-15T18:04:12,144,1,0,145
2023-08-15T18:16:52,144,1,0,145
2023-08-15T18:29:31,144,1,0,145
2023-08-15T18:42:09,144,1,0,145
2023-08-15T18:54:57,144,1,0,145
2023-08-15T19:07:36,144,1,0,145
2023-08-15T19:20:15,144,1,0,145
2023-08-15T19:32:54,144,1,0,145
2023-08-15T19:45:33,144,1,0,145
2023-08-15T19:58:12,144,1,0,145
2023-08-15T20:10:51,144,1,0,145
2023-08-15T20:23:29,144,1,0,145
2023-08-15T20:36:07,144,1,0,145
2023-08-15T20:48:46,144,1,0,145
2023-08-15T21:01:34,144,1,0,145
2023-08-15T21:14:13,144,1,0,145
2023-08-15T21:26:51,144,1,0,145
2023-08-15T21:39:29,144,1,0,145
2023-08-15T21:52:08,144,1,0,145
2023-08-15T22:04:47,144,1,0,145
2023-08-15T22:17:26,144,1,0,145
2023-08-15T22:30:05,144,1,0,145
2023-08-15T22:42:43,144,1,0,145
2023-08-15T22:55:22,144,1,0,145
2023-08-15T23:08:13,144,1,0,145
2023-08-15T23:20:52,144,1,0,145
2023-08-15T23:33:31,144,1,0,145
2023-08-15T23:46:11,144,1,0,145
2023-08-15T23:58:50,144,1,0,145
2023-08-16T00:11:32,144,1,0,145
2023-08-16T00:24:15,144,1,0,145
2023-08-16T00:36:58,144,1,0,145
2023-08-16T00:49:41,144,1,0,145
2023-08-16T01:02:35,144,1,0,145
2023-08-16T01:15:18,144,1,0,145
2023-08-16T01:28:02,144,1,0,145
2023-08-16T01:40:45,144,1,0,145
2023-08-16T01:53:29,144,1,0,145
2023-08-16T02:06:21,144,1,0,145
2023-08-16T02:19:01,144,1,0,145
2023-08-16T02:31:40,144,1,0,145
2023-08-16T02:44:20,144,1,0,145
2023-08-16T02:56:59,144,1,0,145
2023-08-16T03:09:49,144,1,0,145
2023-08-16T03:22:28,144,1,0,145
2023-08-16T03:35:08,144,1,0,145
2023-08-16T03:47:48,144,1,0,145
2023-08-16T04:00:31,144,1,0,145
2023-08-16T04:13:23,144,1,0,145
2023-08-16T04:34:56,144,1,0,145
2023-08-16T04:47:43,144,1,0,145
2023-08-16T05:00:29,144,1,0,145
2023-08-16T05:13:11,144,1,0,145
2023-08-16T05:26:00,144,1,0,145
2023-08-16T05:38:45,144,1,0,145
2023-08-16T05:51:28,144,1,0,145
2023-08-16T06:04:10,144,1,0,145
2023-08-16T06:17:02,144,1,0,145
2023-08-16T06:29:46,144,1,0,145
2023-08-16T06:42:28,144,1,0,145
2023-08-16T06:55:10,144,1,0,145
2023-08-16T07:08:02,144,1,0,145
2023-08-16T07:20:43,144,1,0,145
2023-08-16T07:33:24,144,1,0,145
2023-08-16T07:46:04,144,1,0,145
2023-08-16T07:58:55,144,1,0,145
2023-08-16T08:11:35,144,1,0,145
2023-08-16T08:24:15,144,1,0,145
2023-08-16T08:36:56,144,1,0,145
2023-08-16T08:49:46,144,1,0,145
2023-08-16T09:02:27,144,1,0,145
2023-08-16T09:15:08,144,1,0,145
2023-08-16T09:27:56,144,1,0,145
2023-08-16T09:40:34,144,1,0,145
2023-08-16T09:53:13,144,1,0,145
2023-08-16T10:05:51,144,1,0,145
2023-08-16T10:18:39,144,1,0,145
2023-08-16T10:31:17,144,1,0,145
2023-08-16T10:43:56,144,1,0,145
2023-08-16T10:56:44,144,1,0,145
2023-08-16T11:09:22,144,1,0,145
2023-08-16T11:22:00,144,1,0,145
2023-08-16T11:34:38,144,1,0,145
2023-08-16T11:47:27,144,1,0,145
2023-08-16T12:00:05,144,1,0,145
2023-08-16T12:12:44,144,1,0,145
2023-08-16T12:25:32,144,1,0,145
2023-08-16T12:38:11,144,1,0,145
2023-08-16T12:50:58,144,1,0,145
2023-08-16T13:03:37,144,1,0,145
2023-08-16T13:16:15,144,1,0,145
2023-08-16T13:28:54,144,1,0,145
2023-08-16T13:41:32,144,1,0,145
2023-08-16T13:54:14,144,1,0,145
2023-08-16T14:06:54,144,1,0,145
2023-08-16T14:19:32,144,1,0,145
2023-08-16T14:32:20,144,1,0,145
2023-08-16T14:44:58,144,1,0,145
2023-08-16T14:57:37,144,1,0,145
2023-08-16T15:10:15,144,1,0,145
2023-08-16T15:22:55,144,1,0,145
2023-08-16T15:35:35,144,1,0,145
2023-08-16T15:48:14,144,1,0,145
2023-08-16T16:00:53,144,1,0,145
2023-08-16T16:13:32,144,1,0,145
2023-08-16T16:26:21,144,1,0,145
2023-08-16T16:39:01,144,1,0,145
2023-08-16T16:51:40,144,1,0,145
2023-08-16T17:04:19,144,1,0,145
2023-08-16T17:16:59,144,1,0,145
2023-08-16T17:29:37,144,1,0,145
2023-08-16T17:42:16,144,1,0,145
2023-08-16T17:54:55,144,1,0,145
2023-08-16T18:07:33,144,1,0,145
2023-08-16T18:20:22,144,1,0,145
2023-08-16T18:33:02,144,1,0,145
2023-08-16T18:45:40,144,1,0,145
2023-08-16T18:58:19,144,1,0,145
2023-08-16T19:11:00,144,1,0,145
2023-08-16T19:23:40,144,1,0,145
2023-08-16T19:36:20,144,1,0,145
2023-08-16T19:49:00,144,1,0,145
2023-08-16T20:01:39,144,1,0,145
2023-08-16T20:14:18,144,1,0,145
2023-08-16T20:27:07,144,1,0,145
2023-08-16T20:39:46,144,1,0,145
2023-08-16T20:52:26,144,1,0,145
2023-08-16T21:05:05,144,1,0,145
2023-08-16T21:17:44,144,1,0,145
2023-08-16T21:30:23,144,1,0,145
2023-08-16T21:43:03,144,1,0,145
2023-08-16T21:55:43,144,1,0,145
2023-08-16T22:08:21,144,1,0,145
2023-08-16T22:21:00,144,1,0,145
2023-08-16T22:33:49,144,1,0,145
2023-08-16T22:46:28,144,1,0,145
2023-08-16T22:59:06,144,1,0,145
2023-08-16T23:11:49,144,1,0,145
2023-08-16T23:24:28,144,1,0,145
2023-08-16T23:37:08,144,1,0,145
2023-08-16T23:49:49,144,1,0,145
2023-08-17T00:02:29,144,1,0,145
2023-08-17T00:15:13,144,1,0,145
2023-08-17T00:27:58,144,1,0,145
2023-08-17T00:40:42,144,1,0,145
2023-08-17T00:53:35,144,1,0,145
2023-08-17T01:06:19,144,1,0,145
2023-08-17T01:19:02,144,1,0,145
2023-08-17T01:31:45,144,1,0,145
2023-08-17T01:44:28,144,1,0,145
2023-08-17T01:57:11,144,1,0,145
2023-08-17T02:09:54,144,1,0,145
2023-08-17T02:22:34,144,1,0,145
2023-08-17T02:35:14,144,1,0,145
2023-08-17T02:47:54,144,1,0,145
2023-08-17T03:00:36,144,1,0,145
2023-08-17T03:13:21,144,1,0,145
2023-08-17T03:26:07,144,1,0,145
2023-08-17T03:38:49,144,1,0,145
2023-08-17T03:51:31,144,1,0,145
2023-08-17T04:06:17,144,1,0,145
2023-08-17T04:27:48,144,1,0,145
2023-08-17T04:40:33,144,1,0,145
2023-08-17T04:53:17,144,1,0,145
2023-08-17T05:06:02,144,1,0,145
2023-08-17T05:18:46,144,1,0,145
2023-08-17T05:31:29,144,1,0,145
2023-08-17T05:44:13,144,1,0,145
2023-08-17T05:56:56,144,1,0,145
2023-08-17T06:09:38,144,1,0,145
2023-08-17T06:22:20,144,1,0,145
2023-08-17T06:35:04,144,1,0,145
2023-08-17T06:47:48,144,1,0,145
2023-08-17T07:00:31,144,1,0,145
2023-08-17T07:13:17,144,1,0,145
2023-08-17T07:26:12,144,1,0,145
2023-08-17T07:38:53,144,1,0,145
2023-08-17T07:51:42,144,1,0,145
2023-08-17T08:04:22,144,1,0,145
2023-08-17T08:17:02,144,1,0,145
2023-08-17T08:29:41,144,1,0,145
2023-08-17T08:42:20,144,1,0,145
2023-08-17T08:55:00,144,1,0,145
2023-08-17T09:07:40,144,1,0,145
2023-08-17T09:20:19,144,1,0,145
2023-08-17T09:32:59,144,1,0,145
2023-08-17T09:45:39,144,1,0,145
2023-08-17T09:58:20,144,1,0,145
2023-08-17T10:10:59,144,1,0,145
2023-08-17T10:23:51,144,1,0,145
2023-08-17T10:36:30,144,1,0,145
2023-08-17T10:49:09,144,1,0,145
2023-08-17T11:01:48,144,1,0,145
2023-08-17T11:14:27,144,1,0,145
2023-08-17T11:27:06,144,1,0,145
2023-08-17T11:39:46,144,1,0,145
2023-08-17T11:52:25,144,1,0,145
2023-08-17T12:05:14,144,1,0,145
2023-08-17T12:17:53,144,1,0,145
2023-08-17T12:30:31,144,1,0,145
2023-08-17T12:43:12,144,1,0,145
2023-08-17T12:55:51,144,1,0,145
2023-08-17T13:08:30,144,1,0,145
2023-08-17T13:21:08,144,1,0,145
2023-08-17T13:33:47,144,1,0,145
2023-08-17T13:46:27,144,1,0,145
2023-08-17T13:59:16,144,1,0,145
2023-08-17T14:11:55,144,1,0,145
2023-08-17T14:24:34,144,1,0,145
2023-08-17T14:37:14,144,1,0,145
2023-08-17T14:49:52,144,1,0,145
2023-08-17T15:02:32,144,1,0,145
2023-08-17T15:15:11,144,1,0,145
2023-08-17T15:27:51,144,1,0,145
2023-08-17T15:40:31,144,1,0,145
2023-08-17T15:53:22,144,1,0,145
2023-08-17T16:06:01,144,1,0,145
2023-08-17T16:18:41,144,1,0,145
2023-08-17T16:31:20,144,1,0,145
2023-08-17T16:44:00,144,1,0,145
2023-08-17T16:56:40,144,1,0,145
2023-08-17T17:09:20,144,1,0,145
2023-08-17T17:22:00,144,1,0,145
2023-08-17T17:34:50,144,1,0,145
2023-08-17T17:47:30,144,1,0,145
2023-08-17T18:00:10,144,1,0,145
2023-08-17T18:12:50,144,1,0,145
2023-08-17T18:25:29,144,1,0,145
2023-08-17T18:38:10,144,1,0,145
2023-08-17T18:50:50,144,1,0,145
2023-08-17T19:03:30,144,1,0,145
2023-08-17T19:16:10,144,1,0,145
2023-08-17T19:29:02,144,1,0,145
2023-08-17T19:41:43,144,1,0,145
2023-08-17T19:54:24,144,1,0,145
2023-08-17T20:07:04,144,1,0,145
2023-08-17T20:19:43,144,1,0,145
2023-08-17T20:32:24,144,1,0,145
2023-08-17T20:45:04,144,1,0,145
2023-08-17T20:57:43,144,1,0,145
2023-08-17T21:10:23,144,1,0,145
2023-08-17T21:23:03,144,1,0,145
2023-08-17T21:35:43,144,1,0,145
2023-08-17T21:48:23,144,1,0,145
2023-08-17T22:01:14,144,1,0,145
2023-08-17T22:13:53,144,1,0,145
2023-08-17T22:26:33,144,1,0,145
2023-08-17T22:39:15,144,1,0,145
2023-08-17T22:51:54,144,1,0,145
2023-08-17T23:04:36,144,1,0,145
2023-08-17T23:17:19,144,1,0,145
2023-08-17T23:30:00,144,1,0,145
2023-08-17T23:42:42,144,1,0,145
2023-08-17T23:55:23,144,1,0,145
2023-08-18T00:08:05,144,1,0,145
2023-08-18T00:20:58,144,1,0,145
2023-08-18T00:33:52,144,1,0,145
2023-08-18T00:46:36,144,1,0,145
2023-08-18T00:59:20,144,1,0,145
2023-08-18T01:12:06,144,1,0,145
2023-08-18T01:24:51,144,1,0,145
2023-08-18T01:37:35,144,1,0,145
2023-08-18T01:50:20,144,1,0,145
2023-08-18T02:03:06,144,1,0,145
2023-08-18T02:15:51,144,1,0,145
2023-08-18T02:28:56,144,1,0,145
2023-08-18T02:41:40,144,1,0,145
2023-08-18T02:54:25,144,1,0,145
2023-08-18T03:07:08,144,1,0,145
2023-08-18T03:19:54,144,1,0,145
2023-08-18T03:32:37,144,1,0,145
2023-08-18T03:45:22,144,1,0,145
2023-08-18T03:58:06,144,1,0,145
2023-08-18T04:10:48,144,1,0,145
2023-08-18T04:30:57,144,1,0,145
2023-08-18T04:45:01,144,1,0,145
2023-08-18T04:58:06,144,1,0,145
2023-08-18T05:10:54,144,1,0,145
2023-08-18T05:23:37,144,1,0,145
2023-08-18T05:36:21,144,1,0,145
2023-08-18T05:49:05,144,1,0,145
2023-08-18T06:01:48,144,1,0,145
2023-08-18T06:14:34,144,1,0,145
2023-08-18T06:27:18,144,1,0,145
2023-08-18T06:40:02,144,1,0,145
2023-08-18T06:52:44,144,1,0,145
2023-08-18T07:05:25,144,1,0,145
2023-08-18T07:18:05,144,1,0,145
2023-08-18T07:30:46,144,1,0,145
2023-08-18T07:43:26,144,1,0,145
2023-08-18T07:56:06,144,1,0,145
2023-08-18T08:08:47,144,1,0,145
2023-08-18T08:21:27,144,1,0,145
2023-08-18T08:34:07,144,1,0,145
2023-08-18T08:46:48,144,1,0,145
2023-08-18T08:59:27,144,1,0,145
2023-08-18T09:12:07,144,1,0,145
2023-08-18T09:24:47,144,1,0,145
2023-08-18T09:37:37,144,1,0,145
2023-08-18T09:50:17,144,1,0,145
2023-08-18T10:02:57,144,1,0,145
2023-08-18T10:15:37,144,1,0,145
2023-08-18T10:28:16,144,1,0,145
2023-08-18T10:40:56,144,1,0,145
2023-08-18T10:53:36,144,1,0,145
2023-08-18T11:06:16,144,1,0,145
2023-08-18T11:18:55,144,1,0,145
2023-08-18T11:31:46,144,1,0,145
2023-08-18T11:44:26,144,1,0,145
2023-08-18T11:57:06,144,1,0,145
2023-08-18T12:09:46,144,1,0,145
2023-08-18T12:22:25,144,1,0,145
2023-08-18T12:35:04,144,1,0,145
2023-08-18T12:47:44,144,1,0,145
2023-08-18T13:00:23,144,1,0,145
2023-08-18T13:13:02,144,1,0,145
2023-08-18T13:25:42,144,1,0,145
2023-08-18T13:38:33,144,1,0,145
2023-08-18T13:51:13,144,1,0,145
2023-08-18T14:03:52,144,1,0,145
2023-08-18T14:16:32,144,1,0,145
2023-08-18T14:29:11,144,1,0,145
2023-08-18T14:41:52,144,1,0,145
2023-08-18T14:54:31,144,1,0,145
2023-08-18T15:07:11,144,1,0,145
2023-08-18T15:19:51,144,1,0,145
2023-08-18T15:32:30,144,1,0,145
2023-08-18T15:45:20,144,1,0,145
2023-08-18T15:58:00,144,1,0,145
2023-08-18T16:10:41,144,1,0,145
2023-08-18T16:23:22,144,1,0,145
2023-08-18T16:36:01,144,1,0,145
2023-08-18T16:48:41,144,1,0,145
2023-08-18T17:01:20,144,1,0,145
2023-08-18T17:14:00,144,1,0,145
2023-08-18T17:26:40,144,1,0,145
2023-08-18T17:39:31,144,1,0,145
2023-08-18T17:52:11,144,1,0,145
2023-08-18T18:04:51,144,1,0,145
2023-08-18T18:17:30,144,1,0,145
2023-08-18T18:30:10,144,1,0,145
2023-08-18T18:42:50,144,1,0,145
2023-08-18T18:55:29,144,1,0,145
2023-08-18T19:08:10,144,1,0,145
2023-08-18T19:20:50,144,1,0,145
2023-08-18T19:33:31,144,1,0,145
2023-08-18T19:46:11,144,1,0,145
2023-08-18T19:58:50,144,1,0,145
2023-08-18T20:11:30,144,1,0,145
2023-08-18T20:24:20,144,1,0,145
2023-08-18T20:37:01,144,1,0,145
2023-08-18T20:49:42,144,1,0,145
2023-08-18T21:02:21,144,1,0,145
2023-08-18T21:15:01,144,1,0,145
2023-08-18T21:27:41,144,1,0,145
2023-08-18T21:40:21,144,1,0,145
2023-08-18T21:53:02,144,1,0,145
2023-08-18T22:05:42,144,1,0,145
2023-08-18T22:18:22,144,1,0,145
2023-08-18T22:31:02,144,1,0,145
2023-08-18T22:43:42,144,1,0,145
2023-08-18T22:56:22,144,1,0,145
2023-08-18T23:09:05,144,1,0,145
2023-08-18T23:21:46,144,1,0,145
2023-08-18T23:34:26,144,1,0,145
2023-08-18T23:47:07,144,1,0,145
2023-08-19T00:00:01,144,1,0,145
2023-08-19T00:12:45,144,1,0,145
2023-08-19T00:25:31,144,1,0,145
2023-08-19T00:38:15,144,1,0,145
2023-08-19T00:51:00,144,1,0,145
2023-08-19T01:03:44,144,1,0,145
2023-08-19T01:16:29,144,1,0,145
2023-08-19T01:29:13,144,1,0,145
2023-08-19T01:41:58,144,1,0,145
2023-08-19T01:54:44,144,1,0,145
2023-08-19T02:07:27,144,1,0,145
2023-08-19T02:20:08,144,1,0,145
2023-08-19T02:32:49,144,1,0,145
2023-08-19T02:45:31,144,1,0,145
2023-08-19T02:58:14,144,1,0,145
2023-08-19T03:10:56,144,1,0,145
2023-08-19T03:23:42,144,1,0,145
2023-08-19T03:36:35,144,1,0,145
2023-08-19T03:49:29,144,1,0,145
2023-08-19T04:02:14,144,1,0,145
2023-08-19T04:34:09,144,1,0,145
2023-08-19T04:46:57,144,1,0,145
2023-08-19T04:59:42,144,1,0,145
2023-08-19T05:12:27,144,1,0,145
2023-08-19T05:25:11,144,1,0,145
2023-08-19T05:37:55,144,1,0,145
2023-08-19T05:50:40,144,1,0,145
2023-08-19T06:03:25,144,1,0,145
2023-08-19T06:16:11,144,1,0,145
2023-08-19T06:28:55,144,1,0,145
2023-08-19T06:41:38,144,1,0,145
2023-08-19T06:54:22,144,1,0,145
2023-08-19T07:07:05,144,1,0,145
2023-08-19T07:19:49,144,1,0,145
2023-08-19T07:32:42,144,1,0,145
2023-08-19T07:45:25,144,1,0,145
2023-08-19T07:58:09,144,1,0,145
2023-08-19T08:10:53,144,1,0,145
2023-08-19T08:23:36,144,1,0,145
2023-08-19T08:36:19,144,1,0,145
2023-08-19T08:49:01,144,1,0,145
2023-08-19T09:01:44,144,1,0,145
2023-08-19T09:14:35,144,1,0,145
2023-08-19T09:27:17,144,1,0,145
2023-08-19T09:39:59,144,1,0,145
2023-08-19T09:52:41,144,1,0,145
2023-08-19T10:05:23,144,1,0,145
2023-08-19T10:18:04,144,1,0,145
2023-08-19T10:30:44,144,1,0,145
2023-08-19T10:43:23,144,1,0,145
2023-08-19T10:56:04,144,1,0,145
2023-08-19T11:08:45,144,1,0,145
2023-08-19T11:21:25,144,1,0,145
2023-08-19T11:34:05,144,1,0,145
2023-08-19T11:46:45,144,1,0,145
2023-08-19T11:59:36,144,1,0,145
2023-08-19T12:12:16,144,1,0,145
2023-08-19T12:24:55,144,1,0,145
2023-08-19T12:37:36,144,1,0,145
2023-08-19T12:50:16,144,1,0,145
2023-08-19T13:02:57,144,1,0,145
2023-08-19T13:15:37,144,1,0,145
2023-08-19T13:28:18,144,1,0,145
2023-08-19T13:40:57,144,1,0,145
2023-08-19T13:53:38,144,1,0,145
2023-08-19T14:06:29,144,1,0,145
2023-08-19T14:19:09,144,1,0,145
2023-08-19T14:31:49,144,1,0,145
2023-08-19T14:44:29,144,1,0,145
2023-08-19T14:57:09,144,1,0,145
2023-08-19T15:09:50,144,1,0,145
2023-08-19T15:22:30,144,1,0,145
2023-08-19T15:35:10,144,1,0,145
2023-08-19T15:47:59,144,1,0,145
2023-08-19T16:00:39,144,1,0,145
2023-08-19T16:13:20,144,1,0,145
2023-08-19T16:26:00,144,1,0,145
2023-08-19T16:38:40,144,1,0,145
2023-08-19T16:51:21,144,1,0,145
2023-08-19T17:04:01,144,1,0,145
2023-08-19T17:16:42,144,1,0,145
2023-08-19T17:29:31,144,1,0,145
2023-08-19T17:42:11,144,1,0,145
2023-08-19T17:54:50,144,1,0,145
2023-08-19T18:07:30,144,1,0,145
2023-08-19T18:20:10,144,1,0,145
2023-08-19T18:32:50,144,1,0,145
2023-08-19T18:45:29,144,1,0,145
2023-08-19T18:58:09,144,1,0,145
2023-08-19T19:10:59,144,1,0,145
2023-08-19T19:23:40,144,1,0,145
2023-08-19T19:36:20,144,1,0,145
2023-08-19T19:49:00,144,1,0,145
2023-08-19T20:01:40,144,1,0,145
2023-08-19T20:14:21,144,1,0,145
2023-08-19T20:27:01,144,1,0,145
2023-08-19T20:39:41,144,1,0,145
2023-08-19T20:52:21,144,1,0,145
2023-08-19T21:05:10,144,1,0,145
2023-08-19T21:17:51,144,1,0,145
2023-08-19T21:30:31,144,1,0,145
2023-08-19T21:43:11,144,1,0,145
2023-08-19T21:55:52,144,1,0,145
2023-08-19T22:08:33,144,1,0,145
2023-08-19T22:21:13,144,1,0,145
2023-08-19T22:33:53,144,1,0,145
2023-08-19T22:46:34,144,1,0,145
2023-08-19T22:59:23,144,1,0,145
2023-08-19T23:12:06,144,1,0,145
2023-08-19T23:24:48,144,1,0,145
2023-08-19T23:37:28,144,1,0,145
2023-08-19T23:50:10,144,1,0,145
2023-08-20T00:02:50,144,1,0,145
2023-08-20T00:15:32,144,1,0,145
2023-08-20T00:28:14,144,1,0,145
2023-08-20T00:40:54,144,1,0,145
2023-08-20T01:05:56,144,1,0,145
2023-08-20T01:18:38,144,1,0,145
2023-08-20T01:31:20,144,1,0,145
2023-08-20T01:43:59,144,1,0,145
2023-08-20T01:56:40,144,1,0,145
2023-08-20T02:09:21,144,1,0,145
2023-08-20T02:22:03,144,1,0,145
2023-08-20T02:34:44,144,1,0,145
2023-08-20T02:47:25,144,1,0,145
2023-08-20T03:00:05,144,1,0,145
2023-08-20T03:12:45,144,1,0,145
2023-08-20T03:25:26,144,1,0,145
2023-08-20T03:38:09,144,1,0,145
2023-08-20T03:50:49,144,1,0,145
2023-08-20T04:03:47,144,1,0,145
2023-08-20T04:24:42,144,1,0,145
2023-08-20T04:37:42,144,1,0,145
2023-08-20T04:51:55,144,1,0,145
2023-08-20T05:04:43,144,1,0,145
2023-08-20T05:17:28,144,1,0,145
2023-08-20T05:30:12,144,1,0,145
2023-08-20T05:42:58,144,1,0,145
2023-08-20T05:55:43,144,1,0,145
2023-08-20T06:08:29,144,1,0,145
2023-08-20T06:21:13,144,1,0,145
2023-08-20T06:33:57,144,1,0,145
2023-08-20T06:46:44,144,1,0,145
2023-08-20T06:59:28,144,1,0,145
2023-08-20T07:12:12,144,1,0,145
2023-08-20T07:24:57,144,1,0,145
2023-08-20T07:37:42,144,1,0,145
2023-08-20T07:50:25,144,1,0,145
2023-08-20T08:03:10,144,1,0,145
2023-08-20T08:15:55,144,1,0,145
2023-08-20T08:28:48,144,1,0,145
2023-08-20T08:41:31,144,1,0,145
2023-08-20T08:54:13,144,1,0,145
2023-08-20T09:06:56,144,1,0,145
2023-08-20T09:19:40,144,1,0,145
2023-08-20T09:32:21,144,1,0,145
2023-08-20T09:45:01,144,1,0,145
2023-08-20T09:57:41,144,1,0,145
2023-08-20T10:10:22,144,1,0,145
2023-08-20T10:23:05,144,1,0,145
2023-08-20T10:35:45,144,1,0,145
2023-08-20T10:48:25,144,1,0,145
2023-08-20T11:01:06,144,1,0,145
2023-08-20T11:13:48,144,1,0,145
2023-08-20T11:26:30,144,1,0,145
2023-08-20T11:39:11,144,1,0,145
2023-08-20T11:52:02,144,1,0,145
2023-08-20T12:04:43,144,1,0,145
2023-08-20T12:17:24,144,1,0,145
2023-08-20T12:30:04,144,1,0,145
2023-08-20T12:42:45,144,1,0,145
2023-08-20T12:55:27,144,1,0,145
2023-08-20T13:08:07,144,1,0,145
2023-08-20T13:20:46,144,1,0,145
2023-08-20T13:33:26,144,1,0,145
2023-08-20T13:46:05,144,1,0,145
2023-08-20T13:58:55,144,1,0,145
2023-08-20T14:11:35,144,1,0,145
2023-08-20T14:24:15,144,1,0,145
2023-08-20T14:36:55,144,1,0,145
2023-08-20T14:49:35,144,1,0,145
2023-08-20T15:02:14,144,1,0,145
2023-08-20T15:14:53,144,1,0,145
2023-08-20T15:27:33,144,1,0,145
2023-08-20T15:40:13,144,1,0,145
2023-08-20T15:52:54,144,1,0,145
2023-08-20T16:05:33,144,1,0,145
2023-08-20T16:18:24,144,1,0,145
2023-08-20T16:31:06,144,1,0,145
2023-08-20T16:43:46,144,1,0,145
2023-08-20T16:56:26,144,1,0,145
2023-08-20T17:09:07,144,1,0,145
2023-08-20T17:21:48,144,1,0,145
2023-08-20T17:34:28,144,1,0,145
2023-08-20T17:47:08,144,1,0,145
2023-08-20T17:59:48,144,1,0,145
2023-08-20T18:12:28,144,1,0,145
2023-08-20T18:25:08,144,1,0,145
2023-08-20T18:37:58,144,1,0,145
2023-08-20T18:50:38,144,1,0,145
2023-08-20T19:03:21,144,1,0,145
2023-08-20T19:16:03,144,1,0,145
2023-08-20T19:28:43,144,1,0,145
2023-08-20T19:41:24,144,1,0,145
2023-08-20T19:54:04,144,1,0,145
2023-08-20T20:06:43,144,1,0,145
2023-08-20T20:19:24,144,1,0,145
2023-08-20T20:32:04,144,1,0,145
2023-08-20T20:44:53,144,1,0,145
2023-08-20T20:57:34,144,1,0,145
2023-08-20T21:10:14,144,1,0,145
2023-08-20T21:22:53,144,1,0,145
2023-08-20T21:35:34,144,1,0,145
2023-08-20T21:48:16,144,1,0,145
2023-08-20T22:00:56,144,1,0,145
2023-08-20T22:13:36,144,1,0,145
2023-08-20T22:26:15,144,1,0,145
2023-08-20T22:39:04,144,1,0,145
2023-08-20T22:51:45,144,1,0,145
2023-08-20T23:04:24,144,1,0,145
2023-08-20T23:17:08,144,1,0,145
2023-08-20T23:29:49,144,1,0,145
2023-08-20T23:42:30,144,1,0,145
2023-08-20T23:55:10,144,1,0,145
2023-08-21T00:07:52,144,1,0,145
2023-08-21T00:20:43,144,1,0,145
2023-08-21T00:33:31,144,1,0,145
2023-08-21T00:46:28,144,1,0,145
2023-08-21T00:59:23,144,1,0,145
2023-08-21T01:12:09,144,1,0,145
2023-08-21T01:24:52,144,1,0,145
2023-08-21T01:37:37,144,1,0,145
2023-08-21T01:50:19,144,1,0,145
2023-08-21T02:03:03,144,1,0,145
2023-08-21T02:15:46,144,1,0,145
2023-08-21T02:28:28,144,1,0,145
2023-08-21T02:41:10,144,1,0,145
2023-08-21T02:53:52,144,1,0,145
2023-08-21T03:06:34,144,1,0,145
2023-08-21T03:19:18,144,1,0,145
2023-08-21T03:32:02,144,1,0,145
2023-08-21T03:44:45,144,1,0,145
2023-08-21T03:57:38,144,1,0,145
2023-08-21T04:12:20,144,1,0,145
2023-08-21T04:31:35,144,1,0,145
2023-08-21T04:44:22,144,1,0,145
2023-08-21T04:57:07,144,1,0,145
2023-08-21T05:09:53,144,1,0,145
2023-08-21T05:22:38,144,1,0,145
2023-08-21T05:35:23,144,1,0,145
2023-08-21T05:48:07,144,1,0,145
2023-08-21T06:00:51,144,1,0,145
2023-08-21T06:13:33,144,1,0,145
2023-08-21T06:26:16,144,1,0,145
2023-08-21T06:38:59,144,1,0,145
2023-08-21T06:51:41,144,1,0,145
2023-08-21T07:04:24,144,1,0,145
2023-08-21T07:17:06,144,1,0,145
2023-08-21T07:29:54,144,1,0,145
2023-08-21T07:42:34,144,1,0,145
2023-08-21T07:55:14,144,1,0,145
2023-08-21T08:07:54,144,1,0,145
2023-08-21T08:20:35,144,1,0,145
2023-08-21T08:33:16,144,1,0,145
2023-08-21T08:45:58,144,1,0,145
2023-08-21T08:58:39,144,1,0,145
2023-08-21T09:11:20,144,1,0,145
2023-08-21T09:24:02,144,1,0,145
2023-08-21T09:36:43,144,1,0,145
2023-08-21T09:49:34,144,1,0,145
2023-08-21T10:02:15,144,1,0,145
2023-08-21T10:14:56,144,1,0,145
2023-08-21T10:27:38,144,1,0,145
2023-08-21T10:40:20,144,1,0,145
2023-08-21T10:53:02,144,1,0,145
2023-08-21T11:05:44,144,1,0,145
2023-08-21T11:18:26,144,1,0,145
2023-08-21T11:31:17,144,1,0,145
2023-08-21T11:43:59,144,1,0,145
2023-08-21T11:56:41,144,1,0,145
2023-08-21T12:09:22,144,1,0,145
2023-08-21T12:22:03,144,1,0,145
2023-08-21T12:34:46,144,1,0,145
2023-08-21T12:47:27,144,1,0,145
2023-08-21T13:00:20,144,1,0,145
2023-08-21T13:13:02,144,1,0,145
2023-08-21T13:25:43,144,1,0,145
2023-08-21T13:38:25,144,1,0,145
2023-08-21T13:51:07,144,1,0,145
2023-08-21T14:03:48,144,1,0,145
2023-08-21T14:16:30,144,1,0,145
2023-08-21T14:29:22,144,1,0,145
2023-08-21T14:42:04,144,1,0,145
2023-08-21T14:54:46,144,1,0,145
2023-08-21T15:07:27,144,1,0,145
2023-08-21T15:20:09,144,1,0,145
2023-08-21T15:32:52,144,1,0,145
2023-08-21T15:45:42,144,1,0,145
2023-08-21T15:58:24,144,1,0,145
2023-08-21T16:11:07,144,1,0,145
2023-08-21T16:23:49,144,1,0,145
2023-08-21T16:36:31,144,1,0,145
2023-08-21T16:49:14,144,1,0,145
2023-08-21T17:01:56,144,1,0,145
2023-08-21T17:14:40,144,1,0,145
2023-08-21T17:27:31,144,1,0,145
2023-08-21T17:40:13,144,1,0,145
2023-08-21T17:52:55,144,1,0,145
2023-08-21T18:05:38,144,1,0,145
2023-08-21T18:18:20,144,1,0,145
2023-08-21T18:31:02,144,1,0,145
2023-08-21T18:43:46,144,1,0,145
2023-08-21T18:56:38,144,1,0,145
2023-08-21T19:09:21,144,1,0,145
2023-08-21T19:22:03,144,1,0,145
2023-08-21T19:34:46,144,1,0,145
2023-08-21T19:47:28,144,1,0,145
2023-08-21T20:00:13,144,1,0,145
2023-08-21T20:12:56,144,1,0,145
2023-08-21T20:25:47,144,1,0,145
2023-08-21T20:38:30,144,1,0,145
2023-08-21T20:51:12,144,1,0,145
2023-08-21T21:03:55,144,1,0,145
2023-08-21T21:16:39,144,1,0,145
2023-08-21T21:29:21,144,1,0,145
2023-08-21T21:42:03,144,1,0,145
2023-08-21T21:54:46,144,1,0,145
2023-08-21T22:07:28,144,1,0,145
2023-08-21T22:20:11,144,1,0,145
2023-08-21T22:33:04,144,1,0,145
2023-08-21T22:45:46,144,1,0,145
2023-08-21T22:58:27,144,1,0,145
2023-08-21T23:11:12,144,1,0,145
2023-08-21T23:23:55,144,1,0,145
2023-08-21T23:36:39,144,1,0,145
2023-08-21T23:49:22,144,1,0,145
2023-08-22T00:02:05,144,1,0,145
2023-08-22T00:14:54,144,1,0,145
2023-08-22T00:27:43,144,1,0,145
2023-08-22T00:40:30,144,1,0,145
2023-08-22T00:53:17,144,1,0,145
2023-08-22T01:06:05,144,1,0,145
2023-08-22T01:18:50,144,1,0,145
2023-08-22T01:31:36,144,1,0,145
2023-08-22T01:44:21,144,1,0,145
2023-08-22T01:57:19,144,1,0,145
2023-08-22T02:10:05,144,1,0,145
2023-08-22T02:22:50,144,1,0,145
2023-08-22T02:35:35,144,1,0,145
2023-08-22T02:48:19,144,1,0,145
2023-08-22T03:01:09,144,1,0,145
2023-08-22T03:13:56,144,1,0,145
2023-08-22T03:26:43,144,1,0,145
2023-08-22T03:39:28,144,1,0,145
2023-08-22T03:52:16,144,1,0,145
2023-08-22T04:05:04,144,1,0,145
2023-08-22T04:31:46,144,1,0,145
2023-08-22T04:44:34,144,1,0,145
2023-08-22T04:57:21,144,1,0,145
2023-08-22T05:10:11,144,1,0,145
2023-08-22T05:22:59,144,1,0,145
2023-08-22T05:35:46,144,1,0,145
2023-08-22T05:48:32,144,1,0,145
2023-08-22T06:01:19,144,1,0,145
2023-08-22T06:14:04,144,1,0,145
2023-08-22T06:26:50,144,1,0,145
2023-08-22T06:39:35,144,1,0,145
2023-08-22T06:52:21,144,1,0,145
2023-08-22T07:05:06,144,1,0,145
2023-08-22T07:17:51,144,1,0,145
2023-08-22T07:30:34,144,1,0,145
2023-08-22T07:43:17,144,1,0,145
2023-08-22T07:55:59,144,1,0,145
2023-08-22T08:08:44,144,1,0,145
2023-08-22T08:21:26,144,1,0,145
2023-08-22T08:34:09,144,1,0,145
2023-08-22T08:46:55,144,1,0,145
2023-08-22T08:59:39,144,1,0,145
2023-08-22T09:12:32,144,1,0,145
2023-08-22T09:25:15,144,1,0,145
2023-08-22T09:37:59,144,1,0,145
2023-08-22T09:50:43,144,1,0,145
2023-08-22T10:03:25,144,1,0,145
2023-08-22T10:16:08,144,1,0,145
2023-08-22T10:28:53,144,1,0,145
2023-08-22T10:41:36,144,1,0,145
2023-08-22T10:54:19,144,1,0,145
2023-08-22T11:07:03,144,1,0,145
2023-08-22T11:19:57,144,1,0,145
2023-08-22T11:32:41,144,1,0,145
2023-08-22T11:45:24,144,1,0,145
2023-08-22T11:58:08,144,1,0,145
2023-08-22T12:10:51,144,1,0,145
2023-08-22T12:23:35,144,1,0,145
2023-08-22T12:36:19,144,1,0,145
2023-08-22T12:49:15,144,1,0,145
2023-08-22T13:01:58,144,1,0,145
2023-08-22T13:14:41,144,1,0,145
2023-08-22T13:27:24,144,1,0,145
2023-08-22T13:40:10,144,1,0,145
2023-08-22T13:52:53,144,1,0,145
2023-08-22T14:05:37,144,1,0,145
2023-08-22T14:18:32,144,1,0,145
2023-08-22T14:31:16,144,1,0,145
2023-08-22T14:43:59,144,1,0,145
2023-08-22T14:56:43,144,1,0,145
2023-08-22T15:09:27,144,1,0,145
2023-08-22T15:22:11,144,1,0,145
2023-08-22T15:34:55,144,1,0,145
2023-08-22T15:47:47,144,1,0,145
2023-08-22T16:00:31,144,1,0,145
2023-08-22T16:13:14,144,1,0,145
2023-08-22T16:25:57,144,1,0,145
2023-08-22T16:38:40,144,1,0,145
2023-08-22T16:51:24,144,1,0,145
2023-08-22T17:04:09,144,1,0,145
2023-08-22T17:16:55,144,1,0,145
2023-08-22T17:29:50,144,1,0,145
2023-08-22T17:42:33,144,1,0,145
2023-08-22T17:55:17,144,1,0,145
2023-08-22T18:08:00,144,1,0,145
2023-08-22T18:20:43,144,1,0,145
2023-08-22T18:33:26,144,1,0,145
2023-08-22T18:46:10,144,1,0,145
2023-08-22T18:58:54,144,1,0,145
2023-08-22T19:11:40,144,1,0,145
2023-08-22T19:24:23,144,1,0,145
2023-08-22T19:37:17,144,1,0,145
2023-08-22T19:50:00,144,1,0,145
2023-08-22T20:02:43,144,1,0,145
2023-08-22T20:15:26,144,1,0,145
2023-08-22T20:28:10,144,1,0,145
2023-08-22T20:40:53,144,1,0,145
2023-08-22T20:53:36,144,1,0,145
2023-08-22T21:06:30,144,1,0,145
2023-08-22T21:19:14,144,1,0,145
2023-08-22T21:31:57,144,1,0,145
2023-08-22T21:44:41,144,1,0,145
2023-08-22T21:57:24,144,1,0,145
2023-08-22T22:10:07,144,1,0,145
2023-08-22T22:22:51,144,1,0,145
2023-08-22T22:35:34,144,1,0,145
2023-08-22T22:48:17,144,1,0,145
2023-08-22T23:01:12,144,1,0,145
2023-08-22T23:13:58,144,1,0,145
2023-08-22T23:26:42,144,1,0,145
2023-08-22T23:39:26,144,1,0,145
2023-08-22T23:52:09,144,1,0,145
2023-08-23T00:04:54,144,1,0,145
2023-08-23T00:17:39,144,1,0,145
2023-08-23T00:30:25,144,1,0,145
2023-08-23T00:43:13,144,1,0,145
2023-08-23T00:56:00,144,1,0,145
2023-08-23T01:08:47,144,1,0,145
2023-08-23T01:21:41,144,1,0,145
2023-08-23T01:34:29,144,1,0,145
2023-08-23T01:47:17,144,1,0,145
2023-08-23T02:00:04,144,1,0,145
2023-08-23T02:13:00,144,1,0,145
2023-08-23T02:25:45,144,1,0,145
2023-08-23T02:38:40,144,1,0,145
2023-08-23T02:51:27,144,1,0,145
2023-08-23T03:04:20,144,1,0,145
2023-08-23T03:17:18,144,1,0,145
2023-08-23T03:30:04,144,1,0,145
2023-08-23T03:43:02,144,1,0,145
2023-08-23T03:55:49,144,1,0,145
2023-08-23T04:08:36,144,1,0,145
2023-08-23T04:33:55,144,1,0,145
2023-08-23T04:48:02,144,1,0,145
2023-08-23T05:01:10,144,1,0,145
2023-08-23T05:14:01,144,1,0,145
2023-08-23T05:26:49,144,1,0,145
2023-08-23T05:39:44,144,1,0,145
2023-08-23T05:52:31,144,1,0,145
2023-08-23T06:05:18,144,1,0,145
2023-08-23T06:18:14,144,1,0,145
2023-08-23T06:31:00,144,1,0,145
2023-08-23T06:43:48,144,1,0,145
2023-08-23T06:56:34,144,1,0,145
2023-08-23T07:09:29,144,1,0,145
2023-08-23T07:22:13,144,1,0,145
2023-08-23T07:34:57,144,1,0,145
2023-08-23T07:47:42,144,1,0,145
2023-08-23T08:00:25,144,1,0,145
2023-08-23T08:13:07,144,1,0,145
2023-08-23T08:25:51,144,1,0,145
2023-08-23T08:38:35,144,1,0,145
2023-08-23T08:51:28,144,1,0,145
2023-08-23T09:04:12,144,1,0,145
2023-08-23T09:16:56,144,1,0,145
2023-08-23T09:29:40,144,1,0,145
2023-08-23T09:42:24,144,1,0,145
2023-08-23T09:55:07,144,1,0,145
2023-08-23T10:07:50,144,1,0,145
2023-08-23T10:20:33,144,1,0,145
2023-08-23T10:33:17,144,1,0,145
2023-08-23T10:45:59,144,1,0,145
2023-08-23T10:58:43,144,1,0,145
2023-08-23T11:11:38,144,1,0,145
2023-08-23T11:24:22,144,1,0,145
2023-08-23T11:37:14,144,1,0,145
2023-08-23T11:49:58,144,1,0,145
2023-08-23T12:02:42,144,1,0,145
2023-08-23T12:15:26,144,1,0,145
2023-08-23T12:28:10,144,1,0,145
2023-08-23T12:40:56,144,1,0,145
2023-08-23T12:53:52,144,1,0,145
2023-08-23T13:06:36,144,1,0,145
2023-08-23T13:19:20,144,1,0,145
2023-08-23T13:32:03,144,1,0,145
2023-08-23T13:44:47,144,1,0,145
2023-08-23T13:57:31,144,1,0,145
2023-08-23T14:10:15,144,1,0,145
2023-08-23T14:22:59,144,1,0,145
2023-08-23T14:35:54,144,1,0,145
2023-08-23T14:48:38,144,1,0,145
2023-08-23T15:01:22,144,1,0,145
2023-08-23T15:14:07,144,1,0,145
2023-08-23T15:26:51,144,1,0,145
2023-08-23T15:39:36,144,1,0,145
2023-08-23T15:52:20,144,1,0,145
2023-08-23T16:05:04,144,1,0,145
2023-08-23T16:17:48,144,1,0,145
2023-08-23T16:30:45,144,1,0,145
2023-08-23T16:43:30,144,1,0,145
2023-08-23T16:56:14,144,1,0,145
2023-08-23T17:08:58,144,1,0,145
2023-08-23T17:21:43,144,1,0,145
2023-08-23T17:34:27,144,1,0,145
2023-08-23T17:47:11,144,1,0,145
2023-08-23T17:59:55,144,1,0,145
2023-08-23T18:12:40,144,1,0,145
2023-08-23T18:25:24,144,1,0,145
2023-08-23T18:38:18,144,1,0,145
2023-08-23T18:51:01,144,1,0,145
2023-08-23T19:03:46,144,1,0,145
2023-08-23T19:16:30,144,1,0,145
2023-08-23T19:29:13,144,1,0,145
2023-08-23T19:41:57,144,1,0,145
2023-08-23T19:54:41,144,1,0,145
2023-08-23T20:07:26,144,1,0,145
2023-08-23T20:20:19,144,1,0,145
2023-08-23T20:33:03,144,1,0,145
2023-08-23T20:45:46,144,1,0,145
2023-08-23T20:58:30,144,1,0,145
2023-08-23T21:11:15,144,1,0,145
2023-08-23T21:23:59,144,1,0,145
2023-08-23T21:36:43,144,1,0,145
2023-08-23T21:49:26,144,1,0,145
2023-08-23T22:02:10,144,1,0,145
2023-08-23T22:14:55,144,1,0,145
2023-08-23T22:27:49,144,1,0,145
2023-08-23T22:40:32,144,1,0,145
2023-08-23T22:53:15,144,1,0,145
2023-08-23T23:06:01,144,1,0,145
2023-08-23T23:18:49,144,1,0,145
2023-08-23T23:31:34,144,1,0,145
2023-08-23T23:44:19,144,1,0,145
2023-08-23T23:57:05,144,1,0,145
2023-08-24T00:09:51,144,1,0,145
2023-08-24T00:22:42,144,1,0,145
2023-08-24T00:35:30,144,1,0,145
2023-08-24T00:48:18,144,1,0,145
2023-08-24T01:01:07,144,1,0,145
2023-08-24T01:13:56,144,1,0,145
2023-08-24T01:26:43,144,1,0,145
2023-08-24T01:39:43,144,1,0,145
2023-08-24T01:52:31,144,1,0,145
2023-08-24T02:05:19,144,1,0,145
2023-08-24T02:18:04,144,1,0,145
2023-08-24T02:30:51,144,1,0,145
2023-08-24T02:43:37,144,1,0,145
2023-08-24T02:56:25,144,1,0,145
2023-08-24T03:09:23,144,1,0,145
2023-08-24T03:22:11,144,1,0,145
2023-08-24T03:35:00,144,1,0,145
2023-08-24T03:47:48,144,1,0,145
2023-08-24T04:00:35,144,1,0,145
2023-08-24T04:31:28,144,1,0,145
2023-08-24T04:44:35,144,1,0,145
2023-08-24T04:57:24,144,1,0,145
2023-08-24T05:10:13,144,1,0,145
2023-08-24T05:23:03,144,1,0,145
2023-08-24T05:35:51,144,1,0,145
2023-08-24T05:48:40,144,1,0,145
2023-08-24T06:01:28,144,1,0,145
2023-08-24T06:14:16,144,1,0,145
2023-08-24T06:27:03,144,1,0,145
2023-08-24T06:39:50,144,1,0,145
2023-08-24T06:52:38,144,1,0,145
2023-08-24T07:05:26,144,1,0,145
2023-08-24T07:18:11,144,1,0,145
2023-08-24T07:30:56,144,1,0,145
2023-08-24T07:43:39,144,1,0,145
2023-08-24T07:56:22,144,1,0,145
2023-08-24T08:09:06,144,1,0,145
2023-08-24T08:21:51,144,1,0,145
2023-08-24T08:34:36,144,1,0,145
2023-08-24T08:47:20,144,1,0,145
2023-08-24T09:00:13,144,1,0,145
2023-08-24T09:12:57,144,1,0,145
2023-08-24T09:25:41,144,1,0,145
2023-08-24T09:38:34,144,1,0,145
2023-08-24T09:51:18,144,1,0,145
2023-08-24T10:04:12,144,1,0,145
2023-08-24T10:16:56,144,1,0,145
2023-08-24T10:29:49,144,1,0,145
2023-08-24T10:42:42,144,1,0,145
2023-08-24T10:55:26,144,1,0,145
2023-08-24T11:08:19,144,1,0,145
2023-08-24T11:21:04,144,1,0,145
2023-08-24T11:33:58,144,1,0,145
2023-08-24T11:46:53,144,1,0,145
2023-08-24T11:59:50,144,1,0,145
2023-08-24T12:12:34,144,1,0,145
2023-08-24T12:25:28,144,1,0,145
2023-08-24T12:38:12,144,1,0,145
2023-08-24T12:51:05,144,1,0,145
2023-08-24T13:03:59,144,1,0,145
2023-08-24T13:16:43,144,1,0,145
2023-08-24T13:29:38,144,1,0,145
2023-08-24T13:42:22,144,1,0,145
2023-08-24T13:55:16,144,1,0,145
2023-08-24T14:08:01,144,1,0,145
2023-08-24T14:20:54,144,1,0,145
2023-08-24T14:33:47,144,1,0,145
2023-08-24T14:46:31,144,1,0,145
2023-08-24T14:59:27,144,1,0,145
2023-08-24T15:12:11,144,1,0,145
2023-08-24T15:25:05,144,1,0,145
2023-08-24T15:37:49,144,1,0,145
2023-08-24T15:50:34,144,1,0,145
2023-08-24T16:03:18,144,1,0,145
2023-08-24T16:16:13,144,1,0,145
2023-08-24T16:28:58,144,1,0,145
2023-08-24T16:41:41,144,1,0,145
2023-08-24T16:54:25,144,1,0,145
2023-08-24T17:07:10,144,1,0,145
2023-08-24T17:19:56,144,1,0,145
2023-08-24T17:32:40,144,1,0,145
2023-08-24T17:45:25,144,1,0,145
2023-08-24T17:58:19,144,1,0,145
2023-08-24T18:11:04,144,1,0,145
2023-08-24T18:23:48,144,1,0,145
2023-08-24T18:36:33,144,1,0,145
2023-08-24T18:49:17,144,1,0,145
2023-08-24T19:02:04,144,1,0,145
2023-08-24T19:14:48,144,1,0,145
2023-08-24T19:27:32,144,1,0,145
2023-08-24T19:40:17,144,1,0,145
2023-08-24T19:53:14,144,1,0,145
2023-08-24T20:05:57,144,1,0,145
2023-08-24T20:18:41,144,1,0,145
2023-08-24T20:31:26,144,1,0,145
2023-08-24T20:44:11,144,1,0,145
2023-08-24T20:56:56,144,1,0,145
2023-08-24T21:09:40,144,1,0,145
2023-08-24T21:22:24,144,1,0,145
2023-08-24T21:35:09,144,1,0,145
2023-08-24T21:48:04,144,1,0,145
2023-08-24T22:00:47,144,1,0,145
2023-08-24T22:13:31,144,1,0,145
2023-08-24T22:26:29,144,1,0,145
2023-08-24T22:39:14,144,1,0,145
2023-08-24T22:51:58,144,1,0,145
2023-08-24T23:04:43,144,1,0,145
2023-08-24T23:17:30,144,1,0,145
2023-08-24T23:30:15,144,1,0,145
2023-08-24T23:42:59,144,1,0,145
2023-08-24T23:55:54,144,1,0,145
2023-08-25T00:08:40,144,1,0,145
2023-08-25T00:21:30,144,1,0,145
2023-08-25T00:34:18,144,1,0,145
2023-08-25T00:47:06,144,1,0,145
2023-08-25T00:59:55,144,1,0,145
2023-08-25T01:12:45,144,1,0,145
2023-08-25T01:25:35,144,1,0,145
2023-08-25T01:38:25,144,1,0,145
2023-08-25T01:51:13,144,1,0,145
2023-08-25T02:04:01,144,1,0,145
2023-08-25T02:16:58,144,1,0,145
2023-08-25T02:29:48,144,1,0,145
2023-08-25T02:42:46,144,1,0,145
2023-08-25T02:55:33,144,1,0,145
2023-08-25T03:08:21,144,1,0,145
2023-08-25T03:21:09,144,1,0,145
2023-08-25T03:33:56,144,1,0,145
2023-08-25T03:46:44,144,1,0,145
2023-08-25T03:59:32,144,1,0,145
2023-08-25T04:12:19,144,1,0,145
2023-08-25T04:36:25,144,1,0,145
2023-08-25T04:50:38,144,1,0,145
2023-08-25T05:03:50,144,1,0,145
2023-08-25T05:16:39,144,1,0,145
2023-08-25T05:29:28,144,1,0,145
2023-08-25T05:42:16,144,1,0,145
2023-08-25T05:55:06,144,1,0,145
2023-08-25T06:07:54,144,1,0,145
2023-08-25T06:20:42,144,1,0,145
2023-08-25T06:33:30,144,1,0,145
2023-08-25T06:46:17,144,1,0,145
2023-08-25T06:59:02,144,1,0,145
2023-08-25T07:11:47,144,1,0,145
2023-08-25T07:24:31,144,1,0,145
2023-08-25T07:37:25,144,1,0,145
2023-08-25T07:50:10,144,1,0,145
2023-08-25T08:02:55,144,1,0,145
2023-08-25T08:15:39,144,1,0,145
2023-08-25T08:28:23,144,1,0,145
2023-08-25T08:41:07,144,1,0,145
2023-08-25T08:53:52,144,1,0,145
2023-08-25T09:06:36,144,1,0,145
2023-08-25T09:19:21,144,1,0,145
2023-08-25T09:32:06,144,1,0,145
2023-08-25T09:45:01,144,1,0,145
2023-08-25T09:57:46,144,1,0,145
2023-08-25T10:10:30,144,1,0,145
2023-08-25T10:23:13,144,1,0,145
2023-08-25T10:35:57,144,1,0,145
2023-08-25T10:48:42,144,1,0,145
2023-08-25T11:01:27,144,1,0,145
2023-08-25T11:14:21,144,1,0,145
2023-08-25T11:27:05,144,1,0,145
2023-08-25T11:39:49,144,1,0,145
2023-08-25T11:52:33,144,1,0,145
2023-08-25T12:05:17,144,1,0,145
2023-08-25T12:18:02,144,1,0,145
2023-08-25T12:30:46,144,1,0,145
2023-08-25T12:43:41,144,1,0,145
2023-08-25T12:56:26,144,1,0,145
2023-08-25T13:09:10,144,1,0,145
2023-08-25T13:21:55,144,1,0,145
2023-08-25T13:34:40,144,1,0,145
2023-08-25T13:47:24,144,1,0,145
2023-08-25T14:00:08,144,1,0,145
2023-08-25T14:12:53,144,1,0,145
2023-08-25T14:25:47,144,1,0,145
2023-08-25T14:38:31,144,1,0,145
2023-08-25T14:51:18,144,1,0,145
2023-08-25T15:04:04,144,1,0,145
2023-08-25T15:16:48,144,1,0,145
2023-08-25T15:29:31,144,1,0,145
2023-08-25T15:42:18,144,1,0,145
2023-08-25T15:55:11,144,1,0,145
2023-08-25T16:07:54,144,1,0,145
2023-08-25T16:20:39,144,1,0,145
2023-08-25T16:33:22,144,1,0,145
2023-08-25T16:46:07,144,1,0,145
2023-08-25T16:58:52,144,1,0,145
2023-08-25T17:11:37,144,1,0,145
2023-08-25T17:24:31,144,1,0,145
2023-08-25T17:37:16,144,1,0,145
2023-08-25T17:49:59,144,1,0,145
2023-08-25T18:02:43,144,1,0,145
2023-08-25T18:15:26,144,1,0,145
2023-08-25T18:28:10,144,1,0,145
2023-08-25T18:40:54,144,1,0,145
2023-08-25T18:53:38,144,1,0,145
2023-08-25T19:06:32,144,1,0,145
2023-08-25T19:19:17,144,1,0,145
2023-08-25T19:32:02,144,1,0,145
2023-08-25T19:44:48,144,1,0,145
2023-08-25T19:57:32,144,1,0,145
2023-08-25T20:10:16,144,1,0,145
2023-08-25T20:23:00,144,1,0,145
2023-08-25T20:35:44,144,1,0,145
2023-08-25T20:48:28,144,1,0,145
2023-08-25T21:01:22,144,1,0,145
2023-08-25T21:14:06,144,1,0,145
2023-08-25T21:26:50,144,1,0,145
2023-08-25T21:39:34,144,1,0,145
2023-08-25T21:52:18,144,1,0,145
2023-08-25T22:05:02,144,1,0,145
2023-08-25T22:17:46,144,1,0,145
2023-08-25T22:30:30,144,1,0,145
2023-08-25T22:43:14,144,1,0,145
2023-08-25T22:56:08,144,1,0,145
2023-08-25T23:08:54,144,1,0,145
2023-08-25T23:21:39,144,1,0,145
2023-08-25T23:34:24,144,1,0,145
2023-08-25T23:47:09,144,1,0,145
2023-08-25T23:59:54,144,1,0,145
2023-08-26T00:12:44,144,1,0,145
2023-08-26T00:25:34,144,1,0,145
2023-08-26T00:38:23,144,1,0,145
2023-08-26T00:51:23,144,1,0,145
2023-08-26T01:04:11,144,1,0,145
2023-08-26T01:16:59,144,1,0,145
2023-08-26T01:29:48,144,1,0,145
2023-08-26T01:42:37,144,1,0,145
2023-08-26T01:55:25,144,1,0,145
2023-08-26T02:08:11,144,1,0,145
2023-08-26T02:20:56,144,1,0,145
2023-08-26T02:33:41,144,1,0,145
2023-08-26T02:46:26,144,1,0,145
2023-08-26T02:59:10,144,1,0,145
2023-08-26T03:11:57,144,1,0,145
2023-08-26T03:24:45,144,1,0,145
2023-08-26T03:37:44,144,1,0,145
2023-08-26T03:50:32,144,1,0,145
2023-08-26T04:03:19,144,1,0,145
2023-08-26T04:16:07,144,1,0,145
2023-08-26T04:37:36,144,1,0,145
2023-08-26T04:50:44,144,1,0,145
2023-08-26T05:03:36,144,1,0,145
2023-08-26T05:16:24,144,1,0,145
2023-08-26T05:29:13,144,1,0,145
2023-08-26T05:42:01,144,1,0,145
2023-08-26T05:54:49,144,1,0,145
2023-08-26T06:07:37,144,1,0,145
2023-08-26T06:20:25,144,1,0,145
2023-08-26T06:33:12,144,1,0,145
2023-08-26T06:46:03,144,1,0,145
2023-08-26T06:58:51,144,1,0,145
2023-08-26T07:11:53,144,1,0,145
2023-08-26T07:24:40,144,1,0,145
2023-08-26T07:37:28,144,1,0,145
2023-08-26T07:50:15,144,1,0,145
2023-08-26T08:03:02,144,1,0,145
2023-08-26T08:15:50,144,1,0,145
2023-08-26T08:28:38,144,1,0,145
2023-08-26T08:41:25,144,1,0,145
2023-08-26T08:54:12,144,1,0,145
2023-08-26T09:07:13,144,1,0,145
2023-08-26T09:20:00,144,1,0,145
2023-08-26T09:32:48,144,1,0,145
2023-08-26T09:45:34,144,1,0,145
2023-08-26T09:58:20,144,1,0,145
2023-08-26T10:11:06,144,1,0,145
2023-08-26T10:23:51,144,1,0,145
2023-08-26T10:36:37,144,1,0,145
2023-08-26T10:49:22,144,1,0,145
2023-08-26T11:02:07,144,1,0,145
2023-08-26T11:14:50,144,1,0,145
2023-08-26T11:27:34,144,1,0,145
2023-08-26T11:40:27,144,1,0,145
2023-08-26T11:53:11,144,1,0,145
2023-08-26T12:05:54,144,1,0,145
2023-08-26T12:18:37,144,1,0,145
2023-08-26T12:31:23,144,1,0,145
2023-08-26T12:44:06,144,1,0,145
2023-08-26T12:56:50,144,1,0,145
2023-08-26T13:09:33,144,1,0,145
2023-08-26T13:22:17,144,1,0,145
2023-08-26T13:35:01,144,1,0,145
2023-08-26T13:48:08,144,1,0,145
2023-08-26T14:00:52,144,1,0,145
2023-08-26T14:13:35,144,1,0,145
2023-08-26T14:26:21,144,1,0,145
2023-08-26T14:39:05,144,1,0,145
2023-08-26T14:51:49,144,1,0,145
2023-08-26T15:04:33,144,1,0,145
2023-08-26T15:17:16,144,1,0,145
2023-08-26T15:29:59,144,1,0,145
2023-08-26T15:42:43,144,1,0,145
2023-08-26T15:55:26,144,1,0,145
2023-08-26T16:08:18,144,1,0,145
2023-08-26T16:21:02,144,1,0,145
2023-08-26T16:33:47,144,1,0,145
2023-08-26T16:46:30,144,1,0,145
2023-08-26T16:59:13,144,1,0,145
2023-08-26T17:11:58,144,1,0,145
2023-08-26T17:24:42,144,1,0,145
2023-08-26T17:37:26,144,1,0,145
2023-08-26T17:50:09,144,1,0,145
2023-08-26T18:02:53,144,1,0,145
2023-08-26T18:15:56,144,1,0,145
2023-08-26T18:28:41,144,1,0,145
2023-08-26T18:41:24,144,1,0,145
2023-08-26T18:54:08,144,1,0,145
2023-08-26T19:06:53,144,1,0,145
2023-08-26T19:19:37,144,1,0,145
2023-08-26T19:32:22,144,1,0,145
2023-08-26T19:45:05,144,1,0,145
2023-08-26T19:57:58,144,1,0,145
2023-08-26T20:10:41,144,1,0,145
2023-08-26T20:23:24,144,1,0,145
2023-08-26T20:36:10,144,1,0,145
2023-08-26T20:48:53,144,1,0,145
2023-08-26T21:01:37,144,1,0,145
2023-08-26T21:14:21,144,1,0,145
2023-08-26T21:27:05,144,1,0,145
2023-08-26T21:40:05,144,1,0,145
2023-08-26T21:52:49,144,1,0,145
2023-08-26T22:05:34,144,1,0,145
2023-08-26T22:18:17,144,1,0,145
2023-08-26T22:31:00,144,1,0,145
2023-08-26T22:43:44,144,1,0,145
2023-08-26T22:56:29,144,1,0,145
2023-08-26T23:09:14,144,1,0,145
2023-08-26T23:21:59,144,1,0,145
2023-08-26T23:34:43,144,1,0,145
2023-08-26T23:47:38,144,1,0,145
2023-08-27T00:00:22,144,1,0,145
2023-08-27T00:13:11,144,1,0,145
2023-08-27T00:26:01,144,1,0,145
2023-08-27T00:38:49,144,1,0,145
2023-08-27T00:51:37,144,1,0,145
2023-08-27T01:04:25,144,1,0,145
2023-08-27T01:17:10,144,1,0,145
2023-08-27T01:29:59,144,1,0,145
2023-08-27T01:42:46,144,1,0,145
2023-08-27T01:55:32,144,1,0,145
2023-08-27T02:08:40,144,1,0,145
2023-08-27T02:21:28,144,1,0,145
2023-08-27T02:34:16,144,1,0,145
2023-08-27T02:47:03,144,1,0,145
2023-08-27T02:59:49,144,1,0,145
2023-08-27T03:12:37,144,1,0,145
2023-08-27T03:25:25,144,1,0,145
2023-08-27T03:38:13,144,1,0,145
2023-08-27T03:51:00,144,1,0,145
2023-08-27T04:03:47,144,1,0,145
2023-08-27T04:33:26,144,1,0,145
2023-08-27T04:46:34,144,1,0,145
2023-08-27T04:59:23,144,1,0,145
2023-08-27T05:12:11,144,1,0,145
2023-08-27T05:24:59,144,1,0,145
2023-08-27T05:37:47,144,1,0,145
2023-08-27T05:50:37,144,1,0,145
2023-08-27T06:03:25,144,1,0,145
2023-08-27T06:16:12,144,1,0,145
2023-08-27T06:28:59,144,1,0,145
2023-08-27T06:41:44,144,1,0,145
2023-08-27T06:54:28,144,1,0,145
2023-08-27T07:07:16,144,1,0,145
2023-08-27T07:19:59,144,1,0,145
2023-08-27T07:32:44,144,1,0,145
2023-08-27T07:45:28,144,1,0,145
2023-08-27T07:58:20,144,1,0,145
2023-08-27T08:11:05,144,1,0,145
2023-08-27T08:23:49,144,1,0,145
2023-08-27T08:36:34,144,1,0,145
2023-08-27T08:49:18,144,1,0,145
2023-08-27T09:02:02,144,1,0,145
2023-08-27T09:14:46,144,1,0,145
2023-08-27T09:27:30,144,1,0,145
2023-08-27T09:40:15,144,1,0,145
2023-08-27T09:53:00,144,1,0,145
2023-08-27T10:05:44,144,1,0,145
2023-08-27T10:18:29,144,1,0,145
2023-08-27T10:31:25,144,1,0,145
2023-08-27T10:44:10,144,1,0,145
2023-08-27T10:56:56,144,1,0,145
2023-08-27T11:09:42,144,1,0,145
2023-08-27T11:22:28,144,1,0,145
2023-08-27T11:35:13,144,1,0,145
2023-08-27T11:47:58,144,1,0,145
2023-08-27T12:00:42,144,1,0,145
2023-08-27T12:13:25,144,1,0,145
2023-08-27T12:26:09,144,1,0,145
2023-08-27T12:39:02,144,1,0,145
2023-08-27T12:51:46,144,1,0,145
2023-08-27T13:04:30,144,1,0,145
2023-08-27T13:17:15,144,1,0,145
2023-08-27T13:29:58,144,1,0,145
2023-08-27T13:42:42,144,1,0,145
2023-08-27T13:55:26,144,1,0,145
2023-08-27T14:08:10,144,1,0,145
2023-08-27T14:21:03,144,1,0,145
2023-08-27T14:33:46,144,1,0,145
2023-08-27T14:46:31,144,1,0,145
2023-08-27T14:59:15,144,1,0,145
2023-08-27T15:11:59,144,1,0,145
2023-08-27T15:24:42,144,1,0,145
2023-08-27T15:37:25,144,1,0,145
2023-08-27T15:50:17,144,1,0,145
2023-08-27T16:03:00,144,1,0,145
2023-08-27T16:15:45,144,1,0,145
2023-08-27T16:28:29,144,1,0,145
2023-08-27T16:41:13,144,1,0,145
2023-08-27T16:53:57,144,1,0,145
2023-08-27T17:06:42,144,1,0,145
2023-08-27T17:19:43,144,1,0,145
2023-08-27T17:32:27,144,1,0,145
2023-08-27T17:45:10,144,1,0,145
2023-08-27T17:57:54,144,1,0,145
2023-08-27T18:10:39,144,1,0,145
2023-08-27T18:23:22,144,1,0,145
2023-08-27T18:36:07,144,1,0,145
2023-08-27T18:48:50,144,1,0,145
2023-08-27T19:01:46,144,1,0,145
2023-08-27T19:14:32,144,1,0,145
2023-08-27T19:27:16,144,1,0,145
2023-08-27T19:39:59,144,1,0,145
2023-08-27T19:52:44,144,1,0,145
2023-08-27T20:05:27,144,1,0,145
2023-08-27T20:18:26,144,1,0,145
2023-08-27T20:31:10,144,1,0,145
2023-08-27T20:43:53,144,1,0,145
2023-08-27T20:56:37,144,1,0,145
2023-08-27T21:09:20,144,1,0,145
2023-08-27T21:22:04,144,1,0,145
2023-08-27T21:34:49,144,1,0,145
2023-08-27T21:47:34,144,1,0,145
2023-08-27T22:00:27,144,1,0,145
2023-08-27T22:13:11,144,1,0,145
2023-08-27T22:25:54,144,1,0,145
2023-08-27T22:38:37,144,1,0,145
2023-08-27T22:58:13,144,1,0,145
2023-08-27T23:10:59,144,1,0,145
2023-08-27T23:23:53,144,1,0,145
2023-08-27T23:36:38,144,1,0,145
2023-08-27T23:49:22,144,1,0,145
2023-08-28T00:02:07,144,1,0,145
2023-08-28T00:15:00,144,1,0,145
2023-08-28T00:28:05,144,1,0,145
2023-08-28T00:40:57,144,1,0,145
2023-08-28T00:53:44,144,1,0,145
2023-08-28T01:06:29,144,1,0,145
2023-08-28T01:19:28,144,1,0,145
2023-08-28T01:32:16,144,1,0,145
2023-08-28T01:45:04,144,1,0,145
2023-08-28T01:58:00,144,1,0,145
2023-08-28T02:10:57,144,1,0,145
2023-08-28T02:23:44,144,1,0,145
2023-08-28T02:36:30,144,1,0,145
2023-08-28T02:49:17,144,1,0,145
2023-08-28T03:02:02,144,1,0,145
2023-08-28T03:14:49,144,1,0,145
2023-08-28T03:27:36,144,1,0,145
2023-08-28T03:40:23,144,1,0,145
2023-08-28T03:53:09,144,1,0,145
2023-08-28T04:05:56,144,1,0,145
2023-08-28T04:35:29,144,1,0,145
2023-08-28T04:48:20,144,1,0,145
2023-08-28T05:01:08,144,1,0,145
2023-08-28T05:13:59,144,1,0,145
2023-08-28T05:26:47,144,1,0,145
2023-08-28T05:39:37,144,1,0,145
2023-08-28T05:52:25,144,1,0,145
2023-08-28T06:05:13,144,1,0,145
2023-08-28T06:18:01,144,1,0,145
2023-08-28T06:30:48,144,1,0,145
2023-08-28T06:43:34,144,1,0,145
2023-08-28T06:56:21,144,1,0,145
2023-08-28T07:09:07,144,1,0,145
2023-08-28T07:21:52,144,1,0,145
2023-08-28T07:34:44,144,1,0,145
2023-08-28T07:47:28,144,1,0,145
2023-08-28T08:00:13,144,1,0,145
2023-08-28T08:13:00,144,1,0,145
2023-08-28T08:25:46,144,1,0,145
2023-08-28T08:38:34,144,1,0,145
2023-08-28T08:51:24,144,1,0,145
2023-08-28T09:04:25,144,1,0,145
2023-08-28T09:17:14,144,1,0,145
2023-08-28T09:30:09,144,1,0,145
2023-08-28T09:42:57,145,0,0,145
2023-08-28T09:55:43,145,0,0,145
2023-08-28T10:08:42,145,0,0,145
2023-08-28T10:21:30,145,0,0,145
2023-08-28T10:34:19,145,0,0,145
2023-08-28T10:47:05,145,0,0,145
2023-08-28T11:00:06,145,0,0,145
2023-08-28T11:12:52,145,0,0,145
2023-08-28T11:25:39,145,0,0,145
2023-08-28T11:38:29,145,0,0,145
2023-08-28T11:51:28,145,0,0,145
2023-08-28T12:04:15,145,0,1,145
2023-08-28T12:17:02,145,0,1,145
2023-08-28T12:29:49,145,0,1,145
2023-08-28T12:42:48,145,0,1,145
2023-08-28T12:55:34,145,0,1,145
2023-08-28T13:08:20,145,0,1,145
2023-08-28T13:21:21,145,0,1,145
2023-08-28T13:34:06,145,0,2,145
2023-08-28T13:46:52,145,0,2,145
2023-08-28T13:59:38,145,0,2,145
2023-08-28T14:12:37,145,0,2,145
2023-08-28T14:25:22,145,0,2,145
2023-08-28T14:38:07,145,0,2,145
2023-08-28T14:50:51,145,0,2,145
2023-08-28T15:03:45,145,1,2,146
2023-08-28T15:16:30,145,1,2,146
2023-08-28T15:29:15,145,1,2,146
2023-08-28T15:42:02,145,1,2,146
2023-08-28T15:55:00,145,1,2,146
2023-08-28T16:07:47,145,1,2,146
2023-08-28T16:20:34,145,1,3,146
2023-08-28T16:33:21,145,1,3,146
2023-08-28T16:46:07,145,1,3,146
2023-08-28T16:59:05,145,1,3,146
2023-08-28T17:11:54,145,1,3,146
2023-08-28T17:24:41,145,1,3,146
2023-08-28T17:37:28,145,1,3,146
2023-08-28T17:50:15,145,1,3,146
2023-08-28T18:03:14,145,1,3,146
2023-08-28T18:16:01,145,1,3,146
2023-08-28T18:28:48,145,1,3,146
2023-08-28T18:41:35,145,1,3,146
2023-08-28T18:54:22,145,1,3,146
2023-08-28T19:07:20,145,1,3,146
2023-08-28T19:20:07,145,1,3,146
2023-08-28T19:32:54,145,1,3,146
2023-08-28T19:45:42,145,1,3,146
2023-08-28T19:58:30,145,1,3,146
2023-08-28T20:11:17,145,1,3,146
2023-08-28T20:24:15,145,1,3,146
2023-08-28T20:37:01,145,1,3,146
2023-08-28T20:49:48,145,1,3,146
2023-08-28T21:02:35,145,1,3,146
2023-08-28T21:15:22,145,1,3,146
2023-08-28T21:28:20,145,1,3,146
2023-08-28T21:41:06,145,1,3,146
2023-08-28T21:53:54,145,1,3,146
2023-08-28T22:06:41,145,1,3,146
2023-08-28T22:19:38,145,1,3,146
2023-08-28T22:32:25,145,1,3,146
2023-08-28T22:45:12,145,1,3,146
2023-08-28T22:58:00,145,1,3,146
2023-08-28T23:10:48,145,1,3,146
2023-08-28T23:23:38,145,1,3,146
2023-08-28T23:36:37,145,1,3,146
2023-08-28T23:49:25,145,1,3,146
2023-08-29T00:02:14,145,1,3,146
2023-08-29T00:15:14,145,1,3,146
2023-08-29T00:28:10,145,1,3,146
2023-08-29T00:40:59,145,1,3,146
2023-08-29T00:53:58,145,1,3,146
2023-08-29T01:06:48,145,1,3,146
2023-08-29T01:19:39,145,1,3,146
2023-08-29T01:32:28,145,1,3,146
2023-08-29T01:45:18,145,1,3,146
2023-08-29T01:58:08,145,1,3,146
2023-08-29T02:10:58,145,1,3,146
2023-08-29T02:23:49,145,1,3,146
2023-08-29T02:36:39,145,1,3,146
2023-08-29T02:49:27,145,1,3,146
2023-08-29T03:02:27,145,1,3,146
2023-08-29T03:15:18,145,1,3,146
2023-08-29T03:28:09,145,1,3,146
2023-08-29T03:41:00,145,1,3,146
2023-08-29T03:53:51,145,1,3,146
2023-08-29T04:06:43,145,1,3,146
2023-08-29T04:32:30,145,1,3,146
2023-08-29T04:45:22,145,1,3,146
2023-08-29T05:00:14,145,1,3,146
2023-08-29T05:13:08,145,1,3,146
2023-08-29T05:25:59,145,1,3,146
2023-08-29T05:38:51,145,1,3,146
2023-08-29T05:51:42,145,1,3,146
2023-08-29T06:04:33,145,1,3,146
2023-08-29T06:17:23,145,1,3,146
2023-08-29T06:30:17,145,1,3,146
2023-08-29T06:43:07,145,1,3,146
2023-08-29T06:55:58,145,1,3,146
2023-08-29T07:09:00,145,1,3,146
2023-08-29T07:21:49,145,1,3,146
2023-08-29T07:34:39,145,1,3,146
2023-08-29T07:47:28,145,1,3,146
2023-08-29T08:00:21,145,1,3,146
2023-08-29T08:13:15,145,1,3,146
2023-08-29T08:26:06,145,1,3,146
2023-08-29T08:38:58,145,1,3,146
2023-08-29T08:52:06,145,1,3,146
2023-08-29T09:04:59,145,1,3,146
2023-08-29T09:17:52,145,1,3,146
2023-08-29T09:30:48,145,1,3,146
2023-08-29T09:43:53,145,1,2,146
2023-08-29T09:56:49,145,1,2,146
2023-08-29T10:09:45,145,1,2,146
2023-08-29T10:22:43,145,1,2,146
2023-08-29T10:35:50,145,1,2,146
2023-08-29T10:48:46,145,1,2,146
2023-08-29T11:01:51,145,1,2,146
2023-08-29T11:14:56,145,1,2,146
2023-08-29T11:27:53,145,1,2,146
2023-08-29T11:40:53,145,1,2,146
2023-08-29T11:54:03,145,1,2,146
2023-08-29T12:07:02,145,1,2,146
2023-08-29T12:19:57,145,1,2,146
2023-08-29T12:33:09,145,1,2,146
2023-08-29T12:46:02,145,1,2,146
2023-08-29T12:58:56,145,1,2,146
2023-08-29T13:11:55,145,1,2,146
2023-08-29T13:25:00,145,1,2,146
2023-08-29T13:37:54,145,1,2,146
2023-08-29T13:50:53,145,1,2,146
2023-08-29T14:04:01,145,1,2,146
2023-08-29T14:16:57,145,1,2,146
2023-08-29T14:29:51,145,1,2,146
2023-08-29T14:43:05,145,1,2,146
2023-08-29T14:55:59,145,1,2,146
2023-08-29T15:08:54,145,1,2,146
2023-08-29T15:22:02,145,1,2,146
2023-08-29T15:34:57,145,1,2,146
2023-08-29T15:47:52,145,1,2,146
2023-08-29T16:01:05,145,1,2,146
2023-08-29T16:14:04,145,1,2,146
2023-08-29T16:26:59,145,1,2,146
2023-08-29T16:40:08,145,1,2,146
2023-08-29T16:53:05,145,1,2,146
2023-08-29T17:06:03,145,1,2,146
2023-08-29T17:19:13,145,1,2,146
2023-08-29T17:32:06,145,1,2,146
2023-08-29T17:44:59,145,1,2,146
2023-08-29T17:57:51,145,1,2,146
2023-08-29T18:11:09,145,1,2,146
2023-08-29T18:24:11,145,1,2,146
2023-08-29T18:37:08,145,1,2,146
2023-08-29T18:50:14,145,1,2,146
2023-08-29T19:03:08,145,1,2,146
2023-08-29T19:16:00,145,1,2,146
2023-08-29T19:28:51,145,1,2,146
2023-08-29T19:41:58,145,1,2,146
2023-08-29T19:54:51,145,1,2,146
2023-08-29T20:07:43,145,1,2,146
2023-08-29T20:20:35,145,1,2,146
2023-08-29T20:33:35,145,1,2,146
2023-08-29T20:46:22,145,1,2,146
2023-08-29T20:59:09,145,1,2,146
2023-08-29T21:11:56,145,1,2,146
2023-08-29T21:24:55,145,1,2,146
2023-08-29T21:37:42,145,1,2,146
2023-08-29T21:50:29,145,1,2,146
2023-08-29T22:03:16,145,1,2,146
2023-08-29T22:16:15,145,1,2,146
2023-08-29T22:29:03,145,1,2,146
2023-08-29T22:41:50,145,1,2,146
2023-08-29T22:54:38,145,1,2,146
2023-08-29T23:07:27,145,1,2,146
2023-08-29T23:20:26,145,1,2,146
2023-08-29T23:33:14,145,1,2,146
2023-08-29T23:46:02,145,1,2,146
2023-08-29T23:58:49,145,1,2,146
2023-08-30T00:11:39,145,1,2,146
2023-08-30T00:24:32,145,1,2,146
2023-08-30T00:37:35,145,1,2,146
2023-08-30T00:50:26,145,1,2,146
2023-08-30T01:03:19,145,1,2,146
2023-08-30T01:16:13,145,1,2,146
2023-08-30T01:29:03,145,1,2,146
2023-08-30T01:41:55,145,1,2,146
2023-08-30T01:54:45,145,1,2,146
2023-08-30T02:07:36,145,1,2,146
2023-08-30T02:20:38,145,1,2,146
2023-08-30T02:33:28,145,1,2,146
2023-08-30T02:46:17,145,1,2,146
2023-08-30T02:59:05,145,1,2,146
2023-08-30T03:11:55,145,1,2,146
2023-08-30T03:24:46,145,1,2,146
2023-08-30T03:37:37,145,1,2,146
2023-08-30T03:50:27,145,1,2,146
2023-08-30T04:03:20,145,1,2,146
2023-08-30T06:37:46,145,1,2,146
2023-08-30T06:50:37,145,1,2,146
2023-08-30T07:03:27,145,1,2,146
2023-08-30T07:16:17,145,1,2,146
2023-08-30T07:29:06,145,1,2,146
2023-08-30T07:41:54,145,1,2,146
2023-08-30T07:54:44,145,1,2,146
2023-08-30T08:07:33,145,1,2,146
2023-08-30T08:20:23,145,1,2,146
2023-08-30T08:33:11,145,1,2,146
2023-08-30T08:45:59,145,1,2,146
2023-08-30T08:58:47,145,1,2,146
2023-08-30T09:11:34,145,1,2,146
2023-08-30T09:24:31,145,1,2,146
2023-08-30T09:37:18,145,1,2,146
2023-08-30T09:50:05,145,1,2,146
2023-08-30T10:02:53,145,1,2,146
2023-08-30T10:15:41,145,1,2,146
2023-08-30T10:28:30,145,1,2,146
2023-08-30T10:41:18,145,1,2,146
2023-08-30T10:54:18,145,1,2,146
2023-08-30T11:07:06,145,1,2,146
2023-08-30T11:19:55,145,1,2,146
2023-08-30T11:32:44,145,1,2,146
2023-08-30T11:45:32,145,1,2,146
2023-08-30T11:58:21,145,1,2,146
2023-08-30T12:11:09,145,1,2,146
2023-08-30T12:24:06,145,1,2,146
2023-08-30T12:36:54,145,1,2,146
2023-08-30T12:49:42,145,1,2,146
2023-08-30T13:02:30,145,1,2,146
2023-08-30T13:15:18,145,1,2,146
2023-08-30T13:28:07,145,1,2,146
2023-08-30T13:40:56,145,1,2,146
2023-08-30T13:53:56,145,1,2,146
2023-08-30T14:06:45,145,1,2,146
2023-08-30T14:19:34,145,1,2,146
2023-08-30T14:32:22,145,1,2,146
2023-08-30T14:45:11,145,1,2,146
2023-08-30T14:57:59,145,1,2,146
2023-08-30T15:10:57,145,1,2,146
2023-08-30T15:23:46,145,1,2,146
2023-08-30T15:36:34,145,1,2,146
2023-08-30T15:49:22,145,1,2,146
2023-08-30T16:02:11,145,1,2,146
2023-08-30T16:14:59,145,1,2,146
2023-08-30T16:27:49,145,1,2,146
2023-08-30T16:40:48,145,1,2,146
2023-08-30T16:53:36,145,1,2,146
2023-08-30T17:06:26,145,1,2,146
2023-08-30T17:19:16,145,1,2,146
2023-08-30T17:32:04,145,1,2,146
2023-08-30T17:44:53,145,1,2,146
2023-08-30T17:57:42,145,1,2,146
2023-08-30T18:10:40,145,1,2,146
2023-08-30T18:23:29,145,1,2,146
2023-08-30T18:36:18,145,1,2,146
2023-08-30T18:49:07,145,1,2,146
2023-08-30T19:01:56,145,1,2,146
2023-08-30T19:14:45,145,1,2,146
2023-08-30T19:27:34,145,1,2,146
2023-08-30T19:40:23,145,1,2,146
2023-08-30T19:53:22,145,1,2,146
2023-08-30T20:06:11,145,1,2,146
2023-08-30T20:19:00,145,1,2,146
2023-08-30T20:31:49,145,1,2,146
2023-08-30T20:44:38,145,1,2,146
2023-08-30T20:57:27,145,1,2,146
2023-08-30T21:10:15,145,1,2,146
2023-08-30T21:23:04,145,1,2,146
2023-08-30T21:35:53,145,1,2,146
2023-08-30T21:48:52,145,1,2,146
2023-08-30T22:01:40,145,1,2,146
2023-08-30T22:14:29,145,1,2,146
2023-08-30T22:27:21,145,1,2,146
2023-08-30T22:40:10,145,1,2,146
2023-08-30T22:52:58,145,1,2,146
2023-08-30T23:05:48,145,1,2,146
2023-08-30T23:18:37,145,1,2,146
2023-08-30T23:31:35,145,1,2,146
2023-08-30T23:44:25,145,1,2,146
2023-08-30T23:57:14,145,1,2,146
2023-08-31T00:10:04,145,1,2,146
2023-08-31T00:23:17,145,1,2,146
2023-08-31T00:36:09,145,1,2,146
2023-08-31T00:48:59,145,1,2,146
2023-08-31T01:01:50,145,1,2,146
2023-08-31T01:14:42,145,1,2,146
2023-08-31T01:27:34,145,1,2,146
2023-08-31T01:40:26,145,1,2,146
2023-08-31T01:53:28,145,1,2,146
2023-08-31T02:06:23,145,1,2,146
2023-08-31T02:19:14,145,1,2,146
2023-08-31T02:32:05,145,1,2,146
2023-08-31T02:44:56,145,1,2,146
2023-08-31T02:57:46,145,1,2,146
2023-08-31T03:10:46,145,1,2,146
2023-08-31T03:23:40,145,1,2,146
2023-08-31T03:36:32,145,1,2,146
2023-08-31T03:49:24,145,1,2,146
2023-08-31T04:02:16,145,1,2,146
2023-08-31T04:30:57,145,1,2,146
2023-08-31T04:45:23,145,1,2,146
2023-08-31T04:58:17,145,1,2,146
2023-08-31T05:11:13,145,1,2,146
2023-08-31T05:24:06,145,1,2,146
2023-08-31T05:37:00,145,1,2,146
2023-08-31T05:49:54,145,1,2,146
2023-08-31T06:02:46,145,1,2,146
2023-08-31T06:15:39,145,1,2,146
2023-08-31T06:28:31,145,1,2,146
2023-08-31T06:41:23,145,1,2,146
2023-08-31T06:54:16,145,1,2,146
2023-08-31T07:07:08,145,1,2,146
2023-08-31T07:20:00,145,1,2,146
2023-08-31T07:32:51,145,1,2,146
2023-08-31T07:45:40,145,1,2,146
2023-08-31T07:58:29,145,1,2,146
2023-08-31T08:11:21,145,1,2,146
2023-08-31T08:24:20,145,1,2,146
2023-08-31T08:37:10,145,1,2,146
2023-08-31T08:50:00,145,1,2,146
2023-08-31T09:02:49,145,1,2,146
2023-08-31T09:15:40,145,1,2,146
2023-08-31T09:28:30,145,1,2,146
2023-08-31T09:41:21,145,1,2,146
2023-08-31T09:54:11,145,1,2,146
2023-08-31T10:07:13,145,1,2,146
2023-08-31T10:20:04,145,1,2,146
2023-08-31T10:32:55,145,1,2,146
2023-08-31T10:45:45,145,1,2,146
2023-08-31T10:58:37,145,1,2,146
2023-08-31T11:11:28,145,1,2,146
2023-08-31T11:24:28,145,1,2,146
2023-08-31T11:37:18,145,1,2,146
2023-08-31T11:50:09,145,1,2,146
2023-08-31T12:03:00,145,1,2,146
2023-08-31T12:15:51,145,1,2,146
2023-08-31T12:28:52,145,1,2,146
2023-08-31T12:41:44,145,1,2,146
2023-08-31T12:54:36,145,1,2,146
2023-08-31T13:07:28,145,1,2,146
2023-08-31T13:20:20,145,1,2,146
2023-08-31T13:33:21,145,1,2,146
2023-08-31T13:46:12,145,1,3,146
2023-08-31T13:59:04,145,1,3,146
2023-08-31T14:11:55,145,1,3,146
2023-08-31T14:24:45,145,1,3,146
2023-08-31T14:37:44,145,1,3,146
2023-08-31T14:50:33,145,1,4,146
2023-08-31T15:03:23,145,1,4,146
2023-08-31T15:16:14,145,1,4,146
2023-08-31T15:29:03,145,1,4,146
2023-08-31T15:41:55,145,1,4,146
2023-08-31T15:54:53,145,1,4,146
2023-08-31T16:07:43,145,1,4,146
2023-08-31T16:20:32,145,1,4,146
2023-08-31T16:33:23,145,1,4,146
2023-08-31T16:46:13,145,1,4,146
2023-08-31T16:59:11,145,1,4,146
2023-08-31T17:12:02,145,1,4,146
2023-08-31T17:24:52,145,1,4,146
2023-08-31T17:37:41,145,1,4,146
2023-08-31T17:50:30,145,1,4,146
2023-08-31T18:03:19,145,1,4,146
2023-08-31T18:16:07,145,1,4,146
2023-08-31T18:28:56,145,1,4,146
2023-08-31T18:41:57,145,1,4,146
2023-08-31T18:54:46,145,1,4,146
2023-08-31T19:07:35,145,1,4,146
2023-08-31T19:20:24,145,1,4,146
2023-08-31T19:33:13,145,1,4,146
2023-08-31T19:46:03,145,1,4,146
2023-08-31T19:58:52,145,1,4,146
2023-08-31T20:11:51,145,1,4,146
2023-08-31T20:24:40,145,1,4,146
2023-08-31T20:37:29,145,1,4,146
2023-08-31T20:50:18,145,1,4,146
2023-08-31T21:03:07,145,1,4,146
2023-08-31T21:15:57,145,1,4,146
2023-08-31T21:28:46,145,1,4,146
2023-08-31T21:41:35,145,1,4,146
2023-08-31T21:54:33,145,1,4,146
2023-08-31T22:07:22,145,1,4,146
2023-08-31T22:20:12,145,1,4,146
2023-08-31T22:33:01,145,1,4,146
2023-08-31T22:45:50,145,1,4,146
2023-08-31T22:58:39,145,1,4,146
2023-08-31T23:11:29,145,1,4,146
2023-08-31T23:24:18,145,1,4,146
2023-08-31T23:37:18,145,1,4,146
2023-08-31T23:50:07,145,1,4,146
2023-09-01T00:02:58,145,1,4,146
2023-09-01T00:15:57,145,1,4,146
2023-09-01T00:28:50,145,1,4,146
2023-09-01T00:41:44,145,1,4,146
2023-09-01T00:54:37,145,1,4,146
2023-09-01T01:07:31,145,1,4,146
2023-09-01T01:20:24,145,1,4,146
2023-09-01T01:33:19,145,1,4,146
2023-09-01T01:46:26,145,1,4,146
2023-09-01T01:59:20,145,1,4,146
2023-09-01T02:12:12,145,1,4,146
2023-09-01T02:25:04,145,1,4,146
2023-09-01T02:37:58,145,1,4,146
2023-09-01T02:50:50,145,1,4,146
2023-09-01T03:03:42,145,1,4,146
2023-09-01T03:16:36,145,1,4,146
2023-09-01T03:29:31,145,1,4,146
2023-09-01T03:42:25,145,1,4,146
2023-09-01T03:55:18,145,1,4,146
2023-09-01T04:10:12,145,1,4,146
2023-09-01T04:33:05,145,1,4,146
2023-09-01T04:46:01,145,1,4,146
2023-09-01T04:58:56,145,1,4,146
2023-09-01T05:11:51,145,1,4,146
2023-09-01T05:24:44,145,1,4,146
2023-09-01T05:37:38,145,1,4,146
2023-09-01T05:50:34,145,1,4,146
2023-09-01T06:03:28,145,1,4,146
2023-09-01T06:16:21,145,1,4,146
2023-09-01T06:29:14,145,1,4,146
2023-09-01T06:42:07,145,1,4,146
2023-09-01T06:55:00,145,1,4,146
2023-09-01T07:07:53,145,1,4,146
2023-09-01T07:20:48,145,1,4,146
2023-09-01T07:33:40,145,1,4,146
2023-09-01T07:46:39,145,1,4,146
2023-09-01T07:59:30,145,1,4,146
2023-09-01T08:12:22,145,1,4,146
2023-09-01T08:25:14,145,1,4,146
2023-09-01T08:38:06,145,1,4,146
2023-09-01T08:51:01,145,1,4,146
2023-09-01T09:03:59,145,1,4,146
2023-09-01T09:16:55,145,1,4,146
2023-09-01T09:30:03,145,1,4,146
2023-09-01T09:42:57,145,1,4,146
2023-09-01T09:55:52,145,1,4,146
2023-09-01T10:08:46,145,1,4,146
2023-09-01T10:21:43,145,1,4,146
2023-09-01T10:34:49,145,1,4,146
2023-09-01T10:47:45,145,1,4,146
2023-09-01T11:00:41,145,1,4,146
2023-09-01T11:13:37,145,1,4,146
2023-09-01T11:26:44,145,1,4,146
2023-09-01T11:39:40,145,1,4,146
2023-09-01T11:52:37,145,1,4,146
2023-09-01T12:05:33,145,1,4,146
2023-09-01T12:18:36,145,1,4,146
2023-09-01T12:31:34,145,1,4,146
2023-09-01T12:44:26,145,1,4,146
2023-09-01T12:57:21,145,1,4,146
2023-09-01T13:10:17,145,1,4,146
2023-09-01T13:23:23,145,1,4,146
2023-09-01T13:36:20,145,1,4,146
2023-09-01T13:49:14,145,1,4,146
2023-09-01T14:02:15,145,1,4,146
2023-09-01T14:15:26,145,1,4,146
2023-09-01T14:28:20,145,1,4,146
2023-09-01T14:41:16,145,1,4,146
2023-09-01T14:54:12,145,1,4,146
2023-09-01T15:07:19,145,1,4,146
2023-09-01T15:20:19,145,1,4,146
2023-09-01T15:33:19,145,1,4,146
2023-09-01T15:46:26,145,1,4,146
2023-09-01T15:59:24,145,1,4,146
2023-09-01T16:12:23,145,1,4,146
2023-09-01T16:25:17,145,1,4,146
2023-09-01T16:38:11,145,1,4,146
2023-09-01T16:51:17,145,1,4,146
2023-09-01T17:04:13,145,1,4,146
2023-09-01T17:17:13,145,1,4,146
2023-09-01T17:30:07,145,1,4,146
2023-09-01T19:30:11,145,1,4,146
2023-09-01T19:43:04,145,1,4,146
2023-09-01T19:55:57,145,1,4,146
2023-09-01T20:09:01,145,1,4,146
2023-09-01T20:21:55,145,1,4,146
2023-09-01T20:34:46,145,1,4,146
2023-09-01T20:47:37,145,1,4,146
2023-09-01T21:00:27,145,1,4,146
2023-09-01T21:13:28,145,1,4,146
2023-09-01T21:26:19,145,1,4,146
2023-09-01T21:39:10,145,1,4,146
2023-09-01T21:52:00,145,1,4,146
2023-09-01T22:04:52,145,1,4,146
2023-09-01T22:17:53,145,1,4,146
2023-09-01T22:30:43,145,1,4,146
2023-09-01T22:43:34,145,1,4,146
2023-09-01T22:56:25,145,1,4,146
2023-09-01T23:09:17,145,1,4,146
2023-09-01T23:22:18,145,1,4,146
2023-09-01T23:35:10,145,1,4,146
2023-09-01T23:48:01,145,1,4,146
2023-09-02T00:00:53,145,1,4,146
2023-09-02T00:13:52,145,1,4,146
2023-09-02T00:26:48,145,1,4,146
2023-09-02T00:39:53,145,1,4,146
2023-09-02T00:52:47,145,1,4,146
2023-09-02T01:05:42,145,1,4,146
2023-09-02T01:18:36,145,1,4,146
2023-09-02T01:31:33,145,1,4,146
2023-09-02T01:44:28,145,1,4,146
2023-09-02T01:57:25,145,1,4,146
2023-09-02T02:10:19,145,1,4,146
2023-09-02T02:23:11,145,1,4,146
2023-09-02T02:36:14,145,1,4,146
2023-09-02T02:49:08,145,1,4,146
2023-09-02T03:02:00,145,1,4,146
2023-09-02T03:14:54,145,1,4,146
2023-09-02T03:27:49,145,1,4,146
2023-09-02T03:40:42,145,1,4,146
2023-09-02T03:53:36,145,1,4,146
2023-09-02T04:06:31,145,1,4,146
2023-09-02T04:31:52,145,1,4,146
2023-09-02T04:45:08,145,1,4,146
2023-09-02T04:58:07,145,1,4,146
2023-09-02T05:11:03,145,1,4,146
2023-09-02T05:23:59,145,1,4,146
2023-09-02T05:36:54,145,1,4,146
2023-09-02T05:49:49,145,1,4,146
2023-09-02T06:02:44,145,1,4,146
2023-09-02T06:15:39,145,1,4,146
2023-09-02T06:28:34,145,1,4,146
2023-09-02T06:41:29,145,1,4,146
2023-09-02T06:54:23,145,1,4,146
2023-09-02T07:07:19,145,1,4,146
2023-09-02T07:20:14,145,1,4,146
2023-09-02T07:33:08,145,1,4,146
2023-09-02T07:46:02,145,1,4,146
2023-09-02T07:58:56,145,1,4,146
2023-09-02T08:11:59,145,1,4,146
2023-09-02T08:24:53,145,1,4,146
2023-09-02T08:37:49,145,1,4,146
2023-09-02T08:50:44,145,1,4,146
2023-09-02T09:03:39,145,1,4,146
2023-09-02T09:16:33,145,1,4,146
2023-09-02T09:29:27,145,1,4,146
2023-09-02T09:42:20,145,1,4,146
2023-09-02T09:55:13,145,1,4,146
2023-09-02T10:08:07,145,1,4,146
2023-09-02T10:21:00,145,1,4,146
2023-09-02T10:33:54,145,1,4,146
2023-09-02T10:46:56,145,1,4,146
2023-09-02T10:59:50,145,1,4,146
2023-09-02T11:12:42,145,1,4,146
2023-09-02T11:25:33,145,1,4,146
2023-09-02T11:38:25,145,1,4,146
2023-09-02T11:51:16,145,1,4,146
2023-09-02T12:04:07,145,1,4,146
2023-09-02T12:16:59,145,1,4,146
2023-09-02T12:29:51,145,1,4,146
2023-09-02T12:42:42,145,1,4,146
2023-09-02T12:55:43,145,1,4,146
2023-09-02T13:08:34,145,1,4,146
2023-09-02T13:21:24,145,1,4,146
2023-09-02T13:34:15,145,1,4,146
2023-09-02T13:47:07,145,1,4,146
2023-09-02T13:59:58,145,1,4,146
2023-09-02T14:12:49,145,1,4,146
2023-09-02T14:25:40,145,1,4,146
2023-09-02T14:38:42,145,1,4,146
2023-09-02T14:51:34,145,1,4,146
2023-09-02T15:04:25,145,1,4,146
2023-09-02T15:17:16,145,1,4,146
2023-09-02T15:30:07,145,1,4,146
2023-09-02T15:42:59,145,1,4,146
2023-09-02T15:55:51,145,1,4,146
2023-09-02T16:08:42,145,1,4,146
2023-09-02T16:21:34,145,1,4,146
2023-09-02T16:34:25,145,1,4,146
2023-09-02T16:47:16,145,1,4,146
2023-09-02T17:00:08,145,1,4,146
2023-09-02T17:13:11,145,1,4,146
2023-09-02T17:26:02,145,1,4,146
2023-09-02T17:38:54,145,1,4,146
2023-09-02T17:51:45,145,1,4,146
2023-09-02T18:04:37,145,1,4,146
2023-09-02T18:17:28,145,1,4,146
2023-09-02T18:30:19,145,1,4,146
2023-09-02T18:43:09,145,1,4,146
2023-09-02T18:56:00,145,1,4,146
2023-09-02T19:08:51,145,1,4,146
2023-09-02T19:21:43,145,1,4,146
2023-09-02T19:34:43,145,1,4,146
2023-09-02T19:47:34,145,1,4,146
2023-09-02T20:00:25,145,1,4,146
2023-09-02T20:13:16,145,1,4,146
2023-09-02T20:26:08,145,1,4,146
2023-09-02T20:38:58,145,1,4,146
2023-09-02T20:51:49,145,1,4,146
2023-09-02T21:04:41,145,1,4,146
2023-09-02T21:17:31,145,1,4,146
2023-09-02T21:30:22,145,1,4,146
2023-09-02T21:43:22,145,1,4,146
2023-09-02T21:56:13,145,1,4,146
2023-09-02T22:09:04,145,1,4,146
2023-09-02T22:21:54,145,1,4,146
2023-09-02T22:34:46,145,1,4,146
2023-09-02T22:47:37,145,1,4,146
2023-09-02T23:00:27,145,1,4,146
2023-09-02T23:13:22,145,1,4,146
2023-09-02T23:26:13,145,1,4,146
2023-09-02T23:39:05,145,1,4,146
2023-09-02T23:51:57,145,1,4,146
2023-09-03T00:04:50,145,1,4,146
2023-09-03T00:17:58,145,1,4,146
2023-09-03T00:30:52,145,1,4,146
2023-09-03T00:43:47,145,1,4,146
2023-09-03T00:56:41,145,1,4,146
2023-09-03T01:09:36,145,1,4,146
2023-09-03T01:22:27,145,1,4,146
2023-09-03T01:35:23,145,1,4,146
2023-09-03T01:48:16,145,1,4,146
2023-09-03T02:01:11,145,1,4,146
2023-09-03T02:14:15,145,1,4,146
2023-09-03T02:27:10,145,1,4,146
2023-09-03T02:40:05,145,1,4,146
2023-09-03T02:52:59,145,1,4,146
2023-09-03T03:05:53,145,1,4,146
2023-09-03T03:18:47,145,1,4,146
2023-09-03T03:31:42,145,1,4,146
2023-09-03T03:44:46,145,1,4,146
2023-09-03T03:57:41,145,1,4,146
2023-09-03T04:29:04,145,1,4,146
2023-09-03T04:42:00,145,1,4,146
2023-09-03T04:56:35,145,1,4,146
2023-09-03T05:09:30,145,1,4,146
2023-09-03T05:22:25,145,1,4,146
2023-09-03T05:35:20,145,1,4,146
2023-09-03T05:48:19,145,1,4,146
2023-09-03T06:01:13,145,1,4,146
2023-09-03T06:14:08,145,1,4,146
2023-09-03T06:27:01,145,1,4,146
2023-09-03T06:39:53,145,1,4,146
2023-09-03T06:52:44,145,1,4,146
2023-09-03T07:05:37,145,1,4,146
2023-09-03T07:18:28,145,1,4,146
2023-09-03T07:31:19,145,1,4,146
2023-09-03T07:44:11,145,1,4,146
2023-09-03T07:57:02,145,1,4,146
2023-09-03T08:09:54,145,1,4,146
2023-09-03T08:22:46,145,1,4,146
2023-09-03T08:35:55,145,1,4,146
2023-09-03T08:48:45,145,1,4,146
2023-09-03T09:01:37,145,1,4,146
2023-09-03T09:14:28,145,1,4,146
2023-09-03T09:27:20,145,1,4,146
2023-09-03T09:40:12,145,1,4,146
2023-09-03T09:53:03,145,1,4,146
2023-09-03T10:05:54,145,1,4,146
2023-09-03T10:18:47,145,1,4,146
2023-09-03T10:31:40,145,1,4,146
2023-09-03T10:44:32,145,1,4,146
2023-09-03T10:57:25,145,1,4,146
2023-09-03T11:10:25,145,1,4,146
2023-09-03T11:23:16,145,1,4,146
2023-09-03T11:36:09,145,1,4,146
2023-09-03T11:49:00,145,1,4,146
2023-09-03T12:01:52,145,1,4,146
2023-09-03T12:14:42,145,1,4,146
2023-09-03T12:27:33,145,1,4,146
2023-09-03T12:40:25,145,1,4,146
2023-09-03T12:53:15,145,1,4,146
2023-09-03T13:06:06,145,1,4,146
2023-09-03T13:18:57,145,1,4,146
2023-09-03T13:31:58,145,1,4,146
2023-09-03T13:44:48,145,1,4,146
2023-09-03T13:57:39,145,1,4,146
2023-09-03T14:10:30,145,1,4,146
2023-09-03T14:23:20,145,1,4,146
2023-09-03T14:36:11,145,1,4,146
2023-09-03T14:49:02,145,1,4,146
2023-09-03T15:01:52,145,1,4,146
2023-09-03T15:14:43,145,1,4,146
2023-09-03T15:27:34,145,1,4,146
2023-09-03T15:40:25,145,1,4,146
2023-09-03T15:53:16,145,1,4,146
2023-09-03T16:06:16,145,1,4,146
2023-09-03T16:19:08,145,1,4,146
2023-09-03T16:31:59,145,1,4,146
2023-09-03T16:44:51,145,1,4,146
2023-09-03T16:57:41,145,1,4,146
2023-09-03T17:10:33,145,1,4,146
2023-09-03T17:23:23,145,1,4,146
2023-09-03T17:36:15,145,1,4,146
2023-09-03T17:49:05,145,1,4,146
2023-09-03T18:02:13,145,1,4,146
2023-09-03T18:15:03,145,1,4,146
2023-09-03T18:27:53,145,1,4,146
2023-09-03T18:40:44,145,1,4,146
2023-09-03T18:53:34,145,1,4,146
2023-09-03T19:06:28,145,1,4,146
2023-09-03T19:19:20,145,1,4,146
2023-09-03T19:32:10,145,1,4,146
2023-09-03T19:45:01,145,1,4,146
2023-09-03T19:57:51,145,1,4,146
2023-09-03T20:10:42,145,1,4,146
2023-09-03T20:23:33,145,1,4,146
2023-09-03T20:36:33,145,1,4,146
2023-09-03T20:49:24,145,1,4,146
2023-09-03T21:02:14,145,1,4,146
2023-09-03T21:15:05,145,1,4,146
2023-09-03T21:27:56,145,1,4,146
2023-09-03T21:40:47,145,1,4,146
2023-09-03T21:53:39,145,1,4,146
2023-09-03T22:06:31,145,1,4,146
2023-09-03T22:19:22,145,1,4,146
2023-09-03T22:32:31,145,1,4,146
2023-09-03T22:45:22,145,1,4,146
2023-09-03T22:58:12,145,1,4,146
2023-09-03T23:11:07,145,1,4,146
2023-09-03T23:23:59,145,1,4,146
2023-09-03T23:36:50,145,1,4,146
2023-09-03T23:49:41,145,1,4,146
2023-09-04T00:02:34,145,1,4,146
2023-09-04T00:15:33,145,1,4,146
2023-09-04T00:28:35,145,1,4,146
2023-09-04T00:41:36,145,1,4,146
2023-09-04T00:54:42,145,1,4,146
2023-09-04T01:07:35,145,1,4,146
2023-09-04T01:20:27,145,1,4,146
2023-09-04T01:33:24,145,1,4,146
2023-09-04T01:46:21,145,1,4,146
2023-09-04T01:59:20,145,1,4,146
2023-09-04T02:12:14,145,1,4,146
2023-09-04T02:25:08,145,1,4,146
2023-09-04T02:38:01,145,1,4,146
2023-09-04T02:50:53,145,1,4,146
2023-09-04T03:03:47,145,1,4,146
2023-09-04T03:16:40,145,1,4,146
2023-09-04T03:29:35,145,1,4,146
2023-09-04T03:42:30,145,1,4,146
2023-09-04T03:55:24,145,1,4,146
2023-09-04T04:08:18,145,1,4,146
2023-09-04T04:38:28,145,1,4,146
2023-09-04T04:51:42,145,1,4,146
2023-09-04T05:04:39,145,1,4,146
2023-09-04T05:17:37,145,1,4,146
2023-09-04T05:30:33,145,1,4,146
2023-09-04T05:43:29,145,1,4,146
2023-09-04T05:56:25,145,1,4,146
2023-09-04T06:09:21,145,1,4,146
2023-09-04T06:22:14,145,1,4,146
2023-09-04T06:35:07,145,1,4,146
2023-09-04T06:47:59,145,1,4,146
2023-09-04T07:00:51,145,1,4,146
2023-09-04T07:13:44,145,1,4,146
2023-09-04T07:26:35,145,1,4,146
2023-09-04T07:39:25,145,1,4,146
2023-09-04T07:52:16,145,1,4,146
2023-09-04T08:05:06,145,1,4,146
2023-09-04T08:17:57,145,1,4,146
2023-09-04T08:30:48,145,1,4,146
2023-09-04T08:43:39,145,1,4,146
2023-09-04T08:56:30,145,1,4,146
2023-09-04T09:09:20,145,1,4,146
2023-09-04T09:22:11,145,1,4,146
2023-09-04T09:35:10,145,1,4,146
2023-09-04T09:48:01,145,1,4,146
2023-09-04T10:00:51,145,1,4,146
2023-09-04T10:13:42,145,1,4,146
2023-09-04T10:26:32,145,1,4,146
2023-09-04T10:39:23,145,1,4,146
2023-09-04T10:52:13,145,1,4,146
2023-09-04T11:05:04,145,1,4,146
2023-09-04T11:17:54,145,1,4,146
2023-09-04T11:30:45,145,1,4,146
2023-09-04T11:43:36,145,1,4,146
2023-09-04T11:56:27,145,1,4,146
2023-09-04T12:09:18,145,1,4,146
2023-09-04T12:22:18,145,1,4,146
2023-09-04T12:35:08,145,1,4,146
2023-09-04T12:47:59,145,1,4,146
2023-09-04T13:00:50,145,1,4,146
2023-09-04T13:13:41,145,1,4,146
2023-09-04T13:26:32,145,1,4,146
2023-09-04T13:39:22,145,1,4,146
2023-09-04T13:52:13,145,1,4,146
2023-09-04T14:05:03,145,1,4,146
2023-09-04T14:17:54,145,1,4,146
2023-09-04T14:30:56,145,1,4,146
2023-09-04T14:43:47,145,1,4,146
2023-09-04T14:56:39,145,1,4,146
2023-09-04T15:09:31,145,1,4,146
2023-09-04T15:22:22,145,1,4,146
2023-09-04T15:35:13,145,1,4,146
2023-09-04T15:48:04,145,1,4,146
2023-09-04T16:00:55,145,1,4,146
2023-09-04T16:13:45,145,1,4,146
2023-09-04T16:26:36,145,1,4,146
2023-09-04T16:39:27,145,1,4,146
2023-09-04T16:52:28,145,1,4,146
2023-09-04T17:05:20,145,1,4,146
2023-09-04T17:18:12,145,1,4,146
2023-09-04T17:31:03,145,1,4,146
2023-09-04T17:43:53,145,1,4,146
2023-09-04T17:56:43,145,1,4,146
2023-09-04T18:09:34,145,1,4,146
2023-09-04T18:22:24,145,1,4,146
2023-09-04T18:35:15,145,1,4,146
2023-09-04T18:48:05,145,1,4,146
2023-09-04T19:00:56,145,1,4,146
2023-09-04T19:13:47,145,1,4,146
2023-09-04T19:26:48,145,1,4,146
2023-09-04T19:39:39,145,1,4,146
2023-09-04T19:52:30,145,1,4,146
2023-09-04T20:05:20,145,1,4,146
2023-09-04T20:18:12,145,1,4,146
2023-09-04T20:31:03,145,1,4,146
2023-09-04T20:43:53,145,1,4,146
2023-09-04T20:56:44,145,1,4,146
2023-09-04T21:09:38,145,1,4,146
2023-09-04T21:22:39,145,1,4,146
2023-09-04T21:35:30,145,1,4,146
2023-09-04T21:48:20,145,1,4,146
2023-09-04T22:01:11,145,1,4,146
2023-09-04T22:14:01,145,1,4,146
2023-09-04T22:26:52,145,1,4,146
2023-09-04T22:39:43,145,1,4,146
2023-09-04T22:52:33,145,1,4,146
2023-09-04T23:05:23,145,1,4,146
2023-09-04T23:18:18,145,1,4,146
2023-09-04T23:31:21,145,1,4,146
2023-09-04T23:44:12,145,1,4,146
2023-09-04T23:57:05,145,1,4,146
2023-09-05T00:09:58,145,1,4,146
2023-09-05T00:22:55,145,1,4,146
2023-09-05T00:35:48,145,1,4,146
2023-09-05T00:48:42,145,1,4,146
2023-09-05T01:01:36,145,1,4,146
2023-09-05T01:14:29,145,1,4,146
2023-09-05T01:27:25,145,1,4,146
2023-09-05T01:40:20,145,1,4,146
2023-09-05T01:53:14,145,1,4,146
2023-09-05T02:06:10,145,1,4,146
2023-09-05T02:19:04,145,1,4,146
2023-09-05T02:32:00,145,1,4,146
2023-09-05T02:44:53,145,1,4,146
2023-09-05T02:57:58,145,1,4,146
2023-09-05T03:10:51,145,1,4,146
2023-09-05T03:23:45,145,1,4,146
2023-09-05T03:36:40,145,1,4,146
2023-09-05T03:49:33,145,1,4,146
2023-09-05T04:02:28,145,1,4,146
2023-09-05T04:31:14,145,1,4,146
2023-09-05T04:44:16,145,1,4,146
2023-09-05T04:57:12,145,1,4,146
2023-09-05T05:10:11,145,1,4,146
2023-09-05T05:23:05,145,1,4,146
2023-09-05T05:36:00,145,1,4,146
2023-09-05T05:48:55,145,1,4,146
2023-09-05T06:01:50,145,1,4,146
2023-09-05T06:14:45,145,1,4,146
2023-09-05T06:27:39,145,1,4,146
2023-09-05T06:40:31,145,1,4,146
2023-09-05T06:53:23,145,1,4,146
2023-09-05T07:06:15,145,1,4,146
2023-09-05T07:19:06,145,1,4,146
2023-09-05T07:31:57,145,1,4,146
2023-09-05T07:44:48,145,1,4,146
2023-09-05T07:57:40,145,1,4,146
2023-09-05T08:10:31,145,1,4,146
2023-09-05T08:23:23,145,1,4,146
2023-09-05T08:36:14,145,1,4,146
2023-09-05T08:49:14,145,1,4,146
2023-09-05T09:02:06,145,1,4,146
2023-09-05T09:14:59,145,1,4,146
2023-09-05T09:27:52,145,1,4,146
2023-09-05T09:40:43,145,1,4,146
2023-09-05T09:53:36,145,1,4,146
2023-09-05T10:06:27,145,1,4,146
2023-09-05T10:19:18,145,1,4,146
2023-09-05T10:32:11,145,1,4,146
2023-09-05T10:45:15,145,1,4,146
2023-09-05T10:58:07,145,1,4,146
2023-09-05T11:10:59,145,1,4,146
2023-09-05T11:23:51,145,1,4,146
2023-09-05T11:36:44,145,1,4,146
2023-09-05T11:49:37,145,1,4,146
2023-09-05T12:02:39,145,1,4,146
2023-09-05T12:15:31,145,1,4,146
2023-09-05T12:28:24,145,1,4,146
2023-09-05T12:41:15,145,1,4,146
2023-09-05T12:54:07,145,1,4,146
2023-09-05T13:06:58,145,1,4,146
2023-09-05T13:19:50,145,1,4,146
2023-09-05T13:32:52,145,1,4,146
2023-09-05T13:45:44,145,1,4,146
2023-09-05T13:58:36,145,1,4,146
2023-09-05T14:11:29,145,1,4,146
2023-09-05T14:24:22,145,1,4,146
2023-09-05T14:37:14,145,1,4,146
2023-09-05T14:50:07,145,1,4,146
2023-09-05T15:03:09,145,1,4,146
2023-09-05T15:16:01,145,1,4,146
2023-09-05T15:28:54,145,1,4,146
2023-09-05T15:41:46,145,1,4,146
2023-09-05T15:54:42,145,1,4,146
2023-09-05T16:07:34,145,1,4,146
2023-09-05T16:20:26,145,1,4,146
2023-09-05T16:33:28,145,1,4,146
2023-09-05T16:46:20,145,1,4,146
2023-09-05T16:59:13,145,1,4,146
2023-09-05T17:12:08,145,1,4,146
2023-09-05T17:25:02,145,1,4,146
2023-09-05T17:37:54,145,1,4,146
2023-09-05T17:50:59,145,1,4,146
2023-09-05T18:03:52,145,1,4,146
2023-09-05T18:16:44,145,1,4,146
2023-09-05T18:29:37,145,1,4,146
2023-09-05T18:42:29,145,1,4,146
2023-09-05T18:55:33,145,1,4,146
2023-09-05T19:08:26,145,1,4,146
2023-09-05T19:21:18,145,1,4,146
2023-09-05T19:34:11,145,1,4,146
2023-09-05T19:47:13,145,1,4,146
2023-09-05T20:00:06,145,1,4,146
2023-09-05T20:12:58,145,1,4,146
2023-09-05T20:25:51,145,1,4,146
2023-09-05T20:38:53,145,1,4,146
2023-09-05T20:51:45,145,1,4,146
2023-09-05T21:04:38,145,1,4,146
2023-09-05T21:17:31,145,1,4,146
2023-09-05T21:30:23,145,1,4,146
2023-09-05T21:43:25,145,1,4,146
2023-09-05T21:56:18,145,1,4,146
2023-09-05T22:09:11,145,1,4,146
2023-09-05T22:22:04,145,1,4,146
2023-09-05T22:34:57,145,1,4,146
2023-09-05T22:48:00,145,1,4,146
2023-09-05T23:00:52,145,1,4,146
2023-09-05T23:13:47,145,1,4,146
2023-09-05T23:26:42,145,1,4,146
2023-09-05T23:39:36,145,1,4,146
2023-09-05T23:52:30,145,1,4,146
2023-09-06T00:05:26,145,1,4,146
2023-09-06T00:18:25,145,1,4,146
2023-09-06T00:31:33,145,1,4,146
2023-09-06T00:44:31,145,1,4,146
2023-09-06T00:57:31,145,1,4,146
2023-09-06T01:10:29,145,1,4,146
2023-09-06T01:23:27,145,1,4,146
2023-09-06T01:36:23,145,1,4,146
2023-09-06T01:49:26,145,1,4,146
2023-09-06T02:02:25,145,1,4,146
2023-09-06T02:15:21,145,1,4,146
2023-09-06T02:28:17,145,1,4,146
2023-09-06T02:41:12,145,1,4,146
2023-09-06T02:54:06,145,1,4,146
2023-09-06T03:07:57,145,1,4,146
2023-09-06T03:21:38,145,1,4,146
2023-09-06T03:34:35,145,1,4,146
2023-09-06T03:47:31,145,1,4,146
2023-09-06T04:00:29,145,1,4,146
2023-09-06T04:15:31,145,1,4,146
2023-09-06T04:36:30,145,1,4,146
2023-09-06T04:49:29,145,1,4,146
2023-09-06T05:02:27,145,1,4,146
2023-09-06T05:15:24,145,1,4,146
2023-09-06T05:28:20,145,1,4,146
2023-09-06T05:41:17,145,1,4,146
2023-09-06T05:54:13,145,1,4,146
2023-09-06T06:07:08,145,1,4,146
2023-09-06T06:20:04,145,1,4,146
2023-09-06T06:33:03,145,1,4,146
2023-09-06T06:46:09,145,1,4,146
2023-09-06T06:59:08,145,1,4,146
2023-09-06T07:12:16,145,1,4,146
2023-09-06T07:25:18,145,1,4,146
2023-09-06T07:38:15,145,1,4,146
2023-09-06T07:51:10,145,1,4,146
2023-09-06T08:04:06,145,1,4,146
2023-09-06T08:17:04,145,1,4,146
2023-09-06T08:30:00,145,1,4,146
2023-09-06T08:42:57,145,1,4,146
2023-09-06T08:55:51,145,1,4,146
2023-09-06T09:08:57,145,1,4,146
2023-09-06T09:21:52,145,1,4,146
2023-09-06T09:34:48,145,1,4,146
2023-09-06T09:47:46,145,1,4,146
2023-09-06T10:00:43,145,1,4,146
2023-09-06T10:13:51,145,1,4,146
2023-09-06T10:26:48,145,1,4,146
2023-09-06T10:39:43,145,1,4,146
2023-09-06T10:52:39,145,1,4,146
2023-09-06T11:05:46,145,1,4,146
2023-09-06T11:18:40,145,1,4,146
2023-09-06T11:31:34,145,1,4,146
2023-09-06T11:44:29,145,1,4,146
2023-09-06T11:57:33,145,1,4,146
2023-09-06T12:10:29,145,1,4,146
2023-09-06T12:23:23,145,1,4,146
2023-09-06T12:36:19,145,1,4,146
2023-09-06T12:49:14,145,1,4,146
2023-09-06T13:02:18,145,1,4,146
2023-09-06T13:15:12,145,1,4,146
2023-09-06T13:28:07,145,1,4,146
2023-09-06T13:41:02,145,1,4,146
2023-09-06T13:53:58,145,1,4,146
2023-09-06T14:07:03,145,1,4,146
2023-09-06T14:19:59,145,1,4,146
2023-09-06T14:32:54,145,1,4,146
2023-09-06T14:45:49,145,1,4,146
2023-09-06T14:58:44,145,1,4,146
2023-09-06T15:11:53,145,1,4,146
2023-09-06T15:24:47,145,1,4,146
2023-09-06T15:37:43,145,1,4,146
2023-09-06T15:50:37,145,1,4,146
2023-09-06T16:03:31,145,1,4,146
2023-09-06T16:16:24,145,1,4,146
2023-09-06T16:29:30,145,1,4,146
2023-09-06T16:42:23,145,1,4,146
2023-09-06T16:55:16,145,1,4,146
2023-09-06T17:08:11,145,1,4,146
2023-09-06T17:21:06,145,1,4,146
2023-09-06T17:33:59,145,1,4,146
2023-09-06T17:46:53,145,1,4,146
2023-09-06T17:59:58,145,1,4,146
2023-09-06T18:12:51,145,1,4,146
2023-09-06T18:25:44,145,1,4,146
2023-09-06T18:38:37,145,1,4,146
2023-09-06T18:51:31,145,1,4,146
2023-09-06T19:04:24,145,1,4,146
2023-09-06T19:17:17,145,1,4,146
2023-09-06T19:30:11,145,1,4,146
2023-09-06T19:43:15,145,1,4,146
2023-09-06T19:56:08,145,1,4,146
2023-09-06T20:09:01,145,1,4,146
2023-09-06T20:21:55,145,1,4,146
2023-09-06T20:34:49,145,1,4,146
2023-09-06T20:47:43,145,1,4,146
2023-09-06T21:00:36,145,1,4,146
2023-09-06T21:13:30,145,1,4,146
2023-09-06T21:26:34,145,1,4,146
2023-09-06T21:39:28,145,1,4,146
2023-09-06T21:52:21,145,1,4,146
2023-09-06T22:05:15,145,1,4,146
2023-09-06T22:18:08,145,1,4,146
2023-09-06T22:31:03,145,1,4,146
2023-09-06T22:43:58,146,0,3,146
2023-09-06T22:56:52,146,0,3,146
2023-09-06T23:09:58,146,0,3,146
2023-09-06T23:22:52,146,0,3,146
2023-09-06T23:35:46,146,0,3,146
2023-09-06T23:48:40,146,0,3,146
2023-09-07T00:01:34,146,0,3,146
2023-09-07T00:14:36,146,0,3,146
2023-09-07T00:27:46,146,0,3,146
2023-09-07T00:40:42,146,0,3,146
2023-09-07T00:53:40,146,0,3,146
2023-09-07T01:06:37,146,0,3,146
2023-09-07T01:19:33,146,0,3,146
2023-09-07T01:32:29,146,0,3,146
2023-09-07T01:45:26,146,0,3,146
2023-09-07T01:58:23,146,0,3,146
2023-09-07T02:11:19,146,0,3,146
2023-09-07T02:24:13,146,0,3,146
2023-09-07T02:37:21,146,0,3,146
2023-09-07T02:50:17,146,0,3,146
2023-09-07T03:03:12,146,0,3,146
2023-09-07T03:16:14,146,0,3,146
2023-09-07T03:29:10,146,0,3,146
2023-09-07T03:42:05,146,0,3,146
2023-09-07T03:55:01,146,0,3,146
2023-09-07T04:07:57,146,0,3,146
2023-09-07T04:33:21,146,0,3,146
2023-09-07T04:46:43,146,0,3,146
2023-09-07T04:59:43,146,0,3,146
2023-09-07T05:12:43,146,0,3,146
2023-09-07T05:25:42,146,0,3,146
2023-09-07T05:38:38,146,0,3,146
2023-09-07T05:51:37,146,0,3,146
2023-09-07T06:04:35,146,0,3,146
2023-09-07T06:17:33,146,0,3,146
2023-09-07T06:30:29,146,0,3,146
2023-09-07T06:43:26,146,0,3,146
2023-09-07T06:56:24,146,0,3,146
2023-09-07T07:09:21,146,0,3,146
2023-09-07T07:22:18,146,0,3,146
2023-09-07T07:35:14,146,0,3,146
2023-09-07T07:48:10,146,0,3,146
2023-09-07T08:01:14,146,0,3,146
2023-09-07T08:14:10,146,0,3,146
2023-09-07T08:27:07,146,0,3,146
2023-09-07T08:40:03,146,0,3,146
2023-09-07T08:52:59,146,0,3,146
2023-09-07T09:05:56,146,0,3,146
2023-09-07T09:18:52,146,0,3,146
2023-09-07T09:31:48,146,0,3,146
2023-09-07T09:44:44,146,0,3,146
2023-09-07T09:57:50,146,0,3,146
2023-09-07T10:10:44,146,0,3,146
2023-09-07T10:23:39,146,0,3,146
2023-09-07T10:36:35,146,0,3,146
2023-09-07T10:49:30,146,0,3,146
2023-09-07T11:02:37,146,0,3,146
2023-09-07T11:15:31,146,0,3,146
2023-09-07T11:28:26,146,0,3,146
2023-09-07T11:41:20,146,0,3,146
2023-09-07T11:54:14,146,0,3,146
2023-09-07T12:07:09,146,0,3,146
2023-09-07T12:20:14,146,0,3,146
2023-09-07T12:33:08,146,0,3,146
2023-09-07T12:46:03,146,0,3,146
2023-09-07T12:58:58,146,0,3,146
2023-09-07T13:11:54,146,0,3,146
2023-09-07T13:24:58,146,0,3,146
2023-09-07T13:37:52,146,0,3,146
2023-09-07T13:50:46,146,0,3,146
2023-09-07T14:03:41,146,0,3,146
2023-09-07T14:16:35,146,0,3,146
2023-09-07T14:29:29,146,0,3,146
2023-09-07T14:42:34,145,1,3,146
2023-09-07T14:55:27,145,1,3,146
2023-09-07T15:08:20,145,1,3,146
2023-09-07T15:21:15,145,1,3,146
2023-09-07T15:34:10,145,1,3,146
2023-09-07T15:47:03,145,1,3,146
2023-09-07T16:00:07,145,1,3,146
2023-09-07T16:13:01,145,1,3,146
2023-09-07T16:25:54,145,1,3,146
2023-09-07T16:38:47,145,1,3,146
2023-09-07T16:51:40,145,1,3,146
2023-09-07T17:04:34,145,1,3,146
2023-09-07T17:17:28,145,1,3,146
2023-09-07T17:30:32,145,1,3,146
2023-09-07T17:43:25,145,1,3,146
2023-09-07T17:56:19,145,1,3,146
2023-09-07T18:09:12,145,1,3,146
2023-09-07T18:22:06,145,1,3,146
2023-09-07T18:35:01,145,1,3,146
2023-09-07T18:47:53,145,1,3,146
2023-09-07T19:00:57,145,1,3,146
2023-09-07T19:13:51,145,1,3,146
2023-09-07T19:26:45,145,1,3,146
2023-09-07T19:39:37,145,1,3,146
2023-09-07T19:52:31,145,1,3,146
2023-09-07T20:05:25,145,1,3,146
2023-09-07T20:18:18,145,1,3,146
2023-09-07T20:31:11,145,1,3,146
2023-09-07T20:44:14,145,1,3,146
2023-09-07T20:57:07,145,1,3,146
2023-09-07T21:10:00,145,1,3,146
2023-09-07T21:22:53,145,1,3,146
2023-09-07T21:35:46,145,1,3,146
2023-09-07T21:48:40,145,1,3,146
2023-09-07T22:01:34,145,1,3,146
2023-09-07T22:14:28,145,1,3,146
2023-09-07T22:27:34,145,1,3,146
2023-09-07T22:40:27,146,0,2,146
2023-09-07T22:53:22,146,0,2,146
2023-09-07T23:06:16,146,0,2,146
2023-09-07T23:19:10,146,0,2,146
2023-09-07T23:32:05,146,0,2,146
2023-09-07T23:45:00,146,0,2,146
2023-09-07T23:57:54,146,0,2,146
2023-09-08T00:11:01,146,0,2,146
2023-09-08T00:24:13,146,0,2,146
2023-09-08T00:37:10,146,0,2,146
2023-09-08T00:50:09,146,0,2,146
2023-09-08T01:03:07,146,0,2,146
2023-09-08T01:16:05,146,0,2,146
2023-09-08T01:29:03,146,0,2,146
2023-09-08T01:42:01,146,0,2,146
2023-09-08T01:54:58,146,0,2,146
2023-09-08T02:07:56,146,0,2,146
2023-09-08T02:20:52,146,0,2,146
2023-09-08T02:33:49,146,0,2,146
2023-09-08T02:46:45,146,0,2,146
2023-09-08T02:59:40,146,0,2,146
2023-09-08T03:12:37,146,0,2,146
2023-09-08T03:25:34,146,0,2,146
2023-09-08T03:38:40,146,0,2,146
2023-09-08T03:51:36,146,0,2,146
2023-09-08T04:04:33,146,0,2,146
2023-09-08T04:28:38,146,0,2,146
2023-09-08T04:41:38,146,0,2,146
2023-09-08T04:54:36,146,0,2,146
2023-09-08T05:07:33,146,0,2,146
2023-09-08T05:20:29,146,0,2,146
2023-09-08T05:33:29,146,0,2,146
2023-09-08T05:46:28,146,0,2,146
2023-09-08T05:59:30,146,0,2,146
2023-09-08T06:12:27,146,0,2,146
2023-09-08T06:25:23,146,0,2,146
2023-09-08T06:38:20,146,0,2,146
2023-09-08T06:51:17,146,0,2,146
2023-09-08T07:04:16,146,0,2,146
2023-09-08T07:17:13,146,0,2,146
2023-09-08T07:30:12,146,0,2,146
2023-09-08T07:43:16,146,0,2,146
2023-09-08T07:56:12,146,0,2,146
2023-09-08T08:09:07,146,0,2,146
2023-09-08T08:22:03,146,0,2,146
2023-09-08T08:34:59,146,0,2,146
2023-09-08T08:47:55,146,0,2,146
2023-09-08T09:00:51,146,0,2,146
2023-09-08T09:13:48,146,0,2,146
2023-09-08T09:26:45,146,0,2,146
2023-09-08T09:39:41,146,0,2,146
2023-09-08T09:52:37,146,0,2,146
2023-09-08T10:05:32,146,0,2,146
2023-09-08T10:18:29,146,0,2,146
2023-09-08T10:31:37,146,0,2,146
2023-09-08T10:44:32,146,0,2,146
2023-09-08T10:57:27,146,0,2,146
2023-09-08T11:10:22,146,0,2,146
2023-09-08T11:23:17,146,0,2,146
2023-09-08T11:36:12,146,0,2,146
2023-09-08T11:49:08,146,0,2,146
2023-09-08T12:02:02,146,0,2,146
2023-09-08T12:15:07,146,0,2,146
2023-09-08T12:28:03,146,0,2,146
2023-09-08T12:40:57,146,0,2,146
2023-09-08T12:53:52,146,0,2,146
2023-09-08T13:06:47,146,0,2,146
2023-09-08T13:19:42,146,0,2,146
2023-09-08T13:32:37,146,0,2,146
2023-09-08T13:45:32,146,0,2,146
2023-09-08T13:58:37,146,0,2,146
2023-09-08T14:11:33,146,0,2,146
2023-09-08T14:24:29,146,0,2,146
2023-09-08T14:37:24,146,0,2,146
2023-09-08T14:50:19,146,0,2,146
2023-09-08T15:03:14,146,0,2,146
2023-09-08T15:16:20,146,0,2,146
2023-09-08T15:29:16,146,0,2,146
2023-09-08T15:42:10,146,0,2,146
2023-09-08T15:55:05,146,0,2,146
2023-09-08T16:08:00,146,0,2,146
2023-09-08T16:20:55,146,0,2,146
2023-09-08T16:34:01,146,0,2,146
2023-09-08T16:46:55,146,0,2,146
2023-09-08T16:59:51,146,0,2,146
2023-09-08T17:12:46,146,0,2,146
2023-09-08T17:25:41,146,0,2,146
2023-09-08T17:38:36,146,0,2,146
2023-09-08T17:51:32,146,0,2,146
2023-09-08T18:04:28,146,0,2,146
2023-09-08T18:17:25,146,0,2,146
2023-09-08T18:30:22,146,0,2,146
2023-09-08T18:43:27,146,0,2,146
2023-09-08T18:56:23,146,0,2,146
2023-09-08T19:09:20,146,0,2,146
2023-09-08T19:22:15,146,0,2,146
2023-09-08T19:35:10,146,0,2,146
2023-09-08T19:48:05,146,0,2,146
2023-09-08T20:01:00,146,0,2,146
2023-09-08T20:13:55,146,0,2,146
2023-09-08T20:26:51,146,0,2,146
2023-09-08T20:39:46,146,0,2,146
2023-09-08T20:52:41,146,0,2,146
2023-09-08T21:05:47,146,0,2,146
2023-09-08T21:18:42,146,0,2,146
2023-09-08T21:31:37,146,0,2,146
2023-09-08T21:44:32,146,0,2,146
2023-09-08T21:57:28,146,0,2,146
2023-09-08T22:10:22,146,0,2,146
2023-09-08T22:23:16,146,0,2,146
2023-09-08T22:36:22,146,0,2,146
2023-09-08T22:49:17,146,0,2,146
2023-09-08T23:02:11,146,0,2,146
2023-09-08T23:15:08,146,0,2,146
2023-09-08T23:28:03,146,0,2,146
2023-09-08T23:40:59,146,0,2,146
2023-09-08T23:53:55,146,0,2,146
2023-09-09T00:06:52,146,0,2,146
2023-09-09T00:19:54,146,0,2,146
2023-09-09T00:32:53,146,0,2,146
2023-09-09T00:45:52,146,0,2,146
2023-09-09T00:58:52,146,0,2,146
2023-09-09T01:11:51,146,0,2,146
2023-09-09T01:25:01,146,0,2,146
2023-09-09T01:38:02,146,0,2,146
2023-09-09T01:51:03,146,0,2,146
2023-09-09T02:04:02,146,0,2,146
2023-09-09T02:16:59,146,0,2,146
2023-09-09T02:29:56,146,0,2,146
2023-09-09T02:42:54,146,0,2,146
2023-09-09T02:55:49,146,0,2,146
2023-09-09T03:08:45,146,0,2,146
2023-09-09T03:21:42,146,0,2,146
2023-09-09T03:34:39,146,0,2,146
2023-09-09T03:47:36,146,0,2,146
2023-09-09T04:00:34,146,0,2,146
2023-09-09T04:30:57,146,0,2,146
2023-09-09T04:43:59,146,0,2,146
2023-09-09T04:56:59,146,0,2,146
2023-09-09T05:10:00,146,0,2,146
2023-09-09T05:23:04,146,0,2,146
2023-09-09T05:36:03,146,0,2,146
2023-09-09T05:49:02,146,0,2,146
2023-09-09T06:02:01,146,0,2,146
2023-09-09T06:14:59,146,0,2,146
2023-09-09T06:27:59,146,0,2,146
2023-09-09T06:40:58,146,0,2,146
2023-09-09T06:53:57,146,0,2,146
2023-09-09T07:06:56,146,0,2,146
2023-09-09T07:19:54,146,0,2,146
2023-09-09T07:32:53,146,0,2,146
2023-09-09T07:45:49,146,0,2,146
2023-09-09T07:58:56,146,0,2,146
2023-09-09T08:11:55,146,0,2,146
2023-09-09T08:24:53,146,0,2,146
2023-09-09T08:37:51,146,0,2,146
2023-09-09T08:50:49,146,0,2,146
2023-09-09T09:03:48,146,0,2,146
2023-09-09T09:16:47,146,0,2,146
2023-09-09T09:29:45,146,0,2,146
2023-09-09T09:42:42,146,0,2,146
2023-09-09T09:55:41,146,0,2,146
2023-09-09T10:08:38,146,0,2,146
2023-09-09T10:21:36,146,0,2,146
2023-09-09T10:34:33,146,0,2,146
2023-09-09T10:47:40,146,0,2,146
2023-09-09T11:00:38,146,0,2,146
2023-09-09T11:13:35,146,0,2,146
2023-09-09T11:26:31,146,0,2,146
2023-09-09T11:39:26,146,0,2,146
2023-09-09T11:52:21,146,0,2,146
2023-09-09T12:05:17,146,0,2,146
2023-09-09T12:18:13,146,0,2,146
2023-09-09T12:31:07,146,0,2,146
2023-09-09T12:44:03,146,0,2,146
2023-09-09T12:56:58,146,0,2,146
2023-09-09T13:09:53,146,0,2,146
2023-09-09T13:22:48,146,0,2,146
2023-09-09T13:35:43,146,0,2,146
2023-09-09T13:48:49,146,0,2,146
2023-09-09T14:01:45,146,0,2,146
2023-09-09T14:14:40,146,0,2,146
2023-09-09T14:27:35,146,0,2,146
2023-09-09T14:40:31,146,0,2,146
2023-09-09T14:53:26,146,0,2,146
2023-09-09T15:06:22,146,0,2,146
2023-09-09T15:19:16,146,0,2,146
2023-09-09T15:32:11,146,0,2,146
2023-09-09T15:45:06,146,0,2,146
2023-09-09T15:58:01,146,0,2,146
2023-09-09T16:10:56,146,0,2,146
2023-09-09T16:23:50,146,0,2,146
2023-09-09T16:36:56,146,0,2,146
2023-09-09T16:49:51,146,0,2,146
2023-09-09T17:02:46,146,0,2,146
2023-09-09T17:15:42,146,0,2,146
2023-09-09T17:28:37,146,0,2,146
2023-09-09T17:41:32,146,0,2,146
2023-09-09T17:54:28,146,0,2,146
2023-09-09T18:07:23,146,0,2,146
2023-09-09T18:20:18,146,0,2,146
2023-09-09T18:33:14,146,0,2,146
2023-09-09T18:46:08,146,0,2,146
2023-09-09T18:59:03,146,0,2,146
2023-09-09T19:12:08,146,0,2,146
2023-09-09T19:25:03,146,0,2,146
2023-09-09T19:37:58,146,0,2,146
2023-09-09T19:50:54,146,0,2,146
2023-09-09T20:03:48,146,0,2,146
2023-09-09T20:16:44,146,0,2,146
2023-09-09T20:29:40,146,0,2,146
2023-09-09T20:42:35,146,0,2,146
2023-09-09T20:55:30,146,0,2,146
2023-09-09T21:08:26,146,0,2,146
2023-09-09T21:21:20,146,0,2,146
2023-09-09T21:34:15,146,0,2,146
2023-09-09T21:47:10,146,0,2,146
2023-09-09T22:00:05,146,0,2,146
2023-09-09T22:13:10,146,0,2,146
2023-09-09T22:26:06,146,0,2,146
2023-09-09T22:39:01,146,0,2,146
2023-09-09T22:51:57,146,0,2,146
2023-09-09T23:04:53,146,0,2,146
2023-09-09T23:17:49,146,0,2,146
2023-09-09T23:30:45,146,0,2,146
2023-09-09T23:43:40,146,0,2,146
2023-09-09T23:56:36,146,0,2,146
2023-09-10T00:09:32,146,0,2,146
2023-09-10T00:22:45,146,0,2,146
2023-09-10T00:35:42,146,0,2,146
2023-09-10T00:48:37,146,0,2,146
2023-09-10T01:01:32,146,0,2,146
2023-09-10T01:14:27,146,0,2,146
2023-09-10T01:27:22,146,0,2,146
2023-09-10T01:40:27,146,0,2,146
2023-09-10T01:53:23,146,0,2,146
2023-09-10T02:06:19,146,0,2,146
2023-09-10T02:19:16,146,0,2,146
2023-09-10T02:32:18,146,0,2,146
2023-09-10T02:45:22,146,0,2,146
2023-09-10T02:58:21,146,0,2,146
2023-09-10T03:11:42,146,0,2,146
2023-09-10T03:24:46,146,0,2,146
2023-09-10T03:37:56,146,0,2,146
2023-09-10T03:50:56,146,0,2,146
2023-09-10T04:03:56,146,0,2,146
2023-09-10T04:32:32,146,0,2,146
2023-09-10T04:45:38,146,0,2,146
2023-09-10T04:58:43,146,0,2,146
2023-09-10T05:11:45,146,0,2,146
2023-09-10T05:24:43,146,0,2,146
2023-09-10T05:37:43,146,0,2,146
2023-09-10T05:50:42,146,0,2,146
2023-09-10T06:03:41,146,0,2,146
2023-09-10T06:16:42,146,0,2,146
2023-09-10T06:29:48,146,0,2,146
2023-09-10T06:42:50,146,0,2,146
2023-09-10T06:55:48,146,0,2,146
2023-09-10T07:08:46,146,0,2,146
2023-09-10T07:21:46,146,0,2,146
2023-09-10T07:34:45,146,0,2,146
2023-09-10T07:47:42,146,0,2,146
2023-09-10T08:00:42,146,0,2,146
2023-09-10T08:13:41,146,0,2,146
2023-09-10T08:26:42,146,0,2,146
2023-09-10T08:39:41,146,0,2,146
2023-09-10T08:52:39,146,0,2,146
2023-09-10T09:05:36,146,0,2,146
2023-09-10T09:18:33,146,0,2,146
2023-09-10T09:31:36,146,0,2,146
2023-09-10T09:44:33,146,0,2,146
2023-09-10T09:57:31,146,0,2,146
2023-09-10T10:10:29,146,0,2,146
2023-09-10T10:23:37,146,0,2,146
2023-09-10T10:36:34,146,0,2,146
2023-09-10T10:49:29,146,0,2,146
2023-09-10T11:02:25,146,0,2,146
2023-09-10T11:15:19,146,0,2,146
2023-09-10T11:28:15,146,0,2,146
2023-09-10T11:41:09,146,0,2,146
2023-09-10T11:54:04,146,0,2,146
2023-09-10T12:07:00,146,0,2,146
2023-09-10T12:19:55,146,0,2,146
2023-09-10T12:32:50,146,0,2,146
2023-09-10T12:45:45,146,0,2,146
2023-09-10T12:58:50,146,0,2,146
2023-09-10T13:11:46,146,0,2,146
2023-09-10T13:24:41,146,0,2,146
2023-09-10T13:37:36,146,0,2,146
2023-09-10T13:50:32,146,0,2,146
2023-09-10T14:03:27,146,0,2,146
2023-09-10T14:16:22,146,0,2,146
2023-09-10T14:29:16,146,0,2,146
2023-09-10T14:42:11,146,0,2,146
2023-09-10T14:55:06,146,0,2,146
2023-09-10T15:08:02,146,0,2,146
2023-09-10T15:20:57,146,0,2,146
2023-09-10T15:34:01,146,0,2,146
2023-09-10T15:46:57,146,0,2,146
2023-09-10T15:59:52,146,0,2,146
2023-09-10T16:12:47,146,0,2,146
2023-09-10T16:25:43,146,0,2,146
2023-09-10T16:38:39,146,0,2,146
2023-09-10T16:51:34,146,0,2,146
2023-09-10T17:04:29,146,0,2,146
2023-09-10T17:17:25,146,0,2,146
2023-09-10T17:30:19,146,0,2,146
2023-09-10T17:43:15,146,0,2,146
2023-09-10T17:56:10,146,0,2,146
2023-09-10T18:09:16,146,0,2,146
2023-09-10T18:22:12,146,0,2,146
2023-09-10T18:35:08,146,0,2,146
2023-09-10T18:48:05,146,0,2,146
2023-09-10T19:01:02,146,0,2,146
2023-09-10T19:14:00,146,0,2,146
2023-09-10T19:26:56,146,0,2,146
2023-09-10T19:39:52,146,0,2,146
2023-09-10T19:52:48,146,0,2,146
2023-09-10T20:05:44,146,0,2,146
2023-09-10T20:18:39,146,0,2,146
2023-09-10T20:31:35,146,0,2,146
2023-09-10T20:44:41,146,0,2,146
2023-09-10T20:57:36,146,0,2,146
2023-09-10T21:10:31,146,0,2,146
2023-09-10T21:23:27,146,0,2,146
2023-09-10T21:36:24,146,0,2,146
2023-09-10T21:49:20,146,0,2,146
2023-09-10T22:02:18,146,0,2,146
2023-09-10T22:15:14,146,0,2,146
2023-09-10T22:28:10,146,0,2,146
2023-09-10T22:41:06,146,0,2,146
2023-09-10T22:54:01,146,0,2,146
2023-09-10T23:06:58,146,0,2,146
2023-09-10T23:20:07,146,0,2,146
2023-09-10T23:33:04,146,0,2,146
2023-09-10T23:45:59,146,0,2,146
2023-09-10T23:58:55,146,0,2,146
2023-09-11T00:11:53,146,0,2,146
2023-09-11T00:24:54,146,0,2,146
2023-09-11T00:38:01,146,0,2,146
2023-09-11T00:51:05,146,0,2,146
2023-09-11T01:04:04,146,0,2,146
2023-09-11T01:17:01,146,0,2,146
2023-09-11T01:30:05,146,0,2,146
2023-09-11T01:43:06,146,0,2,146
2023-09-11T01:56:06,146,0,2,146
2023-09-11T02:09:10,146,0,2,146
2023-09-11T02:22:10,146,0,2,146
2023-09-11T02:35:09,146,0,2,146
2023-09-11T02:48:08,146,0,2,146
2023-09-11T03:01:07,146,0,2,146
2023-09-11T03:14:18,146,0,2,146
2023-09-11T03:27:17,146,0,2,146
2023-09-11T03:40:18,146,0,2,146
2023-09-11T03:53:17,146,0,2,146
2023-09-11T04:06:18,146,0,2,146
2023-09-11T04:37:36,146,0,2,146
2023-09-11T04:50:38,146,0,2,146
2023-09-11T05:03:47,146,0,2,146
2023-09-11T05:16:51,146,0,2,146
2023-09-11T05:29:50,146,0,2,146
2023-09-11T05:42:52,146,0,2,146
2023-09-11T05:55:51,146,0,2,146
2023-09-11T06:08:51,146,0,2,146
2023-09-11T06:21:52,146,0,2,146
2023-09-11T06:34:52,146,0,2,146
2023-09-11T06:47:51,146,0,2,146
2023-09-11T07:00:51,146,0,2,146
2023-09-11T07:13:48,146,0,2,146
2023-09-11T07:26:44,146,0,2,146
2023-09-11T07:39:39,146,0,2,146
2023-09-11T07:52:34,146,0,2,146
2023-09-11T08:05:33,146,0,2,146
2023-09-11T08:18:29,146,0,2,146
2023-09-11T08:31:25,146,0,2,146
2023-09-11T08:44:30,146,0,2,146
2023-09-11T08:57:26,146,0,2,146
2023-09-11T09:10:24,146,0,2,146
2023-09-11T09:23:20,146,0,2,146
2023-09-11T09:36:17,146,0,2,146
2023-09-11T09:49:15,146,0,2,146
2023-09-11T10:02:11,146,0,2,146
2023-09-11T10:15:20,146,0,2,146
2023-09-11T10:28:16,146,0,2,146
2023-09-11T10:41:14,146,0,2,146
2023-09-11T10:54:13,146,0,2,146
2023-09-11T11:07:08,146,0,2,146
2023-09-11T11:20:15,146,0,2,146
2023-09-11T11:33:12,146,0,2,146
2023-09-11T11:46:08,146,0,2,146
2023-09-11T11:59:04,146,0,2,146
2023-09-11T12:11:59,146,0,2,146
2023-09-11T12:24:56,146,0,2,146
2023-09-11T12:38:03,146,0,2,146
2023-09-11T12:50:59,146,0,2,146
2023-09-11T13:03:55,146,0,2,146
2023-09-11T13:16:50,146,0,2,146
2023-09-11T13:29:49,146,0,2,146
2023-09-11T13:42:56,146,0,2,146
2023-09-11T13:55:52,146,0,2,146
2023-09-11T14:08:49,146,0,2,146
2023-09-11T14:21:47,146,0,2,146
2023-09-11T14:34:44,146,0,2,146
2023-09-11T14:47:41,146,0,2,146
2023-09-11T15:00:38,146,0,2,146
2023-09-11T15:13:46,146,0,2,146
2023-09-11T15:26:43,146,0,2,146
2023-09-11T15:39:40,146,0,2,146
2023-09-11T15:52:36,146,0,2,146
2023-09-11T16:05:34,146,0,2,146
2023-09-11T16:18:30,146,0,2,146
2023-09-11T16:31:39,146,0,3,146
2023-09-11T16:44:36,146,0,3,146
2023-09-11T16:57:33,146,0,3,146
2023-09-11T17:10:31,146,0,3,146
2023-09-11T17:23:41,146,0,3,146
2023-09-11T17:36:38,146,0,3,146
2023-09-11T17:49:36,146,0,3,146
2023-09-11T18:02:35,146,0,3,146
2023-09-11T18:15:31,146,0,3,146
2023-09-11T18:28:39,146,0,3,146
2023-09-11T18:41:35,146,0,3,146
2023-09-11T18:54:30,146,0,3,146
2023-09-11T19:07:28,146,0,3,146
2023-09-11T19:20:25,146,0,3,146
2023-09-11T19:33:22,146,0,3,146
2023-09-11T19:46:18,146,0,3,146
2023-09-11T19:59:27,146,0,3,146
2023-09-11T20:12:28,146,0,3,146
2023-09-11T20:25:24,146,0,3,146
2023-09-11T20:38:20,146,0,3,146
2023-09-11T20:51:17,146,0,3,146
2023-09-11T21:04:14,146,0,3,146
2023-09-11T21:17:10,146,0,3,146
2023-09-11T21:30:17,146,0,3,146
2023-09-11T21:43:14,146,0,3,146
2023-09-11T21:56:12,146,0,3,146
2023-09-11T22:09:08,146,0,3,146
2023-09-11T22:22:03,146,0,3,146
2023-09-11T22:35:01,146,0,3,146
2023-09-11T22:47:57,146,0,3,146
2023-09-11T23:01:04,146,0,3,146
2023-09-11T23:14:03,146,0,3,146
2023-09-11T23:27:00,146,0,3,146
2023-09-11T23:39:56,146,0,3,146
2023-09-11T23:52:53,146,0,3,146
2023-09-12T00:05:51,146,0,3,146
2023-09-12T00:18:54,146,0,3,146
2023-09-12T00:31:57,146,0,3,146
2023-09-12T00:44:58,146,0,3,146
2023-09-12T00:58:11,146,0,3,146
2023-09-12T01:11:12,146,0,3,146
2023-09-12T01:24:12,146,0,3,146
2023-09-12T01:37:14,146,0,3,146
2023-09-12T01:50:15,146,0,3,146
2023-09-12T02:03:16,146,0,3,146
2023-09-12T02:16:15,146,0,3,146
2023-09-12T02:29:14,146,0,3,146
2023-09-12T02:42:13,146,0,3,146
2023-09-12T02:55:10,146,0,3,146
2023-09-12T03:08:08,146,0,3,146
2023-09-12T03:21:07,146,0,3,146
2023-09-12T03:34:06,146,0,3,146
2023-09-12T03:47:05,146,0,3,146
2023-09-12T04:00:05,146,0,3,146
2023-09-12T04:13:15,146,0,3,146
2023-09-12T04:38:40,146,0,3,146
2023-09-12T04:53:22,146,0,3,146
2023-09-12T05:06:24,146,0,3,146
2023-09-12T05:19:28,146,0,3,146
2023-09-12T05:32:29,146,0,3,146
2023-09-12T05:45:30,146,0,3,146
2023-09-12T05:58:31,146,0,3,146
2023-09-12T06:11:31,146,0,3,146
2023-09-12T06:24:31,146,0,3,146
2023-09-12T06:37:33,146,0,3,146
2023-09-12T06:50:33,146,0,3,146
2023-09-12T07:03:34,146,0,3,146
2023-09-12T07:16:35,146,0,3,146
2023-09-12T07:29:34,146,0,3,146
2023-09-12T07:42:33,146,0,3,146
2023-09-12T07:55:31,146,0,3,146
2023-09-12T08:08:31,146,0,3,146
2023-09-12T08:21:41,146,0,3,146
2023-09-12T08:34:41,146,0,3,146
2023-09-12T08:47:40,146,0,3,146
2023-09-12T09:00:40,146,0,3,146
2023-09-12T09:13:41,146,0,3,146
2023-09-12T09:26:39,146,0,3,146
2023-09-12T09:39:36,146,0,3,146
2023-09-12T09:52:32,146,0,3,146
2023-09-12T10:05:30,146,0,3,146
2023-09-12T10:18:39,146,0,3,146
2023-09-12T10:31:37,146,0,3,146
2023-09-12T10:44:34,146,0,3,146
2023-09-12T10:57:32,146,0,3,146
2023-09-12T11:10:29,146,0,3,146
2023-09-12T11:23:26,146,0,3,146
2023-09-12T11:36:34,146,0,3,146
2023-09-12T11:49:31,146,0,3,146
2023-09-12T12:02:29,146,0,3,146
2023-09-12T12:15:27,146,0,3,146
2023-09-12T12:28:24,146,0,3,146
2023-09-12T12:41:31,146,0,3,146
2023-09-12T12:54:29,146,0,3,146
2023-09-12T13:07:26,146,0,3,146
2023-09-12T13:20:23,146,0,3,146
2023-09-12T13:33:20,146,0,3,146
2023-09-12T13:46:18,146,0,3,146
2023-09-12T13:59:16,146,0,3,146
2023-09-12T14:12:26,146,0,3,146
2023-09-12T14:25:23,146,0,3,146
2023-09-12T14:38:21,146,0,3,146
2023-09-12T14:51:18,146,0,3,146
2023-09-12T15:04:16,146,0,3,146
2023-09-12T15:17:15,146,0,3,146
2023-09-12T15:30:23,146,0,3,146
2023-09-12T15:43:20,146,0,3,146
2023-09-12T15:56:18,146,0,3,146
2023-09-12T16:09:16,146,0,3,146
2023-09-12T16:22:13,146,0,3,146
2023-09-12T16:35:10,146,0,3,146
2023-09-12T16:48:18,146,0,3,146
2023-09-12T17:01:15,146,0,3,146
2023-09-12T17:14:14,146,0,3,146
2023-09-12T17:27:10,146,0,3,146
2023-09-12T17:40:08,146,0,3,146
2023-09-12T17:53:05,146,0,3,146
2023-09-12T18:06:02,146,0,3,146
2023-09-12T18:19:10,146,0,3,146
2023-09-12T18:32:07,146,0,3,146
2023-09-12T18:45:04,146,0,3,146
2023-09-12T18:58:01,146,0,3,146
2023-09-12T19:11:02,146,0,3,146
2023-09-12T19:23:59,146,0,3,146
2023-09-12T19:37:07,146,0,3,146
2023-09-12T19:50:05,146,0,3,146
2023-09-12T20:03:02,146,0,3,146
2023-09-12T20:15:59,146,0,3,146
2023-09-12T20:28:57,146,0,3,146
2023-09-12T20:41:56,146,0,3,146
2023-09-12T20:54:52,146,0,3,146
2023-09-12T21:08:00,146,0,3,146
2023-09-12T21:20:57,146,0,3,146
2023-09-12T21:33:55,146,0,3,146
2023-09-12T21:46:53,146,0,3,146
2023-09-12T21:59:50,146,0,3,146
2023-09-12T22:12:47,146,0,3,146
2023-09-12T22:25:44,146,0,3,146
2023-09-12T22:38:54,146,0,3,146
2023-09-12T22:51:51,146,0,3,146
2023-09-12T23:04:48,146,0,3,146
2023-09-12T23:17:46,146,0,3,146
2023-09-12T23:30:44,146,0,3,146
2023-09-12T23:43:42,146,0,3,146
2023-09-12T23:56:40,146,0,3,146
2023-09-13T00:09:50,146,0,3,146
2023-09-13T00:22:49,146,0,3,146
2023-09-13T00:35:50,146,0,3,146
2023-09-13T00:48:51,146,0,3,146
2023-09-13T01:01:54,146,0,3,146
2023-09-13T01:14:58,146,0,3,146
2023-09-13T01:28:02,146,0,3,146
2023-09-13T01:41:03,146,0,3,146
2023-09-13T01:54:05,146,0,3,146
2023-09-13T02:07:09,146,0,3,146
2023-09-13T02:20:10,146,0,3,146
2023-09-13T02:33:20,146,0,3,146
2023-09-13T02:46:21,146,0,3,146
2023-09-13T02:59:22,146,0,3,146
2023-09-13T03:12:25,146,0,3,146
2023-09-13T03:25:30,146,0,3,146
2023-09-13T03:38:31,146,0,3,146
2023-09-13T03:51:32,146,0,3,146
2023-09-13T04:04:35,146,0,3,146
2023-09-13T04:33:11,146,0,3,146
2023-09-13T04:46:18,146,0,3,146
2023-09-13T04:59:22,146,0,3,146
2023-09-13T05:12:27,146,0,3,146
2023-09-13T05:25:29,146,0,3,146
2023-09-13T05:38:31,146,0,3,146
2023-09-13T05:51:32,146,0,3,146
2023-09-13T06:04:33,146,0,3,146
2023-09-13T06:17:34,146,0,3,146
2023-09-13T06:30:35,146,0,3,146
2023-09-13T06:43:36,146,0,3,146
2023-09-13T06:56:37,146,0,3,146
2023-09-13T07:09:38,146,0,3,146
2023-09-13T07:22:41,146,0,3,146
2023-09-13T07:35:41,146,0,3,146
2023-09-13T07:48:40,146,0,3,146
2023-09-13T08:01:39,146,0,3,146
2023-09-13T08:14:40,146,0,3,146
2023-09-13T08:27:50,146,0,3,146
2023-09-13T08:40:50,146,0,3,146
2023-09-13T08:53:51,146,0,3,146
2023-09-13T09:06:50,146,0,3,146
2023-09-13T09:19:51,146,0,3,146
2023-09-13T09:32:49,146,0,3,146
2023-09-13T09:45:47,146,0,3,146
2023-09-13T09:58:45,146,0,3,146
2023-09-13T10:11:43,146,0,3,146
2023-09-13T10:24:53,146,0,3,146
2023-09-13T10:37:50,146,0,3,146
2023-09-13T10:50:48,146,0,3,146
2023-09-13T11:03:46,146,0,3,146
2023-09-13T11:16:44,146,0,3,146
2023-09-13T11:45:44,146,0,3,146
2023-09-13T11:58:41,146,0,3,146
2023-09-13T12:11:39,146,0,3,146
2023-09-13T12:24:37,146,0,3,146
2023-09-13T12:37:36,146,0,3,146
2023-09-13T12:50:34,146,0,3,146
2023-09-13T13:03:30,146,0,3,146
2023-09-13T13:16:38,146,0,3,146
2023-09-13T13:29:36,146,0,3,146
2023-09-13T13:42:33,146,0,3,146
2023-09-13T13:55:31,146,0,3,146
2023-09-13T14:08:29,146,0,3,146
2023-09-13T14:21:27,146,0,3,146
2023-09-13T14:34:24,146,0,3,146
2023-09-13T14:47:31,146,0,3,146
2023-09-13T15:00:28,146,0,3,146
2023-09-13T15:13:25,146,0,3,146
2023-09-13T15:26:22,146,0,3,146
2023-09-13T15:39:20,146,0,3,146
2023-09-13T15:52:17,146,0,3,146
2023-09-13T16:05:20,146,0,3,146
2023-09-13T16:18:26,146,0,3,146
2023-09-13T16:31:24,146,0,3,146
2023-09-13T16:44:22,145,1,3,146
2023-09-13T16:57:19,145,1,3,146
2023-09-13T17:10:18,145,1,3,146
2023-09-13T17:23:16,145,1,3,146
2023-09-13T17:36:13,145,1,3,146
2023-09-13T17:49:19,145,1,3,146
2023-09-13T18:02:16,145,1,3,146
2023-09-13T18:15:12,145,1,3,146
2023-09-13T18:28:10,145,1,3,146
2023-09-13T18:41:08,145,1,3,146
2023-09-13T18:54:06,145,1,3,146
2023-09-13T19:07:03,145,1,3,146
2023-09-13T19:20:01,145,1,3,146
2023-09-13T19:33:09,145,1,3,146
2023-09-13T19:46:05,145,1,3,146
2023-09-13T19:59:02,145,1,3,146
2023-09-13T20:12:00,145,1,3,146
2023-09-13T20:24:58,145,1,3,146
2023-09-13T20:37:56,145,1,3,146
2023-09-13T20:50:53,145,1,3,146
2023-09-13T21:03:50,145,1,3,146
2023-09-13T21:16:47,145,1,3,146
2023-09-13T21:29:44,145,1,3,146
2023-09-13T21:42:52,145,1,3,146
2023-09-13T21:55:51,145,1,3,146
2023-09-13T22:08:47,145,1,3,146
2023-09-13T22:21:44,145,1,3,146
2023-09-13T22:34:43,146,0,2,146
2023-09-13T22:47:41,146,0,2,146
2023-09-13T23:00:38,146,0,2,146
2023-09-13T23:13:46,146,0,2,146
2023-09-13T23:26:45,146,0,2,146
2023-09-13T23:39:43,146,0,2,146
2023-09-13T23:52:41,146,0,2,146
2023-09-14T00:05:39,146,0,2,146
2023-09-14T00:18:40,146,0,2,146
2023-09-14T00:31:41,146,0,2,146
2023-09-14T00:44:42,146,0,2,146
2023-09-14T00:57:45,146,0,2,146
2023-09-14T01:10:47,146,0,2,146
2023-09-14T01:23:48,146,0,2,146
2023-09-14T01:36:59,146,0,2,146
2023-09-14T01:50:01,146,0,2,146
2023-09-14T02:03:03,146,0,2,146
2023-09-14T02:16:04,146,0,2,146
2023-09-14T02:29:02,146,0,2,146
2023-09-14T02:42:02,146,0,2,146
2023-09-14T02:55:01,146,0,2,146
2023-09-14T03:07:58,146,0,2,146
2023-09-14T03:20:58,146,0,2,146
2023-09-14T03:33:58,146,0,2,146
2023-09-14T03:46:58,146,0,2,146
2023-09-14T04:00:01,146,0,2,146
2023-09-14T04:13:13,146,0,2,146
2023-09-14T04:37:43,146,0,2,146
2023-09-14T04:52:13,146,0,2,146
2023-09-14T05:05:17,146,0,2,146
2023-09-14T05:18:20,146,0,2,146
2023-09-14T05:31:24,146,0,2,146
2023-09-14T05:44:26,146,0,2,146
2023-09-14T05:57:27,146,0,2,146
2023-09-14T06:10:29,146,0,2,146
2023-09-14T06:23:31,146,0,2,146
2023-09-14T06:36:31,146,0,2,146
2023-09-14T06:49:33,146,0,2,146
2023-09-14T07:02:34,146,0,2,146
2023-09-14T07:15:35,146,0,2,146
2023-09-14T07:28:38,146,0,2,146
2023-09-14T07:41:37,146,0,2,146
2023-09-14T07:54:38,146,0,2,146
2023-09-14T08:07:38,146,0,2,146
2023-09-14T08:20:38,146,0,2,146
2023-09-14T08:33:49,146,0,2,146
2023-09-14T08:46:48,146,0,2,146
2023-09-14T08:59:49,146,0,2,146
2023-09-14T09:12:48,146,0,2,146
2023-09-14T09:25:46,146,0,2,146
2023-09-14T09:38:45,146,0,2,146
2023-09-14T09:51:44,146,0,2,146
2023-09-14T10:04:43,146,0,2,146
2023-09-14T10:17:40,146,0,2,146
2023-09-14T10:30:48,146,0,2,146
2023-09-14T10:43:47,146,0,2,146
2023-09-14T10:56:45,146,0,2,146
2023-09-14T11:09:45,146,0,2,146
2023-09-14T11:22:44,146,0,2,146
2023-09-14T11:35:44,146,0,2,146
2023-09-14T11:48:43,146,0,2,146
2023-09-14T12:01:53,146,0,2,146
2023-09-14T12:14:52,146,0,2,146
2023-09-14T12:27:50,146,0,2,146
2023-09-14T12:40:48,146,0,2,146
2023-09-14T12:53:47,146,0,2,146
2023-09-14T13:06:46,146,0,2,146
2023-09-14T13:19:44,146,0,2,146
2023-09-14T13:32:53,146,0,2,146
2023-09-14T13:45:52,146,0,2,146
2023-09-14T13:58:52,146,0,2,146
2023-09-14T14:11:50,146,0,2,146
2023-09-14T14:24:48,146,0,2,146
2023-09-14T14:37:50,146,0,2,146
2023-09-14T14:50:49,146,0,2,146
2023-09-14T15:03:59,146,0,2,146
2023-09-14T15:16:57,146,0,2,146
2023-09-14T15:29:55,146,0,2,146
2023-09-14T15:42:54,146,0,2,146
2023-09-14T15:55:53,146,0,2,146
2023-09-14T16:08:51,146,0,2,146
2023-09-14T16:21:50,146,0,2,146
2023-09-14T16:34:58,146,0,2,146
2023-09-14T16:47:58,146,0,2,146
2023-09-14T17:00:57,146,0,2,146
2023-09-14T17:13:56,146,0,2,146
2023-09-14T17:26:54,146,0,2,146
2023-09-14T17:39:53,146,0,2,146
2023-09-14T17:52:51,146,0,2,146
2023-09-14T18:06:00,146,0,2,146
2023-09-14T18:18:58,146,0,2,146
2023-09-14T18:31:56,146,0,2,146
2023-09-14T18:44:54,146,0,2,146
2023-09-14T18:57:52,146,0,2,146
2023-09-14T19:10:51,146,0,2,146
2023-09-14T19:23:50,146,0,2,146
2023-09-14T19:36:50,146,0,2,146
2023-09-14T19:49:48,146,0,2,146
2023-09-14T20:02:57,146,0,2,146
2023-09-14T20:15:56,146,0,2,146
2023-09-14T20:28:55,146,0,2,146
2023-09-14T20:41:52,146,0,2,146
2023-09-14T20:54:51,146,0,2,146
2023-09-14T21:07:49,146,0,2,146
2023-09-14T21:20:47,146,0,2,146
2023-09-14T21:33:45,146,0,2,146
2023-09-14T21:46:55,146,0,2,146
2023-09-14T21:59:54,146,0,2,146
2023-09-14T22:12:53,146,0,2,146
2023-09-14T22:25:51,146,0,2,146
2023-09-14T22:38:49,146,0,2,146
2023-09-14T22:51:47,146,0,2,146
2023-09-14T23:04:45,146,0,2,146
2023-09-14T23:17:43,146,0,2,146
2023-09-14T23:30:42,146,0,2,146
2023-09-14T23:43:51,146,0,2,146
2023-09-14T23:56:50,146,0,2,146
2023-09-15T00:09:50,146,0,2,146
2023-09-15T00:22:55,146,0,2,146
2023-09-15T00:35:57,146,0,2,146
2023-09-15T00:49:00,146,0,2,146
2023-09-15T01:02:03,146,0,2,146
2023-09-15T01:15:05,146,0,2,146
2023-09-15T01:28:09,146,0,2,146
2023-09-15T01:41:51,146,0,2,146
2023-09-15T01:54:53,146,0,2,146
2023-09-15T02:07:56,146,0,2,146
2023-09-15T02:21:07,146,0,2,146
2023-09-15T02:34:09,146,0,2,146
2023-09-15T02:47:08,146,0,2,146
2023-09-15T03:00:08,146,0,2,146
2023-09-15T03:13:10,146,0,2,146
2023-09-15T03:26:13,146,0,2,146
2023-09-15T03:39:17,146,0,2,146
2023-09-15T03:52:19,146,0,2,146
2023-09-15T04:05:22,146,0,2,146
2023-09-15T04:31:20,146,0,2,146
2023-09-15T04:44:24,146,0,2,146
2023-09-15T04:57:27,146,0,2,146
2023-09-15T05:10:33,146,0,2,146
2023-09-15T05:23:35,146,0,2,146
2023-09-15T05:36:38,146,0,2,146
2023-09-15T05:49:40,146,0,2,146
2023-09-15T06:02:42,146,0,2,146
2023-09-15T06:15:47,146,0,2,146
2023-09-15T06:28:50,146,0,2,146
2023-09-15T06:41:51,146,0,2,146
2023-09-15T06:54:53,146,0,2,146
2023-09-15T07:07:55,146,0,2,146
2023-09-15T07:21:00,146,0,2,146
2023-09-15T07:34:00,146,0,2,146
2023-09-15T07:47:03,146,0,2,146
2023-09-15T08:00:13,146,0,2,146
2023-09-15T08:13:14,146,0,2,146
2023-09-15T08:26:14,146,0,2,146
2023-09-15T08:39:15,146,0,2,146
2023-09-15T08:52:13,146,0,2,146
2023-09-15T09:05:11,146,0,2,146
2023-09-15T09:18:10,146,0,2,146
2023-09-15T09:31:08,146,0,2,146
2023-09-15T09:44:08,146,0,2,146
2023-09-15T09:57:06,146,0,2,146
2023-09-15T10:10:04,146,0,2,146
2023-09-15T10:23:13,146,0,2,146
2023-09-15T10:36:12,146,0,2,146
2023-09-15T10:49:11,146,0,2,146
2023-09-15T11:02:09,146,0,2,146
2023-09-15T11:15:08,146,0,2,146
2023-09-15T11:28:08,146,0,2,146
2023-09-15T11:41:08,146,0,2,146
2023-09-15T11:54:19,146,0,2,146
2023-09-15T12:07:18,146,0,2,146
2023-09-15T12:20:18,146,0,2,146
2023-09-15T12:33:17,146,0,2,146
2023-09-15T12:46:16,146,0,2,146
2023-09-15T12:59:15,146,0,2,146
2023-09-15T13:12:15,146,0,2,146
2023-09-15T13:25:24,146,0,2,146
2023-09-15T13:38:23,146,0,2,146
2023-09-15T13:51:23,146,0,2,146
2023-09-15T14:04:22,146,0,2,146
2023-09-15T14:17:22,146,0,2,146
2023-09-15T14:30:21,146,0,2,146
2023-09-15T14:43:21,146,0,2,146
2023-09-15T14:56:30,146,0,2,146
2023-09-15T15:09:29,146,0,2,146
2023-09-15T15:22:29,146,0,2,146
2023-09-15T15:35:29,146,0,2,146
2023-09-15T15:48:29,146,0,2,146
2023-09-15T16:01:28,146,0,2,146
2023-09-15T16:14:27,146,0,2,146
2023-09-15T16:27:36,146,0,2,146
2023-09-15T16:40:36,146,0,2,146
2023-09-15T16:53:35,146,0,2,146
2023-09-15T17:06:35,146,0,2,146
2023-09-15T17:19:35,146,0,2,146
2023-09-15T17:32:33,146,0,2,146
2023-09-15T17:45:33,146,0,2,146
2023-09-15T17:58:32,146,0,2,146
2023-09-15T18:11:30,146,0,2,146
2023-09-15T18:24:39,146,0,2,146
2023-09-15T18:37:38,146,0,2,146
2023-09-15T18:50:36,146,0,2,146
2023-09-15T19:03:35,146,0,2,146
2023-09-15T19:16:34,146,0,2,146
2023-09-15T19:29:34,146,0,2,146
2023-09-15T19:42:33,146,0,2,146
2023-09-15T19:55:32,146,0,2,146
2023-09-15T20:08:41,146,0,2,146
2023-09-15T20:21:40,146,0,2,146
2023-09-15T20:34:39,146,0,2,146
2023-09-15T20:47:38,146,0,2,146
2023-09-15T21:00:37,146,0,2,146
2023-09-15T21:13:36,146,0,2,146
2023-09-15T21:26:35,146,0,2,146
2023-09-15T21:39:34,146,0,2,146
2023-09-15T21:52:33,146,0,2,146
2023-09-15T22:05:43,146,0,2,146
2023-09-15T22:18:41,146,0,2,146
2023-09-15T22:31:40,146,0,2,146
2023-09-15T22:44:38,146,0,2,146
2023-09-15T22:57:37,146,0,2,146
2023-09-15T23:10:36,146,0,2,146
2023-09-15T23:23:36,146,0,2,146
2023-09-15T23:36:35,146,0,2,146
2023-09-15T23:49:36,146,0,2,146
2023-09-16T00:02:36,146,0,2,146
2023-09-16T00:15:51,146,0,2,146
2023-09-16T00:28:55,146,0,2,146
2023-09-16T00:41:59,146,0,2,146
2023-09-16T00:55:04,146,0,2,146
2023-09-16T01:08:07,146,0,2,146
2023-09-16T01:21:10,146,0,2,146
2023-09-16T01:34:15,146,0,2,146
2023-09-16T01:47:20,146,0,2,146
2023-09-16T02:00:25,146,0,2,146
2023-09-16T02:13:28,146,0,2,146
2023-09-16T02:26:28,146,0,2,146
2023-09-16T02:39:29,146,0,2,146
2023-09-16T02:52:30,146,0,2,146
2023-09-16T03:05:29,146,0,2,146
2023-09-16T03:18:32,146,0,2,146
2023-09-16T03:31:44,146,0,2,146
2023-09-16T03:44:46,146,0,2,146
2023-09-16T03:57:51,146,0,2,146
2023-09-16T04:24:04,146,0,2,146
2023-09-16T04:38:49,146,0,2,146
2023-09-16T04:51:55,146,0,2,146
2023-09-16T05:04:59,146,0,2,146
2023-09-16T05:18:02,146,0,2,146
2023-09-16T05:31:05,146,0,2,146
2023-09-16T05:44:07,146,0,2,146
2023-09-16T05:57:10,146,0,2,146
2023-09-16T06:10:13,146,0,2,146
2023-09-16T06:23:15,146,0,2,146
2023-09-16T06:36:18,146,0,2,146
2023-09-16T06:49:22,146,0,2,146
2023-09-16T07:02:25,146,0,2,146
2023-09-16T07:15:27,146,0,2,146
2023-09-16T07:28:28,146,0,2,146
2023-09-16T07:41:32,146,0,2,146
2023-09-16T07:54:44,146,0,2,146
2023-09-16T08:07:45,146,0,2,146
2023-09-16T08:20:48,146,0,2,146
2023-09-16T08:33:50,146,0,2,146
2023-09-16T08:47:03,146,0,2,146
2023-09-16T09:00:05,146,0,2,146
2023-09-16T09:13:08,146,0,2,146
2023-09-16T09:26:10,146,0,2,146
2023-09-16T09:39:12,146,0,2,146
2023-09-16T09:52:15,146,0,2,146
2023-09-16T10:05:26,146,0,2,146
2023-09-16T10:18:29,146,0,2,146
2023-09-16T10:31:40,146,0,2,146
2023-09-16T10:44:42,146,0,2,146
2023-09-16T10:57:45,146,0,2,146
2023-09-16T11:10:46,146,0,2,146
2023-09-16T11:23:47,146,0,2,146
2023-09-16T11:36:47,146,0,2,146
2023-09-16T11:49:45,146,0,2,146
2023-09-16T12:02:44,146,0,2,146
2023-09-16T12:15:44,146,0,2,146
2023-09-16T12:28:43,146,0,2,146
2023-09-16T12:41:50,146,0,2,146
2023-09-16T12:54:49,146,0,2,146
2023-09-16T13:07:49,146,0,2,146
2023-09-16T13:20:48,146,0,2,146
2023-09-16T13:33:48,146,0,2,146
2023-09-16T13:46:46,146,0,2,146
2023-09-16T13:59:46,146,0,2,146
2023-09-16T14:12:45,146,0,2,146
2023-09-16T14:25:44,146,0,2,146
2023-09-16T14:38:43,146,0,2,146
2023-09-16T14:51:53,146,0,2,146
2023-09-16T15:04:53,146,0,2,146
2023-09-16T15:17:52,146,0,2,146
2023-09-16T15:30:51,146,0,2,146
2023-09-16T15:43:50,146,0,2,146
2023-09-16T15:56:50,146,0,2,146
2023-09-16T16:09:49,146,0,2,146
2023-09-16T16:22:47,146,0,2,146
2023-09-16T16:35:46,146,0,2,146
2023-09-16T16:48:45,146,0,2,146
2023-09-16T17:01:44,146,0,2,146
2023-09-16T17:14:53,146,0,2,146
2023-09-16T17:27:52,146,0,2,146
2023-09-16T17:40:51,146,0,2,146
2023-09-16T17:53:51,146,0,2,146
2023-09-16T18:06:50,146,0,2,146
2023-09-16T18:19:48,146,0,2,146
2023-09-16T18:32:48,146,0,2,146
2023-09-16T18:45:46,146,0,2,146
2023-09-16T18:58:45,146,0,2,146
2023-09-16T19:11:45,146,0,2,146
2023-09-16T19:24:45,146,0,2,146
2023-09-16T19:37:55,146,0,2,146
2023-09-16T19:50:54,146,0,2,146
2023-09-16T20:03:53,146,0,2,146
2023-09-16T20:16:52,146,0,2,146
2023-09-16T20:29:51,146,0,2,146
2023-09-16T20:42:50,146,0,2,146
2023-09-16T20:55:50,146,0,2,146
2023-09-16T21:08:48,146,0,2,146
2023-09-16T21:21:48,146,0,2,146
2023-09-16T21:34:47,146,0,2,146
2023-09-16T21:47:46,146,0,2,146
2023-09-16T22:00:44,146,0,2,146
2023-09-16T22:13:44,146,0,2,146
2023-09-16T22:26:54,146,0,2,146
2023-09-16T22:39:53,146,0,2,146
2023-09-16T22:52:51,146,0,2,146
2023-09-16T23:05:50,146,0,2,146
2023-09-16T23:18:50,146,0,2,146
2023-09-16T23:31:48,146,0,2,146
2023-09-16T23:44:47,146,0,2,146
2023-09-16T23:57:46,146,0,2,146
2023-09-17T00:10:47,146,0,2,146
2023-09-17T00:23:48,146,0,2,146
2023-09-17T01:02:45,146,0,2,146
2023-09-17T01:15:43,146,0,2,146
2023-09-17T01:28:41,146,0,2,146
2023-09-17T01:41:42,146,0,2,146
2023-09-17T01:54:45,146,0,2,146
2023-09-17T02:07:50,146,0,2,146
2023-09-17T02:20:54,146,0,2,146
2023-09-17T02:34:16,146,0,2,146
2023-09-17T02:47:40,146,0,2,146
2023-09-17T03:00:41,146,0,2,146
2023-09-17T03:13:44,146,0,2,146
2023-09-17T03:26:47,146,0,2,146
2023-09-17T03:39:50,146,0,2,146
2023-09-17T03:52:54,146,0,2,146
2023-09-17T04:05:58,146,0,2,146
2023-09-17T04:28:32,146,0,2,146
2023-09-17T04:42:55,146,0,2,146
2023-09-17T04:56:17,146,0,2,146
2023-09-17T05:09:24,146,0,2,146
2023-09-17T05:22:28,146,0,2,146
2023-09-17T05:35:29,146,0,2,146
2023-09-17T05:48:30,146,0,2,146
2023-09-17T06:01:32,146,0,2,146
2023-09-17T06:14:34,146,0,2,146
2023-09-17T06:27:38,146,0,2,146
2023-09-17T06:40:40,146,0,2,146
2023-09-17T06:53:40,146,0,2,146
2023-09-17T07:06:38,146,0,2,146
2023-09-17T07:19:38,146,0,2,146
2023-09-17T07:32:37,146,0,2,146
2023-09-17T07:45:36,146,0,2,146
2023-09-17T07:58:35,146,0,2,146
2023-09-17T08:11:37,146,0,2,146
2023-09-17T08:24:37,146,0,2,146
2023-09-17T08:37:45,146,0,2,146
2023-09-17T08:50:57,146,0,2,146
2023-09-17T09:04:01,146,0,2,146
2023-09-17T09:17:05,146,0,2,146
2023-09-17T09:30:20,146,0,2,146
2023-09-17T09:43:27,146,0,2,146
2023-09-17T09:56:35,146,0,2,146
2023-09-17T10:09:41,146,0,2,146
2023-09-17T10:22:46,146,0,2,146
2023-09-17T10:35:59,146,0,2,146
2023-09-17T10:48:59,146,0,2,146
2023-09-17T11:01:58,146,0,2,146
2023-09-17T11:14:57,146,0,2,146
2023-09-17T11:27:56,146,0,2,146
2023-09-17T11:40:55,146,0,2,146
2023-09-17T11:53:54,146,0,2,146
2023-09-17T12:06:52,146,0,2,146
2023-09-17T12:19:51,146,0,2,146
2023-09-17T12:32:49,146,0,2,146
2023-09-17T12:45:47,146,0,2,146
2023-09-17T12:58:55,146,0,2,146
2023-09-17T13:11:53,146,0,2,146
2023-09-17T13:24:51,146,0,2,146
2023-09-17T13:37:51,146,0,2,146
2023-09-17T13:50:49,146,0,2,146
2023-09-17T14:03:48,146,0,2,146
2023-09-17T14:16:47,146,0,2,146
2023-09-17T14:29:46,146,0,2,146
2023-09-17T14:42:43,146,0,2,146
2023-09-17T14:55:52,146,0,2,146
2023-09-17T15:08:51,146,0,2,146
2023-09-17T15:21:49,146,0,2,146
2023-09-17T15:34:48,146,0,2,146
2023-09-17T15:47:46,146,0,2,146
2023-09-17T16:00:44,146,0,2,146
2023-09-17T16:13:44,146,0,2,146
2023-09-17T16:26:42,146,0,2,146
2023-09-17T16:39:42,146,0,2,146
2023-09-17T16:52:41,146,0,2,146
2023-09-17T17:05:40,146,0,2,146
2023-09-17T17:18:49,146,0,2,146
2023-09-17T17:31:47,146,0,2,146
2023-09-17T17:44:49,146,0,2,146
2023-09-17T17:57:48,146,0,2,146
2023-09-17T18:10:46,146,0,2,146
2023-09-17T18:23:44,146,0,2,146
2023-09-17T18:36:44,146,0,2,146
2023-09-17T18:49:43,146,0,2,146
2023-09-17T19:02:43,146,0,2,146
2023-09-17T19:15:44,146,0,2,146
2023-09-17T19:28:43,146,0,2,146
2023-09-17T19:41:55,146,0,2,146
2023-09-17T19:54:54,146,0,2,146
2023-09-17T20:07:53,146,0,2,146
2023-09-17T20:20:52,146,0,2,146
2023-09-17T20:33:51,146,0,2,146
2023-09-17T20:46:50,146,0,2,146
2023-09-17T20:59:49,146,0,2,146
2023-09-17T21:12:48,146,0,2,146
2023-09-17T21:25:59,146,0,2,146
2023-09-17T21:39:02,146,0,2,146
2023-09-17T21:52:02,146,0,2,146
2023-09-17T22:05:02,146,0,2,146
2023-09-17T22:18:02,146,0,2,146
2023-09-17T22:31:01,146,0,2,146
2023-09-17T22:44:00,146,0,2,146
2023-09-17T22:57:00,146,0,2,146
2023-09-17T23:10:00,146,0,2,146
2023-09-17T23:22:59,146,0,2,146
2023-09-17T23:35:59,146,0,2,146
2023-09-17T23:49:10,146,0,2,146
2023-09-18T00:02:11,146,0,2,146
2023-09-18T00:15:13,146,0,2,146
2023-09-18T00:28:27,146,0,2,146
2023-09-18T00:41:38,146,0,2,146
2023-09-18T00:54:44,146,0,2,146
2023-09-18T01:07:46,146,0,2,146
2023-09-18T01:21:01,146,0,2,146
2023-09-18T01:34:07,146,0,2,146
2023-09-18T01:47:10,146,0,2,146
2023-09-18T02:00:17,146,0,2,146
2023-09-18T02:13:21,146,0,2,146
2023-09-18T02:26:21,146,0,2,146
2023-09-18T02:39:30,146,0,2,146
2023-09-18T02:52:34,146,0,2,146
2023-09-18T03:05:37,146,0,2,146
2023-09-18T03:18:42,146,0,2,146
2023-09-18T03:31:46,146,0,2,146
2023-09-18T03:44:48,146,0,2,146
2023-09-18T03:57:51,146,0,2,146
2023-09-18T04:10:54,146,0,2,146
2023-09-18T04:37:27,146,0,2,146
2023-09-18T04:50:33,146,0,2,146
2023-09-18T05:03:39,146,0,2,146
2023-09-18T05:16:46,146,0,2,146
2023-09-18T05:29:50,146,0,2,146
2023-09-18T05:42:53,146,0,2,146
2023-09-18T05:55:57,146,0,2,146
2023-09-18T06:09:02,146,0,2,146
2023-09-18T06:22:06,146,0,2,146
2023-09-18T06:35:11,146,0,2,146
2023-09-18T06:48:14,146,0,2,146
2023-09-18T07:01:16,146,0,2,146
2023-09-18T07:14:19,146,0,2,146
2023-09-18T07:27:20,146,0,2,146
2023-09-18T07:40:21,146,0,2,146
2023-09-18T07:53:21,146,0,2,146
2023-09-18T08:06:23,146,0,2,146
2023-09-18T08:19:25,146,0,2,146
2023-09-18T08:32:30,146,0,2,146
2023-09-18T08:45:32,146,0,2,146
2023-09-18T08:58:51,146,0,2,146
2023-09-18T09:11:51,146,0,2,146
2023-09-18T09:24:50,146,0,2,146
2023-09-18T09:37:49,146,0,2,146
2023-09-18T09:50:49,146,0,2,146
2023-09-18T10:03:49,146,0,2,146
2023-09-18T10:16:50,146,0,2,146
2023-09-18T10:30:07,146,0,2,146
2023-09-18T10:43:06,146,0,2,146
2023-09-18T10:56:07,146,0,2,146
2023-09-18T11:09:06,146,0,2,146
2023-09-18T11:22:05,146,0,2,146
2023-09-18T11:35:04,146,0,2,146
2023-09-18T11:48:05,146,0,2,146
2023-09-18T12:01:14,146,0,2,146
2023-09-18T12:14:13,146,0,2,146
2023-09-18T12:27:14,146,0,2,146
2023-09-18T12:40:15,146,0,2,146
2023-09-18T12:53:14,146,0,2,146
2023-09-18T13:06:15,146,0,2,146
2023-09-18T13:19:26,146,0,2,146
2023-09-18T13:32:25,146,0,2,146
2023-09-18T13:45:25,146,0,2,146
2023-09-18T13:58:25,146,0,2,146
2023-09-18T14:11:24,146,0,2,146
2023-09-18T14:24:42,146,0,2,146
2023-09-18T14:37:42,146,0,2,146
2023-09-18T14:50:42,146,0,2,146
2023-09-18T15:03:42,146,0,2,146
2023-09-18T15:16:43,146,0,2,146
2023-09-18T15:29:44,146,0,2,146
2023-09-18T15:42:54,146,0,2,146
2023-09-18T15:55:54,146,0,2,146
2023-09-18T16:08:54,146,0,2,146
2023-09-18T16:21:54,146,0,2,146
2023-09-18T16:35:13,146,0,2,146
2023-09-18T16:48:12,146,0,2,146
2023-09-18T17:01:12,146,0,2,146
2023-09-18T17:14:12,146,0,2,146
2023-09-18T17:27:12,146,0,2,146
2023-09-18T17:40:11,146,0,2,146
2023-09-18T17:53:11,146,0,2,146
2023-09-18T18:06:22,146,0,2,146
2023-09-18T18:19:22,146,0,2,146
2023-09-18T18:32:23,146,0,2,146
2023-09-18T18:45:23,146,0,2,146
2023-09-18T18:58:22,146,0,2,146
2023-09-18T19:11:23,146,0,2,146
2023-09-18T19:24:22,146,0,2,146
2023-09-18T19:37:22,146,0,2,146
2023-09-18T19:50:32,146,0,2,146
2023-09-18T20:03:32,146,0,2,146
2023-09-18T20:16:32,146,0,2,146
2023-09-18T20:29:34,146,0,2,146
2023-09-18T20:42:33,146,0,2,146
2023-09-18T20:55:33,146,0,2,146
2023-09-18T21:08:33,146,0,2,146
2023-09-18T21:21:32,146,0,2,146
2023-09-18T21:34:42,146,0,2,146
2023-09-18T21:47:43,146,0,2,146
2023-09-18T22:00:43,146,0,2,146
2023-09-18T22:13:42,146,0,2,146
2023-09-18T22:26:42,146,0,2,146
2023-09-18T22:39:44,146,0,2,146
2023-09-18T22:52:43,146,0,2,146
2023-09-18T23:05:44,146,0,2,146
2023-09-18T23:19:20,146,0,2,146
2023-09-18T23:32:20,146,0,2,146
2023-09-18T23:45:20,146,0,2,146
2023-09-18T23:58:21,146,0,2,146
2023-09-19T00:11:24,146,0,2,146
2023-09-19T00:24:34,146,0,2,146
2023-09-19T00:37:38,146,0,2,146
2023-09-19T00:50:43,146,0,2,146
2023-09-19T01:03:48,146,0,2,146
2023-09-19T01:16:52,146,0,2,146
2023-09-19T01:29:56,146,0,2,146
2023-09-19T01:43:18,146,0,2,146
2023-09-19T01:56:21,146,0,2,146
2023-09-19T02:09:37,146,0,2,146
2023-09-19T02:22:39,146,0,2,146
2023-09-19T02:35:42,146,0,2,146
2023-09-19T02:48:44,146,0,2,146
2023-09-19T03:01:45,146,0,2,146
2023-09-19T03:14:48,146,0,2,146
2023-09-19T03:27:50,146,0,2,146
2023-09-19T03:40:53,146,0,2,146
2023-09-19T03:53:57,146,0,2,146
2023-09-19T04:07:01,146,0,2,146
2023-09-19T04:38:40,146,0,2,146
2023-09-19T04:53:25,146,0,2,146
2023-09-19T05:06:33,146,0,2,146
2023-09-19T05:19:41,146,0,2,146
2023-09-19T05:32:45,146,0,2,146
2023-09-19T05:45:50,146,0,2,146
2023-09-19T05:58:54,146,0,2,146
2023-09-19T06:11:58,146,0,2,146
2023-09-19T06:25:01,146,0,2,146
2023-09-19T06:38:04,146,0,2,146
2023-09-19T06:51:08,146,0,2,146
2023-09-19T07:04:12,146,0,2,146
2023-09-19T07:17:16,146,0,2,146
2023-09-19T07:30:19,146,0,2,146
2023-09-19T07:43:22,146,0,2,146
2023-09-19T07:56:25,146,0,2,146
2023-09-19T08:09:26,146,0,2,146
2023-09-19T08:22:28,146,0,2,146
2023-09-19T08:35:31,146,0,2,146
2023-09-19T08:48:34,146,0,2,146
2023-09-19T09:01:36,146,0,2,146
2023-09-19T09:14:39,146,0,2,146
2023-09-19T09:27:56,146,0,2,146
2023-09-19T09:40:59,146,0,2,146
2023-09-19T09:53:59,146,0,2,146
2023-09-19T10:07:01,146,0,2,146
2023-09-19T10:20:01,146,0,2,146
2023-09-19T10:33:03,146,0,2,146
2023-09-19T10:46:03,146,0,2,146
2023-09-19T10:59:04,146,0,2,146
2023-09-19T11:12:18,146,0,2,146
2023-09-19T11:25:18,146,0,2,146
2023-09-19T11:38:19,146,0,2,146
2023-09-19T11:51:19,146,0,2,146
2023-09-19T12:04:19,146,0,2,146
2023-09-19T12:17:20,146,0,2,146
2023-09-19T12:30:42,146,0,2,146
2023-09-19T12:43:41,146,0,2,146
2023-09-19T12:56:41,146,0,2,146
2023-09-19T13:09:40,146,0,2,146
2023-09-19T13:22:40,146,0,2,146
2023-09-19T13:35:40,146,0,2,146
2023-09-19T13:48:49,146,0,2,146
2023-09-19T14:01:49,146,0,2,146
2023-09-19T14:14:50,146,0,2,146
2023-09-19T14:27:49,146,0,3,146
2023-09-19T14:40:50,146,0,3,146
2023-09-19T14:53:54,146,0,3,146
2023-09-19T15:07:13,146,0,3,146
2023-09-19T15:20:13,146,0,3,146
2023-09-19T15:33:12,146,0,3,146
2023-09-19T15:46:12,146,0,3,146
2023-09-19T15:59:13,146,0,3,146
2023-09-19T16:12:12,146,0,3,146
2023-09-19T16:25:22,146,0,3,146
2023-09-19T16:38:22,146,0,3,146
2023-09-19T16:51:21,146,0,3,146
2023-09-19T17:04:21,146,0,3,146
2023-09-19T17:17:21,146,0,3,146
2023-09-19T17:30:21,146,0,3,146
2023-09-19T17:43:22,146,0,3,146
2023-09-19T17:56:41,146,0,3,146
2023-09-19T18:09:41,146,0,3,146
2023-09-19T18:22:40,146,0,3,146
2023-09-19T18:35:40,146,0,3,146
2023-09-19T18:48:40,146,0,3,146
2023-09-19T19:01:40,146,0,3,146
2023-09-19T19:14:50,146,0,3,146
2023-09-19T19:27:50,146,0,3,146
2023-09-19T19:40:51,146,0,3,146
2023-09-19T19:53:51,146,0,3,146
2023-09-19T20:06:51,146,0,3,146
2023-09-19T20:19:53,146,0,3,146
2023-09-19T20:32:53,146,0,3,146
2023-09-19T20:46:13,146,0,3,146
2023-09-19T20:59:13,146,0,3,146
2023-09-19T21:12:12,146,0,3,146
2023-09-19T21:25:13,146,0,3,146
2023-09-19T21:38:13,146,0,3,146
2023-09-19T21:51:12,146,0,3,146
2023-09-19T22:04:23,146,0,3,146
2023-09-19T22:17:23,146,0,3,146
2023-09-19T22:30:22,146,0,3,146
2023-09-19T22:43:21,146,0,3,146
2023-09-19T22:56:20,146,0,3,146
2023-09-19T23:09:21,146,0,3,146
2023-09-19T23:22:22,146,0,3,146
2023-09-19T23:35:41,146,0,3,146
2023-09-19T23:48:42,146,0,3,146
2023-09-20T00:01:43,146,0,3,146
2023-09-20T00:14:46,146,0,3,146
2023-09-20T00:27:50,146,0,3,146
2023-09-20T00:40:56,146,0,3,146
2023-09-20T00:54:01,146,0,3,146
2023-09-20T01:07:06,146,0,3,146
2023-09-20T01:20:11,146,0,3,146
2023-09-20T01:33:16,146,0,3,146
2023-09-20T01:46:21,146,0,3,146
2023-09-20T01:59:38,146,0,3,146
2023-09-20T02:12:43,146,0,3,146
2023-09-20T02:25:46,146,0,3,146
2023-09-20T02:38:50,146,0,3,146
2023-09-20T02:51:52,146,0,3,146
2023-09-20T03:04:54,146,0,3,146
2023-09-20T03:18:01,146,0,3,146
2023-09-20T03:31:43,146,0,3,146
2023-09-20T03:44:48,146,0,3,146
2023-09-20T03:58:01,146,0,3,146
2023-09-20T04:13:36,146,0,3,146
2023-09-20T04:35:47,146,0,3,146
2023-09-20T04:48:51,146,0,3,146
2023-09-20T05:01:56,146,0,3,146
2023-09-20T05:15:11,146,0,3,146
2023-09-20T05:28:16,146,0,3,146
2023-09-20T05:41:28,146,0,3,146
2023-09-20T05:54:35,146,0,3,146
2023-09-20T06:07:40,146,0,3,146
2023-09-20T06:20:44,146,0,3,146
2023-09-20T06:33:48,146,0,3,146
2023-09-20T06:46:51,146,0,3,146
2023-09-20T06:59:53,146,0,3,146
2023-09-20T07:12:58,146,0,3,146
2023-09-20T07:26:00,146,0,3,146
2023-09-20T07:39:03,146,0,3,146
2023-09-20T07:52:05,146,0,3,146
2023-09-20T08:05:07,146,0,3,146
2023-09-20T08:18:09,146,0,3,146
2023-09-20T08:31:19,146,0,3,146
2023-09-20T08:44:19,146,0,3,146
2023-09-20T08:57:19,146,0,3,146
2023-09-20T09:10:18,146,0,3,146
2023-09-20T09:23:23,146,0,3,146
2023-09-20T09:36:23,146,0,3,146
2023-09-20T09:49:23,146,0,3,146
2023-09-20T10:02:23,146,0,3,146
2023-09-20T10:15:32,146,0,3,146
2023-09-20T10:28:32,146,0,3,146
2023-09-20T10:41:32,146,0,3,146
2023-09-20T10:54:32,146,0,3,146
2023-09-20T11:07:32,146,0,3,146
2023-09-20T11:20:32,146,0,3,146
2023-09-20T11:33:42,146,0,3,146
2023-09-20T11:46:42,146,0,3,146
2023-09-20T11:59:42,146,0,3,146
2023-09-20T12:12:42,146,0,3,146
2023-09-20T12:25:43,146,0,3,146
2023-09-20T12:38:42,146,0,3,146
2023-09-20T12:51:53,146,0,3,146
2023-09-20T13:04:53,146,0,3,146
2023-09-20T13:17:52,146,0,3,146
2023-09-20T13:30:51,146,0,3,146
2023-09-20T13:43:52,146,0,3,146
2023-09-20T13:56:53,146,0,3,146
2023-09-20T14:10:05,146,0,3,146
2023-09-20T14:23:05,146,0,3,146
2023-09-20T14:36:06,146,0,3,146
2023-09-20T14:49:06,146,0,3,146
2023-09-20T15:02:07,146,0,3,146
2023-09-20T15:15:09,146,0,3,146
2023-09-20T15:28:09,146,0,3,146
2023-09-20T15:41:20,146,0,3,146
2023-09-20T15:54:20,146,0,3,146
2023-09-20T16:07:20,146,0,3,146
2023-09-20T16:20:20,146,0,3,146
2023-09-20T16:33:21,146,0,3,146
2023-09-20T16:46:21,146,0,3,146
2023-09-20T16:59:21,146,0,3,146
2023-09-20T17:12:34,146,0,3,146
2023-09-20T17:25:36,146,0,3,146
2023-09-20T17:38:36,146,0,3,146
2023-09-20T17:51:37,146,0,3,146
2023-09-20T18:04:37,146,0,3,146
2023-09-20T18:17:38,146,0,3,146
2023-09-20T18:30:47,146,0,3,146
2023-09-20T18:43:47,146,0,3,146
2023-09-20T18:56:47,146,0,3,146
2023-09-20T19:09:47,146,0,3,146
2023-09-20T19:22:49,146,0,3,146
2023-09-20T19:35:50,146,0,3,146
2023-09-20T19:48:50,146,0,3,146
2023-09-20T20:01:51,146,0,3,146
2023-09-20T20:15:03,146,0,3,146
2023-09-20T20:28:02,146,0,3,146
2023-09-20T20:41:02,146,0,3,146
2023-09-20T20:54:03,146,0,3,146
2023-09-20T21:07:03,146,0,3,146
2023-09-20T21:20:02,146,0,3,146
2023-09-20T21:33:15,146,0,3,146
2023-09-20T21:46:15,146,0,3,146
2023-09-20T21:59:15,146,0,3,146
2023-09-20T22:12:15,146,0,3,146
2023-09-20T22:25:15,146,0,3,146
2023-09-20T22:38:16,146,0,3,146
2023-09-20T22:51:27,146,0,3,146
2023-09-20T23:04:27,146,0,3,146
2023-09-20T23:17:28,146,0,3,146
2023-09-20T23:30:29,146,0,3,146
2023-09-20T23:43:29,146,0,3,146
2023-09-20T23:56:29,146,0,3,146
2023-09-21T00:09:31,146,0,3,146
2023-09-21T00:22:39,146,0,3,146
2023-09-21T00:35:43,146,0,3,146
2023-09-21T00:48:48,146,0,3,146
2023-09-21T01:02:04,146,0,3,146
2023-09-21T01:15:09,146,0,3,146
2023-09-21T01:28:12,146,0,3,146
2023-09-21T01:41:16,146,0,3,146
2023-09-21T01:54:21,146,0,3,146
2023-09-21T02:07:25,146,0,3,146
2023-09-21T02:20:28,146,0,3,146
2023-09-21T02:33:31,146,0,3,146
2023-09-21T02:46:34,146,0,3,146
2023-09-21T02:59:35,146,0,3,146
2023-09-21T03:12:38,146,0,3,146
2023-09-21T03:25:42,146,0,3,146
2023-09-21T03:38:45,146,0,3,146
2023-09-21T03:51:50,146,0,3,146
2023-09-21T04:04:56,146,0,3,146
2023-09-21T04:34:19,146,0,3,146
2023-09-21T04:48:46,146,0,3,146
2023-09-21T05:02:08,146,0,3,146
2023-09-21T05:15:15,146,0,3,146
2023-09-21T05:28:19,146,0,3,146
2023-09-21T05:41:22,146,0,3,146
2023-09-21T05:54:26,146,0,3,146
2023-09-21T06:07:30,146,0,3,146
2023-09-21T06:20:34,146,0,3,146
2023-09-21T06:33:41,146,0,3,146
2023-09-21T06:46:46,146,0,3,146
2023-09-21T06:59:49,146,0,3,146
2023-09-21T07:12:54,146,0,3,146
2023-09-21T07:25:57,146,0,3,146
2023-09-21T07:39:00,146,0,3,146
2023-09-21T07:52:03,146,0,3,146
2023-09-21T08:05:08,146,0,3,146
2023-09-21T08:18:13,146,0,3,146
2023-09-21T08:31:32,146,0,3,146
2023-09-21T08:44:35,146,0,3,146
2023-09-21T08:57:37,146,0,3,146
2023-09-21T09:10:39,146,0,3,146
2023-09-21T09:23:40,146,0,3,146
2023-09-21T09:36:39,146,0,3,146
2023-09-21T09:49:39,146,0,3,146
2023-09-21T10:02:40,146,0,3,146
2023-09-21T10:15:41,146,0,3,146
2023-09-21T10:28:51,146,0,3,146
2023-09-21T10:41:52,146,0,3,146
2023-09-21T10:54:52,146,0,3,146
2023-09-21T11:07:52,146,0,3,146
2023-09-21T11:20:53,146,0,3,146
2023-09-21T11:33:52,146,0,3,146
2023-09-21T11:47:12,146,0,3,146
2023-09-21T12:00:13,146,0,3,146
2023-09-21T12:13:14,146,0,3,146
2023-09-21T12:26:14,146,0,3,146
2023-09-21T12:39:15,146,0,3,146
2023-09-21T12:52:16,146,0,3,146
2023-09-21T13:05:27,146,0,3,146
2023-09-21T13:18:27,146,0,3,146
2023-09-21T13:31:30,146,0,3,146
2023-09-21T13:44:31,146,0,3,146
2023-09-21T13:57:32,146,0,3,146
2023-09-21T14:10:33,146,0,3,146
2023-09-21T14:23:43,146,0,3,146
2023-09-21T14:36:44,146,0,3,146
2023-09-21T14:49:46,146,0,3,146
2023-09-21T15:02:46,146,0,3,146
2023-09-21T15:15:47,146,0,3,146
2023-09-21T15:28:48,146,0,3,146
2023-09-21T15:42:01,146,0,3,146
2023-09-21T15:55:03,146,0,3,146
2023-09-21T16:08:03,146,0,3,146
2023-09-21T16:21:05,146,0,3,146
2023-09-21T16:34:07,146,0,3,146
2023-09-21T16:47:19,146,0,3,146
2023-09-21T17:00:19,146,0,3,146
2023-09-21T17:13:22,146,0,3,146
2023-09-21T17:26:22,146,0,3,146
2023-09-21T17:39:23,146,0,3,146
2023-09-21T17:52:23,146,0,3,146
2023-09-21T18:05:24,146,0,3,146
2023-09-21T18:18:26,146,0,3,146
2023-09-21T18:31:39,146,0,3,146
2023-09-21T18:44:39,146,0,3,146
2023-09-21T18:57:40,146,0,3,146
2023-09-21T19:10:41,146,0,3,146
2023-09-21T19:23:42,146,0,3,146
2023-09-21T19:36:44,146,0,3,146
2023-09-21T19:49:44,146,0,3,146
2023-09-21T20:03:03,146,0,3,146
2023-09-21T20:16:04,146,0,3,146
2023-09-21T20:29:05,146,0,3,146
2023-09-21T20:42:06,146,0,3,146
2023-09-21T20:55:06,146,0,3,146
2023-09-21T21:08:07,146,0,3,146
2023-09-21T21:21:09,146,0,3,146
2023-09-21T21:34:22,146,0,3,146
2023-09-21T21:47:22,146,0,3,146
2023-09-21T22:00:23,146,0,3,146
2023-09-21T22:13:25,146,0,3,146
2023-09-21T22:26:25,146,0,3,146
2023-09-21T22:39:26,146,0,3,146
2023-09-21T22:52:26,146,0,3,146
2023-09-21T23:05:46,146,0,3,146
2023-09-21T23:18:48,146,0,3,146
2023-09-21T23:31:50,146,0,3,146
2023-09-21T23:44:51,146,0,3,146
2023-09-21T23:57:53,146,0,3,146
2023-09-22T00:10:56,146,0,3,146
2023-09-22T00:24:02,146,0,3,146
2023-09-22T00:37:08,146,0,3,146
2023-09-22T00:50:14,146,0,3,146
2023-09-22T01:03:19,146,0,3,146
2023-09-22T01:16:36,146,0,3,146
2023-09-22T01:29:42,146,0,3,146
2023-09-22T01:42:49,146,0,3,146
2023-09-22T01:55:54,146,0,3,146
2023-09-22T02:09:03,146,0,3,146
2023-09-22T02:22:05,146,0,3,146
2023-09-22T02:35:10,146,0,3,146
2023-09-22T02:48:14,146,0,3,146
2023-09-22T03:01:17,146,0,3,146
2023-09-22T03:14:21,146,0,3,146
2023-09-22T03:27:29,146,0,3,146
2023-09-22T03:40:53,146,0,3,146
2023-09-22T03:53:58,146,0,3,146
2023-09-22T04:07:03,146,0,3,146
2023-09-22T07:12:20,146,0,3,146
2023-09-22T07:25:24,146,0,3,146
2023-09-22T07:38:31,146,0,3,146
2023-09-22T07:51:35,146,0,3,146
2023-09-22T08:04:38,146,0,3,146
2023-09-22T08:17:49,146,0,3,146
2023-09-22T08:30:53,146,0,3,146
2023-09-22T08:43:55,146,0,3,146
2023-09-22T08:56:57,146,0,3,146
2023-09-22T09:09:59,146,0,3,146
2023-09-22T09:23:02,146,0,3,146
2023-09-22T09:36:04,146,0,3,146
2023-09-22T09:49:06,146,0,3,146
2023-09-22T10:02:07,146,0,3,146
2023-09-22T10:15:21,146,0,3,146
2023-09-22T10:28:24,146,0,3,146
2023-09-22T10:41:26,146,0,3,146
2023-09-22T10:54:27,146,0,3,146
2023-09-22T11:07:29,146,0,3,146
2023-09-22T11:20:30,146,0,3,146
2023-09-22T11:33:43,146,0,3,146
2023-09-22T11:46:44,146,0,3,146
2023-09-22T11:59:45,146,0,3,146
2023-09-22T12:12:46,146,0,3,146
2023-09-22T12:25:48,146,0,3,146
2023-09-22T12:39:10,146,0,3,146
2023-09-22T12:52:11,146,0,3,146
2023-09-22T13:05:13,146,0,3,146
2023-09-22T13:18:15,146,0,3,146
2023-09-22T13:31:16,146,0,3,146
2023-09-22T13:44:18,146,0,3,146
2023-09-22T13:57:21,146,0,3,146
2023-09-22T14:10:33,146,0,3,146
2023-09-22T14:23:39,146,0,3,146
2023-09-22T14:36:44,146,0,3,146
2023-09-22T14:49:47,146,0,3,146
2023-09-22T15:02:51,146,0,3,146
2023-09-22T15:15:56,146,0,3,146
2023-09-22T15:29:02,146,0,3,146
2023-09-22T15:42:14,146,0,3,146
2023-09-22T15:55:16,146,0,3,146
2023-09-22T16:08:17,146,0,3,146
2023-09-22T16:21:18,146,0,3,146
2023-09-22T16:34:19,146,0,3,146
2023-09-22T16:47:39,146,0,3,146
2023-09-22T17:00:41,146,0,3,146
2023-09-22T17:13:42,146,0,3,146
2023-09-22T17:26:43,146,0,3,146
2023-09-22T17:39:44,146,0,3,146
2023-09-22T17:52:45,146,0,3,146
2023-09-22T18:05:46,146,0,3,146
2023-09-22T18:18:57,146,0,3,146
2023-09-22T18:32:00,146,0,3,146
2023-09-22T18:45:02,146,0,3,146
2023-09-22T18:58:04,146,0,3,146
2023-09-22T19:11:06,146,0,3,146
2023-09-22T19:24:07,146,0,3,146
2023-09-22T19:37:19,146,0,3,146
2023-09-22T19:50:19,146,0,3,146
2023-09-22T20:03:20,146,0,3,146
2023-09-22T20:16:22,146,0,3,146
2023-09-22T20:29:24,146,0,3,146
2023-09-22T20:42:25,146,0,3,146
2023-09-22T21:02:19,146,0,3,146
2023-09-22T21:15:20,146,0,3,146
2023-09-22T21:28:20,146,0,3,146
2023-09-22T21:41:21,146,0,3,146
2023-09-22T21:54:21,146,0,3,146
2023-09-22T22:07:23,146,0,3,146
2023-09-22T22:20:35,146,0,3,146
2023-09-22T22:33:35,146,0,3,146
2023-09-22T22:46:35,146,0,3,146
2023-09-22T22:59:36,146,0,3,146
2023-09-22T23:12:39,146,0,3,146
2023-09-22T23:25:40,146,0,3,146
2023-09-22T23:38:42,146,0,3,146
2023-09-22T23:51:44,146,0,3,146
2023-09-23T00:04:47,146,0,3,146
2023-09-23T00:17:55,146,0,3,146
2023-09-23T00:31:10,146,0,3,146
2023-09-23T00:44:16,146,0,3,146
2023-09-23T01:05:37,146,0,3,146
2023-09-23T01:18:43,146,0,3,146
2023-09-23T01:31:50,146,0,3,146
2023-09-23T01:44:56,146,0,3,146
2023-09-23T01:58:04,146,0,3,146
2023-09-23T02:11:09,146,0,3,146
2023-09-23T02:24:13,146,0,3,146
2023-09-23T02:37:18,146,0,3,146
2023-09-23T02:50:22,146,0,3,146
2023-09-23T03:03:24,146,0,3,146
2023-09-23T03:16:28,146,0,3,146
2023-09-23T03:29:32,146,0,3,146
2023-09-23T03:42:37,146,0,3,146
2023-09-23T03:56:14,146,0,3,146
2023-09-23T04:29:04,146,0,3,146
2023-09-23T04:42:13,146,0,3,146
2023-09-23T04:55:20,146,0,3,146
2023-09-23T05:08:26,146,0,3,146
2023-09-23T05:21:32,146,0,3,146
2023-09-23T05:34:38,146,0,3,146
2023-09-23T05:47:45,146,0,3,146
2023-09-23T06:00:49,146,0,3,146
2023-09-23T06:13:57,146,0,3,146
2023-09-23T06:27:02,146,0,3,146
2023-09-23T06:40:07,146,0,3,146
2023-09-23T06:53:12,146,0,3,146
2023-09-23T07:06:17,146,0,3,146
2023-09-23T07:19:21,146,0,3,146
2023-09-23T07:32:25,146,0,3,146
2023-09-23T07:45:29,146,0,3,146
2023-09-23T07:58:33,146,0,3,146
2023-09-23T08:11:47,146,0,3,146
2023-09-23T08:24:51,146,0,3,146
2023-09-23T08:37:56,146,0,3,146
2023-09-23T08:51:00,146,0,3,146
2023-09-23T09:04:04,146,0,3,146
2023-09-23T09:17:08,146,0,3,146
2023-09-23T09:30:11,146,0,3,146
2023-09-23T09:43:14,146,0,3,146
2023-09-23T09:56:17,146,0,3,146
2023-09-23T10:09:20,146,0,3,146
2023-09-23T10:22:22,146,0,3,146
2023-09-23T10:35:25,146,0,3,146
2023-09-23T10:48:38,146,0,3,146
2023-09-23T11:01:40,146,0,3,146
2023-09-23T11:14:40,146,0,3,146
2023-09-23T11:27:41,146,0,3,146
2023-09-23T11:40:43,146,0,3,146
2023-09-23T11:53:44,146,0,3,146
2023-09-23T12:06:45,146,0,3,146
2023-09-23T12:19:48,146,0,3,146
2023-09-23T12:33:00,146,0,3,146
2023-09-23T12:46:01,146,0,3,146
2023-09-23T12:59:02,146,0,3,146
2023-09-23T13:12:02,146,0,3,146
2023-09-23T13:25:03,146,0,3,146
2023-09-23T13:38:04,146,0,3,146
2023-09-23T13:51:05,146,0,3,146
2023-09-23T14:04:05,146,0,3,146
2023-09-23T14:17:16,146,0,3,146
2023-09-23T14:30:18,146,0,3,146
2023-09-23T14:43:24,146,0,3,146
2023-09-23T14:56:25,146,0,3,146
2023-09-23T15:09:26,146,0,3,146
2023-09-23T15:22:27,146,0,3,146
2023-09-23T15:35:28,146,0,3,146
2023-09-23T15:48:39,146,0,3,146
2023-09-23T16:01:39,146,0,3,146
2023-09-23T16:14:40,146,0,3,146
2023-09-23T16:27:40,146,0,3,146
2023-09-23T16:40:41,146,0,3,146
2023-09-23T16:53:42,146,0,3,146
2023-09-23T17:06:43,146,0,3,146
2023-09-23T17:19:45,146,0,3,146
2023-09-23T17:32:46,146,0,3,146
2023-09-23T17:45:47,146,0,3,146
2023-09-23T17:58:58,146,0,3,146
2023-09-23T18:11:59,146,0,3,146
2023-09-23T18:25:00,146,0,3,146
2023-09-23T18:38:01,146,0,3,146
2023-09-23T18:51:01,146,0,3,146
2023-09-23T19:04:03,146,0,3,146
2023-09-23T19:17:05,146,0,3,146
2023-09-23T19:30:06,146,0,3,146
2023-09-23T19:43:07,146,0,3,146
2023-09-23T19:56:17,146,0,3,146
2023-09-23T20:09:18,146,0,3,146
2023-09-23T20:22:19,146,0,3,146
2023-09-23T20:35:20,146,0,3,146
2023-09-23T20:48:21,146,0,3,146
2023-09-23T21:01:22,146,0,3,146
2023-09-23T21:14:23,146,0,3,146
2023-09-23T21:27:24,146,0,3,146
2023-09-23T21:40:25,146,0,3,146
2023-09-23T21:53:27,146,0,3,146
2023-09-23T22:06:37,146,0,3,146
2023-09-23T22:19:37,146,0,3,146
2023-09-23T22:32:39,146,0,3,146
2023-09-23T22:45:39,146,0,3,146
2023-09-23T22:58:40,146,0,3,146
2023-09-23T23:11:42,146,0,3,146
2023-09-23T23:24:43,146,0,3,146
2023-09-23T23:37:43,146,0,3,146
2023-09-23T23:50:44,146,0,3,146
2023-09-24T00:03:55,146,0,3,146
2023-09-24T00:17:01,146,0,3,146
2023-09-24T00:30:05,146,0,3,146
2023-09-24T00:43:07,146,0,3,146
2023-09-24T00:56:08,146,0,3,146
2023-09-24T01:09:09,146,0,3,146
2023-09-24T01:22:10,146,0,3,146
2023-09-24T01:35:10,146,0,3,146
2023-09-24T01:48:11,146,0,3,146
2023-09-24T02:01:14,146,0,3,146
2023-09-24T02:14:15,146,0,3,146
2023-09-24T02:27:17,146,0,3,146
2023-09-24T02:40:21,146,0,3,146
2023-09-24T02:53:22,146,0,3,146
2023-09-24T03:06:23,146,0,3,146
2023-09-24T03:19:25,146,0,3,146
2023-09-24T03:32:27,146,0,3,146
2023-09-24T03:45:41,146,0,3,146
2023-09-24T03:59:04,146,0,3,146
2023-09-24T04:29:48,146,0,3,146
2023-09-24T04:42:56,146,0,3,146
2023-09-24T04:56:03,146,0,3,146
2023-09-24T05:09:11,146,0,3,146
2023-09-24T05:22:18,146,0,3,146
2023-09-24T05:35:24,146,0,3,146
2023-09-24T05:48:31,146,0,3,146
2023-09-24T06:01:37,146,0,3,146
2023-09-24T06:14:43,146,0,3,146
2023-09-24T06:27:48,146,0,3,146
2023-09-24T06:40:54,146,0,3,146
2023-09-24T06:53:59,146,0,3,146
2023-09-24T07:07:21,146,0,3,146
2023-09-24T07:20:26,146,0,3,146
2023-09-24T07:33:30,146,0,3,146
2023-09-24T07:46:33,146,0,3,146
2023-09-24T07:59:38,146,0,3,146
2023-09-24T08:12:43,146,0,3,146
2023-09-24T08:25:46,146,0,3,146
2023-09-24T08:38:51,146,0,3,146
2023-09-24T08:51:57,146,0,3,146
2023-09-24T09:05:01,146,0,3,146
2023-09-24T09:18:06,146,0,3,146
2023-09-24T09:31:20,146,0,3,146
2023-09-24T09:44:27,146,0,3,146
2023-09-24T09:57:32,146,0,3,146
2023-09-24T10:10:36,146,0,3,146
2023-09-24T10:23:45,146,0,3,146
2023-09-24T10:36:53,146,0,3,146
2023-09-24T10:50:02,146,0,3,146
2023-09-24T11:03:10,146,0,3,146
2023-09-24T11:16:15,146,0,3,146
2023-09-24T11:29:26,146,0,3,146
2023-09-24T11:42:30,146,0,3,146
2023-09-24T11:55:31,146,0,3,146
2023-09-24T12:08:32,146,0,3,146
2023-09-24T12:21:34,146,0,3,146
2023-09-24T12:34:35,146,0,3,146
2023-09-24T12:47:36,146,0,3,146
2023-09-24T13:00:48,146,0,3,146
2023-09-24T13:13:48,146,0,3,146
2023-09-24T13:26:49,146,0,3,146
2023-09-24T13:39:49,146,0,3,146
2023-09-24T13:52:50,146,0,3,146
2023-09-24T14:05:52,146,0,3,146
2023-09-24T14:18:52,146,0,3,146
2023-09-24T14:32:03,146,0,3,146
2023-09-24T14:45:04,146,0,3,146
2023-09-24T14:58:05,146,0,3,146
2023-09-24T15:11:06,146,0,3,146
2023-09-24T15:24:08,146,0,3,146
2023-09-24T15:37:09,146,0,3,146
2023-09-24T15:50:10,146,0,3,146
2023-09-24T16:03:11,146,0,3,146
2023-09-24T16:16:22,146,0,3,146
2023-09-24T16:29:23,146,0,3,146
2023-09-24T16:42:25,146,0,3,146
2023-09-24T16:55:26,146,0,3,146
2023-09-24T17:08:27,146,0,3,146
2023-09-24T17:21:28,146,0,3,146
2023-09-24T17:34:38,146,0,3,146
2023-09-24T17:47:39,146,0,3,146
2023-09-24T18:00:40,146,0,3,146
2023-09-24T18:13:41,146,0,3,146
2023-09-24T18:26:42,146,0,3,146
2023-09-24T18:39:43,146,0,3,146
2023-09-24T18:52:53,146,0,3,146
2023-09-24T19:05:56,146,0,3,146
2023-09-24T19:18:59,146,0,3,146
2023-09-24T19:32:00,146,0,3,146
2023-09-24T19:45:01,146,0,3,146
2023-09-24T19:58:01,146,0,3,146
2023-09-24T20:11:12,146,0,3,146
2023-09-24T20:24:13,146,0,3,146
2023-09-24T20:37:13,146,0,3,146
2023-09-24T20:50:14,146,0,3,146
2023-09-24T21:03:15,146,0,3,146
2023-09-24T21:16:16,146,0,3,146
2023-09-24T21:29:17,146,0,3,146
2023-09-24T21:42:29,146,0,3,146
2023-09-24T21:55:31,146,0,3,146
2023-09-24T22:08:34,146,0,3,146
2023-09-24T22:21:35,146,0,3,146
2023-09-24T22:34:35,146,0,3,146
2023-09-24T22:47:36,146,0,3,146
2023-09-24T23:00:47,146,0,3,146
2023-09-24T23:13:48,146,0,3,146
2023-09-24T23:26:50,146,0,3,146
2023-09-24T23:39:53,146,0,3,146
2023-09-24T23:52:55,146,0,3,146
2023-09-25T00:05:57,146,0,3,146
2023-09-25T00:19:09,146,0,3,146
2023-09-25T00:32:37,146,0,3,146
2023-09-25T00:45:47,146,0,3,146
2023-09-25T00:58:52,146,0,3,146
2023-09-25T01:11:57,146,0,3,146
2023-09-25T01:25:07,146,0,3,146
2023-09-25T01:38:14,146,0,3,146
2023-09-25T01:51:22,146,0,3,146
2023-09-25T02:04:40,146,0,3,146
2023-09-25T02:17:46,146,0,3,146
2023-09-25T02:30:51,146,0,3,146
2023-09-25T02:43:55,146,0,3,146
2023-09-25T02:56:58,146,0,3,146
2023-09-25T03:10:02,146,0,3,146
2023-09-25T03:23:17,146,0,3,146
2023-09-25T03:36:22,146,0,3,146
2023-09-25T03:49:27,146,0,3,146
2023-09-25T04:02:32,146,0,3,146
2023-09-25T04:29:39,146,0,3,146
2023-09-25T04:42:46,146,0,3,146
2023-09-25T04:57:38,146,0,3,146
2023-09-25T05:10:55,146,0,3,146
2023-09-25T05:24:11,146,0,3,146
2023-09-25T05:37:16,146,0,3,146
2023-09-25T05:50:23,146,0,3,146
2023-09-25T06:03:28,146,0,3,146
2023-09-25T06:16:42,146,0,3,146
2023-09-25T06:29:46,146,0,3,146
2023-09-25T06:42:52,146,0,3,146
2023-09-25T06:55:57,146,0,3,146
2023-09-25T07:09:02,146,0,3,146
2023-09-25T07:22:05,146,0,3,146
2023-09-25T07:35:08,146,0,3,146
2023-09-25T07:48:08,146,0,3,146
2023-09-25T08:01:09,146,0,3,146
2023-09-25T08:14:19,146,0,3,146
2023-09-25T08:27:20,146,0,3,146
2023-09-25T08:40:21,146,0,3,146
2023-09-25T08:53:22,146,0,3,146
2023-09-25T09:06:37,146,0,3,146
2023-09-25T09:19:39,146,0,3,146
2023-09-25T09:32:45,146,0,3,146
2023-09-25T09:45:46,146,0,3,146
2023-09-25T09:58:46,146,0,3,146
2023-09-25T10:11:58,146,0,3,146
2023-09-25T10:24:59,146,0,3,146
2023-09-25T10:38:00,146,0,3,146
2023-09-25T10:51:01,146,0,3,146
2023-09-25T11:04:14,146,0,3,146
2023-09-25T11:17:16,146,0,3,146
2023-09-25T11:30:18,146,0,3,146
2023-09-25T11:43:29,146,0,3,146
2023-09-25T11:56:29,146,0,3,146
2023-09-25T12:09:31,146,0,3,146
2023-09-25T12:22:32,146,0,3,146
2023-09-25T12:35:43,146,0,3,146
2023-09-25T12:48:45,146,0,3,146
2023-09-25T13:01:46,146,0,3,146
2023-09-25T13:14:47,146,0,3,146
2023-09-25T13:27:48,146,0,3,146
2023-09-25T13:41:00,146,0,3,146
2023-09-25T13:54:01,146,0,3,146
2023-09-25T14:07:04,146,0,3,146
2023-09-25T14:20:06,146,0,3,146
2023-09-25T14:33:18,146,0,3,146
2023-09-25T14:46:20,146,0,3,146
2023-09-25T14:59:22,146,0,3,146
2023-09-25T15:12:24,146,0,3,146
2023-09-25T15:25:36,146,0,3,146
2023-09-25T15:38:38,146,0,3,146
2023-09-25T15:51:40,146,0,3,146
2023-09-25T16:04:42,146,0,3,146
2023-09-25T16:17:53,146,0,3,146
2023-09-25T16:30:54,146,0,3,146
2023-09-25T16:43:56,146,0,3,146
2023-09-25T16:56:57,146,0,3,146
2023-09-25T17:10:12,146,0,3,146
2023-09-25T17:23:14,146,0,3,146
2023-09-25T17:36:16,146,0,3,146
2023-09-25T17:49:18,146,0,3,146
2023-09-25T18:02:29,146,0,3,146
2023-09-25T18:15:30,146,0,3,146
2023-09-25T18:28:31,146,0,3,146
2023-09-25T18:41:33,146,0,3,146
2023-09-25T18:54:34,146,0,3,146
2023-09-25T19:07:46,146,0,3,146
2023-09-25T19:20:47,146,0,3,146
2023-09-25T19:33:49,146,0,3,146
2023-09-25T19:46:50,146,0,3,146
2023-09-25T19:59:51,146,0,3,146
2023-09-25T20:13:03,146,0,3,146
2023-09-25T20:26:04,146,0,3,146
2023-09-25T20:39:05,146,0,3,146
2023-09-25T20:52:06,146,0,3,146
2023-09-25T21:05:08,146,0,3,146
2023-09-25T21:18:20,146,0,3,146
2023-09-25T21:31:21,146,0,3,146
2023-09-25T21:44:23,146,0,3,146
2023-09-25T21:57:24,146,0,3,146
2023-09-25T22:10:24,146,0,3,146
2023-09-25T22:23:36,146,0,3,146
2023-09-25T22:36:38,146,0,3,146
2023-09-25T22:49:39,146,0,3,146
2023-09-25T23:02:40,146,0,3,146
2023-09-25T23:15:42,146,0,3,146
2023-09-25T23:28:55,146,0,3,146
2023-09-25T23:41:57,146,0,3,146
2023-09-25T23:54:59,146,0,3,146
2023-09-26T00:08:01,146,0,3,146
2023-09-26T00:21:09,146,0,3,146
2023-09-26T00:34:15,146,0,3,146
2023-09-26T00:47:34,146,0,3,146
2023-09-26T01:00:42,146,0,3,146
2023-09-26T01:13:48,146,0,3,146
2023-09-26T01:26:53,146,0,3,146
2023-09-26T01:39:59,146,0,3,146
2023-09-26T01:53:07,146,0,3,146
2023-09-26T02:06:11,146,0,3,146
2023-09-26T02:19:16,146,0,3,146
2023-09-26T02:32:20,146,0,3,146
2023-09-26T02:45:23,146,0,3,146
2023-09-26T02:58:25,146,0,3,146
2023-09-26T03:11:29,146,0,3,146
2023-09-26T03:24:34,146,0,3,146
2023-09-26T03:37:41,146,0,3,146
2023-09-26T03:50:59,146,0,3,146
2023-09-26T04:04:06,146,0,3,146
2023-09-26T04:32:02,146,0,3,146
2023-09-26T04:45:10,146,0,3,146
2023-09-26T04:58:18,146,0,3,146
2023-09-26T05:11:27,146,0,3,146
2023-09-26T05:24:33,146,0,3,146
2023-09-26T05:37:40,146,0,3,146
2023-09-26T05:50:50,146,0,3,146
2023-09-26T06:03:59,146,0,3,146
2023-09-26T06:17:05,146,0,3,146
2023-09-26T06:30:11,146,0,3,146
2023-09-26T06:43:16,146,0,3,146
2023-09-26T06:56:21,146,0,3,146
2023-09-26T07:09:29,146,0,3,146
2023-09-26T07:22:33,146,0,3,146
2023-09-26T07:35:37,146,0,3,146
2023-09-26T07:48:39,146,0,3,146
2023-09-26T08:01:43,146,0,3,146
2023-09-26T08:14:47,146,0,3,146
2023-09-26T08:28:03,146,0,3,146
2023-09-26T08:41:06,146,0,3,146
2023-09-26T08:54:09,146,0,3,146
2023-09-26T09:07:10,146,0,3,146
2023-09-26T09:20:12,146,0,3,146
2023-09-26T09:33:13,146,0,3,146
2023-09-26T09:46:15,146,0,3,146
2023-09-26T09:59:28,146,0,3,146
2023-09-26T10:12:29,146,0,3,146
2023-09-26T10:25:31,146,0,3,146
2023-09-26T10:38:33,146,0,3,146
2023-09-26T10:51:37,146,0,3,146
2023-09-26T11:04:50,146,0,3,146
2023-09-26T11:17:51,146,0,3,146
2023-09-26T11:30:54,146,0,3,146
2023-09-26T11:44:10,146,0,3,146
2023-09-26T11:57:12,146,0,3,146
2023-09-26T12:10:13,146,0,3,146
2023-09-26T12:23:26,146,0,3,146
2023-09-26T12:36:27,146,0,3,146
2023-09-26T12:49:29,146,0,3,146
2023-09-26T13:02:30,146,0,3,146
2023-09-26T13:15:43,146,0,3,146
2023-09-26T13:28:45,146,0,3,146
2023-09-26T13:41:47,146,0,3,146
2023-09-26T13:54:50,146,0,3,146
2023-09-26T14:07:51,146,0,3,146
2023-09-26T14:21:04,146,0,3,146
2023-09-26T14:34:06,146,0,3,146
2023-09-26T14:47:08,146,0,3,146
2023-09-26T15:00:10,146,0,3,146
2023-09-26T15:13:23,146,0,3,146
2023-09-26T15:26:25,146,0,3,146
2023-09-26T15:39:27,146,0,3,146
2023-09-26T15:52:30,146,0,3,146
2023-09-26T16:05:42,146,0,3,146
2023-09-26T16:18:45,146,0,3,146
2023-09-26T16:31:47,146,0,3,146
2023-09-26T16:44:49,146,0,3,146
2023-09-26T16:58:04,146,0,3,146
2023-09-26T17:11:07,146,0,3,146
2023-09-26T17:24:10,146,0,3,146
2023-09-26T17:37:12,146,0,3,146
2023-09-26T17:50:14,146,0,3,146
2023-09-26T18:03:28,146,0,3,146
2023-09-26T18:16:29,146,0,3,146
2023-09-26T18:29:31,146,0,3,146
2023-09-26T18:42:33,146,0,3,146
2023-09-26T18:55:46,146,0,3,146
2023-09-26T19:08:49,146,0,3,146
2023-09-26T19:21:51,146,0,3,146
2023-09-26T19:34:53,146,0,3,146
2023-09-26T19:47:55,146,0,3,146
2023-09-26T20:01:08,146,0,3,146
2023-09-26T20:14:10,146,0,3,146
2023-09-26T20:27:13,146,0,3,146
2023-09-26T20:40:15,146,0,3,146
2023-09-26T20:53:16,146,0,3,146
2023-09-26T21:06:18,146,0,3,146
2023-09-26T21:19:32,146,0,3,146
2023-09-26T21:32:33,146,0,3,146
2023-09-26T21:45:35,146,0,3,146
2023-09-26T21:58:37,146,0,3,146
2023-09-26T22:11:39,146,0,3,146
2023-09-26T22:24:41,146,0,3,146
2023-09-26T22:37:54,146,0,3,146
2023-09-26T22:50:56,146,0,3,146
2023-09-26T23:04:00,146,0,3,146
2023-09-26T23:17:02,146,0,3,146
2023-09-26T23:30:05,146,0,3,146
2023-09-26T23:43:18,146,0,3,146
2023-09-26T23:56:25,146,0,3,146
2023-09-27T00:09:34,146,0,3,146
2023-09-27T00:22:44,146,0,3,146
2023-09-27T00:35:49,146,0,3,146
2023-09-27T00:48:57,146,0,3,146
2023-09-27T01:02:05,146,0,3,146
2023-09-27T01:15:11,146,0,3,146
2023-09-27T01:28:29,146,0,3,146
2023-09-27T01:41:36,146,0,3,146
2023-09-27T01:54:45,146,0,3,146
2023-09-27T02:07:56,146,0,3,146
2023-09-27T02:21:02,146,0,3,146
2023-09-27T02:34:06,146,0,3,146
2023-09-27T02:47:10,146,0,3,146
2023-09-27T03:00:18,146,0,3,146
2023-09-27T03:13:26,146,0,3,146
2023-09-27T03:26:33,146,0,3,146
2023-09-27T03:39:41,146,0,3,146
2023-09-27T03:52:48,146,0,3,146
2023-09-27T04:05:57,146,0,3,146
2023-09-27T04:33:14,146,0,3,146
2023-09-27T04:46:22,146,0,3,146
2023-09-27T05:01:04,146,0,3,146
2023-09-27T05:14:12,146,0,3,146
2023-09-27T05:27:19,146,0,3,146
2023-09-27T05:40:26,146,0,3,146
2023-09-27T05:53:34,146,0,3,146
2023-09-27T06:06:39,146,0,3,146
2023-09-27T06:19:45,146,0,3,146
2023-09-27T06:32:51,146,0,3,146
2023-09-27T06:45:57,146,0,3,146
2023-09-27T06:59:03,146,0,3,146
2023-09-27T07:12:12,146,0,3,146
2023-09-27T07:25:17,146,0,3,146
2023-09-27T07:38:21,146,0,3,146
2023-09-27T07:51:24,146,0,3,146
2023-09-27T08:04:29,146,0,3,146
2023-09-27T08:17:42,146,0,3,146
2023-09-27T08:30:45,146,0,3,146
2023-09-27T08:43:49,146,0,3,146
2023-09-27T08:56:51,146,0,3,146
2023-09-27T09:09:55,146,0,3,146
2023-09-27T09:22:59,146,0,3,146
2023-09-27T09:36:01,146,0,3,146
2023-09-27T09:49:14,146,0,3,146
2023-09-27T10:02:16,146,0,3,146
2023-09-27T10:15:18,146,0,3,146
2023-09-27T10:28:21,146,0,3,146
2023-09-27T10:41:37,146,0,3,146
2023-09-27T10:54:39,146,0,3,146
2023-09-27T11:07:42,146,0,3,146
2023-09-27T11:20:44,146,0,3,146
2023-09-27T11:33:59,146,0,3,146
2023-09-27T11:47:02,146,0,3,146
2023-09-27T12:00:04,146,0,3,146
2023-09-27T12:13:20,146,0,3,146
2023-09-27T12:26:23,146,0,3,146
2023-09-27T12:39:26,146,0,3,146
2023-09-27T12:52:41,146,0,3,146
2023-09-27T13:05:44,146,0,3,146
2023-09-27T13:18:59,146,0,3,146
2023-09-27T13:32:02,146,0,3,146
2023-09-27T13:45:05,146,0,3,146
2023-09-27T13:58:19,146,0,3,146
2023-09-27T14:11:22,146,0,3,146
2023-09-27T14:24:25,146,0,3,146
2023-09-27T14:37:27,146,0,3,146
2023-09-27T14:50:43,146,0,3,146
2023-09-27T15:03:45,146,0,3,146
2023-09-27T15:16:48,146,0,3,146
2023-09-27T15:30:02,146,0,3,146
2023-09-27T15:43:05,146,0,3,146
2023-09-27T15:56:09,146,0,3,146
2023-09-27T16:09:22,146,0,3,146
2023-09-27T16:22:24,146,0,3,146
2023-09-27T16:35:27,146,0,3,146
2023-09-27T16:48:43,146,0,3,146
2023-09-27T17:01:47,146,0,3,146
2023-09-27T17:14:51,146,0,3,146
2023-09-27T17:28:07,146,0,3,146
2023-09-27T17:41:10,146,0,3,146
2023-09-27T17:54:12,146,0,3,146
2023-09-27T18:07:26,146,0,3,146
2023-09-27T18:20:28,146,0,3,146
2023-09-27T18:33:31,146,0,3,146
2023-09-27T18:46:44,146,0,3,146
2023-09-27T18:59:46,146,0,3,146
2023-09-27T19:12:50,146,0,3,146
2023-09-27T19:25:56,146,0,3,146
2023-09-27T19:39:10,146,0,3,146
2023-09-27T19:52:13,146,0,3,146
2023-09-27T20:05:15,146,0,3,146
2023-09-27T20:18:29,146,0,3,146
2023-09-27T20:31:31,146,0,3,146
2023-09-27T20:44:33,146,0,3,146
2023-09-27T20:57:48,146,0,3,146
2023-09-27T21:10:50,146,0,3,146
2023-09-27T21:23:53,146,0,3,146
2023-09-27T21:37:07,146,0,3,146
2023-09-27T21:50:10,146,0,3,146
2023-09-27T22:03:13,146,0,3,146
2023-09-27T22:16:28,146,0,3,146
2023-09-27T22:29:31,146,0,3,146
2023-09-27T22:42:45,146,0,3,146
2023-09-27T22:55:48,146,0,3,146
2023-09-27T23:08:52,146,0,3,146
2023-09-27T23:22:07,146,0,3,146
2023-09-27T23:35:13,146,0,3,146
2023-09-27T23:48:18,146,0,3,146
2023-09-28T00:02:38,146,0,3,146
2023-09-28T00:15:58,146,0,3,146
2023-09-28T00:29:08,146,0,3,146
2023-09-28T00:42:15,146,0,3,146
2023-09-28T00:55:33,146,0,3,146
2023-09-28T01:08:39,146,0,3,146
2023-09-28T01:21:44,146,0,3,146
2023-09-28T01:34:50,146,0,3,146
2023-09-28T01:47:56,146,0,3,146
2023-09-28T02:01:05,146,0,3,146
2023-09-28T02:14:22,146,0,3,146
2023-09-28T02:27:27,146,0,3,146
2023-09-28T02:40:35,146,0,3,146
2023-09-28T02:53:39,146,0,3,146
2023-09-28T03:06:43,146,0,3,146
2023-09-28T03:19:51,146,0,3,146
2023-09-28T03:32:57,146,0,3,146
2023-09-28T03:46:02,146,0,3,146
2023-09-28T03:59:09,146,0,3,146
2023-09-28T04:26:10,146,0,3,146
2023-09-28T04:39:37,146,0,3,146
2023-09-28T04:52:46,146,0,3,146
2023-09-28T05:05:53,146,0,3,146
2023-09-28T05:19:01,146,0,3,146
2023-09-28T05:32:06,146,0,3,146
2023-09-28T05:45:13,146,0,3,146
2023-09-28T05:58:19,146,0,3,146
2023-09-28T06:11:25,146,0,3,146
2023-09-28T06:24:31,146,0,3,146
2023-09-28T06:37:36,146,0,3,146
2023-09-28T06:50:43,146,0,3,146
2023-09-28T07:03:48,146,0,3,146
2023-09-28T07:16:54,146,0,3,146
2023-09-28T07:30:07,146,0,3,146
2023-09-28T07:43:10,146,0,3,146
2023-09-28T07:56:15,146,0,3,146
2023-09-28T08:09:39,146,0,4,146
2023-09-28T08:22:44,146,0,4,146
2023-09-28T08:35:48,146,0,5,146
2023-09-28T08:49:02,146,0,5,146
2023-09-28T09:02:06,146,0,5,146
2023-09-28T09:15:22,146,0,5,146
2023-09-28T09:28:25,146,0,5,146
2023-09-28T09:41:50,146,0,5,146
2023-09-28T09:55:03,146,0,5,146
2023-09-28T10:08:24,146,0,5,146
2023-09-28T10:21:27,146,0,5,146
2023-09-28T10:34:41,146,0,5,146
2023-09-28T10:47:44,146,0,5,146
2023-09-28T11:00:56,146,0,5,146
2023-09-28T11:14:09,146,0,5,146
2023-09-28T11:27:12,146,0,5,146
2023-09-28T11:40:26,146,0,5,146
2023-09-28T11:53:39,145,1,5,146
2023-09-28T12:06:41,145,1,5,146
2023-09-28T12:20:00,145,1,5,146
2023-09-28T12:33:14,145,1,5,146
2023-09-28T12:46:16,145,1,5,146
2023-09-28T12:59:39,145,1,5,146
2023-09-28T13:12:53,145,1,5,146
2023-09-28T13:25:55,145,1,5,146
2023-09-28T13:39:17,145,1,5,146
2023-09-28T13:52:19,145,1,5,146
2023-09-28T14:05:32,145,1,5,146
2023-09-28T14:18:36,145,1,5,146
2023-09-28T14:31:56,145,1,5,146
2023-09-28T14:45:09,145,1,5,146
2023-09-28T14:58:12,145,1,5,146
2023-09-28T15:11:26,145,1,5,146
2023-09-28T15:24:29,145,1,5,146
2023-09-28T15:37:52,145,1,5,146
2023-09-28T15:50:54,145,1,5,146
2023-09-28T16:04:07,145,1,5,146
2023-09-28T16:17:10,145,1,5,146
2023-09-28T16:30:32,145,1,5,146
2023-09-28T16:43:35,145,1,5,146
2023-09-28T16:56:48,145,1,5,146
2023-09-28T17:09:56,145,1,5,146
2023-09-28T17:23:18,145,1,5,146
2023-09-28T17:36:20,145,1,5,146
2023-09-28T17:49:22,145,1,5,146
2023-09-28T18:02:48,145,1,5,146
2023-09-28T18:15:50,145,1,5,146
2023-09-28T18:28:52,145,1,5,146
2023-09-28T18:41:54,145,1,5,146
2023-09-28T18:55:08,145,1,5,146
2023-09-28T19:08:09,145,1,5,146
2023-09-28T19:21:11,145,1,5,146
2023-09-28T19:34:13,145,1,5,146
2023-09-28T19:47:25,145,1,5,146
2023-09-28T20:00:26,145,1,5,146
2023-09-28T20:13:28,145,1,5,146
2023-09-28T20:26:30,145,1,5,146
2023-09-28T20:39:42,145,1,5,146
2023-09-28T20:52:43,145,1,5,146
2023-09-28T21:05:45,145,1,5,146
2023-09-28T21:18:47,145,1,5,146
2023-09-28T21:31:59,145,1,5,146
2023-09-28T21:45:02,145,1,5,146
2023-09-28T21:58:03,145,1,6,146
2023-09-28T22:11:06,145,1,6,146
2023-09-28T22:24:07,145,1,6,146
2023-09-28T22:37:20,146,0,5,146
2023-09-28T22:50:23,146,0,5,146
2023-09-28T23:03:25,146,0,5,146
2023-09-28T23:16:27,146,0,5,146
2023-09-28T23:29:40,146,0,5,146
2023-09-28T23:42:42,146,0,5,146
2023-09-28T23:55:45,146,0,5,146
2023-09-29T00:08:49,146,0,5,146
2023-09-29T00:22:01,146,0,5,146
2023-09-29T00:35:14,146,0,5,146
2023-09-29T00:48:21,146,0,5,146
2023-09-29T01:01:29,146,0,5,146
2023-09-29T01:14:35,146,0,5,146
2023-09-29T01:27:42,146,0,5,146
2023-09-29T01:41:39,146,0,5,146
2023-09-29T01:54:47,146,0,5,146
2023-09-29T02:07:54,146,0,5,146
2023-09-29T02:20:59,146,0,5,146
2023-09-29T02:34:03,146,0,5,146
2023-09-29T02:47:07,146,0,5,146
2023-09-29T03:00:25,146,0,5,146
2023-09-29T03:13:43,146,0,5,146
2023-09-29T03:26:50,146,0,5,146
2023-09-29T03:39:57,146,0,5,146
2023-09-29T03:53:04,146,0,5,146
2023-09-29T04:06:11,146,0,5,146
2023-09-29T04:39:20,146,0,5,146
2023-09-29T04:52:28,146,0,5,146
2023-09-29T05:05:37,146,0,5,146
2023-09-29T05:18:44,146,0,5,146
2023-09-29T05:31:51,146,0,5,146
2023-09-29T05:44:58,146,0,5,146
2023-09-29T05:58:06,146,0,5,146
2023-09-29T06:11:11,146,0,5,146
2023-09-29T06:24:15,146,0,5,146
2023-09-29T06:37:20,146,0,5,146
2023-09-29T06:50:26,146,0,5,146
2023-09-29T07:03:32,146,0,5,146
2023-09-29T07:16:36,146,0,5,146
2023-09-29T07:29:40,146,0,5,146
2023-09-29T07:42:59,146,0,5,146
2023-09-29T07:56:02,146,0,5,146
2023-09-29T08:09:06,146,0,5,146
2023-09-29T08:22:08,146,0,5,146
2023-09-29T08:35:10,146,0,5,146
2023-09-29T08:48:21,146,0,5,146
2023-09-29T09:01:24,146,0,5,146
2023-09-29T09:14:26,146,0,5,146
2023-09-29T09:27:37,146,0,5,146
2023-09-29T09:40:39,146,0,5,146
2023-09-29T09:53:41,146,0,5,146
2023-09-29T10:06:52,146,0,5,146
2023-09-29T10:19:55,146,0,5,146
2023-09-29T10:33:06,146,0,5,146
2023-09-29T10:46:08,146,0,5,146
2023-09-29T10:59:11,146,0,5,146
2023-09-29T11:12:22,146,0,5,146
2023-09-29T11:25:24,146,0,5,146
2023-09-29T11:38:45,146,0,6,146
2023-09-29T11:51:56,146,0,6,146
2023-09-29T12:04:58,146,0,6,146
2023-09-29T12:18:19,146,0,6,146
2023-09-29T12:31:21,146,0,6,146
2023-09-29T12:44:23,146,0,6,146
2023-09-29T12:57:36,146,0,6,146
2023-09-29T13:10:38,146,0,6,146
2023-09-29T13:23:58,146,0,6,146
2023-09-29T13:37:00,146,0,6,146
2023-09-29T13:50:12,146,0,6,146
2023-09-29T14:03:15,146,0,6,146
2023-09-29T14:16:17,146,0,6,146
2023-09-29T14:29:36,146,0,6,146
2023-09-29T14:42:38,146,0,6,146
2023-09-29T14:55:50,146,0,6,146
2023-09-29T15:08:53,146,0,6,146
2023-09-29T15:21:55,146,0,6,146
2023-09-29T15:35:15,146,0,6,146
2023-09-29T15:48:17,146,0,6,146
2023-09-29T16:01:29,146,0,6,146
2023-09-29T16:14:32,146,0,6,146
2023-09-29T16:27:35,146,0,6,146
2023-09-29T16:40:56,146,0,6,146
2023-09-29T16:53:59,146,0,6,146
2023-09-29T17:07:01,146,0,6,146
2023-09-29T17:20:06,146,0,6,146
2023-09-29T17:33:18,146,0,6,146
2023-09-29T17:46:20,146,0,6,146
2023-09-29T17:59:22,146,0,6,146
2023-09-29T18:12:44,146,0,6,146
2023-09-29T18:25:47,146,0,6,146
2023-09-29T18:38:49,146,0,6,146
2023-09-29T18:52:51,146,0,6,146
2023-09-29T19:06:04,146,0,6,146
2023-09-29T19:19:06,146,0,6,146
2023-09-29T19:32:09,146,0,6,146
2023-09-29T19:45:12,146,0,6,146
2023-09-29T19:58:24,146,0,6,146
2023-09-29T20:11:27,146,0,6,146
2023-09-29T20:24:30,146,0,6,146
2023-09-29T20:37:32,146,0,6,146
2023-09-29T20:50:53,146,0,6,146
2023-09-29T21:03:56,146,0,6,146
2023-09-29T21:16:58,146,0,6,146
2023-09-29T21:30:00,146,0,6,146
2023-09-29T21:43:13,146,0,6,146
2023-09-29T21:56:16,146,0,6,146
2023-09-29T22:09:18,146,0,6,146
2023-09-29T22:22:23,146,0,6,146
2023-09-29T22:35:25,146,0,6,146
2023-09-29T22:48:45,146,0,6,146
2023-09-29T23:01:47,146,0,6,146
2023-09-29T23:14:51,146,0,6,146
2023-09-29T23:27:55,146,0,6,146
2023-09-29T23:40:57,146,0,6,146
2023-09-29T23:54:11,146,0,6,146
2023-09-30T00:07:15,146,0,6,146
2023-09-30T00:20:24,146,0,6,146
2023-09-30T00:33:32,146,0,6,146
2023-09-30T00:46:41,146,0,6,146
2023-09-30T00:59:50,146,0,6,146
2023-09-30T01:12:58,146,0,6,146
2023-09-30T01:26:24,146,0,6,146
2023-09-30T01:39:33,146,0,6,146
2023-09-30T01:52:43,146,0,6,146
2023-09-30T02:05:52,146,0,6,146
2023-09-30T02:18:57,146,0,6,146
2023-09-30T02:32:01,146,0,6,146
2023-09-30T02:45:05,146,0,6,146
2023-09-30T02:58:08,146,0,6,146
2023-09-30T03:11:15,146,0,6,146
2023-09-30T03:25:27,146,0,6,146
2023-09-30T03:38:35,146,0,6,146
2023-09-30T03:51:44,146,0,6,146
2023-09-30T04:04:53,146,0,6,146
2023-09-30T04:30:39,146,0,6,146
2023-09-30T04:44:10,146,0,6,146
2023-09-30T04:57:19,146,0,6,146
2023-09-30T05:10:27,146,0,6,146
2023-09-30T05:23:34,146,0,6,146
2023-09-30T05:36:42,146,0,6,146
2023-09-30T05:49:50,146,0,6,146
2023-09-30T06:02:57,146,0,6,146
2023-09-30T06:16:05,146,0,6,146
2023-09-30T06:29:12,146,0,6,146
2023-09-30T06:42:18,146,0,6,146
2023-09-30T06:55:25,146,0,6,146
2023-09-30T07:08:33,146,0,6,146
2023-09-30T07:21:40,146,0,6,146
2023-09-30T07:34:46,146,0,6,146
2023-09-30T07:47:51,146,0,6,146
2023-09-30T08:00:59,146,0,6,146
2023-09-30T08:14:08,146,0,6,146
2023-09-30T08:27:22,146,0,6,146
2023-09-30T08:40:28,146,0,6,146
2023-09-30T08:53:33,146,0,6,146
2023-09-30T09:06:38,146,0,6,146
2023-09-30T09:19:42,146,0,6,146
2023-09-30T09:32:46,146,0,6,146
2023-09-30T09:45:50,146,0,6,146
2023-09-30T09:58:54,146,0,6,146
2023-09-30T10:11:58,146,0,6,146
2023-09-30T10:25:02,146,0,6,146
2023-09-30T10:38:17,146,0,6,146
2023-09-30T10:51:20,146,0,6,146
2023-09-30T11:04:22,146,0,6,146
2023-09-30T11:17:24,146,0,6,146
2023-09-30T11:30:25,146,0,6,146
2023-09-30T11:43:27,146,0,6,146
2023-09-30T11:56:30,146,0,6,146
2023-09-30T12:09:33,146,0,6,146
2023-09-30T12:22:36,146,0,6,146
2023-09-30T12:35:48,146,0,6,146
2023-09-30T12:48:51,146,0,6,146
2023-09-30T13:01:53,146,0,6,146
2023-09-30T13:14:56,146,0,6,146
2023-09-30T13:28:00,146,0,6,146
2023-09-30T13:41:13,146,0,6,146
2023-09-30T13:54:15,146,0,6,146
2023-09-30T14:07:17,146,0,6,146
2023-09-30T14:20:19,146,0,6,146
2023-09-30T14:33:21,146,0,6,146
2023-09-30T14:46:24,146,0,6,146
2023-09-30T14:59:26,146,0,6,146
2023-09-30T15:12:29,146,0,6,146
2023-09-30T15:25:32,146,0,6,146
2023-09-30T15:38:45,146,0,6,146
2023-09-30T15:51:48,146,0,6,146
2023-09-30T16:04:51,146,0,6,146
2023-09-30T16:17:53,146,0,6,146
2023-09-30T16:30:55,146,0,6,146
2023-09-30T16:43:57,146,0,6,146
2023-09-30T16:56:59,146,0,6,146
2023-09-30T17:10:12,146,0,6,146
2023-09-30T17:23:15,146,0,6,146
2023-09-30T17:36:17,146,0,6,146
2023-09-30T17:49:20,146,0,6,146
2023-09-30T18:02:22,146,0,6,146
2023-09-30T18:15:25,146,0,6,146
2023-09-30T18:28:27,146,0,6,146
2023-09-30T18:41:29,146,0,6,146
2023-09-30T18:54:42,146,0,6,146
2023-09-30T19:07:44,146,0,6,146
2023-09-30T19:20:46,146,0,6,146
2023-09-30T19:33:49,146,0,6,146
2023-09-30T19:46:52,146,0,6,146
2023-09-30T19:59:55,146,0,6,146
2023-09-30T20:12:57,146,0,6,146
2023-09-30T20:26:00,146,0,6,146
2023-09-30T20:39:02,146,0,6,146
2023-09-30T20:52:15,146,0,6,146
2023-09-30T21:05:18,146,0,6,146
2023-09-30T21:18:20,146,0,6,146
2023-09-30T21:31:23,146,0,6,146
2023-09-30T21:44:26,146,0,6,146
2023-09-30T21:57:29,146,0,6,146
2023-09-30T22:10:31,146,0,6,146
2023-09-30T22:23:34,146,0,6,146
2023-09-30T22:36:36,146,0,6,146
2023-09-30T22:49:39,146,0,6,146
2023-09-30T23:02:53,146,0,6,146
2023-09-30T23:15:57,146,0,6,146
2023-09-30T23:29:00,146,0,6,146
2023-09-30T23:42:04,146,0,6,146
2023-09-30T23:55:07,146,0,6,146
2023-10-01T00:08:12,146,0,6,146
2023-10-01T00:21:23,146,0,6,146
2023-10-01T00:34:30,146,0,6,146
2023-10-01T00:47:38,146,0,6,146
2023-10-01T01:00:45,146,0,6,146
2023-10-01T01:13:51,146,0,6,146
2023-10-01T01:26:58,146,0,6,146
2023-10-01T01:40:15,146,0,6,146
2023-10-01T01:53:24,146,0,6,146
2023-10-01T02:06:32,146,0,6,146
2023-10-01T02:19:39,146,0,6,146
2023-10-01T02:32:46,146,0,6,146
2023-10-01T02:45:53,146,0,6,146
2023-10-01T02:58:59,146,0,6,146
2023-10-01T03:12:05,146,0,6,146
2023-10-01T03:25:11,146,0,6,146
2023-10-01T03:38:18,146,0,6,146
2023-10-01T03:51:25,146,0,6,146
2023-10-01T04:04:33,146,0,6,146
2023-10-01T04:37:40,146,0,6,146
2023-10-01T04:50:51,146,0,6,146
2023-10-01T05:03:59,146,0,6,146
2023-10-01T05:17:06,146,0,6,146
2023-10-01T05:30:12,146,0,6,146
2023-10-01T05:43:20,146,0,6,146
2023-10-01T05:56:28,146,0,6,146
2023-10-01T06:09:36,146,0,6,146
2023-10-01T06:22:43,146,0,6,146
2023-10-01T06:35:50,146,0,6,146
2023-10-01T06:48:55,146,0,6,146
2023-10-01T07:01:59,146,0,6,146
2023-10-01T07:15:02,146,0,6,146
2023-10-01T07:28:04,146,0,6,146
2023-10-01T07:41:08,146,0,6,146
2023-10-01T07:54:11,146,0,6,146
2023-10-01T08:07:14,146,0,6,146
2023-10-01T08:20:16,146,0,6,146
2023-10-01T08:33:20,146,0,6,146
2023-10-01T08:46:23,146,0,6,146
2023-10-01T08:59:25,146,0,6,146
2023-10-01T09:12:28,146,0,6,146
2023-10-01T09:25:30,146,0,6,146
2023-10-01T09:38:43,146,0,6,146
2023-10-01T09:51:47,146,0,6,146
2023-10-01T10:04:50,146,0,6,146
2023-10-01T10:17:52,146,0,6,146
2023-10-01T10:30:55,146,0,6,146
2023-10-01T10:43:57,146,0,6,146
2023-10-01T10:57:05,146,0,6,146
2023-10-01T11:10:11,146,0,6,146
2023-10-01T11:23:13,146,0,6,146
2023-10-01T11:36:15,146,0,6,146
2023-10-01T11:49:29,146,0,6,146
2023-10-01T12:02:32,146,0,6,146
2023-10-01T12:15:34,146,0,6,146
2023-10-01T12:28:37,146,0,6,146
2023-10-01T12:41:39,146,0,6,146
2023-10-01T12:54:41,146,0,6,146
2023-10-01T13:07:43,146,0,6,146
2023-10-01T13:20:56,146,0,6,146
2023-10-01T13:33:59,146,0,6,146
2023-10-01T13:47:01,146,0,6,146
2023-10-01T14:00:03,146,0,6,146
2023-10-01T14:13:05,146,0,6,146
2023-10-01T14:26:07,146,0,6,146
2023-10-01T14:39:09,146,0,6,146
2023-10-01T14:52:23,146,0,6,146
2023-10-01T15:05:26,146,0,6,146
2023-10-01T15:18:29,146,0,6,146
2023-10-01T15:31:31,146,0,6,146
2023-10-01T15:44:33,146,0,6,146
2023-10-01T15:57:36,146,0,6,146
2023-10-01T16:10:38,146,0,6,146
2023-10-01T16:23:51,146,0,6,146
2023-10-01T16:36:54,146,0,6,146
2023-10-01T16:49:57,146,0,6,146
2023-10-01T17:03:00,146,0,6,146
2023-10-01T17:16:03,146,0,6,146
2023-10-01T17:29:05,146,0,6,146
2023-10-01T17:42:18,146,0,6,146
2023-10-01T17:55:20,146,0,6,146
2023-10-01T18:08:23,146,0,6,146
2023-10-01T18:21:25,146,0,6,146
2023-10-01T18:34:28,146,0,6,146
2023-10-01T18:56:22,146,0,6,146
2023-10-01T19:09:25,146,0,6,146
2023-10-01T19:22:28,146,0,6,146
2023-10-01T19:35:30,146,0,6,146
2023-10-01T19:48:45,146,0,6,146
2023-10-01T20:01:48,146,0,6,146
2023-10-01T20:14:51,146,0,6,146
2023-10-01T20:27:54,146,0,6,146
2023-10-01T20:40:57,146,0,6,146
2023-10-01T20:54:00,146,0,6,146
2023-10-01T21:07:13,146,0,6,146
2023-10-01T21:20:16,146,0,6,146
2023-10-01T21:33:18,146,0,6,146
2023-10-01T21:46:21,146,0,6,146
2023-10-01T21:59:24,146,0,6,146
2023-10-01T22:12:38,146,0,6,146
2023-10-01T22:25:40,146,0,6,146
2023-10-01T22:38:43,146,0,6,146
2023-10-01T22:51:49,146,0,6,146
2023-10-01T23:04:51,146,0,6,146
2023-10-01T23:18:05,146,0,6,146
2023-10-01T23:31:09,146,0,6,146
2023-10-01T23:44:12,146,0,6,146
2023-10-01T23:57:15,146,0,6,146
2023-10-02T00:10:21,146,0,6,146
2023-10-02T00:23:49,146,0,6,146
2023-10-02T00:37:02,146,0,6,146
2023-10-02T00:50:40,146,0,6,146
2023-10-02T01:03:44,146,0,6,146
2023-10-02T01:16:59,146,0,6,146
2023-10-02T01:30:07,146,0,6,146
2023-10-02T01:43:15,146,0,6,146
2023-10-02T01:56:23,146,0,6,146
2023-10-02T02:09:32,146,0,6,146
2023-10-02T02:22:39,146,0,6,146
2023-10-02T02:35:44,146,0,6,146
2023-10-02T02:48:59,146,0,6,146
2023-10-02T03:02:05,146,0,6,146
2023-10-02T03:15:11,146,0,6,146
2023-10-02T03:28:18,146,0,6,146
2023-10-02T03:41:25,146,0,6,146
2023-10-02T03:54:32,146,0,6,146
2023-10-02T04:07:39,146,0,6,146
2023-10-02T04:27:37,146,0,6,146
2023-10-02T04:42:26,146,0,6,146
2023-10-02T04:55:35,146,0,6,146
2023-10-02T05:08:48,146,0,6,146
2023-10-02T05:21:55,146,0,6,146
2023-10-02T05:35:03,146,0,6,146
2023-10-02T05:48:11,146,0,6,146
2023-10-02T06:01:19,146,0,6,146
2023-10-02T06:14:26,146,0,6,146
2023-10-02T06:27:33,146,0,6,146
2023-10-02T06:40:39,146,0,6,146
2023-10-02T06:53:45,146,0,6,146
2023-10-02T07:06:50,146,0,6,146
2023-10-02T07:19:54,146,0,6,146
2023-10-02T07:32:57,146,0,6,146
2023-10-02T07:45:59,146,0,6,146
2023-10-02T07:59:14,146,0,6,146
2023-10-02T08:12:17,146,0,6,146
2023-10-02T08:25:21,146,0,6,146
2023-10-02T08:38:25,146,0,6,146
2023-10-02T08:51:28,146,0,6,146
2023-10-02T09:04:42,146,0,6,146
2023-10-02T09:17:44,146,0,6,146
2023-10-02T09:30:47,146,0,6,146
2023-10-02T09:43:50,146,0,6,146
2023-10-02T09:57:04,146,0,6,146
2023-10-02T10:10:09,146,0,6,146
2023-10-02T10:23:22,146,0,6,146
2023-10-02T10:36:26,146,0,6,146
2023-10-02T10:49:29,146,0,6,146
2023-10-02T11:02:42,146,0,6,146
2023-10-02T11:15:54,146,0,6,146
2023-10-02T11:29:10,146,0,6,146
2023-10-02T11:42:13,146,0,6,146
2023-10-02T11:55:17,146,0,6,146
2023-10-02T12:08:31,146,0,6,146
2023-10-02T12:21:35,146,0,6,146
2023-10-02T12:34:49,146,0,6,146
2023-10-02T12:47:52,146,0,6,146
2023-10-02T13:00:55,146,0,6,146
2023-10-02T13:14:12,146,0,6,146
2023-10-02T13:27:15,146,0,6,146
2023-10-02T13:40:19,146,0,6,146
2023-10-02T13:53:33,146,0,6,146
2023-10-02T14:06:36,146,0,6,146
2023-10-02T14:19:52,146,0,6,146
2023-10-02T14:33:01,146,0,6,146
2023-10-02T14:46:16,146,0,6,146
2023-10-02T14:59:20,146,0,6,146
2023-10-02T15:12:23,146,0,6,146
2023-10-02T15:25:37,146,0,6,146
2023-10-02T15:38:41,146,0,6,146
2023-10-02T15:51:56,146,0,6,146
2023-10-02T16:05:00,146,0,6,146
2023-10-02T16:18:03,146,0,6,146
2023-10-02T16:31:18,146,0,6,146
2023-10-02T16:44:21,146,0,6,146
2023-10-02T16:57:36,146,0,6,146
2023-10-02T17:10:40,146,0,6,146
2023-10-02T17:23:56,146,0,6,146
2023-10-02T17:36:58,146,0,6,146
2023-10-02T17:50:01,146,0,6,146
2023-10-02T18:03:15,146,0,6,146
2023-10-02T18:16:17,146,0,6,146
2023-10-02T18:29:20,146,0,6,146
2023-10-02T18:42:35,146,0,6,146
2023-10-02T18:55:37,146,0,6,146
2023-10-02T19:08:40,146,0,6,146
2023-10-02T19:21:43,146,0,6,146
2023-10-02T19:34:57,146,0,6,146
2023-10-02T19:48:00,146,0,6,146
2023-10-02T20:01:02,146,0,6,146
2023-10-02T20:14:06,146,0,6,146
2023-10-02T20:27:19,146,0,6,146
2023-10-02T20:40:22,146,0,6,146
2023-10-02T20:53:26,146,0,6,146
2023-10-02T21:06:28,146,0,6,146
2023-10-02T21:19:31,146,0,6,146
2023-10-02T21:32:45,146,0,6,146
2023-10-02T21:45:47,146,0,6,146
2023-10-02T21:58:50,146,0,6,146
2023-10-02T22:11:53,146,0,6,146
2023-10-02T22:24:55,146,0,6,146
2023-10-02T22:38:09,146,0,6,146
2023-10-02T22:51:12,146,0,6,146
2023-10-02T23:04:15,146,0,6,146
2023-10-02T23:17:19,146,0,6,146
2023-10-02T23:30:34,146,0,6,146
2023-10-02T23:43:37,146,0,6,146
2023-10-02T23:56:40,146,0,6,146
2023-10-03T00:09:45,146,0,6,146
2023-10-03T00:22:54,146,0,6,146
2023-10-03T00:36:01,146,0,6,146
2023-10-03T00:49:09,146,0,6,146
2023-10-03T01:02:30,146,0,6,146
2023-10-03T01:15:37,146,0,6,146
2023-10-03T01:28:44,146,0,6,146
2023-10-03T01:42:08,146,0,6,146
2023-10-03T01:55:17,146,0,6,146
2023-10-03T02:08:24,146,0,6,146
2023-10-03T02:21:30,146,0,6,146
2023-10-03T02:34:35,146,0,6,146
2023-10-03T02:47:39,146,0,6,146
2023-10-03T03:00:42,146,0,6,146
2023-10-03T03:13:47,146,0,6,146
2023-10-03T03:26:54,146,0,6,146
2023-10-03T03:40:00,146,0,6,146
2023-10-03T03:53:06,146,0,6,146
2023-10-03T04:06:13,146,0,6,146
2023-10-03T04:27:50,146,0,6,146
2023-10-03T04:42:15,146,0,6,146
2023-10-03T04:55:43,146,0,6,146
2023-10-03T05:08:51,146,0,6,146
2023-10-03T05:21:59,146,0,6,146
2023-10-03T05:35:07,146,0,6,146
2023-10-03T05:48:14,146,0,6,146
2023-10-03T06:01:22,146,0,6,146
2023-10-03T06:14:30,146,0,6,146
2023-10-03T06:27:36,146,0,6,146
2023-10-03T06:40:42,146,0,6,146
2023-10-03T06:53:48,146,0,6,146
2023-10-03T07:06:54,146,0,6,146
2023-10-03T07:20:02,146,0,6,146
2023-10-03T07:33:06,146,0,6,146
2023-10-03T07:46:09,146,0,6,146
2023-10-03T07:59:15,146,0,6,146
2023-10-03T08:12:44,146,0,6,146
2023-10-03T08:25:56,146,0,6,146
2023-10-03T08:39:05,146,0,6,146
2023-10-03T08:52:13,146,0,6,146
2023-10-03T09:05:21,146,0,6,146
2023-10-03T09:18:26,146,0,6,146
2023-10-03T09:31:43,146,0,6,146
2023-10-03T09:44:48,146,0,6,146
2023-10-03T09:57:53,146,0,6,146
2023-10-03T10:11:10,146,0,6,146
2023-10-03T10:24:18,146,0,6,146
2023-10-03T10:37:29,146,0,6,146
2023-10-03T10:50:49,146,0,6,146
2023-10-03T11:03:59,146,0,6,146
2023-10-03T11:17:04,146,0,6,146
2023-10-03T11:30:19,146,0,6,146
2023-10-03T11:43:24,146,0,6,146
2023-10-03T11:56:27,146,0,6,146
2023-10-03T12:09:42,146,0,6,146
2023-10-03T12:22:45,146,0,6,146
2023-10-03T12:35:48,146,0,6,146
2023-10-03T12:49:01,146,0,6,146
2023-10-03T13:02:03,146,0,6,146
2023-10-03T13:15:07,146,0,6,146
2023-10-03T13:28:21,146,0,6,146
2023-10-03T13:41:25,146,0,6,146
2023-10-03T13:54:28,146,0,6,146
2023-10-03T14:07:44,146,0,6,146
2023-10-03T14:20:49,146,0,6,146
2023-10-03T14:33:54,146,0,6,146
2023-10-03T14:47:19,146,0,6,146
2023-10-03T15:00:35,146,0,6,146
2023-10-03T15:13:51,146,0,6,146
2023-10-03T15:27:15,146,0,6,146
2023-10-03T15:40:19,146,0,6,146
2023-10-03T15:53:22,146,0,6,146
2023-10-03T16:06:36,146,0,6,146
2023-10-03T16:19:40,146,0,6,146
2023-10-03T16:33:03,146,0,6,146
2023-10-03T16:46:06,146,0,6,146
2023-10-03T16:59:08,146,0,6,146
2023-10-03T17:12:23,146,0,6,146
2023-10-03T17:25:27,146,0,6,146
2023-10-03T17:38:29,146,0,6,146
2023-10-03T17:51:33,146,0,6,146
2023-10-03T18:04:48,146,0,6,146
2023-10-03T18:17:51,146,0,6,146
2023-10-03T18:30:55,146,0,6,146
2023-10-03T18:44:21,146,0,6,146
2023-10-03T18:57:24,146,0,6,146
2023-10-03T19:10:30,146,0,6,146
2023-10-03T19:23:33,146,0,6,146
2023-10-03T19:36:36,146,0,6,146
2023-10-03T19:49:50,146,0,6,146
2023-10-03T20:02:53,146,0,6,146
2023-10-03T20:15:56,146,0,6,146
2023-10-03T20:29:10,146,0,6,146
2023-10-03T20:42:13,146,0,6,146
2023-10-03T20:55:16,146,0,6,146
2023-10-03T21:08:19,146,0,6,146
2023-10-03T21:21:33,146,0,6,146
2023-10-03T21:34:36,146,0,6,146
2023-10-03T21:47:38,146,0,6,146
2023-10-03T22:00:42,146,0,6,146
2023-10-03T22:13:45,146,0,6,146
2023-10-03T22:26:51,146,0,6,146
2023-10-03T22:40:06,146,0,6,146
2023-10-03T22:53:09,146,0,6,146
2023-10-03T23:06:12,146,0,6,146
2023-10-03T23:19:15,146,0,6,146
2023-10-03T23:32:20,146,0,6,146
2023-10-03T23:45:24,146,0,6,146
2023-10-03T23:58:37,146,0,6,146
2023-10-04T00:11:42,146,0,6,146
2023-10-04T00:24:51,146,0,6,146
2023-10-04T00:37:57,146,0,6,146
2023-10-04T00:51:05,146,0,6,146
2023-10-04T01:04:14,146,0,6,146
2023-10-04T01:17:21,146,0,6,146
2023-10-04T01:30:28,146,0,6,146
2023-10-04T01:43:44,146,0,6,146
2023-10-04T01:56:52,146,0,6,146
2023-10-04T02:09:59,146,0,6,146
2023-10-04T02:23:03,146,0,6,146
2023-10-04T02:36:08,146,0,6,146
2023-10-04T02:49:15,145,1,5,146
2023-10-04T03:02:23,145,1,5,146
2023-10-04T03:15:31,145,1,5,146
2023-10-04T03:28:38,145,1,5,146
2023-10-04T03:41:44,145,1,5,146
2023-10-04T03:54:51,145,1,5,146
2023-10-04T04:07:57,145,1,5,146
2023-10-04T04:33:18,145,1,5,146
2023-10-04T04:46:28,145,1,5,146
2023-10-04T04:59:39,145,1,5,146
2023-10-04T05:12:48,145,1,5,146
2023-10-04T05:25:55,145,1,5,146
2023-10-04T05:39:04,145,1,5,146
2023-10-04T05:52:11,145,1,5,146
2023-10-04T06:05:17,145,1,5,146
2023-10-04T06:18:23,145,1,5,146
2023-10-04T06:31:29,145,1,5,146
2023-10-04T06:44:36,145,1,5,146
2023-10-04T06:57:46,145,1,5,146
2023-10-04T07:10:54,145,1,5,146
2023-10-04T07:23:59,145,1,5,146
2023-10-04T07:37:03,145,1,5,146
2023-10-04T07:50:08,145,1,5,146
2023-10-04T08:03:24,145,1,5,146
2023-10-04T08:16:29,145,1,5,146
2023-10-04T08:29:35,145,1,5,146
2023-10-04T08:42:41,145,1,5,146
2023-10-04T08:55:46,145,1,5,146
2023-10-04T09:08:51,145,1,5,146
2023-10-04T09:21:54,145,1,5,146
2023-10-04T09:37:56,145,1,5,146
2023-10-04T09:50:51,145,1,5,146
2023-10-04T10:03:47,145,1,5,146
2023-10-04T10:16:43,145,1,5,146
2023-10-04T10:29:51,145,1,5,146
2023-10-04T10:42:48,145,1,5,146
2023-10-04T10:55:43,145,1,5,146
2023-10-04T11:08:51,145,1,5,146
2023-10-04T11:21:47,145,1,5,146
2023-10-04T11:34:43,145,1,5,146
2023-10-04T11:47:39,145,1,5,146
2023-10-04T12:00:46,145,1,5,146
2023-10-04T12:13:42,145,1,5,146
2023-10-04T12:26:38,145,1,5,146
2023-10-04T12:39:44,145,1,5,146
2023-10-04T12:52:40,145,1,5,146
2023-10-04T13:05:35,145,1,5,146
2023-10-04T13:18:42,145,1,5,146
2023-10-04T13:31:38,145,1,5,146
2023-10-04T13:44:34,145,1,5,146
2023-10-04T13:57:30,145,1,5,146
2023-10-04T14:10:36,145,1,5,146
2023-10-04T14:23:32,145,1,6,146
2023-10-04T14:36:27,145,1,6,146
2023-10-04T14:49:24,145,1,6,146
2023-10-04T15:02:31,145,1,6,146
2023-10-04T15:15:29,145,1,6,146
2023-10-04T15:28:26,145,1,7,146
2023-10-04T15:41:35,145,1,7,146
2023-10-04T15:54:32,145,1,7,146
2023-10-04T16:07:30,145,1,7,146
2023-10-04T16:20:41,145,1,7,146
2023-10-04T16:33:38,145,1,7,146
2023-10-04T16:46:35,145,1,7,146
2023-10-04T16:59:32,145,1,7,146
2023-10-04T17:12:40,145,1,7,146
2023-10-04T17:25:36,145,1,7,146
2023-10-04T17:38:32,145,1,7,146
2023-10-04T17:51:28,145,1,7,146
2023-10-04T18:04:38,145,1,7,146
2023-10-04T18:17:35,145,1,7,146
2023-10-04T18:30:31,145,1,7,146
2023-10-04T18:43:28,145,1,7,146
2023-10-04T18:56:23,145,1,7,146
2023-10-04T19:09:30,145,1,7,146
2023-10-04T19:22:26,145,1,7,146
2023-10-04T19:35:22,145,1,7,146
2023-10-04T19:48:18,145,1,7,146
2023-10-04T20:01:14,145,1,7,146
2023-10-04T20:14:20,145,1,7,146
2023-10-04T20:27:16,145,1,7,146
2023-10-04T20:40:12,145,1,7,146
2023-10-04T20:53:13,145,1,7,146
2023-10-04T21:06:09,145,1,7,146
2023-10-04T21:19:16,145,1,7,146
2023-10-04T21:32:13,145,1,7,146
2023-10-04T21:45:08,145,1,7,146
2023-10-04T21:58:05,145,1,7,146
2023-10-04T22:11:11,145,1,7,146
2023-10-04T22:24:07,145,1,7,146
2023-10-04T22:37:04,145,1,7,146
2023-10-04T22:50:00,145,1,7,146
2023-10-04T23:02:57,145,1,7,146
2023-10-04T23:15:54,145,1,7,146
2023-10-04T23:29:02,145,1,7,146
2023-10-04T23:41:59,145,1,7,146
2023-10-04T23:54:56,145,1,7,146
2023-10-05T00:07:54,145,1,7,146
2023-10-05T00:20:59,145,1,7,146
2023-10-05T00:33:59,145,1,7,146
2023-10-05T00:47:00,145,1,7,146
2023-10-05T01:00:02,145,1,7,146
2023-10-05T01:13:03,145,1,7,146
2023-10-05T01:26:15,145,1,7,146
2023-10-05T01:39:15,145,1,7,146
2023-10-05T01:52:18,145,1,7,146
2023-10-05T02:05:23,145,1,7,146
2023-10-05T02:18:22,145,1,7,146
2023-10-05T02:31:19,145,1,7,146
2023-10-05T02:44:17,145,1,7,146
2023-10-05T02:57:13,145,1,7,146
2023-10-05T03:10:11,145,1,7,146
2023-10-05T03:23:12,145,1,7,146
2023-10-05T03:36:13,145,1,7,146
2023-10-05T03:49:16,145,1,7,146
2023-10-05T04:02:18,145,1,7,146
2023-10-05T04:28:04,145,1,7,146
2023-10-05T04:42:41,145,1,7,146
2023-10-05T04:55:43,145,1,7,146
2023-10-05T05:08:51,145,1,7,146
2023-10-05T05:21:56,145,1,7,146
2023-10-05T05:34:55,145,1,7,146
2023-10-05T05:48:02,145,1,7,146
2023-10-05T06:01:39,145,1,7,146
2023-10-05T06:14:49,145,1,7,146
2023-10-05T06:27:58,145,1,7,146
2023-10-05T06:41:06,145,1,7,146
2023-10-05T06:54:13,145,1,7,146
2023-10-05T07:07:25,145,1,7,146
2023-10-05T07:20:34,145,1,7,146
2023-10-05T07:33:41,145,1,7,146
2023-10-05T07:46:48,145,1,7,146
2023-10-05T07:59:54,145,1,7,146
2023-10-05T08:13:01,145,1,7,146
2023-10-05T08:26:17,145,1,7,146
2023-10-05T08:39:24,145,1,7,146
2023-10-05T08:52:30,145,1,7,146
2023-10-05T09:05:35,145,1,7,146
2023-10-05T09:18:39,145,1,7,146
2023-10-05T09:31:44,145,1,7,146
2023-10-05T09:44:58,145,1,7,146
2023-10-05T09:58:02,145,1,7,146
2023-10-05T10:11:07,145,1,7,146
2023-10-05T10:24:14,145,1,7,146
2023-10-05T10:37:19,145,1,7,146
2023-10-05T10:50:35,145,1,7,146
2023-10-05T11:03:40,145,1,7,146
2023-10-05T11:16:45,145,1,7,146
2023-10-05T11:29:50,145,1,7,146
2023-10-05T11:43:04,145,1,7,146
2023-10-05T11:56:09,145,1,7,146
2023-10-05T12:09:13,145,1,7,146
2023-10-05T12:22:19,145,1,7,146
2023-10-05T12:35:33,145,1,7,146
2023-10-05T12:48:37,145,1,7,146
2023-10-05T13:01:42,145,1,7,146
2023-10-05T13:14:48,145,1,7,146
2023-10-05T13:28:03,145,1,7,146
2023-10-05T13:41:08,145,1,7,146
2023-10-05T13:54:13,145,1,7,146
2023-10-05T14:07:30,145,1,7,146
2023-10-05T14:20:35,145,1,7,146
2023-10-05T14:33:51,145,1,7,146
2023-10-05T14:46:56,145,1,7,146
2023-10-05T15:00:00,145,1,7,146
2023-10-05T15:13:05,145,1,7,146
2023-10-05T15:26:10,145,1,7,146
2023-10-05T15:39:25,145,1,7,146
2023-10-05T15:52:29,145,1,6,146
2023-10-05T16:05:33,145,1,6,146
2023-10-05T16:18:37,145,1,6,146
2023-10-05T16:31:52,145,1,6,146
2023-10-05T16:44:56,145,1,6,146
2023-10-05T16:58:12,145,1,6,146
2023-10-05T17:11:18,145,1,6,146
2023-10-05T17:24:23,145,1,6,146
2023-10-05T17:37:27,145,1,6,146
2023-10-05T17:50:41,145,1,6,146
2023-10-05T18:03:45,145,1,6,146
2023-10-05T18:16:50,145,1,6,146
2023-10-05T18:29:54,145,1,6,146
2023-10-05T18:42:58,145,1,6,146
2023-10-05T18:56:11,145,1,6,146
2023-10-05T19:09:16,145,1,6,146
2023-10-05T19:22:23,145,1,6,146
2023-10-05T19:35:28,145,1,6,146
2023-10-05T19:48:32,145,1,6,146
2023-10-05T20:01:37,145,1,6,146
2023-10-05T20:14:52,145,1,6,146
2023-10-05T20:27:56,145,1,6,146
2023-10-05T20:41:00,145,1,6,146
2023-10-05T20:54:05,145,1,6,146
2023-10-05T21:07:09,145,1,6,146
2023-10-05T21:20:14,145,1,6,146
2023-10-05T21:33:18,145,1,6,146
2023-10-05T21:46:33,145,1,6,146
2023-10-05T21:59:37,145,1,6,146
2023-10-05T22:12:41,145,1,6,146
2023-10-05T22:25:44,145,1,6,146
2023-10-05T22:38:50,146,0,5,146
2023-10-05T22:51:55,146,0,5,146
2023-10-05T23:05:11,146,0,5,146
2023-10-05T23:18:16,146,0,5,146
2023-10-05T23:31:21,146,0,5,146
2023-10-05T23:44:26,146,0,5,146
2023-10-05T23:57:32,146,0,5,146
2023-10-06T00:10:38,146,0,5,146
2023-10-06T00:23:49,146,0,5,146
2023-10-06T00:37:09,146,0,5,146
2023-10-06T00:50:18,146,0,5,146
2023-10-06T01:03:28,146,0,5,146
2023-10-06T01:16:38,146,0,5,146
2023-10-06T01:29:47,146,0,5,146
2023-10-06T01:43:07,146,0,5,146
2023-10-06T01:56:18,146,0,5,146
2023-10-06T02:09:30,146,0,5,146
2023-10-06T02:22:39,146,0,5,146
2023-10-06T02:35:46,146,0,5,146
2023-10-06T02:48:53,146,0,5,146
2023-10-06T03:02:03,146,0,5,146
2023-10-06T03:15:25,146,0,5,146
2023-10-06T03:28:35,146,0,5,146
2023-10-06T03:41:45,146,0,5,146
2023-10-06T03:54:54,146,0,5,146
2023-10-06T04:08:03,146,0,5,146
2023-10-06T04:38:23,146,0,5,146
2023-10-06T04:51:39,146,0,5,146
2023-10-06T05:04:50,146,0,5,146
2023-10-06T05:18:01,146,0,5,146
2023-10-06T05:31:12,146,0,5,146
2023-10-06T05:44:21,146,0,5,146
2023-10-06T05:57:32,146,0,5,146
2023-10-06T06:10:39,146,0,5,146
2023-10-06T06:23:48,146,0,5,146
2023-10-06T06:36:57,146,0,5,146
2023-10-06T06:50:06,146,0,5,146
2023-10-06T07:03:14,146,0,5,146
2023-10-06T07:16:27,146,0,5,146
2023-10-06T07:29:34,146,0,5,146
2023-10-06T07:42:52,146,0,5,146
2023-10-06T07:55:58,146,0,5,146
2023-10-06T08:09:02,146,0,5,146
2023-10-06T08:22:07,146,0,5,146
2023-10-06T08:35:17,146,0,5,146
2023-10-06T08:48:21,146,0,5,146
2023-10-06T09:01:28,146,0,5,146
2023-10-06T09:14:33,146,0,5,146
2023-10-06T09:27:49,146,0,5,146
2023-10-06T09:40:54,146,0,5,146
2023-10-06T09:53:59,146,0,5,146
2023-10-06T10:07:03,146,0,5,146
2023-10-06T10:20:08,146,0,5,146
2023-10-06T10:33:38,146,0,5,146
2023-10-06T10:46:43,146,0,5,146
2023-10-06T10:59:48,146,0,5,146
2023-10-06T11:12:57,146,0,5,146
2023-10-06T11:26:02,146,0,5,146
2023-10-06T11:39:18,146,0,5,146
2023-10-06T11:52:23,146,0,5,146
2023-10-06T12:05:29,146,0,5,146
2023-10-06T12:18:33,146,0,5,146
2023-10-06T12:31:57,146,0,5,146
2023-10-06T12:45:01,146,0,5,146
2023-10-06T12:58:06,146,0,5,146
2023-10-06T13:11:11,146,29,5,175
2023-10-06T13:24:26,146,29,5,175
2023-10-06T13:37:30,146,29,5,175
2023-10-06T13:50:35,146,29,5,175
2023-10-06T14:03:41,146,29,5,175
2023-10-06T14:16:46,146,29,5,175
2023-10-06T14:30:18,146,29,5,175
2023-10-06T14:43:23,146,29,5,175
2023-10-06T14:56:27,146,29,5,175
2023-10-06T15:09:31,146,29,5,175
2023-10-06T15:22:35,146,29,5,175
2023-10-06T15:35:49,146,29,5,175
2023-10-06T15:48:53,146,29,5,175
2023-10-06T16:01:57,146,29,5,175
2023-10-06T16:15:03,146,29,5,175
2023-10-06T16:28:07,146,29,5,175
2023-10-06T16:41:35,146,29,5,175
2023-10-06T16:54:39,146,29,5,175
2023-10-06T17:07:43,146,29,5,175
2023-10-06T17:20:50,146,29,5,175
2023-10-06T17:33:54,146,29,5,175
2023-10-06T17:46:59,146,29,5,175
2023-10-06T18:00:03,146,29,5,175
2023-10-06T18:13:28,146,29,5,175
2023-10-06T18:26:32,146,29,5,175
2023-10-06T18:39:38,146,29,5,175
2023-10-06T18:52:42,146,29,5,175
2023-10-06T19:05:48,146,29,5,175
2023-10-06T19:18:53,146,29,5,175
2023-10-06T19:31:58,146,29,5,175
2023-10-06T19:45:03,146,29,5,175
2023-10-06T19:58:18,146,29,5,175
2023-10-06T20:11:23,146,29,5,175
2023-10-06T20:24:28,146,29,5,175
2023-10-06T20:37:33,146,29,5,175
2023-10-06T20:50:38,146,29,5,175
2023-10-06T21:03:44,146,29,5,175
2023-10-06T21:16:48,146,29,5,175
2023-10-06T21:29:53,146,29,5,175
2023-10-06T21:42:58,146,29,5,175
2023-10-06T21:56:23,146,29,5,175
2023-10-06T22:09:27,146,29,5,175
2023-10-06T22:22:31,146,29,5,175
2023-10-06T22:35:37,151,24,0,175
2023-10-06T22:48:42,151,24,0,175
2023-10-06T23:01:48,151,24,0,175
2023-10-06T23:14:56,151,24,0,175
2023-10-06T23:28:04,151,24,0,175
2023-10-06T23:41:10,151,24,0,175
2023-10-06T23:54:17,151,24,0,175
2023-10-07T00:07:37,151,24,0,175
2023-10-07T00:20:53,151,24,0,175
2023-10-07T00:34:02,151,24,0,175
2023-10-07T00:47:10,151,24,0,175
2023-10-07T01:00:33,151,24,0,175
2023-10-07T01:13:43,151,24,0,175
2023-10-07T01:26:53,151,24,0,175
2023-10-07T01:40:03,151,24,0,175
2023-10-07T01:53:14,151,24,0,175
2023-10-07T02:06:26,151,24,0,175
2023-10-07T02:19:36,151,24,0,175
2023-10-07T02:32:46,151,24,0,175
2023-10-07T02:46:09,151,24,0,175
2023-10-07T02:59:18,151,24,0,175
2023-10-07T03:13:17,151,24,0,175
2023-10-07T03:26:27,151,24,0,175
2023-10-07T03:39:39,151,24,0,175
2023-10-07T03:52:49,151,24,0,175
2023-10-07T04:06:05,151,24,0,175
2023-10-07T04:29:00,151,24,0,175
2023-10-07T04:42:13,151,24,0,175
2023-10-07T04:55:22,151,24,0,175
2023-10-07T05:08:31,151,24,0,175
2023-10-07T05:23:04,151,24,0,175
2023-10-07T05:36:35,151,24,0,175
2023-10-07T05:49:46,151,24,0,175
2023-10-07T06:02:56,151,24,0,175
2023-10-07T06:16:07,151,24,0,175
2023-10-07T06:29:16,151,24,0,175
2023-10-07T06:42:26,151,24,0,175
2023-10-07T06:55:35,151,24,0,175
2023-10-07T07:08:44,151,24,0,175
2023-10-07T07:22:01,151,24,0,175
2023-10-07T07:35:08,151,24,0,175
2023-10-07T07:48:14,151,24,0,175
2023-10-07T08:01:22,151,24,0,175
2023-10-07T08:14:30,151,24,0,175
2023-10-07T08:27:40,151,24,0,175
2023-10-07T08:40:47,151,24,0,175
2023-10-07T08:53:54,151,24,0,175
2023-10-07T09:07:01,151,24,0,175
2023-10-07T09:20:08,151,24,0,175
2023-10-07T09:33:16,151,24,0,175
2023-10-07T09:46:23,151,24,0,175
2023-10-07T09:59:29,151,24,0,175
2023-10-07T10:12:34,151,24,0,175
2023-10-07T10:25:40,151,24,0,175
2023-10-07T10:38:58,151,24,0,175
2023-10-07T10:52:02,151,24,0,175
2023-10-07T11:05:07,151,24,0,175
2023-10-07T11:18:11,151,24,0,175
2023-10-07T11:31:15,151,24,0,175
2023-10-07T11:44:19,151,24,0,175
2023-10-07T11:57:23,151,24,0,175
2023-10-07T12:10:28,151,24,0,175
2023-10-07T12:23:33,151,24,0,175
2023-10-07T12:36:38,151,24,0,175
2023-10-07T12:49:41,151,24,0,175
2023-10-07T13:02:47,151,24,0,175
2023-10-07T13:16:04,151,24,0,175
2023-10-07T13:29:09,151,24,0,175
2023-10-07T13:42:13,151,24,0,175
2023-10-07T13:55:18,151,24,0,175
2023-10-07T14:08:22,151,24,0,175
2023-10-07T14:21:26,151,24,0,175
2023-10-07T14:34:31,151,24,0,175
2023-10-07T14:47:36,151,24,0,175
2023-10-07T15:00:41,151,24,0,175
2023-10-07T15:13:45,151,24,0,175
2023-10-07T15:26:49,151,24,0,175
2023-10-07T15:39:53,151,24,0,175
2023-10-07T15:53:08,151,24,0,175
2023-10-07T16:06:13,151,24,0,175
2023-10-07T16:19:17,151,24,0,175
2023-10-07T16:32:22,151,24,0,175
2023-10-07T16:45:27,151,24,0,175
2023-10-07T16:58:31,151,24,0,175
2023-10-07T17:11:37,151,24,0,175
2023-10-07T17:24:43,151,24,0,175
2023-10-07T17:37:47,151,24,0,175
2023-10-07T17:50:53,151,24,0,175
2023-10-07T18:03:57,151,24,0,175
2023-10-07T18:17:13,151,24,0,175
2023-10-07T18:30:17,151,24,0,175
2023-10-07T18:43:23,151,24,0,175
2023-10-07T18:56:32,151,24,0,175
2023-10-07T19:09:38,151,24,0,175
2023-10-07T19:22:42,151,24,0,175
2023-10-07T19:35:47,151,24,0,175
2023-10-07T19:48:51,151,24,0,175
2023-10-07T20:01:56,151,24,0,175
2023-10-07T20:15:00,151,24,0,175
2023-10-07T20:28:06,151,24,0,175
2023-10-07T20:41:11,151,24,0,175
2023-10-07T20:54:16,151,24,0,175
2023-10-07T21:07:28,151,24,0,175
2023-10-07T21:20:33,151,24,0,175
2023-10-07T21:33:39,151,24,0,175
2023-10-07T21:46:44,151,24,0,175
2023-10-07T21:59:49,151,24,0,175
2023-10-07T22:12:54,151,24,0,175
2023-10-07T22:25:59,151,24,0,175
2023-10-07T22:39:07,151,24,0,175
2023-10-07T22:52:12,151,24,0,175
2023-10-07T23:05:19,151,24,0,175
2023-10-07T23:18:25,151,24,0,175
2023-10-07T23:31:29,151,24,0,175
2023-10-07T23:44:34,151,24,0,175
2023-10-07T23:57:39,151,24,0,175
2023-10-08T00:10:45,151,24,0,175
2023-10-08T00:24:10,151,24,0,175
2023-10-08T00:37:17,151,24,0,175
2023-10-08T00:50:24,151,24,0,175
2023-10-08T01:03:28,151,24,0,175
2023-10-08T01:16:34,151,24,0,175
2023-10-08T01:29:39,151,24,0,175
2023-10-08T01:42:44,151,24,0,175
2023-10-08T01:55:48,151,24,0,175
2023-10-08T02:08:55,151,24,0,175
2023-10-08T02:21:59,151,24,0,175
2023-10-08T02:35:04,151,24,0,175
2023-10-08T02:48:09,151,24,0,175
2023-10-08T03:01:18,151,24,0,175
2023-10-08T03:14:34,151,24,0,175
2023-10-08T03:27:46,151,24,0,175
2023-10-08T03:40:57,151,24,0,175
2023-10-08T03:54:07,151,24,0,175
2023-10-08T04:07:30,151,24,0,175
2023-10-08T04:27:11,151,24,0,175
2023-10-08T04:40:47,151,24,0,175
2023-10-08T04:54:00,151,24,0,175
2023-10-08T05:07:14,151,24,0,175
2023-10-08T05:20:24,151,24,0,175
2023-10-08T05:33:34,151,24,0,175
2023-10-08T05:46:44,151,24,0,175
2023-10-08T05:59:53,151,24,0,175
2023-10-08T06:13:02,151,24,0,175
2023-10-08T06:26:13,151,24,0,175
2023-10-08T06:39:23,151,24,0,175
2023-10-08T06:52:31,151,24,0,175
2023-10-08T07:05:37,151,24,0,175
2023-10-08T07:18:45,151,24,0,175
2023-10-08T07:31:53,151,24,0,175
2023-10-08T07:45:01,151,24,0,175
2023-10-08T07:58:08,151,24,0,175
